record_id,등록번호,발명의 명칭,출원인,출원인_norm,출원인_그룹,출원인_국적1,출원일,WIPS패밀리 ID,Current CPC Main,relevance_score,candidate_type,label_v1,gold_v1_1,adjust
17/710949,12134194,"Robot balance control method, robot controller and computer readable storage medium",UBTECH ROBOTICS CORP LTD,UBTECH ROBOTICS,UBTECH,CN,2022-03-31,28825289,B25J-0009/1664,0.9,positive,T1_auto,True,
16/943884,11548152,Systems and methods for robotic control under contact,"DEXTROUS ROBOTICS, INC.",DEXTROUS ROBOTICS,DEXTROUS ROBOTICS,US,2020-07-30,1173640,B25J-0009/023,0.85,positive,GRAY,True,
15/772368,10695913,Underactuated robotic hand,UNIVERSITA' DI PISA | FONDAZIONE ISTITUTO ITALIANO DI TECNOLOGIA,UNIVERSITA' DI PISA,UNIVERSITA' DI PISA,IT,2016-10-27,3461913,B25J-0015/0009,0.85,positive,GRAY,True,
15/078380,10239206,"Robot controlling method, robot apparatus, program and recording medium",CANON KABUSHIKI KAISHA,CANON,CANON,JP,2016-03-23,5048906,B25J-0009/1638,0.85,positive,GRAY,False,제외:산업용 주변기술(일반제어·진동·경로·측정·교시UI·공정)
15/258815,10272568,"Robot apparatus, robot controlling method, program, recording medium, and assembly manufacturing method",CANON KABUSHIKI KAISHA,CANON,CANON,JP,2016-09-07,5095260,B25J-0009/1633,0.85,positive,GRAY,True,
15/315318,10022866,Robot control device,"KABUSHIKI KAISHA KOBE SEIKO SHO (KOBE STEEL, LTD.)",KOBE SEIKO SHO (KOBE STEEL ),KOBE SEIKO SHO (KOBE STEEL ),JP,2015-05-26,5097145,B25J-0009/1633,0.85,positive,GRAY,True,
15/518880,10384343,Modular robotic finger for grasping and dexterous handling,CENTRE NATIONAL DE LA RECHERCHE SCIENTIFIQUE (CNRS) | UNIVERSITE DE POITIERS,CENTRE NATIONAL DE LA RECHERCHE SCIENTIFIQUE (CNRS),CENTRE NATIONAL DE LA RECHERCHE SCIENTIFIQUE (CNRS),FR,2015-10-14,5134885,B25J-0009/104,0.85,positive,GRAY,True,
15/617699,10702989,"Method of controlling robot apparatus, robot apparatus, and method of manufacturing article",CANON KABUSHIKI KAISHA,CANON,CANON,JP,2017-06-08,5171335,B25J-0009/1666,0.85,positive,GRAY,True,
15/755146,10786908,Device for attaching to a robot,SIEMENS AKTIENGESELLSCHAFT,SIEMENS,SIEMENS,DE,2016-07-29,5211567,B25J-0015/0616,0.85,positive,GRAY,True,
15/466984,10232510,Robot control,CMR SURGICAL LIMITED,CMR SURGICAL,CMR SURGICAL,GB,2017-03-23,5287509,B25J-0009/1638,0.85,positive,GRAY,True,
16/617169,10864631,Robotic grasping prediction using neural networks and geometry aware object representation,GOOGLE LLC,GOOGLE,ALPHABET,US,2018-06-18,5343438,B25J-0009/1612,0.85,positive,GRAY,True,
16/376938,11148295,"Systems, devices, components, and methods for a compact robotic gripper with palm-mounted sensing, grasping, and computing devices and components","ROBOTIC MATERIALS, INC.",ROBOTIC MATERIALS,ROBOTIC MATERIALS,US,2019-04-05,5387749,B25J-0009/1612,0.85,positive,GRAY,True,
16/569100,11185975,Walking control system and control method of robot,Hyundai Motor Company | Kia Motors Corporation,HYUNDAI MOTOR,HYUNDAI MOTOR GROUP,KR,2019-09-12,5461378,B25J-0009/0006,0.85,positive,T1_auto,True,
17/040075,11865723,Control method for a robotic system,VANDERBILT UNIVERSITY,VANDERBILT UNIVERSITY,VANDERBILT UNIVERSITY,US,2019-04-30,5523207,B25J-0009/1664,0.85,positive,GRAY,True,
17/418997,12036675,"Robot control device, robot system, and robot control method",KAWASAKI JUKOGYO KABUSHIKI KAISHA,KAWASAKI JUKOGYO,KAWASAKI HEAVY INDUSTRIES,JP,2019-12-27,5599298,B25J-0009/163,0.85,positive,GRAY,True,
17/275311,12049011,"Robot control device, robot control method, and recording medium storing robot control program",OMRON CORPORATION,OMRON,OMRON,JP,2019-11-27,5604847,B25J-0009/1666,0.85,positive,GRAY,True,
16/792088,11865714,Robotic limb,"Samsung Electronics Co., Ltd. | Samsung Electronics Company, Ltd.",SAMSUNG ELECTRONICS,SAMSUNG,KR,2020-02-14,5646662,B25J-0009/0018,0.85,positive,GRAY,True,
14/590032,9463573,"Robot control system, robot system, and sensor information processing apparatus",Seiko Epson Corporation,SEIKO EPSON,SEIKO EPSON,JP,2015-01-06,16364568,B25J-0009/1694,0.85,positive,GRAY,True,
15/098230,10183397,"Robot device, robot control method, program, and recording medium",Canon Kabushiki Kaisha,CANON,CANON,JP,2016-04-13,16667102,B25J-0009/1633,0.85,positive,GRAY,True,
15/842423,10618176,"Robot apparatus, robot control method, program, and recording medium",Canon Kabushiki Kaisha,CANON,CANON,JP,2017-12-14,16928749,B25J-0009/1694,0.85,positive,GRAY,True,
14/629556,9427868,Method for developing and controlling a robot to have movements matching an animation character,"Disney Enterprises, Inc.",DISNEY ENTERPRISES,DISNEY ENTERPRISES,US,2015-02-24,17005338,B25J-0009/1605,0.85,positive,T1_auto,True,
15/097662,10245725,Robot apparatus and method for controlling robot apparatus,CANON KABUSHIKI KAISHA,CANON,CANON,JP,2016-04-13,17042821,B25J-0009/1633,0.85,positive,GRAY,True,
15/335863,10335964,Method and system for controlling robot,DENSO WAVE INCORPORATED,DENSO WAVE,DENSO,JP,2016-10-27,17126737,B25J-0019/06,0.85,positive,GRAY,False,제외:산업용 주변기술(일반제어·진동·경로·측정·교시UI·공정)
15/358925,9855664,Robot safety system,DENSO WAVE INCORPORATED,DENSO WAVE,DENSO,JP,2016-11-22,17137898,B25J-0019/06,0.85,positive,GRAY,True,
15/676503,10507583,Robot control device,FANUC CORPORATION,FANUC,FANUC,JP,2017-08-14,17268264,B25J-0009/1697,0.85,positive,GRAY,True,
15/910559,10933538,"End effector, hand device and robot equipped with the same","HONDA MOTOR CO., LTD.",HONDA MOTOR,HONDA,JP,2018-03-02,17360748,B25J-0015/08,0.85,positive,GRAY,True,
15/892497,10137578,"Joint structure, hand device, robot arm and robot","HONDA MOTOR CO., LTD.",HONDA MOTOR,HONDA,JP,2018-02-09,17360747,B25J-0015/08,0.85,positive,GRAY,True,
15/964397,10486307,Robot control device and computer readable medium,FANUC CORPORATION,FANUC,FANUC,JP,2018-04-27,17396077,B25J-0009/1661,0.85,positive,GRAY,True,
16/055650,10953538,Control device and learning device,Fanuc Corporation,FANUC,FANUC,JP,2018-08-06,17437317,B25J-0009/163,0.85,positive,GRAY,True,
16/117518,10737385,"Machine learning device, robot system, and machine learning method",FANUC CORPORATION,FANUC,FANUC,JP,2018-08-30,17451304,B25J-0009/163,0.85,positive,GRAY,True,
16/133704,10710241,Controller for limiting speed of robot component,FANUC CORPORATION,FANUC,FANUC,JP,2018-09-18,17463256,B25J-0009/1666,0.85,positive,GRAY,True,
16/189187,10864630,Control device and machine learning device,Fanuc Corporation,FANUC,FANUC,JP,2018-11-13,17486255,B25J-0009/1612,0.85,positive,GRAY,True,
16/178601,10828776,Control device for limiting speed of robot,FANUC CORPORATION,FANUC,FANUC,JP,2018-11-02,17490426,B25J-0009/1651,0.85,positive,GRAY,True,
16/196598,11130234,Robot and collision detection method therefor,FANUC CORPORATION,FANUC,FANUC,JP,2018-11-20,17490428,B25J-0009/1666,0.85,positive,GRAY,True,
16/237156,11207777,Robot controlling device and automatic assembling system,"Hitachi, Ltd.",HITACHI,HITACHI,JP,2018-12-31,17510399,B25J-0009/1666,0.85,positive,GRAY,True,
16/266231,11207788,Hand control apparatus and hand control system,FANUC CORPORATION,FANUC,FANUC,JP,2019-02-04,17558253,B25J-0013/082,0.85,positive,GRAY,True,
16/386140,11285603,"Information processing apparatus, control method, robot system, and storage medium",Canon Kabushiki Kaisha,CANON,CANON,JP,2019-04-16,17564154,B25J-0009/1664,0.85,positive,GRAY,False,제외:산업용 주변기술(일반제어·진동·경로·측정·교시UI·공정)
16/710656,11833682,"Robot, method, and manipulating system",TOYOTA JIDOSHA KABUSHIKI KAISHA,TOYOTA JIDOSHA,TOYOTA,JP,2019-12-11,17663864,B25J-0009/1612,0.85,positive,GRAY,True,
17/935293,12097619,Predictive control method for torque-rate control and vibration suppression,FANUC CORPORATION,FANUC,FANUC,JP,2022-09-26,18217664,B25J-0009/1633,0.85,positive,GRAY,True,
15/562899,10751884,"Joint actuator, and joint structure of leg-supporting robot comprising same","ANGEL ROBOTICS CO., LTD.",ANGEL ROBOTICS,ANGEL ROBOTICS,KR,2016-04-07,24329215,B25J-0013/04,0.85,positive,GRAY,True,
16/463117,11253993,Method for modeling robot simplified for stable walking control of bipedal robot,KOREA INSTITUTE OF SCIENCE AND TECHNOLOGY,KOREA INSTITUTE OF SCIENCE AND TECHNOLOGY,KOREA INSTITUTE OF SCIENCE AND TECHNOLOGY,KR,2017-03-29,24533839,B25J-0009/0006,0.85,positive,T1_auto,True,
15/572488,10807232,Articulated robot actuator,"ANGEL ROBOTICS CO., LTD.",ANGEL ROBOTICS,ANGEL ROBOTICS,KR,2016-06-07,24352857,B25J-0009/06,0.85,positive,GRAY,True,
16/165413,10987805,System and method for balance control of humanoid,Korea Institute of Science and Technology,KOREA INSTITUTE OF SCIENCE AND TECHNOLOGY,KOREA INSTITUTE OF SCIENCE AND TECHNOLOGY,KR,2018-10-19,24682209,B25J-0009/1633,0.85,positive,T1_auto,True,
16/732524,11104007,Apparatus and method for controlling robot,Research & Business Foundation Sungkyunkwan University,RESEARCH & BUSINESS FOUNDATION SUNGKYUNKWAN UNIVERSITY,RESEARCH & BUSINESS FOUNDATION SUNGKYUNKWAN UNIVERSITY,KR,2020-01-02,24802995,B25J-0013/085,0.85,positive,GRAY,True,
14/978445,9975249,Neuromuscular model-based sensing and control paradigm for a robotic leg,Massachusetts Institute of Technology,MASSACHUSETTS INSTITUTE OF TECHNOLOGY,MASSACHUSETTS INSTITUTE OF TECHNOLOGY,US,2015-12-22,27748913,B25J-0009/1694,0.85,positive,GRAY,True,
14/624665,9481086,Control method for floating-base robots including generating feasible motions using time warping,"Disney Enterprises, Inc.",DISNEY ENTERPRISES,DISNEY ENTERPRISES,US,2015-02-18,27846159,B25J-0009/1664,0.85,positive,T1_auto,True,
15/208784,10065312,Unscented optimization and control allocation,"The United States of America, as represented by the Secretary of the Navy",THE UNITED STATES OF AMERICA AS REPRESENTED BY THE SECRETARY OF THE NAVY,THE UNITED STATES OF AMERICA AS REPRESENTED BY THE SECRETARY OF THE NAVY,US,2016-07-13,27938352,B25J-0009/1628,0.85,positive,GRAY,True,
14/637278,9981389,Robotics platforms incorporating manipulators having common joint designs,California Institute of Technology,CALIFORNIA INSTITUTE OF TECHNOLOGY,CALIFORNIA INSTITUTE OF TECHNOLOGY,US,2015-03-03,28028257,B25J-0015/08,0.85,positive,GRAY,True,
15/177319,10065311,Singularity handling for robot jogging,X DEVELOPMENT LLC,X DEVELOPMENT,ALPHABET,US,2016-06-08,28059066,B25J-0009/1664,0.85,positive,GRAY,True,
15/177326,10166676,Kinesthetic teaching of grasp parameters for grasping of objects by a grasping end effector of a robot,X DEVELOPMENT LLC,X DEVELOPMENT,ALPHABET,US,2016-06-08,28095835,B25J-0013/085,0.85,positive,GRAY,True,
15/265547,10131053,Real time robot collision avoidance,X DEVELOPMENT LLC,X DEVELOPMENT,ALPHABET,US,2016-09-14,28082984,B25J-0009/1666,0.85,positive,GRAY,True,
16/233131,10384352,Finger of robotic hand and robot having the same,UBTECH Robotics Corp,UBTECH ROBOTICS,UBTECH,CN,2018-12-27,28174312,B25J-0015/08,0.85,positive,GRAY,True,
15/811725,10377045,Robotic hand,UBTECH ROBOTICS CORP.,UBTECH ROBOTICS,UBTECH,CN,2017-11-14,28171592,B25J-0015/0213,0.85,positive,GRAY,True,
15/492422,10406685,Robot end effector control,X DEVELOPMENT LLC,X DEVELOPMENT,ALPHABET,US,2017-04-20,28182643,B25J-0009/1633,0.85,positive,GRAY,True,
15/641391,10532464,Walking robot,Luis Guzman,LUIS GUZMAN,LUIS GUZMAN,US,2017-07-05,28229524,B25J-0011/0005,0.85,positive,T1_auto,True,
15/995459,10471591,Object hand-over between robot and actor,X Development LLC,X DEVELOPMENT,ALPHABET,US,2018-06-01,28207203,B25J-0009/1612,0.85,positive,GRAY,True,
15/331437,10493617,Robot control,X DEVELOPMENT LLC,X DEVELOPMENT,ALPHABET,US,2016-10-21,28215381,B25J-0005/007,0.85,positive,GRAY,True,
16/370890,10682756,Driving assembly and robotic hand having the same,UBTECH ROBOTICS CORP,UBTECH ROBOTICS,UBTECH,CN,2019-03-30,28283619,B25J-0009/104,0.85,positive,T1_auto,True,
16/660822,10875179,Impedance control method for biped robot and apparatus and biped robot using the same,UBTECH ROBOTICS CORP LTD,UBTECH ROBOTICS,UBTECH,CN,2019-10-23,28354783,B25J-0009/1664,0.85,positive,T1_auto,True,
16/370889,10857681,Finger of robotic hand and robot having the same,UBTECH ROBOTICS CORP,UBTECH ROBOTICS,UBTECH,CN,2019-03-30,28348331,B25J-0015/0009,0.85,positive,T1_auto,True,
16/286631,10927931,Robot and arm assembly thereof,UBTECH ROBOTICS CORP,UBTECH ROBOTICS,UBTECH,CN,2019-02-27,28373711,B25J-0017/0258,0.85,positive,T1_auto,True,
16/212634,10967500,"Motion control method and apparatus for robot, and robot with the same",UBTECH ROBOTICS CORP,UBTECH ROBOTICS,UBTECH,CN,2018-12-06,28388530,B25J-0009/0006,0.85,positive,GRAY,True,
16/212619,11045945,Method for controlling walking of robot and robot,UBTECH ROBOTICS CORP.,UBTECH ROBOTICS,UBTECH,CN,2018-12-06,28417210,B25J-0009/0006,0.85,positive,T1_auto,True,
16/669551,11179855,Acceleration compensation method for humanoid robot and apparatus and humanoid robot using the same,UBTECH ROBOTICS CORP LTD,UBTECH ROBOTICS,UBTECH,CN,2019-10-31,28467131,B25J-0013/088,0.85,positive,T1_auto,True,
16/051251,11117262,Intelligent robots,EBOTS INC.,EBOTS,EBOTS,US,2018-07-31,28443423,B25J-0009/1697,0.85,positive,GRAY,True,
16/572637,11230001,Biped robot gait control method and biped robot,UBTECH ROBOTICS CORP LTD,UBTECH ROBOTICS,UBTECH,CN,2019-09-17,28486074,B25J-0009/0006,0.85,positive,T1_auto,True,
16/655341,11292126,Robots with robust bipedal locomotion supported with non-conventional physics,"Disney Enterprises, Inc.",DISNEY ENTERPRISES,DISNEY ENTERPRISES,US,2019-10-17,28508982,B25J-0009/1602,0.85,positive,T1_auto,True,
16/570522,11325252,Action prediction networks for robotic grasping,X DEVELOPMENT LLC,X DEVELOPMENT,ALPHABET,US,2019-09-13,28521618,B25J-0009/1653,0.85,positive,GRAY,True,
17/095758,11325264,Tendon-driven robotic hand,UBTECH NORTH AMERICA RESEARCH AND DEVELOPMENT CENTER CORP | UBTECH ROBOTICS CORP LTD,UBTECH NORTH AMERICA RESEARCH AND DEVELOPMENT CENTER,UBTECH,US,2020-11-12,28521622,B25J-0015/0009,0.85,positive,GRAY,True,
16/843921,11331806,Robot control method and apparatus and robot using the same,UBTECH ROBOTICS CORP LTD,UBTECH ROBOTICS,UBTECH,CN,2020-04-09,28524065,B25J-0009/1679,0.85,positive,T1_auto,True,
17/133656,11472024,Humanoid robot and its control method and computer readable storage medium,UBTECH ROBOTICS CORP LTD,UBTECH ROBOTICS,UBTECH,CN,2020-12-24,28577262,B25J-0009/1602,0.85,positive,T1_auto,True,
17/017920,11571809,Robotic control using value distributions,X DEVELOPMENT LLC,X DEVELOPMENT,ALPHABET,US,2020-09-11,28614934,B25J-0009/161,0.85,positive,GRAY,True,
17/120229,11602848,"Robot control method, computer-readable storage medium and robot",UBTECH ROBOTICS CORP LTD,UBTECH ROBOTICS,UBTECH,CN,2020-12-13,28626421,B25J-0009/1664,0.85,positive,GRAY,True,
16/932872,11602843,Foot-waist coordinated gait planning method and apparatus and robot using the same,UBTECH ROBOTICS CORP LTD,UBTECH ROBOTICS,UBTECH,CN,2020-07-20,28626419,B25J-0009/1633,0.85,positive,GRAY,True,
16/618591,11607817,Robotic gripper with variable stiffness actuators and methods for same,THE RESEARCH FOUNDATION FOR THE STATE UNIVERSITY OF NEW YORK,THE RESEARCH FOUNDATION FOR THE STATE UNIVERSITY OF NEW YORK,THE RESEARCH FOUNDATION FOR THE STATE UNIVERSITY OF NEW YORK,US,2018-06-04,28628380,B25J-0015/0286,0.85,positive,GRAY,True,
16/914836,11511431,Method for monitoring balanced state of biped robot,BEIJING INSTITUTE OF TECHNOLOGY,BEIJING INSTITUTE OF TECHNOLOGY,BEIJING INSTITUTE OF TECHNOLOGY,CN,2020-06-29,28591964,B25J-0009/1674,0.85,positive,T1_auto,True,
17/138948,11642786,Humanoid robot and its balance control method and computer readable storage medium,UBTECH ROBOTICS CORP LTD,UBTECH ROBOTICS,UBTECH,CN,2020-12-31,28641677,B25J-0009/1664,0.85,positive,T1_auto,True,
17/088397,11691281,Robot control at singular configurations,Massachusetts Institute of Technology,MASSACHUSETTS INSTITUTE OF TECHNOLOGY,MASSACHUSETTS INSTITUTE OF TECHNOLOGY,US,2020-11-03,28658945,B25J-0009/1641,0.85,positive,GRAY,True,
17/120225,11691284,"Robot control method, computer-readable storage medium and robot",UBTECH ROBOTICS CORP LTD,UBTECH ROBOTICS,UBTECH,CN,2020-12-13,28658947,B25J-0009/1664,0.85,positive,T1_auto,True,
16/774488,11667039,"Systems and methods for estimating shape, contact forces, and pose of objects manipulated by robots having compliant contact and geometry sensors","Toyota Research Institute, Inc.",TOYOTA RESEARCH INSTITUTE,TOYOTA,US,2020-01-28,28650396,B25J-0013/082,0.85,positive,GRAY,True,
17/107966,11780085,Robot posture control method and robot and computer readable storage medium using the same,UBTECH ROBOTICS CORP LTD,UBTECH ROBOTICS,UBTECH,CN,2020-12-01,28689929,B25J-0009/163,0.85,positive,T1_auto,True,
17/326259,11639005,Robotic finger structure and robot,UBTECH ROBOTICS CORP LTD,UBTECH ROBOTICS,UBTECH,CN,2021-05-20,28640125,B25J-0015/0009,0.85,positive,GRAY,True,
17/224012,11787045,Robot with an inverse kinematics (IK)-based controller for retargeting input motions,"DISNEY ENTERPRISES, INC.",DISNEY ENTERPRISES,DISNEY ENTERPRISES,US,2021-04-06,28692348,B25J-0009/1607,0.85,positive,GRAY,True,
17/408512,11858141,"Impedance control method, and controller and robot using the same",UBTECH ROBOTICS CORP LTD,UBTECH ROBOTICS,UBTECH,CN,2021-08-23,28717818,B25J-0009/1633,0.85,positive,GRAY,True,
16/956676,11833688,Legged robots and methods for controlling legged robots,"PETOI, LLC",PETOI,PETOI,US,2019-01-07,28708787,B25J-0009/1664,0.85,positive,GRAY,True,
17/485412,11872701,"Total centroid state estimation method, humanoid robot and computer readable storage medium using the same",UBTECH ROBOTICS CORP LTD,UBTECH ROBOTICS,UBTECH,CN,2021-09-25,28722874,B25J-0009/1664,0.85,positive,T1_auto,True,
17/234831,11858138,Method for realizing dynamic running gait of biped robot on rough terrain road,ZHEJIANG UNIVERSITY,ZHEJIANG UNIVERSITY,ZHEJIANG UNIVERSITY,CN,2021-04-20,28717816,B25J-0009/1602,0.85,positive,T1_auto,True,
17/314039,11878426,Biped robot gait control method and robot and computer readable storage medium using the same,UBTECH ROBOTICS CORP LTD,UBTECH ROBOTICS,UBTECH,CN,2021-05-06,28725061,B25J-0009/1664,0.85,positive,T1_auto,True,
17/097228,11878415,Tactile dexterity and control,MASSACHUSETTS INSTITUTE OF TECHNOLOGY,MASSACHUSETTS INSTITUTE OF TECHNOLOGY,MASSACHUSETTS INSTITUTE OF TECHNOLOGY,US,2020-11-13,28725055,B25J-0009/1612,0.85,positive,GRAY,True,
17/504544,11904472,"Humanoid robot control method, humanoid robot using the same, and computer readable storage medium",UBTECH ROBOTICS CORP LTD,UBTECH ROBOTICS,UBTECH,CN,2021-10-19,28734395,B25J-0009/1646,0.85,positive,T1_auto,True,
17/134147,11945528,Hip joint mechanism and humanoid robot,UBTECH ROBOTICS CORP LTD,UBTECH ROBOTICS,UBTECH,CN,2020-12-24,28750126,B25J-0017/0266,0.85,positive,T1_auto,True,
17/702819,11938635,"Motion control method, robot controller and computer readable storage medium",UBTECH ROBOTICS CORP LTD,UBTECH ROBOTICS,UBTECH,CN,2022-03-24,28747330,B25J-0009/1664,0.85,positive,T1_auto,True,
17/198844,11969899,Method for generating novel impedance configuration for three-degree-of-freedom (3DOF) robotic leg,Yanshan University,YANSHAN UNIVERSITY,YANSHAN UNIVERSITY,CN,2021-03-11,28760306,B25J-0009/1669,0.85,positive,GRAY,True,
17/488341,12005584,"Pose control method, robot and computer-readable storage medium",UBTECH ROBOTICS CORP LTD,UBTECH ROBOTICS,UBTECH,CN,2021-09-29,28774758,B25J-0009/1653,0.85,positive,T1_auto,True,
17/561629,12053885,"Control method for robot, computer-readable storage medium and robot",UBTECH ROBOTICS CORP LTD,UBTECH ROBOTICS,UBTECH,CN,2021-12-23,28793745,B25J-0009/1602,0.85,positive,GRAY,True,
17/557076,12070856,"Robot balance control method, robot using the same, and computer readable storage medium",UBTECH ROBOTICS CORP LTD,UBTECH ROBOTICS,UBTECH,CN,2021-12-21,28799543,B25J-0009/1605,0.85,positive,GRAY,True,
17/726548,12097621,"Center of mass trajectory generating method, robot and computer-readable storage medium",UBTECH ROBOTICS CORP LTD,UBTECH ROBOTICS,UBTECH,CN,2022-04-22,28809705,B25J-0009/1664,0.85,positive,T1_auto,True,
17/561609,12076860,"Control method for robot, computer-readable storage medium and robot",UBTECH ROBOTICS CORP LTD,UBTECH ROBOTICS,UBTECH,CN,2021-12-23,28801525,B25J-0009/1602,0.85,positive,GRAY,True,
17/868790,12103177,"Decoupling control method for humanoid robot, humanoid robot and computer-readable storage medium",UBTECH ROBOTICS CORP LTD,UBTECH ROBOTICS,UBTECH,CN,2022-07-20,28812223,B25J-0009/1607,0.85,positive,T1_auto,True,
17/324473,12090636,Robot hand device,MELTIN INC.,MELTIN,MELTIN,JP,2021-05-19,85522635,B25J-0015/0009,0.85,positive,T1_auto,True,
18/089588,12138803,"Method for controlling legged robot, robot and computer-readable storage medium",UBTECH ROBOTICS CORP LTD,UBTECH ROBOTICS,UBTECH,CN,2022-12-28,28827169,B25J-0009/1666,0.85,positive,T1_auto,True,
17/844361,12164280,Method for estimating intention using unsupervised learning,Hyundai Motor Company | Kia Corporation,HYUNDAI MOTOR,HYUNDAI MOTOR GROUP,KR,2022-06-20,85627135,B25J-0015/0009,0.85,positive,GRAY,True,
17/610471,12179358,"Robot apparatus, method for controlling robot apparatus, and load compensation apparatus",SONY GROUP CORPORATION,SONY GROUP,SONY,JP,2020-02-25,86221263,B25J-0009/1638,0.85,positive,GRAY,True,
16/122514,10821603,Methods and apparatus for robot control,THE BOEING COMPANY,THE BOEING,THE BOEING,US,2018-09-05,86232809,B25J-0009/163,0.85,positive,GRAY,True,
15/865399,10252415,Human collaborative robot system having safety assurance operation function for robot,FANUC CORPORATION,FANUC,FANUC,JP,2018-01-09,86338121,B25J-0009/0081,0.85,positive,GRAY,True,
18/075450,12186909,"Robot control method, robot, and computer-readable storage medium",UBTECH ROBOTICS CORP LTD,UBTECH ROBOTICS,UBTECH,CN,2022-12-06,86425633,B25J-0009/1633,0.85,positive,GRAY,True,
16/252383,10335947,Robotic system with piece-loss management mechanism,"MUJIN, INC.",MUJIN,MUJIN,JP,2019-01-18,87302982,B25J-0009/1664,0.85,positive,GRAY,True,
15/913212,10773382,Machine learning methods and apparatus for robotic manipulation and that utilize multi-task domain adaptation,X DEVELOPMENT LLC,X DEVELOPMENT,ALPHABET,US,2018-03-06,87307223,B25J-0009/163,0.85,positive,GRAY,True,
17/539989,12097614,Object manipulation,"HONDA MOTOR CO., LTD.",HONDA MOTOR,HONDA,JP,2021-12-01,87500003,B25J-0009/1612,0.85,positive,GRAY,True,
17/732568,12226903,"Gait control method, biped robot, and computer-readable storage medium",UBTECH ROBOTICS CORP LTD,UBTECH ROBOTICS,UBTECH,CN,2022-04-29,87522718,B25J-0009/163,0.85,positive,T1_auto,True,
17/616315,12233554,Robot control system,SONY INTERACTIVE ENTERTAINMENT INC.,SONY INTERACTIVE ENTERTAINMENT,SONY,JP,2020-06-10,87757054,B25J-0009/1664,0.85,positive,GRAY,True,
17/984215,12240119,"Motion control method, robot, and computer-readable storage medium",UBTECH ROBOTICS CORP LTD,UBTECH ROBOTICS,UBTECH,CN,2022-11-09,87927579,B25J-0009/1658,0.85,positive,GRAY,True,
18/399632,12240111,Robotic joint actuator,Sanctuary Cognitive Systems Corporation,SANCTUARY COGNITIVE SYSTEMS,SANCTUARY COGNITIVE SYSTEMS,CA,2023-12-28,88291503,B25J-0009/126,0.85,positive,T1_auto,True,
18/197915,12246439,Robotic joint having a spherical linkage,SANCTUARY COGNITIVE SYSTEMS CORPORATION,SANCTUARY COGNITIVE SYSTEMS,SANCTUARY COGNITIVE SYSTEMS,CA,2023-05-16,88488756,B25J-0015/08,0.85,positive,T1_auto,True,
17/976904,12257725,"Jumping motion control method for biped robot, biped robot and computer-readable storage medium",UBTECH ROBOTICS CORP LTD,UBTECH ROBOTICS,UBTECH,CN,2022-10-31,88523148,B25J-0009/1692,0.85,positive,T1_auto,True,
18/071462,12275152,"Robot stability control method, robot and computer-readable storage medium",UBTECH ROBOTICS CORP LTD,UBTECH ROBOTICS,UBTECH,CN,2022-11-29,89268899,B25J-0009/1638,0.85,positive,GRAY,True,
17/678037,12280510,Biped robot control method and biped robot using the same and computer readable storage medium,UBTECH ROBOTICS CORP LTD,UBTECH ROBOTICS,UBTECH,CN,2022-02-23,89820056,B25J-0009/163,0.85,positive,T1_auto,True,
17/624656,12280491,"Control device, control method, and control program",SONY GROUP CORPORATION,SONY GROUP,SONY,JP,2020-07-10,89522287,B25J-0013/083,0.85,positive,GRAY,True,
17/951557,12290923,"Biped robot and multi-configuration robot capable of being spliced autonomously, and control method of multi-configuration robot",Shandong University,SHANDONG UNIVERSITY,SHANDONG UNIVERSITY,CN,2022-09-23,89827059,B25J-0009/08,0.85,positive,T1_auto,True,
18/123858,12290929,Applied force control for robots,"Rockwell Automation Technologies, Inc.",ROCKWELL AUTOMATION TECHNOLOGIES,ROCKWELL AUTOMATION TECHNOLOGIES,US,2023-03-20,89827065,B25J-0009/1633,0.85,positive,GRAY,True,
18/070313,12285870,"Robot control method, robot and computer-readable storage medium",UBTECH ROBOTICS CORP LTD,UBTECH ROBOTICS,UBTECH,CN,2022-11-28,89990961,B25J-0009/1664,0.85,positive,GRAY,True,
16/195556,11338435,Gripping system with machine learning,KABUSHIKI KAISHA YASKAWA DENKI,YASKAWA DENKI,YASKAWA,JP,2018-11-19,89883867,B25J-0009/163,0.85,positive,GRAY,True,
17/237212,12285861,Utilizing soft actuated inflatable robotics,BOSTON ENGINEERING CORPORATION,BOSTON ENGINEERING,BOSTON ENGINEERING,US,2021-04-22,89990960,B25J-0009/142,0.85,positive,GRAY,True,
16/874269,11400593,"Method of avoiding collision, robot and server implementing thereof",LG ELECTRONICS INC.,LG ELECTRONICS,LG,KR,2020-05-14,90374108,B25J-0009/1666,0.85,positive,GRAY,True,
18/061868,12290940,Torso protrusion for robotic manipulation of objects and related technology,"AGILITY ROBOTICS, INC.",AGILITY ROBOTICS,AGILITY ROBOTICS,US,2022-12-05,90275584,B25J-0009/0009,0.85,positive,T1_auto,True,
18/091292,12304084,"Gait planning method, robot and computer-readable storage medium",UBTECH ROBOTICS CORP LTD,UBTECH ROBOTICS,UBTECH,CN,2022-12-29,90378911,B25J-0009/1664,0.85,positive,GRAY,True,
14/601111,9724823,"Method for controlling the walking motion of a mobile robot, and robot implementing said method",SOFTBANK ROBOTICS EUROPE,SOFTBANK ROBOTICS EUROPE,SOFTBANK ROBOTICS,FR,2015-01-20,92084240,B25J-0009/16,0.85,positive,T1_auto,True,
16/341730,11597099,Underactuated robotic hand,BIONIT LABS S.R.L.,BIONIT LABS,BIONIT LABS,IT,2017-11-29,91648694,B25J-0015/0009,0.85,positive,T1_auto,True,
15/537117,10031524,Method and device for controlling gait of biped robot,GOERTEK INC.,GOERTEK,GOERTEK,CN,2016-09-05,92262496,B25J-0009/16,0.85,positive,T1_auto,True,
15/548377,10675756,Device and method for performing open-loop and closed-loop control of a robot manipulator,KASTANIENBAUM GMBH,KASTANIENBAUM,FRANKA,DE,2016-02-02,92255114,B25J-0009/1641,0.85,positive,GRAY,True,
16/788840,11667034,Computerized system and method using different image views to find grasp locations and trajectories for robotic pick up,SIEMENS AKTIENGESELLSCHAFT,SIEMENS,SIEMENS,DE,2020-02-12,92334702,B25J-0009/1664,0.85,positive,GRAY,True,
15/531065,10052772,Roll rotation structure in a robot,"THK CO., LTD.",THK,THK,JP,2015-11-25,92888599,B25J-0017/0291,0.85,positive,GRAY,True,
17/211827,12023808,Robot system,KAWASAKI JUKOGYO KABUSHIKI KAISHA,KAWASAKI JUKOGYO,KAWASAKI HEAVY INDUSTRIES,JP,2021-03-25,92915001,B25J-0009/1612,0.85,positive,GRAY,True,
16/174308,11148293,"Motion computing device, robot system and robot controlling method",NATIONAL CHIAO TUNG UNIVERSITY,NATIONAL CHIAO TUNG UNIVERSITY,NATIONAL CHIAO TUNG UNIVERSITY,TW,2018-10-30,93266439,B25J-0009/1697,0.85,positive,GRAY,True,
18/048862,12257726,Robot and robot hand-eye calibrating method,NATIONAL TSING HUA UNIVERSITY,NATIONAL TSING HUA UNIVERSITY,NATIONAL TSING HUA UNIVERSITY,TW,2022-10-24,93293621,B25J-0009/1692,0.85,positive,GRAY,True,
18/090457,12311545,"Walking control method, biped robot and computer-readable storage medium",UBTECH ROBOTICS CORP LTD,UBTECH ROBOTICS,UBTECH,CN,2022-12-28,101070086,B25J-0009/1602,0.85,positive,T1_auto,True,
17/969999,12304083,"Legged robot motion control method, apparatus, and device, and medium",TENCENT TECHNOLOGY (SHENZHEN) COMPANY LIMITED,TENCENT TECHNOLOGY (SHENZHEN),TENCENT TECHNOLOGY (SHENZHEN),CN,2022-10-20,100847908,B25J-0009/1664,0.85,positive,GRAY,True,
17/290554,11691269,Robotic manipulator having a plurality of spring compensated joints,"APPTRONIK, INC.",APPTRONIK,APPTRONIK,US,2019-10-30,101541830,B25J-0009/1005,0.85,positive,GRAY,True,
19/064661,12337488,Methods for improved hand-eye calibration based on structured light cameras,GUANGDONG UNIVERSITY OF TECHNOLOGY,GUANGDONG UNIVERSITY OF TECHNOLOGY,GUANGDONG UNIVERSITY OF TECHNOLOGY,CN,2025-02-26,101691735,B25J-0009/1692,0.85,positive,GRAY,True,
16/848189,11318611,Multi center impedance control,FANUC CORPORATION,FANUC,FANUC,JP,2020-04-14,101786542,B25J-0009/1633,0.85,positive,GRAY,True,
17/957567,12343872,"Computer, method for controlling robot, and computer system","Hitachi, Ltd.",HITACHI,HITACHI,JP,2022-09-30,102473665,B25J-0009/1612,0.85,positive,GRAY,True,
15/769803,10603803,Humanoid robot foot comprising an active variable stiffness mechanism,FONDAZIONE ISTITUTO ITALIANO DI TECNOLOGIA | UNIVERSITA' DEGLI STUDI DI GENOVA,FONDAZIONE ISTITUTO ITALIANO DI TECNOLOGIA,FONDAZIONE ISTITUTO ITALIANO DI TECNOLOGIA,IT,2016-10-20,102461643,B25J-0019/068,0.85,positive,T1_auto,True,
17/985528,12377536,Imitation robot control stack models,GDM HOLDING LLC,GDM,GDM,US,2022-11-11,103014504,B25J-0009/163,0.85,positive,GRAY,True,
16/986965,11453120,Robot system,FANUC CORPORATION,FANUC,FANUC,JP,2020-08-06,103760123,B25J-0009/0096,0.85,positive,GRAY,True,
17/491577,12162138,"Systems, devices, and methods for robotic end effectors",SANCTUARY COGNITIVE SYSTEMS CORPORATION,SANCTUARY COGNITIVE SYSTEMS,SANCTUARY COGNITIVE SYSTEMS,CA,2021-10-01,103905767,B25J-0015/08,0.85,positive,T1_auto,True,
17/425257,11420328,Generating a robot control policy from demonstrations,GOOGLE LLC,GOOGLE,ALPHABET,US,2020-01-31,103827877,B25J-0009/1664,0.85,positive,GRAY,True,
16/480221,11325251,Robot,FRANKA EMIKA GMBH,FRANKA EMIKA,FRANKA,DE,2018-02-07,104324945,B25J-0009/1628,0.85,positive,GRAY,True,
16/611643,11370117,Collision handling by a robot,FRANKA EMIKA GMBH,FRANKA EMIKA,FRANKA,DE,2018-05-29,104326564,B25J-0009/1674,0.85,positive,T1_auto,True,
18/097753,12397431,Robot trajectory under collision constraints,TENCENT AMERICA LLC,TENCENT AMERICA,TENCENT AMERICA,US,2023-01-17,104483140,B25J-0009/1676,0.85,positive,GRAY,True,
16/095494,11059175,System and method for controlling a robot,FRANKA EMIKA GMBH,FRANKA EMIKA,FRANKA,DE,2017-04-21,104320625,B25J-0009/1674,0.85,positive,GRAY,True,
18/513018,12397420,Artificial intelligence (AI) hand type device for performing tasks with acute precision,Techolution Consulting LLC,TECHOLUTION CONSULTING,TECHOLUTION CONSULTING,US,2023-11-17,104483129,B25J-0009/163,0.85,positive,GRAY,True,
16/843185,11813749,Robot teaching by human demonstration,FANUC CORPORATION,FANUC,FANUC,JP,2020-04-08,104726275,B25J-0009/163,0.85,positive,GRAY,True,
17/997256,12318920,"Safety system, joint assembly with safety system, and robot having joint assembly","SHANGHAI FLEXIV ROBOTICS TECHNOLOGY CO., LTD. | FLEXIV LTD.",SHANGHAI FLEXIV ROBOTICS TECHNOLOGY,SHANGHAI FLEXIV ROBOTICS TECHNOLOGY,CN,2021-10-12,104962402,B25J-0019/0004,0.85,positive,GRAY,True,
17/971097,12384060,Robot safety monitoring system,HANWHA ROBOTICS CORPORATION,HANWHA ROBOTICS,HANWHA ROBOTICS,KR,2022-10-21,104953798,B25J-0019/06,0.85,positive,GRAY,True,
18/129232,12403600,"Motion data generating system for robot, motion data generating method for robot, and storage medium",TOYOTA JIDOSHA KABUSHIKI KAISHA,TOYOTA JIDOSHA,TOYOTA,JP,2023-03-31,104890163,B25J-0009/1664,0.85,positive,T1_auto,True,
17/644642,12325131,Constrained manipulation of objects,"Boston Dynamics, Inc.",BOSTON DYNAMICS,HYUNDAI MOTOR GROUP(2021~)/구글·소프트뱅크(이전),US,2021-12-16,105081964,B25J-0009/1628,0.85,positive,GRAY,True,
17/819685,12403590,Robotic grasping via RF-visual sensing and learning,Massachusetts Institute of Technology,MASSACHUSETTS INSTITUTE OF TECHNOLOGY,MASSACHUSETTS INSTITUTE OF TECHNOLOGY,US,2022-08-15,105248387,B25J-0009/1612,0.85,positive,GRAY,True,
15/575490,10710243,Control and regulation of actuators of a robot by taking into consideration ambient contacts,CAVOS BAGATELLE VERWALTUNGS GMBH & CO. KG,CAVOS BAGATELLE VERWALTUNGS & CO KG,CAVOS BAGATELLE VERWALTUNGS & CO KG,DE,2016-05-10,104315711,B25J-0009/1676,0.85,positive,GRAY,True,
17/553854,12420422,Situation-aware safety assessment of robot-human activities,INTEL CORPORATION,INTEL,INTEL,US,2021-12-17,105843678,B25J-0009/1676,0.85,positive,GRAY,True,
18/005856,12384050,"Information processing device, information processing method, and program",SONY GROUP CORPORATION,SONY GROUP,SONY,JP,2021-08-06,106005650,B25J-0013/083,0.85,positive,GRAY,True,
18/218604,12420414,"Robot control method based on trajectory of center of mass, robot and computer-readable storage medium",UBTECH ROBOTICS CORP LTD,UBTECH ROBOTICS,UBTECH,CN,2023-07-06,105843670,B25J-0009/1664,0.85,positive,T1_auto,True,
17/561160,12420433,Robot hand,"SAMSUNG ELECTRONICS CO., LTD.",SAMSUNG ELECTRONICS,SAMSUNG,KR,2021-12-23,106169385,B25J-0015/0009,0.85,positive,GRAY,True,
18/087668,12440966,"Method for controlling biped robot, biped robot, and readable storage medium","BEIJING XIAOMI ROBOT TECHNOLOGY CO., LTD.",BEIJING XIAOMI ROBOT TECHNOLOGY,BEIJING XIAOMI ROBOT TECHNOLOGY,CN,2022-12-22,106351149,B25J-0009/1602,0.85,positive,T1_auto,True,
17/615660,12454066,Robot hand and robot configured with loop-like wire rods,KABUSHIKI KAISYA LEBEN,KABUSHIKI KAISYA LEBEN,KABUSHIKI KAISYA LEBEN,JP,2020-12-28,106706892,B25J-0015/12,0.85,positive,GRAY,True,
18/145869,12440979,System and method for controlling an operation of a robotic arm,"Mitsubishi Electric Research Laboratories, Inc.",MITSUBISHI ELECTRIC RESEARCH LABORATORIES,MITSUBISHI ELECTRIC,US,2022-12-23,106749462,B25J-0009/163,0.85,positive,GRAY,True,
16/833158,11383384,Robot and method for controlling robot,LG ELECTRONICS INC.,LG ELECTRONICS,LG,KR,2020-03-27,107146112,B25J-0009/1694,0.85,positive,GRAY,True,
17/553860,12479101,Repetitive task and contextual risk analytics for human-robot collaboration,INTEL CORPORATION,INTEL,INTEL,US,2021-12-17,107565855,B25J-0009/1676,0.85,positive,GRAY,True,
17/753385,12479111,Robotic hand,CENTRE NATIONAL DE LA RECHERCHE SCIENTIFIQUE | UNIVERSITE DE POITIERS,CENTRE NATIONAL DE LA RECHERCHE SCIENTIFIQUE,CENTRE NATIONAL DE LA RECHERCHE SCIENTIFIQUE,FR,2020-08-19,107565865,B25J-0015/0009,0.85,positive,GRAY,True,
17/422260,12083678,Efficient adaption of robot control policy for new task using meta-learning based on meta-imitation learning and meta-reinforcement learning,GOOGLE LLC,GOOGLE,ALPHABET,US,2020-01-23,107652347,B25J-0009/163,0.85,positive,GRAY,True,
18/230620,12454054,"Method for controlling robot, robot and computer-readable storage medium",UBTECH ROBOTICS CORP LTD,UBTECH ROBOTICS,UBTECH,CN,2023-08-05,107057873,B25J-0009/1602,0.85,positive,GRAY,True,
18/563651,12491636,Collaborative robot having collision detection function and collision detection method of cooperative robot,"NEUROMEKA CO., LTD.",NEUROMEKA,NEUROMEKA,KR,2022-05-24,107970305,B25J-0009/1666,0.85,positive,GRAY,True,
16/596946, ,HUMANOID ROBOTICS SYSTEM AND METHODS,"WILLOW GARAGE, LLC",WILLOW GARAGE,WILLOW GARAGE,US,2019-10-09,107729012,B25J-0005/00,0.85,positive,T1_auto,True,
17/036241,11623351,"Bag-shaped actuator system, gripping device using the same, robotic hand, and usage method of robotic hand",TOYOTA JIDOSHA KABUSHIKI KAISHA,TOYOTA JIDOSHA,TOYOTA,JP,2020-09-29,107835194,B25J-0015/0023,0.85,positive,GRAY,True,
16/880724,11679497,Distributed robotic demonstration learning,INTRINSIC INNOVATION LLC,INTRINSIC INNOVATION,ALPHABET,US,2020-05-21,108370228,B25J-0009/163,0.85,positive,GRAY,True,
17/453240,12042938,Method for controlling a robotic device and robot control unit,ROBERT BOSCH GMBH,ROBERT BOSCH,ROBERT BOSCH,DE,2021-11-02,108474135,B25J-0009/1664,0.85,positive,GRAY,True,
17/655466,12397425,System and method for robust pivoting for re-orienting parts during robotic assembly,"Mitsubishi Electric Research Laboratories, Inc.",MITSUBISHI ELECTRIC RESEARCH LABORATORIES,MITSUBISHI ELECTRIC,미상,2022-03-18,108253270,B25J-0009/1664,0.85,positive,GRAY,True,
18/236395,12502769,"Method for foot/ground contact detection for robot, robot and computer-readable medium",UBTECH ROBOTICS CORP LTD,UBTECH ROBOTICS,UBTECH,CN,2023-08-21,108693641,B25J-0009/1628,0.85,positive,T1_auto,True,
18/129909,12496710,"Humanoid robot balance control method, humanoid robot, and storage medium",UBTECH ROBOTICS CORP LTD,UBTECH ROBOTICS,UBTECH,CN,2023-04-03,108541324,B25J-0009/163,0.85,positive,T1_auto,True,
18/379614,12496715,Three-dimensional passive walking robot,CARNEGIE MELLON UNIVERSITY,CARNEGIE MELLON UNIVERSITY,CARNEGIE MELLON UNIVERSITY,US,2023-10-12,108541327,B25J-0009/1664,0.85,positive,T1_auto,True,
18/775000,12515329,"Robot control system, robot control method, and non-transitory storage medium",TOYOTA JIDOSHA KABUSHIKI KAISHA,TOYOTA JIDOSHA,TOYOTA,JP,2024-07-17,108701509,B25J-0009/1653,0.85,positive,GRAY,True,
18/659595,12521890,"Method and apparatus for robot control, device, robot, and medium","BEIJING YOUZHUJU NETWORK TECHNOLOGY CO., LTD.",BEIJING YOUZHUJU NETWORK TECHNOLOGY,BEIJING YOUZHUJU NETWORK TECHNOLOGY,CN,2024-05-09,108898722,B25J-0009/1697,0.85,positive,GRAY,True,
17/399893,11858125,Actuator and gripper head having an actuator,MID ATLANTIC MACHINERY,MID ATLANTIC MACHINERY,MID ATLANTIC MACHINERY,US,2021-08-11,109052673,B25J-0015/0641,0.85,positive,GRAY,True,
18/173342,12318925,Robot and method of controlling the same,"SINTOKOGIO, LTD. | UNIVERSITY OF YAMANASHI",SINTOKOGIO,SINTOKOGIO,JP,2023-02-23,108973761,B25J-0009/0081,0.85,positive,GRAY,True,
16/885035,11691283,Robot control parameter interpolation,INTRINSIC INNOVATION LLC,INTRINSIC INNOVATION,ALPHABET,US,2020-05-27,109210823,B25J-0009/1653,0.85,positive,GRAY,True,
18/098470,12358150,Robot and control method therefor,"SAMSUNG ELECTRONICS CO., LTD.",SAMSUNG ELECTRONICS,SAMSUNG,KR,2023-01-18,109330287,B25J-0009/1697,0.85,positive,GRAY,True,
18/039961,12533799,"Robot, gripping force control device, gripping force control method, and recording medium storing gripping force control program",OMRON CORPORATION,OMRON,OMRON,JP,2021-09-14,109228648,B25J-0009/1612,0.85,positive,GRAY,True,
15/111476,10442089,Hand intended for being provided on a humanoid robot with improved fingers,SOFTBANK ROBOTICS EUROPE,SOFTBANK ROBOTICS EUROPE,SOFTBANK ROBOTICS,FR,2015-01-22,109864218,B25J-0015/0009,0.85,positive,T1_auto,True,
15/111475,9840009,Actuation of a hand intended for being provided on a humanoid robot,SOFTBANK ROBOTICS EUROPE,SOFTBANK ROBOTICS EUROPE,SOFTBANK ROBOTICS,FR,2015-01-22,109864200,B25J-0015/0009,0.85,positive,T1_auto,True,
15/311113,10406699,"Secure, motor-driven hinge to be provided on a humanoid robot",SOFTBANK ROBOTICS EUROPE,SOFTBANK ROBOTICS EUROPE,SOFTBANK ROBOTICS,FR,2015-06-05,109869245,B25J-0019/0004,0.85,positive,T1_auto,True,
15/300221,10232508,Omnidirectional wheeled humanoid robot based on a linear predictive position and velocity controller,SOFTBANK ROBOTICS EUROPE | INSTITUT NATIONAL DE RECHERCHE EN INFORMATIQUE ET EN AUTOMATIQUE,SOFTBANK ROBOTICS EUROPE,SOFTBANK ROBOTICS,FR,2015-04-17,109867028,B25J-0009/162,0.85,positive,T1_auto,True,
15/304038,9821471,Actuation of a hand to be provided on a humanoid robot,SOFTBANK ROBOTICS EUROPE,SOFTBANK ROBOTICS EUROPE,SOFTBANK ROBOTICS,FR,2015-05-07,109867850,B25J-0015/0009,0.85,positive,T1_auto,True,
16/315570,11376746,Hand intended to equip a humanoid robot,SOFTBANK ROBOTICS EUROPE | CENTRE NATIONAL DE LA RECHERCHE SCIENTIFIQUE,SOFTBANK ROBOTICS EUROPE,SOFTBANK ROBOTICS,FR,2017-07-04,109898602,B25J-0015/0009,0.85,positive,T1_auto,True,
15/400168,9914212,Systems and methods for sensing objects,SOMATIS SENSOR SOLUTIONS LLC,SOMATIS SENSOR SOLUTIONS,SOMATIS SENSOR SOLUTIONS,US,2017-01-06,110282117,B25J-0009/1612,0.85,positive,GRAY,True,
17/656113,12290928,Systems and methods for flexible robotic manipulation by fast online load estimation,"Mitsubishi Electric Research Laboratories, Inc.",MITSUBISHI ELECTRIC RESEARCH LABORATORIES,MITSUBISHI ELECTRIC,US,2022-03-23,111969864,B25J-0009/1633,0.85,positive,GRAY,True,
17/622160,12544937,Robotic hand system and method for controlling robotic hand,KOREA ADVANCED INSTITUTE OF SCIENCE AND TECHNOLOGY,KOREA ADVANCED INSTITUTE OF SCIENCE AND TECHNOLOGY,KOREA ADVANCED INSTITUTE OF SCIENCE AND TECHNOLOGY,KR,2021-11-26,112105443,B25J-0009/1612,0.85,positive,GRAY,True,
18/373242,12552024,"Method and apparatus for controlling robot motion, device and storage medium","BEIJING XIAOMI ROBOT TECHNOLOGY CO., LTD.",BEIJING XIAOMI ROBOT TECHNOLOGY,BEIJING XIAOMI ROBOT TECHNOLOGY,CN,2023-09-26,112288770,B25J-0009/1651,0.85,positive,GRAY,True,
18/086386,12552034,Robot system,"Mantis Robotics, Inc.",MANTIS ROBOTICS,MANTIS ROBOTICS,US,2022-12-21,112695228,B25J-0009/1676,0.85,positive,GRAY,True,
18/187976,12440980,Robotic manipulation with bimanual and nonprehensile aspects and related technology,"AGILITY ROBOTICS, INC.",AGILITY ROBOTICS,AGILITY ROBOTICS,US,2023-03-22,112695279,B25J-0009/1664,0.85,positive,T1_auto,True,
17/983553,12330309,Robot motion control method and apparatus,Tencent Technology (Shenzhen) Company Limited,TENCENT TECHNOLOGY (SHENZHEN),TENCENT TECHNOLOGY (SHENZHEN),CN,2022-11-09,112773331,B25J-0009/1664,0.85,positive,GRAY,True,
14/659012,9662792,Natural pitch and roll,"BOSTON DYNAMICS, INC.",BOSTON DYNAMICS,HYUNDAI MOTOR GROUP(2021~)/구글·소프트뱅크(이전),US,2015-03-16,112937856,B25J-0009/1694,0.85,positive,T1_auto,True,
18/385478,12576514,"Robot control method, robot, and control terminal","Shenzhen Pengxing Intelligent Research Co., Ltd.",SHENZHEN PENGXING INTELLIGENT RESEARCH,SHENZHEN PENGXING INTELLIGENT RESEARCH,CN,2023-10-31,113221957,B25J-0009/1602,0.85,positive,GRAY,True,
18/395746,12558801,Robotic torso,Sanctuary Cognitive Systems Corporation,SANCTUARY COGNITIVE SYSTEMS,SANCTUARY COGNITIVE SYSTEMS,CA,2023-12-26,112951425,B25J-0017/00,0.85,positive,T1_auto,True,
18/022688,12138789,Joint mechanism and robot arm mechanism,FANUC CORPORATION,FANUC,FANUC,JP,2021-09-10,112987903,B25J-0009/10,0.85,positive,GRAY,True,
17/653031,12049007,System and method for robust robotic manipulation using chance constrained optimization,"MITSUBISHI ELECTRIC RESEARCH LABORATORIES, INC.",MITSUBISHI ELECTRIC RESEARCH LABORATORIES,MITSUBISHI ELECTRIC,US,2022-03-01,113274327,B25J-0009/1605,0.85,positive,GRAY,True,
17/957710,12202143,"Robot control method, apparatus and device, storage medium and program product",TENCENT TECHNOLOGY (SHENZHEN) COMPANY LIMITED,TENCENT TECHNOLOGY (SHENZHEN),TENCENT TECHNOLOGY (SHENZHEN),CN,2022-09-30,113273898,B25J-0009/1612,0.85,positive,GRAY,True,
18/023222,12589503,"Robot control apparatus, robot control system, and method for controlling robot",KYOCERA CORPORATION,KYOCERA,KYOCERA,JP,2021-08-04,113624309,B25J-0009/1676,0.85,positive,GRAY,True,
18/080623,12583108,Grasp selection,"Honda Motor Co., Ltd.",HONDA MOTOR,HONDA,JP,2022-12-13,113806443,B25J-0009/1664,0.85,positive,GRAY,True,
18/462583,12594669,"Robot control method, robot control system, and computer readable medium",TOYOTA JIDOSHA KABUSHIKI KAISHA,TOYOTA JIDOSHA,TOYOTA,JP,2023-09-07,113818482,B25J-0009/162,0.85,positive,T1_auto,True,
18/407440,12583123,Iterative control of robot for target object,KABUSHIKI KAISHA YASKAWA DENKI,YASKAWA DENKI,YASKAWA,JP,2024-01-09,113805573,B25J-0009/1697,0.85,positive,GRAY,True,
18/472767,12583111,Eye-on-hand reinforcement learner for dynamic grasping with active pose estimation,"Mitsubishi Electric Research Laboratories, Inc.",MITSUBISHI ELECTRIC RESEARCH LABORATORIES,MITSUBISHI ELECTRIC,US,2023-09-22,113950118,B25J-0009/1664,0.85,positive,GRAY,True,
17/670443,12594668,Brain-like decision-making and motion control system,NEUROCEAN TECHNOLOGIES INC.,NEUROCEAN TECHNOLOGIES,NEUROCEAN TECHNOLOGIES,CN,2022-02-12,114249172,B25J-0009/161,0.85,positive,GRAY,True,
18/352843,12496735,Multiple object grasping using robotics,UNIVERSITY OF SOUTH FLORIDA,UNIVERSITY OF SOUTH FLORIDA,UNIVERSITY OF SOUTH FLORIDA,US,2023-07-14,114445705,B25J-0009/1612,0.85,positive,GRAY,True,
18/545986,12605832,Robotic control with real-time switching between trajectories,INTRINSIC INNOVATION LLC,INTRINSIC INNOVATION,ALPHABET,US,2023-12-19,114632961,B25J-0009/1661,0.85,positive,GRAY,True,
17/644945,12521875,Supervised autonomous grasping,"Boston Dynamics, Inc.",BOSTON DYNAMICS,HYUNDAI MOTOR GROUP(2021~)/구글·소프트뱅크(이전),US,2021-12-17,114634149,B25J-0009/1612,0.85,positive,GRAY,True,
19/322446,12611767,System and method for efficient control of a humanoid robot,FIGURE AI INC.,FIGURE AI,FIGURE AI,US,2025-09-08,114836849,B25J-0009/1605,0.85,positive,T1_auto,True,
17/746910,12064865,Proximity sensing autonomous robotic systems and apparatus,"CORPORATION, COBIONIX",COBIONIX,COBIONIX,CA,2022-05-17,115391609,B25J-0013/086,0.85,positive,GRAY,True,
18/526504,12552011,Method and system for multirobot collaborative mobile manipulation,NORTHWESTERN UNIVERSITY,NORTHWESTERN UNIVERSITY,NORTHWESTERN UNIVERSITY,US,2023-12-01,115404403,B25J-0005/007,0.85,positive,GRAY,True,
17/822809,12643246,Robotic end effectors and soft grippers thereof,HONG KONG CENTRE FOR LOGISTICS ROBOTICS LIMITED,HONG KONG CENTRE FOR LOGISTICS ROBOTICS,HONG KONG CENTRE FOR LOGISTICS ROBOTICS,CN,2022-08-29,115420673,B25J-0015/12,0.85,positive,GRAY,True,
16/361684,11623348,Torsional series elastic actuator,"ROBOLIGENT, INC.",ROBOLIGENT,ROBOLIGENT,US,2019-03-22,115574690,B25J-0013/085,0.85,positive,GRAY,True,
18/414084,12629819,Method and system for dexterous manipulation by a robot,"Honda Motor Co., Ltd.",HONDA MOTOR,HONDA,JP,2024-01-16,115400856,B25J-0009/1605,0.85,positive,GRAY,True,
19/064596,12605824,Humanoid robot,FIGURE AI INC.,FIGURE AI,FIGURE AI,US,2025-02-26,115610981,B25J-0009/0009,0.85,positive,T1_auto,True,
17/486364,11772268,Robot collision detection device and method thereof,Hyundai Motor Company | Kia Corporation,HYUNDAI MOTOR,HYUNDAI MOTOR GROUP,KR,2021-09-27,115621914,B25J-0009/1676,0.85,positive,GRAY,True,
18/152980,12649235,Techniques for adaptive robotic assembly,"AUTODESK, INC.",AUTODESK,AUTODESK,US,2023-01-11,116005747,B25J-0009/1664,0.85,positive,GRAY,True,
18/066787,12649248,Apparatus and methods to reduce impact of robot collision and/or avoid robot collision,The Boeing Company,THE BOEING,THE BOEING,US,2022-12-15,115625296,B25J-0019/06,0.85,positive,GRAY,True,
17/583113,12128562,"Touch sensation sensor, sensitivity switching circuit, and sensitivity switching method","Honda Motor Co., Ltd.",HONDA MOTOR,HONDA,JP,2022-01-24,116366417,B25J-0009/1612,0.85,positive,GRAY,True,
18/508914,12661803,System and method for controlling operation of robotic manipulator with soft robotic touch,"Mitsubishi Electric Research Laboratories, Inc.",MITSUBISHI ELECTRIC RESEARCH LABORATORIES,MITSUBISHI ELECTRIC,US,2023-11-14,116457749,B25J-0009/1612,0.85,positive,GRAY,True,
17/810723,12617105,Robotic end effector system and method with lockable compliance,GM GLOBAL TECHNOLOGY OPERATIONS LLC | Northwestern University,GM GLOBAL TECHNOLOGY OPERATIONS,GM,US,2022-07-05,116370563,B25J-0015/083,0.85,positive,GRAY,True,
18/709157,12678944,Precision assembly control method and system by robot with visual-tactile fusion,"Harbin Institute of Technology, Shenzhen",HARBIN INSTITUTE OF TECHNOLOGY SHENZHEN,HARBIN INSTITUTE OF TECHNOLOGY SHENZHEN,CN,2022-10-31,116709543,B25J-0009/163,0.85,positive,GRAY,True,
18/780486,12678945,Estimation of external force for robot control,KABUSHIKI KAISHA YASKAWA DENKI,YASKAWA DENKI,YASKAWA,JP,2024-07-23,116709544,B25J-0009/163,0.85,positive,GRAY,True,
19/329559,12611766,Humanoid robot with advanced kinematics,FIGURE AI INC.,FIGURE AI,FIGURE AI,US,2025-09-15,116690592,B25J-0009/126,0.85,positive,T1_auto,True,
17/299213,12263582,Gyroscopically stabilised legged robot,THE UNIVERSITY OF QUEENSLAND,THE UNIVERSITY OF QUEENSLAND,THE UNIVERSITY OF QUEENSLAND,AU,2019-12-03,116767919,B25J-0013/088,0.85,positive,GRAY,True,
14/966778,10071476,Device with improved actuating means and method for use thereof,SKEL-EX HOLDING B.V.,SKEL-EX,SKEL-EX,NL,2015-12-11,5001694,B25J-0009/0006,0.8,positive,GRAY,True,
14/850664,9669551,Robotic hand and fingers,"NATIONAL TECHNOLOGY & ENGINEERING SOLUTIONS OF SANDIA, LLC",NATIONAL TECHNOLOGY & ENGINEERING SOLUTIONS OF SANDIA,NATIONAL TECHNOLOGY & ENGINEERING SOLUTIONS OF SANDIA,US,2015-09-10,4791956,B25J-0015/0009,0.8,positive,GRAY,True,
16/229402,11192245,Independent end-effector control and operation,The Boeing Company,THE BOEING,THE BOEING,US,2018-12-21,3770248,B25J-0009/1664,0.8,positive,GRAY,True,
17/271808,11919147,Gripping apparatus,FASTBRICK IP PTY LTD,FASTBRICK IP PTY,FASTBRICK IP PTY,AU,2019-08-29,1145484,B25J-0013/086,0.8,positive,GRAY,True,
14/619551,9415515,Method and apparatus for fixing a manipulator axis,KUKA ROBOTER GMBH,KUKA ROBOTER,KUKA,DE,2015-02-11,4934131,B25J-0009/1674,0.8,positive,GRAY,True,
14/942711,10029366,"Control device for motor drive device, control device for multi-axial motor, and control method for motor drive device",CANON KABUSHIKI KAISHA,CANON,CANON,JP,2015-11-16,5011300,B25J-0009/126,0.8,positive,GRAY,True,
15/002394,10016893,Robot hand controlling method and robotics device,CANON KABUSHIKI KAISHA,CANON,CANON,JP,2016-01-20,5032083,B25J-0009/1612,0.8,positive,GRAY,True,
15/067686,10335959,Joint driving apparatus and robot apparatus,Canon Kabushiki Kaisha,CANON,CANON,JP,2016-03-11,5041443,B25J-0017/00,0.8,positive,GRAY,True,
15/954544,10857671,Robot,KABUSHIKI KAISHA YASKAWA DENKI,YASKAWA DENKI,YASKAWA,JP,2018-04-16,5039342,B25J-0009/12,0.8,positive,GRAY,False,제외:산업용 주변기술(일반제어·진동·경로·측정·교시UI·공정)
15/084705,10279474,Method for improving operation of a robot,HONDA RESEARCH INSTITUTE EUROPE GMBH,HONDA RESEARCH INSTITUTE EUROPE,HONDA,DE,2016-03-30,5046604,B25J-0009/163,0.8,positive,GRAY,True,
15/170034,10071483,"Robot, robot control apparatus, robot control method, and robot system",Seiko Epson Corporation,SEIKO EPSON,SEIKO EPSON,JP,2016-06-01,5064475,B25J-0009/1687,0.8,positive,GRAY,True,
15/058904,10144132,"Robot controlling method, robot apparatus, program and recording medium",CANON KABUSHIKI KAISHA,CANON,CANON,JP,2016-03-02,5041161,B25J-0009/1692,0.8,positive,GRAY,True,
15/553358,10259122,Compliant adaptive robot grasper,PRESIDENT AND FELLOWS OF HARVARD COLLEGE,PRESIDENT AND FELLOWS OF HARVARD COLLEGE,PRESIDENT AND FELLOWS OF HARVARD COLLEGE,US,2016-03-04,5175216,B25J-0015/022,0.8,positive,GRAY,True,
15/656332,10363661,"Control device, robot, and robot system",Seiko Epson Corporation,SEIKO EPSON,SEIKO EPSON,JP,2017-07-21,5182197,B25J-0009/1687,0.8,positive,GRAY,False,제외:산업용 주변기술(일반제어·진동·경로·측정·교시UI·공정)
15/693970,10688658,"Method of controlling holding apparatus, holding apparatus, and robot apparatus",CANON KABUSHIKI KAISHA,CANON,CANON,JP,2017-09-01,5212627,B25J-0009/1633,0.8,positive,GRAY,True,
15/372102,10065313,Robot manipulator system,Harris Corporation,HARRIS,HARRIS,US,2016-12-07,5220024,B25J-0009/1664,0.8,positive,GRAY,True,
17/087544,11772283,Clutched joint modules having a quasi-passive elastic actuator for a robotic assembly,Sarcos Corp.,SARCOS,SARCOS,US,2020-11-02,5216174,B25J-0019/0041,0.8,positive,T1_auto,True,
15/762063,10857672,Real-time device control system having hierarchical architecture and realtime robot control system using same,RAINBOW ROBOTICS,RAINBOW ROBOTICS,RAINBOW ROBOTICS,KR,2016-07-22,5234163,B25J-0009/1656,0.8,positive,GRAY,True,
15/830057,10786898,Method for the automatic configuration of an external control system for the open-loop and/or closed-loop control of a robot system,Bayerische Motoren Werke Aktiengesellschaft,BAYERISCHE MOTOREN WERKE,BAYERISCHE MOTOREN WERKE,DE,2017-12-04,5235488,B25J-0009/1602,0.8,positive,GRAY,True,
15/769926,10737388,HRC system and method for controlling an HRC system,KUKA SYSTEMS GMBH,KUKA SYSTEMS,KUKA,DE,2016-10-20,5241737,B25J-0009/1674,0.8,positive,GRAY,True,
15/775036,11292128,Method for programming a force to be applied by a robot,COMMISSARIAT A L'ENERGIE ATOMIQUE ET AUX ENERGIES ALTERNATIVES,COMMISSARIAT A L'ENERGIE ATOMIQUE ET AUX ENERGIES ALTERNATIVES,COMMISSARIAT A L'ENERGIE ATOMIQUE ET AUX ENERGIES ALTERNATIVES,FR,2016-11-16,5251778,B25J-0009/1664,0.8,positive,GRAY,True,
15/779516,11192251,Method and device for controlling a robot during co-activity,INSTITUT DE RECHERCHE TECHNOLOGIQUE JULES VERNE | CENTRE NATIONAL DE LA RECHERCHE SCIENTIFIQUE | UNIVERSITE DE NANTES,INSTITUT DE RECHERCHE TECHNOLOGIQUE JULES VERNE,INSTITUT DE RECHERCHE TECHNOLOGIQUE JULES VERNE,FR,2016-11-28,5251944,B25J-0009/1676,0.8,positive,GRAY,True,
15/982596,10894322,Robot motion planning,KUKA HUNGÁRIA KORLÁTOLT FELELÕSSÉGÛ TÁRSASÁG,KUKA HUNGÁRIA KORLÁTOLT FELELÕSSÉGÛ TÁRSASÁG,KUKA,HU,2018-05-17,5266961,B25J-0009/1664,0.8,positive,GRAY,True,
15/146692,10016901,Sprung worm gripper for a robotic device,X DEVELOPMENT LLC,X DEVELOPMENT,ALPHABET,US,2016-05-04,5294519,B25J-0015/0213,0.8,positive,GRAY,True,
16/137647,11130227,"Robot control device, robot, and robot system",Seiko Epson Corporation,SEIKO EPSON,SEIKO EPSON,미상,2018-09-21,5305698,B25J-0009/06,0.8,positive,GRAY,False,제외:산업용 주변기술(일반제어·진동·경로·측정·교시UI·공정)
16/135040,11577386,"Gripping method, gripping system, and program",OMRON CORPORATION,OMRON,OMRON,JP,2018-09-19,5322405,B25J-0009/1612,0.8,positive,GRAY,True,
16/162509,11034029,Joint structure for robot,TOYOTA JIDOSHA KABUSHIKI KAISHA,TOYOTA JIDOSHA,TOYOTA,JP,2018-10-17,5322446,B25J-0015/022,0.8,positive,GRAY,True,
16/184438,10562195,"Gripper, in particular pneumatically operated gripper in the form of a vacuum gripper or gripping tongs",FIPA HOLDING GMBH,FIPA,FIPA,DE,2018-11-08,5321173,B25J-0015/0683,0.8,positive,GRAY,True,
16/039293,10875193,"Robot hand apparatus, robot hand system, and holding method","PANASONIC INTELLECTUAL PROPERTY MANAGEMENT CO., LTD.",PANASONIC INTELLECTUAL PROPERTY MANAGEMENT,PANASONIC,JP,2018-07-18,5288725,B25J-0015/065,0.8,positive,GRAY,True,
16/367518,11433531,Robot system and method for controlling robot,KABUSHIKI KAISHA YASKAWA DENKI,YASKAWA DENKI,YASKAWA,JP,2019-03-28,5362684,B25J-0009/1005,0.8,positive,GRAY,True,
16/463897,11511446,Joint structure for robot,KAWASAKI JUKOGYO KABUSHIKI KAISHA,KAWASAKI JUKOGYO,KAWASAKI HEAVY INDUSTRIES,JP,2017-11-24,5361578,B25J-0017/00,0.8,positive,GRAY,True,
16/134969,10807238,Robot system and method for controlling robot,KABUSHIKI KAISHA YASKAWA DENKI,YASKAWA DENKI,YASKAWA,JP,2018-09-19,5305432,B25J-0009/1664,0.8,positive,GRAY,False,제외:산업용 주변기술(일반제어·진동·경로·측정·교시UI·공정)
16/412653,11780089,Robot control method and apparatus,SIEMENS AKTIENGESELLSCHAFT,SIEMENS,SIEMENS,DE,2019-05-15,5377045,B25J-0009/1666,0.8,positive,GRAY,True,
16/322091,11103996,Robot joint space point-to-point movement trajectory planning method,"NANJING ESTUN ROBOTICS CO., LTD",NANJING ESTUN ROBOTICS,NANJING ESTUN ROBOTICS,CN,2017-12-14,5375241,B25J-0009/1664,0.8,positive,GRAY,True,
16/452529,11446820,Robot path generating device and robot system,KABUSHIKI KAISHA YASKA WA DENKI,YASKA WA DENKI,YASKA WA DENKI,JP,2019-06-26,5383561,B25J-0009/1664,0.8,positive,GRAY,True,
16/382266,11318617,Manipulator and moving robot,TOYOTA JIDOSHA KABUSHIKI KAISHA,TOYOTA JIDOSHA,TOYOTA,JP,2019-04-12,5389598,B25J-0009/1674,0.8,positive,GRAY,True,
15/967210,10668629,Structure for a robotic end effector,"SOFT ROBOTICS, INC.",SOFT ROBOTICS,SOFT ROBOTICS/OXIPITAL,US,2018-04-30,5410718,B25J-0015/0033,0.8,positive,GRAY,True,
16/542682,11524414,"Sensor unit, sensor system, robot hand, robot arm, server device, calculation method, and program",TOYOTA JIDOSHA KABUSHIKI KAISHA,TOYOTA JIDOSHA,TOYOTA,JP,2019-08-16,5409420,B25J-0013/082,0.8,positive,GRAY,True,
16/517741,11230009,Robot control method and robot,"PANASONIC INTELLECTUAL PROPERTY MANAGEMENT CO., LTD.",PANASONIC INTELLECTUAL PROPERTY MANAGEMENT,PANASONIC,JP,2019-07-22,5385467,B25J-0009/1676,0.8,positive,GRAY,True,
16/613867,12103183,Robot controller,KUKA DEUTSCHLAND GMBH,KUKA DEUTSCHLAND,KUKA,DE,2018-05-07,5414532,B25J-0009/1633,0.8,positive,GRAY,True,
16/684625,11548168,"Control device, robot control method, and robot control system",TELEXISTENCE INC.,TELEXISTENCE,TELEXISTENCE,JP,2019-11-15,5415065,B25J-0013/08,0.8,positive,GRAY,True,
16/614987,11701770,Robot system and method of controlling robot system,KAWASAKI JUKOGYO KABUSHIKI KAISHA,KAWASAKI JUKOGYO,KAWASAKI HEAVY INDUSTRIES,JP,2018-05-17,5415297,B25J-0003/04,0.8,positive,GRAY,True,
16/666556,11173614,Control apparatus and robot system,Seiko Epson Corporation,SEIKO EPSON,SEIKO EPSON,미상,2019-10-29,5429548,B25J-0009/1666,0.8,positive,GRAY,True,
16/643680,11534918,Device and method for controlling cooperative robot,"HANWHA CO., LTD.",HANWHA,HANWHA,KR,2017-11-06,5451822,B25J-0009/1674,0.8,positive,GRAY,True,
16/643690,11331816,Articulated robot,KAWASAKI JUKOGYO KABUSHIKI KAISHA,KAWASAKI JUKOGYO,KAWASAKI HEAVY INDUSTRIES,JP,2018-08-24,5449158,B25J-0017/0258,0.8,positive,GRAY,True,
16/756856,11254016,"Joint mechanism, method for controlling the same, multi-arm device, and robot",GUANGDONG O-MATIC INTELLIGENT ROBOT LIMITED,GUANGDONG O-MATIC INTELLIGENT ROBOT,GUANGDONG O-MATIC INTELLIGENT ROBOT,CN,2018-08-30,5460995,B25J-0017/00,0.8,positive,GRAY,True,
16/802849,11518037,Robot system and control method,SEIKO EPSON CORPORATION,SEIKO EPSON,SEIKO EPSON,미상,2020-02-27,5465877,B25J-0009/1687,0.8,positive,GRAY,True,
16/726302,11613013,Robot control device,"PANASONIC INTELLECTUAL PROPERTY MANAGEMENT CO., LTD.",PANASONIC INTELLECTUAL PROPERTY MANAGEMENT,PANASONIC,JP,2019-12-24,5433003,B25J-0009/1635,0.8,positive,GRAY,True,
16/767766,11826911,Method and system for controlling a robot,KUKA DEUTSCHLAND GMBH,KUKA DEUTSCHLAND,KUKA,DE,2018-11-20,5475334,B25J-0009/1643,0.8,positive,GRAY,True,
16/844859,11518050,Robot,"CLOUDMINDS ROBOTICS CO., LTD.",CLOUDMINDS ROBOTICS,CLOUDMINDS ROBOTICS,CN,2020-04-09,5479412,B25J-0019/007,0.8,positive,GRAY,True,
16/766391,11541531,Method for controlling a manipulation robot and device implementing such a method,COMMISSARIAT A L'ENERGIE ATOMIQUE ET AUX ENERGIES ALTERNATIVES,COMMISSARIAT A L'ENERGIE ATOMIQUE ET AUX ENERGIES ALTERNATIVES,COMMISSARIAT A L'ENERGIE ATOMIQUE ET AUX ENERGIES ALTERNATIVES,FR,2018-11-13,5475244,B25J-0009/0081,0.8,positive,GRAY,True,
17/610168,12076865,"Method, computer program product and robot control system for the contact-based localization of objects that can be moved when manipulated by robot, and robot",SIEMENS AKTIENGESELLSCHAFT,SIEMENS,SIEMENS,DE,2020-05-11,5489317,B25J-0009/1633,0.8,positive,GRAY,True,
16/962210,11833696,Vision-based sensor system and control method for robot arms,TECHNISCHE UNIVERSITÄT MÜNCHEN,TECHNISCHE UNIVERSITÄT MÜNCHEN,TECHNISCHE UNIVERSITÄT MÜNCHEN,DE,2019-01-14,5491274,B25J-0009/1697,0.8,positive,GRAY,True,
16/941988,11926065,Vision-based operation for robot,ABB SCHWEIZ AG,ABB SCHWEIZ,ABB,CH,2020-07-29,5494534,B25J-0009/1697,0.8,positive,GRAY,True,
16/805226,11498220,Control system and control method,OMRON Corporation,OMRON,OMRON,JP,2020-02-28,5500003,B25J-0009/1692,0.8,positive,GRAY,True,
16/946358,11400588,Robot control apparatus and robot control system,DAIHEN CORPORATION,DAIHEN,DAIHEN,JP,2020-06-18,5500213,B25J-0009/161,0.8,positive,GRAY,True,
16/977472,11673266,Robot control device for issuing motion command to robot on the basis of motion sequence of basic motions,OMRON CORPORATION,OMRON,OMRON,JP,2019-02-20,5508385,B25J-0009/1664,0.8,positive,GRAY,True,
16/969184,11945120,"Robot control device, abnormality diagnosis method, and non-transitory computer readable medium",OMRON CORPORATION,OMRON,OMRON,JP,2019-02-19,5506171,B25J-0009/1674,0.8,positive,GRAY,False,제외:산업용 주변기술(일반제어·진동·경로·측정·교시UI·공정)
16/980877,11819998,Article transfer device,"ISHIDA CO., LTD.",ISHIDA,ISHIDA,JP,2019-02-21,5510198,B25J-0009/1612,0.8,positive,GRAY,True,
17/048813,12005577,Robot assembly,KUKA DEUTSCHLAND GMBH,KUKA DEUTSCHLAND,KUKA,DE,2019-04-16,5518426,B25J-0009/161,0.8,positive,GRAY,False,제외:산업용 주변기술(일반제어·진동·경로·측정·교시UI·공정)
17/253973,11813755,"Robot control device, robot control method, and robot control program","KABUSHIKI KAISHA KOBE SEIKO SHO (KOBE STEEL, LTD.)",KOBE SEIKO SHO (KOBE STEEL ),KOBE SEIKO SHO (KOBE STEEL ),JP,2019-07-30,5536072,B25J-0009/1674,0.8,positive,GRAY,True,
17/136344,11717961,Robot control method and robot control device,"PANASONIC INTELLECTUAL PROPERTY MANAGEMENT CO., LTD.",PANASONIC INTELLECTUAL PROPERTY MANAGEMENT,PANASONIC,JP,2020-12-29,5542959,B25J-0009/1641,0.8,positive,GRAY,True,
17/267248,11794356,Electric gripping device,KOREA ATOMIC ENERGY RESEARCH INSTITUTE,KOREA ATOMIC ENERGY RESEARCH INSTITUTE,KOREA ATOMIC ENERGY RESEARCH INSTITUTE,KR,2019-07-24,5556475,B25J-0015/022,0.8,positive,GRAY,True,
17/272487,12134190,"Grasping position and orientation registration device, grasping position and orientation registration method, and program",OMRON CORPORATION,OMRON,OMRON,JP,2019-03-15,5551874,B25J-0009/1612,0.8,positive,GRAY,True,
17/170911,11717962,Method for controlling movement of a robot,ABB Schweiz AG,ABB SCHWEIZ,ABB,CH,2021-02-09,5552556,B25J-0009/1651,0.8,positive,GRAY,True,
17/286239,11938621,"Robot dual-joint unit, and legged robot and cooperative manipulator using the same","HANGZHOU YUSHU TECHNOLOGY CO.,LTD.",HANGZHOU YUSHU TECHNOLOGY COLTD,HANGZHOU YUSHU TECHNOLOGY COLTD,CN,2019-09-17,5575699,B25J-0017/025,0.8,positive,GRAY,True,
17/293177,12059807,Sensor-free force/torque sensing in an articulated electromechanical actuator-driven robot,MAGNA INTERNATIONAL INC.,MAGNA INTERNATIONAL,MAGNA INTERNATIONAL,CA,2018-11-12,5583718,B25J-0009/1653,0.8,positive,GRAY,True,
17/432965,11878414,Joint structure of robot,KAWASAKI JUKOGYO KABUSHIKI KAISHA,KAWASAKI JUKOGYO,KAWASAKI HEAVY INDUSTRIES,JP,2020-03-10,5623458,B25J-0009/106,0.8,positive,GRAY,True,
16/385592,11312581,Object grasp system and method,ABB SCHWEIZ AG,ABB SCHWEIZ,ABB,CH,2019-04-16,5634839,B25J-0009/1612,0.8,positive,GRAY,True,
16/832690,11642796,Tactile perception apparatus for robotic systems,"RIOS INTELLIGENT MACHINES, INC.",RIOS INTELLIGENT MACHINES,RIOS INTELLIGENT MACHINES,US,2020-03-27,5631159,B25J-0015/08,0.8,positive,GRAY,True,
17/633284,12070864,"Robot control system, robot control method, and recording medium",NEC CORPORATION,NEC,NEC,JP,2019-08-22,5675449,B25J-0009/1661,0.8,positive,GRAY,True,
17/574577,12138796,Torque control of a motor,KABUSHIKI KAISHA YASKAWA DENKI,YASKAWA DENKI,YASKAWA,JP,2022-01-13,5662752,B25J-0009/1633,0.8,positive,GRAY,True,
17/214810,11975451,Simulation-in-the-loop tuning of robot parameters for system modeling and control,"Mitsubishi Electric Research Laboratories, Inc.",MITSUBISHI ELECTRIC RESEARCH LABORATORIES,MITSUBISHI ELECTRIC,US,2021-03-27,5769390,B25J-0009/163,0.8,positive,GRAY,True,
17/772074,11642789,Automatic calibration method and device for robot vision system,NEUROMEKA,NEUROMEKA,NEUROMEKA,KR,2020-10-30,5699153,B25J-0009/1692,0.8,positive,GRAY,True,
16/591014,11389968,Systems and methods for determining pose of objects held by flexible end effectors,"TOYOTA RESEARCH INSTITUTE, INC.",TOYOTA RESEARCH INSTITUTE,TOYOTA,US,2019-10-02,5689886,B25J-0009/1612,0.8,positive,GRAY,True,
17/615449,12109683,"Tactile sensor, robot hand, and robot",OMRON CORPORATION,OMRON,OMRON,JP,2019-06-06,5650168,B25J-0013/082,0.8,positive,GRAY,True,
15/944146,10814476,Robot system,Seiko Epson Corporation,SEIKO EPSON,SEIKO EPSON,JP,2018-04-03,16146150,B25J-0009/0093,0.8,positive,GRAY,True,
14/990913,10131054,"Object gripping system, object gripping method, storage medium and robot system",Canon Kabushiki Kaisha,CANON,CANON,JP,2016-01-08,16125220,B25J-0009/1679,0.8,positive,GRAY,True,
14/594723,9211642,"Robot apparatus, assembling method, and recording medium",Seiko Epson Corporation,SEIKO EPSON,SEIKO EPSON,JP,2015-01-12,16416026,B25J-0009/1633,0.8,positive,GRAY,True,
15/873848,10661443,"Robot apparatus, robot controlling method, program and recording medium",CANON KABUSHIKI KAISHA,CANON,CANON,JP,2018-01-17,16798327,B25J-0013/088,0.8,positive,GRAY,False,제외:산업용 주변기술(일반제어·진동·경로·측정·교시UI·공정)
14/638465,9687985,"Robot hand having workpiece positioning function, robot system, and method of positioning and gripping workpiece",Fanuc Corporation,FANUC,FANUC,JP,2015-03-04,16829844,B25J-0015/0616,0.8,positive,GRAY,True,
14/618326,9517563,Robot system using visual feedback,FANUC CORPORATION,FANUC,FANUC,JP,2015-02-10,16813467,B25J-0009/1697,0.8,positive,GRAY,True,
15/352389,10232509,Robot apparatus,Canona Kabushiki Kaisha | CANON KABUSHIKI KAISHA,CANONA,CANON,JP,2016-11-15,16773702,B25J-0009/163,0.8,positive,GRAY,True,
14/684806,9662790,Robot controller and robot system for moving robot in response to force,FANUC CORPORATION,FANUC,FANUC,JP,2015-04-13,16856778,B25J-0009/161,0.8,positive,GRAY,True,
14/693939,9676099,Control device for performing flexible control of robot,FANUC CORPORATION,FANUC,FANUC,JP,2015-04-23,16861445,B25J-0009/1633,0.8,positive,GRAY,True,
14/725421,9586321,"Robot, control method of robot, and control device of robot",Seiko Epson Corporation,SEIKO EPSON,SEIKO EPSON,JP,2015-05-29,16875637,B25J-0009/1697,0.8,positive,GRAY,True,
14/742090,9821459,Multi-joint robot having function for repositioning arm,FANUC CORPORATION,FANUC,FANUC,JP,2015-06-17,16887492,B25J-0009/1633,0.8,positive,GRAY,True,
14/800804,10105846,Robot control system having stop function,FANUC CORPORATION,FANUC,FANUC,JP,2015-07-16,16899542,B25J-0009/1674,0.8,positive,GRAY,True,
14/827924,9902059,"Robot teaching apparatus, method, and robot system",Canon Kabushiki Kaisha,CANON,CANON,JP,2015-08-17,16917795,B25J-0009/0081,0.8,positive,GRAY,True,
15/002831,10201901,"Robot apparatus, method for controlling robot, program, and recording medium",CANON KABUSHIKI KAISHA,CANON,CANON,JP,2016-01-21,16997516,B25J-0009/1694,0.8,positive,GRAY,True,
15/070364,9914215,Robot control apparatus and robot system,Seiko Epson Corporation,SEIKO EPSON,SEIKO EPSON,JP,2016-03-15,17027264,B25J-0009/1633,0.8,positive,GRAY,True,
15/042385,9987756,"Hand device, robot arm, and robot","HONDA MOTOR CO., LTD.",HONDA MOTOR,HONDA,JP,2016-02-12,17002205,B25J-0019/0091,0.8,positive,GRAY,True,
15/072663,10022864,"Robot control apparatus, robot system, and robot control method",Seiko Epson Corporation,SEIKO EPSON,SEIKO EPSON,JP,2016-03-17,17032916,B25J-0009/1633,0.8,positive,GRAY,True,
15/208607,10052762,Method of controlling robot with hand gripping two workpieces and robot control apparatus,FANUC CORPORATION,FANUC,FANUC,JP,2016-07-13,17081162,B25J-0009/1651,0.8,positive,GRAY,True,
15/223605,9969083,Control apparatus of motor,TOYOTA JIDOSHA KABUSHIKI KAISHA,TOYOTA JIDOSHA,TOYOTA,JP,2016-07-29,17090765,B25J-0009/1633,0.8,positive,GRAY,True,
15/241231,9855656,Robot control device for controlling motor-driven robot,FANUC CORPORATION,FANUC,FANUC,JP,2016-08-19,17096315,B25J-0009/1628,0.8,positive,GRAY,False,제외:산업용 주변기술(일반제어·진동·경로·측정·교시UI·공정)
15/073564,10173330,Robot arm,KABUSHIKI KAISHA YASKAWA DENKI,YASKAWA DENKI,YASKAWA,JP,2016-03-17,17086182,B25J-0019/0062,0.8,positive,GRAY,False,제외:산업용 주변기술(일반제어·진동·경로·측정·교시UI·공정)
15/256979,10195744,"Control device, robot, and robot system",SEIKO EPSON CORPORATION,SEIKO EPSON,SEIKO EPSON,JP,2016-09-06,17103871,B25J-0013/085,0.8,positive,GRAY,True,
15/265534,10471593,"Rotation driving apparatus, robot apparatus, control program, and article manufacturing method",CANON KABUSHIKI KAISHA,CANON,CANON,JP,2016-09-14,17111040,B25J-0009/1651,0.8,positive,GRAY,True,
15/284820,10406692,"Robot system, robot, and robot control apparatus",SEIKO EPSON CORPORATION,SEIKO EPSON,SEIKO EPSON,JP,2016-10-04,17119062,B25J-0009/1694,0.8,positive,GRAY,True,
15/768821,11014233,"Teaching point correcting method, program, recording medium, robot apparatus, imaging point creating method, and imaging point creating apparatus",CANON KABUSHIKI KAISHA,CANON,CANON,JP,2016-09-23,17124155,B25J-0009/163,0.8,positive,GRAY,True,
15/298983,10695905,Robot control apparatus and robot control method,CANON KABUSHIKI KAISHA,CANON,CANON,JP,2016-10-20,17131861,B25J-0009/1612,0.8,positive,GRAY,True,
15/458994,10377038,Robot controller and robot control method,KABUSHIKI KAISHA YASKAWA DENKI | KABUSHIKI KAISHA YASAKAWA DENKI,YASKAWA DENKI,YASKAWA,JP,2017-03-15,17193952,B25J-0009/1651,0.8,positive,GRAY,True,
15/458319,10377043,"Robot control apparatus, robot, and robot system",Seiko Epson Corporation,SEIKO EPSON,SEIKO EPSON,JP,2017-03-14,17193965,B25J-0013/085,0.8,positive,GRAY,True,
15/463056,10406683,Robot and control method thereof,"HONDA MOTOR CO., LTD.",HONDA MOTOR,HONDA,JP,2017-03-20,17204295,B25J-0009/1612,0.8,positive,GRAY,True,
15/473197,10800033,"Robot control apparatus, robot control method, robot system, and storage medium",CANON KABUSHIKI KAISHA,CANON,CANON,JP,2017-03-29,17204317,B25J-0009/1612,0.8,positive,GRAY,True,
15/458280,10350768,"Control device, robot, and robot system",Seiko Epson Corporation,SEIKO EPSON,SEIKO EPSON,JP,2017-03-14,17193964,B25J-0013/085,0.8,positive,GRAY,True,
16/092225,10994412,Robot control device and robot provided with the same,KAWASAKI JUKOGYO KABUSHIKI KAISHA,KAWASAKI JUKOGYO,KAWASAKI HEAVY INDUSTRIES,JP,2017-04-06,17211419,B25J-0009/06,0.8,positive,GRAY,True,
15/602511,10434665,Robot including tool having shock-absorbing member,FANUC CORPORATION,FANUC,FANUC,JP,2017-05-23,17230273,B25J-0019/0091,0.8,positive,GRAY,True,
15/479369,10857668,"Robot, control device, and robot system",Seiko Epson Corporation,SEIKO EPSON,SEIKO EPSON,미상,2017-04-05,17211418,B25J-0009/047,0.8,positive,GRAY,True,
15/633230,10850405,Robot hand,DENSO WAVE INCORPORATED,DENSO WAVE,DENSO,JP,2017-06-26,17247149,B25J-0015/08,0.8,positive,GRAY,True,
15/653953,10220513,"Robot control apparatus, robot and robot system",Seiko Epson Corporation,SEIKO EPSON,SEIKO EPSON,JP,2017-07-19,17256120,B25J-0009/1633,0.8,positive,GRAY,True,
15/711668,10589420,Hand device,Fanuc Corporation,FANUC,FANUC,JP,2017-09-21,17287499,B25J-0009/06,0.8,positive,GRAY,True,
15/704160,10537988,"Controller, robot and robot system",Seiko Epson Corporation,SEIKO EPSON,SEIKO EPSON,JP,2017-09-14,17280802,B25J-0009/0081,0.8,positive,GRAY,True,
15/788054,10953547,"Control apparatus, robot, and robot system",Seiko Epson Corporation,SEIKO EPSON,SEIKO EPSON,미상,2017-10-19,17301660,B25J-0009/1682,0.8,positive,GRAY,True,
15/662724,10350754,Control device for robot,DENSO WAVE INCORPORATED,DENSO WAVE,DENSO,JP,2017-07-28,17287456,B25J-0009/1633,0.8,positive,GRAY,False,제외:산업용 주변기술(일반제어·진동·경로·측정·교시UI·공정)
15/655612,9969085,Robot control device and method of controlling same,FANUC CORPORATION,FANUC,FANUC,JP,2017-07-20,17259113,B25J-0009/1651,0.8,positive,GRAY,True,
16/463973,11338453,Joint structure for robot,KAWASAKI JUKOGYO KABUSHIKI KAISHA,KAWASAKI JUKOGYO,KAWASAKI HEAVY INDUSTRIES,JP,2017-11-24,17312889,B25J-0017/0266,0.8,positive,GRAY,True,
15/792832,10350749,Robot control device having learning control function,FANUC CORPORATION,FANUC,FANUC,JP,2017-10-25,17301721,B25J-0009/0081,0.8,positive,GRAY,True,
16/464025,11014251,Joint structure for robot,KAWASAKI JUKOGYO KABUSHIKI KAISHA,KAWASAKI JUKOGYO,KAWASAKI HEAVY INDUSTRIES,JP,2017-11-24,17312888,B25J-0017/00,0.8,positive,GRAY,True,
15/795266,11103993,"Robot system, robot system control method, and action command generation device",KABUSHIKI KAISHA YASKAWA DENKI,YASKAWA DENKI,YASKAWA,JP,2017-10-27,17301682,B25J-0009/1612,0.8,positive,GRAY,True,
15/867339,10953540,Robot control device,FANUC CORPORATION,FANUC,FANUC,JP,2018-01-10,17337380,B25J-0009/1653,0.8,positive,GRAY,True,
15/807296,10040203,Robot hand,FANUC CORPORATION,FANUC,FANUC,JP,2017-11-08,17328781,B25J-0015/0095,0.8,positive,GRAY,True,
15/860226,10300600,Control system having learning control function and control method,FANUC CORPORATION,FANUC,FANUC,JP,2018-01-02,17340345,B25J-0009/163,0.8,positive,GRAY,True,
15/858374,10946525,Robot control system and robot control method,"HITACHI, LTD.",HITACHI,HITACHI,JP,2017-12-29,17340344,B25J-0009/1682,0.8,positive,GRAY,True,
16/485739,11267122,"Robot control device, robot system, and method of controlling robot",KAWASAKI JUKOGYO KABUSHIKI KAISHA,KAWASAKI JUKOGYO,KAWASAKI HEAVY INDUSTRIES,JP,2018-02-09,17350365,B25J-0009/1674,0.8,positive,GRAY,False,제외:산업용 주변기술(일반제어·진동·경로·측정·교시UI·공정)
15/892990,10618164,Robot system having learning control function and learning control method,FANUC CORPORATION,FANUC,FANUC,JP,2018-02-09,17350382,B25J-0009/163,0.8,positive,GRAY,True,
15/901811,11000949,"Robot for controlling learning in view of operation in production line, and method of controlling the same",FANUC CORPORATION,FANUC,FANUC,JP,2018-02-21,17365259,B25J-0009/1641,0.8,positive,GRAY,True,
15/913981,10695909,Robot system and robot control method,FANUC CORPORATION,FANUC,FANUC,JP,2018-03-07,17365278,B25J-0009/1676,0.8,positive,GRAY,False,제외:산업용 주변기술(일반제어·진동·경로·측정·교시UI·공정)
15/941608,10836037,Control device and robot system,Seiko Epson Corporation,SEIKO EPSON,SEIKO EPSON,JP,2018-03-30,17382822,B25J-0009/1628,0.8,positive,GRAY,False,제외:산업용 주변기술(일반제어·진동·경로·측정·교시UI·공정)
15/935456,10730182,"Action information learning device, robot control system and action information learning method",FANUC CORPORATION,FANUC,FANUC,JP,2018-03-26,17382821,B25J-0009/163,0.8,positive,GRAY,True,
15/872085,10773391,Control device and robot system,Seiko Epson Corporation,SEIKO EPSON,SEIKO EPSON,JP,2018-01-16,17396085,B25J-0013/085,0.8,positive,GRAY,True,
15/987608,11192255,"Robot hand, control method of robot hand, and robot apparatus",Canon Kabushiki Kaisha,CANON,CANON,JP,2018-05-23,17407804,B25J-0009/1694,0.8,positive,GRAY,True,
16/498926,11123879,Finger mechanism and humanoid hand incorporating same finger mechanism,"PREFERRED NETWORKS, INC.",PREFERRED NETWORKS,PREFERRED NETWORKS,JP,2018-03-20,17379268,B25J-0015/0009,0.8,positive,T1_auto,True,
15/981026,10773399,Control device and robot system,Seiko Epson Corporation,SEIKO EPSON,SEIKO EPSON,JP,2018-05-16,17405232,B25J-0019/028,0.8,positive,GRAY,True,
15/995702,10576628,Controller and machine learning device,Fanuc Corporation,FANUC,FANUC,JP,2018-06-01,17410897,B25J-0009/163,0.8,positive,GRAY,True,
16/609295,11440185,"Multi-operation unit integration device, control method therefor, and autonomous learning type robot device","HITACHI, LTD.",HITACHI,HITACHI,JP,2018-03-02,17420950,B25J-0009/163,0.8,positive,GRAY,True,
16/017111,11027424,"Robot hand, robot apparatus, and method of controlling robot hand",Canon Kabushiki Kaisha,CANON,CANON,JP,2018-06-25,17420971,B25J-0009/1612,0.8,positive,GRAY,True,
16/008143,10730183,"Learning device, controller, and control system",FANUC CORPORATION,FANUC,FANUC,JP,2018-06-14,17412982,B25J-0009/163,0.8,positive,GRAY,True,
16/018078,10646995,"Robot that carries out learning control in applications requiring constant speeds, and control method thereof",FANUC CORPORATION,FANUC,FANUC,JP,2018-06-26,17423485,B25J-0009/163,0.8,positive,GRAY,True,
16/036542,11833687,"Robot apparatus, control method for the robot apparatus, assembly method using the robot apparatus, and recording medium",Canon Kabushiki Kaisha,CANON,CANON,JP,2018-07-16,17427020,B25J-0009/1635,0.8,positive,GRAY,True,
16/059256,11117266,"Control device, robot, and robot system",Seiko Epson Corporation,SEIKO EPSON,SEIKO EPSON,미상,2018-08-09,17439858,B25J-0013/02,0.8,positive,GRAY,True,
16/054180,10507581,Robot system,FANUC CORPORATION,FANUC,FANUC,JP,2018-08-03,17442723,B25J-0009/163,0.8,positive,GRAY,True,
16/039289,10946534,"Robot hand apparatus, robot hand system, and holding method","Panasonic Intellectual Property Management Co., Ltd.",PANASONIC INTELLECTUAL PROPERTY MANAGEMENT,PANASONIC,JP,2018-07-18,17432790,B25J-0015/065,0.8,positive,GRAY,True,
16/181823,11413759,"Robot apparatus, control method for controlling the same, non-transitory computer-readable recording medium, manufacturing system, and method for manufacturing an article",Canon Kabushiki Kaisha,CANON,CANON,JP,2018-11-06,17490480,B25J-0009/1694,0.8,positive,GRAY,False,제외:산업용 주변기술(일반제어·진동·경로·측정·교시UI·공정)
16/217512,11192263,Robot hand and control method for the robot hand,Canon Kabushiki Kaisha,CANON,CANON,JP,2018-12-12,17495342,B25J-0015/103,0.8,positive,GRAY,True,
16/257164,11167417,Robot control device and robot system,Seiko Epson Corporation,SEIKO EPSON,SEIKO EPSON,미상,2019-01-25,17513576,B25J-0009/1661,0.8,positive,GRAY,True,
16/262456,11110615,"Robot hand, robot, and method for adjusting hand width of robot hand",FANUC CORPORATION,FANUC,FANUC,JP,2019-01-30,17529994,B25J-0015/0061,0.8,positive,GRAY,True,
16/247706,11298822,"Robot, method of controlling robot, and robot control device",Canon Kabushiki Kaisha,CANON,CANON,JP,2019-01-15,17510427,B25J-0009/1633,0.8,positive,GRAY,True,
16/288422,11090817,"Robot hand, robot and robot system capable of gripping workpiece, and method of rotating and inserting workpiece into hole",Fanuc Corporation,FANUC,FANUC,JP,2019-02-28,17532873,B25J-0015/103,0.8,positive,GRAY,True,
16/352984,11185981,"Robot control apparatus, robot control method, and program",NIDEC CORPORATION,NIDEC,NIDEC,JP,2019-03-14,17545844,B25J-0009/1651,0.8,positive,GRAY,True,
16/372700,10814481,Robot system for performing learning control by using motor encoder and sensor,Fanuc Corporation,FANUC,FANUC,JP,2019-04-02,17558242,B25J-0009/163,0.8,positive,GRAY,True,
16/361207,11253999,"Machine learning device, robot control device and robot vision system using machine learning device, and machine learning method",FANUC CORPORATION,FANUC,FANUC,JP,2019-03-22,17549900,B25J-0009/163,0.8,positive,GRAY,True,
16/293965,11130236,"Robot movement teaching apparatus, robot system, and robot controller",FANUC CORPORATION,FANUC,FANUC,JP,2019-03-06,17564063,B25J-0009/1697,0.8,positive,GRAY,True,
16/354381,11235461,Controller and machine learning device,Fanuc Corporation,FANUC,FANUC,JP,2019-03-15,17545848,B25J-0009/163,0.8,positive,GRAY,True,
16/391953,11338452,Robot hand including a plurality of grippers and a method of handling a wire harness using a robot hand,FANUC CORPORATION,FANUC,FANUC,JP,2019-04-23,17564155,B25J-0015/0057,0.8,positive,GRAY,True,
16/394178,11389954,Robot control device,SEIKO EPSON CORPORATION,SEIKO EPSON,SEIKO EPSON,JP,2019-04-25,17564120,B25J-0009/161,0.8,positive,GRAY,True,
16/394384,11161249,Robot control apparatus and robot system,Seiko Epson Corporation,SEIKO EPSON,SEIKO EPSON,미상,2019-04-25,17564130,B25J-0009/1694,0.8,positive,GRAY,True,
16/419185,10960553,Robot control device and robot system,Seiko Epson Corporation,SEIKO EPSON,SEIKO EPSON,미상,2019-05-22,17574816,B25J-0013/085,0.8,positive,GRAY,True,
16/395446,11014227,"Drive device including plurality of motors configured to drive one operation shaft, and robot including drive device",FANUC CORPORATION,FANUC,FANUC,JP,2019-04-26,17569636,B25J-0009/04,0.8,positive,GRAY,True,
17/093651,11613004,"Deflection amount estimating device, robot control device and method of estimating amount of deflection",KAWASAKI JUKOGYO KABUSHIKI KAISHA,KAWASAKI JUKOGYO,KAWASAKI HEAVY INDUSTRIES,JP,2020-11-10,17569648,B25J-0009/1065,0.8,positive,GRAY,False,제외:산업용 주변기술(일반제어·진동·경로·측정·교시UI·공정)
16/445212,11230003,Robot system configured to perform learning control,FANUC CORPORATION,FANUC,FANUC,JP,2019-06-19,17590340,B25J-0009/163,0.8,positive,GRAY,True,
16/520186,12090664,Interference avoidance device and robot system,FANUC CORPORATION,FANUC,FANUC,JP,2019-07-23,17612609,B25J-0009/1666,0.8,positive,GRAY,True,
17/549424,11806865,Rotary actuator and robot,NIDEC CORPORATION,NIDEC,NIDEC,JP,2021-12-13,17609571,B25J-0019/0004,0.8,positive,GRAY,True,
16/538047,11123877,Robot hand,FANUC CORPORATION,FANUC,FANUC,JP,2019-08-12,17615482,B25J-0013/02,0.8,positive,GRAY,True,
16/542499,11161254,Robot hand,FANUC CORPORATION,FANUC,FANUC,JP,2019-08-16,17621393,B25J-0015/10,0.8,positive,GRAY,True,
16/549511,10857683,Robot hand,FANUC CORPORATION,FANUC,FANUC,JP,2019-08-23,17629117,B25J-0015/0293,0.8,positive,GRAY,True,
16/588081,12005582,Controller and control system,Fanuc Corporation,FANUC,FANUC,JP,2019-09-30,17633661,B25J-0009/1633,0.8,positive,GRAY,True,
16/597170,12103179,"Method of controlling robot body, method of manufacturing product, robot apparatus, and recording medium",Canon Kabushiki Kaisha,CANON,CANON,JP,2019-10-09,17636739,B25J-0009/1612,0.8,positive,GRAY,False,제외:산업용 주변기술(일반제어·진동·경로·측정·교시UI·공정)
16/585820,11338439,Robot control method,FANUC CORPORATION,FANUC,FANUC,JP,2019-09-27,17642145,B25J-0009/1676,0.8,positive,GRAY,True,
16/576446,11478934,Method and apparatus for controlling robot,DENSO WAVE INCORPORATED,DENSO WAVE,DENSO,JP,2019-09-19,17624944,B25J-0009/1674,0.8,positive,GRAY,False,제외:산업용 주변기술(일반제어·진동·경로·측정·교시UI·공정)
16/683350,11577391,"Trajectory generation device, trajectory generation method, and robot system","HITACHI, LTD.",HITACHI,HITACHI,JP,2019-11-14,17668796,B25J-0009/1664,0.8,positive,GRAY,True,
16/546420,11312021,"Control apparatus, robot system, and control method",Seiko Epson Corporation,SEIKO EPSON,SEIKO EPSON,미상,2019-08-21,17612594,B25J-0013/085,0.8,positive,GRAY,True,
16/776872,11787046,"Control device, robot system, and display method",SEIKO EPSON CORPORATION,SEIKO EPSON,SEIKO EPSON,미상,2020-01-30,17685182,B25J-0009/1612,0.8,positive,GRAY,True,
16/693567,10960551,Sensor system and robot hand,TOYOTA JIDOSHA KABUSHIKI KAISHA,TOYOTA JIDOSHA,TOYOTA,JP,2019-11-25,17657484,B25J-0013/082,0.8,positive,GRAY,True,
16/724505,11312013,Robot system and robot control method,Seiko Epson Corporation,SEIKO EPSON,SEIKO EPSON,미상,2019-12-23,17672034,B25J-0009/161,0.8,positive,GRAY,False,제외:산업용 주변기술(일반제어·진동·경로·측정·교시UI·공정)
16/802605,11654567,Robot system and control method,SEIKO EPSON CORPORATION,SEIKO EPSON,SEIKO EPSON,미상,2020-02-27,17699017,B25J-0009/1682,0.8,positive,GRAY,True,
16/791501,11472027,Apparatus and method for controlling robot,DENSO WAVE INCORPORATED,DENSO WAVE,DENSO,JP,2020-02-14,17692776,B25J-0009/1651,0.8,positive,GRAY,True,
16/701798,11767181,Robotic system with handling mechanism and method of operation thereof,"Mujin, Inc.",MUJIN,MUJIN,JP,2019-12-03,17705949,B25J-0015/10,0.8,positive,GRAY,True,
16/825253,11691288,Robot control system,FANUC CORPORATION,FANUC,FANUC,JP,2020-03-20,17714936,B25J-0009/1674,0.8,positive,GRAY,False,제외:산업용 주변기술(일반제어·진동·경로·측정·교시UI·공정)
16/816442,11623340,"Robot system, control apparatus, and control method",SEIKO EPSON CORPORATION,SEIKO EPSON,SEIKO EPSON,미상,2020-03-12,17705915,B25J-0009/04,0.8,positive,GRAY,False,제외:산업용 주변기술(일반제어·진동·경로·측정·교시UI·공정)
16/829103,11465280,"Robot control device, robot control method, and robot system",Seiko Epson Corporation,SEIKO EPSON,SEIKO EPSON,미상,2020-03-25,17714942,B25J-0009/1628,0.8,positive,GRAY,False,제외:산업용 주변기술(일반제어·진동·경로·측정·교시UI·공정)
16/838274,11440197,Robot system and imaging method,Seiko Epson Corporation,SEIKO EPSON,SEIKO EPSON,미상,2020-04-02,17724302,B25J-0009/1697,0.8,positive,GRAY,True,
16/372922,11584016,Robot controller and system,FANUC CORPORATION,FANUC,FANUC,JP,2019-04-02,17564161,B25J-0009/1697,0.8,positive,GRAY,True,
17/624371,12128556,Robot system,"KAWASAKI JUKOGYO KABUSHIKI KAISHA | KYOTO SEISAKUSHO CO., LTD.",KAWASAKI JUKOGYO,KAWASAKI HEAVY INDUSTRIES,JP,2020-07-06,17761282,B25J-0009/0087,0.8,positive,GRAY,True,
16/934393,11654577,Robot system,FANUC CORPORATION,FANUC,FANUC,JP,2020-07-21,17783596,B25J-0013/085,0.8,positive,GRAY,True,
16/837176,11285619,Robot hand and robot,FANUC CORPORATION,FANUC,FANUC,JP,2020-04-01,17755962,B25J-0015/0033,0.8,positive,GRAY,True,
16/986262,11919171,Robot controller,FANUC CORPORATION,FANUC,FANUC,JP,2020-08-06,17786678,B25J-0009/1666,0.8,positive,GRAY,True,
16/881118,11465288,Method of controlling robot,SEIKO EPSON CORPORATION,SEIKO EPSON,SEIKO EPSON,미상,2020-05-22,17740491,B25J-0009/0093,0.8,positive,GRAY,True,
17/090022,11433532,Robot joint structure,FANUC CORPORATION,FANUC,FANUC,JP,2020-11-05,17826186,B25J-0009/102,0.8,positive,GRAY,True,
17/635271,11691295,Robot hand,"SHINANO KENSHI CO., LTD.",SHINANO KENSHI,SHINANO KENSHI,JP,2020-11-26,17826197,B25J-0015/0226,0.8,positive,GRAY,True,
17/183454,11707844,Robot control system and robot control method,"HITACHI, LTD.",HITACHI,HITACHI,JP,2021-02-24,17858406,B25J-0009/1666,0.8,positive,GRAY,True,
17/005361,11820023,Robot system and computer program product,KABUSHIKI KAISHA TOSHIBA,TOSHIBA,TOSHIBA,JP,2020-08-28,17852836,B25J-0009/1692,0.8,positive,GRAY,True,
17/343938,11701775,Method of setting target force upper limit and robot system,SEIKO EPSON CORPORATION,SEIKO EPSON,SEIKO EPSON,미상,2021-06-10,17906143,B25J-0009/163,0.8,positive,GRAY,True,
17/008818,11919175,Robotic system with collision avoidance mechanism and method of operation thereof,"Mujin, Inc.",MUJIN,MUJIN,JP,2020-09-01,17887579,B25J-0009/1676,0.8,positive,GRAY,True,
17/361425,11951625,Control method for robot and robot system,SEIKO EPSON CORPORATION,SEIKO EPSON,SEIKO EPSON,JP,2021-06-29,17913572,B25J-0009/1633,0.8,positive,GRAY,True,
16/998134,11772265,"Method, system, and non-transitory computer-readable recording medium for controlling movement of a robot","BEAR ROBOTICS, INC.",BEAR ROBOTICS,BEAR ROBOTICS,US,2020-08-20,17931067,B25J-0009/1664,0.8,positive,GRAY,True,
17/463616,11958199,Robot control device and robot system,SEIKO EPSON CORPORATION,SEIKO EPSON,SEIKO EPSON,JP,2021-09-01,17935811,B25J-0009/1674,0.8,positive,GRAY,False,제외:산업용 주변기술(일반제어·진동·경로·측정·교시UI·공정)
17/472779,12109702,"Method of adjusting force control parameter, robot system, and force control parameter adjustment program",SEIKO EPSON CORPORATION,SEIKO EPSON,SEIKO EPSON,JP,2021-09-13,17939875,B25J-0009/163,0.8,positive,GRAY,True,
17/674804,11628577,Robot hand,"Honda Motor Co., Ltd.",HONDA MOTOR,HONDA,JP,2022-02-17,18015218,B25J-0015/0009,0.8,positive,T1_auto,True,
16/605284,11951619,Cabled differential for cable controlled joint,The Board of Trustees of the Leland Stanford Junior University,THE BOARD OF TRUSTEES OF THE LELAND STANFORD JUNIOR UNIVERSITY,THE BOARD OF TRUSTEES OF THE LELAND STANFORD JUNIOR UNIVERSITY,US,2018-04-25,20677279,B25J-0009/102,0.8,positive,GRAY,True,
17/502106,11839978,Method of adjusting force control parameter,SEIKO EPSON CORPORATION,SEIKO EPSON,SEIKO EPSON,미상,2021-10-15,17953313,B25J-0009/163,0.8,positive,GRAY,True,
16/965649,11826902,Robot system and method for controlling robot,"HONDA MOTOR CO., LTD.",HONDA MOTOR,HONDA,JP,2018-11-27,20832982,B25J-0013/084,0.8,positive,GRAY,True,
17/048525,12103160,"Rotation connecting mechanism, robot, robot arm, and robot hand",MITSUBISHI ELECTRIC CORPORATION,MITSUBISHI ELECTRIC,MITSUBISHI ELECTRIC,JP,2019-04-24,20839525,B25J-0011/00,0.8,positive,T1_auto,True,
17/053466,11945115,Machine learning device and robot system provided with same,YAMAHA HATSUDOKI KABUSHIKI KAISHA,YAMAHA HATSUDOKI,YAMAHA HATSUDOKI,JP,2018-06-14,20839585,B25J-0009/163,0.8,positive,GRAY,True,
17/816727,12109682,Assistance for robot manipulation,TOKYO INSTITUTE OF TECHNOLOGY | KABUSHIKI KAISHA YASKAWA DENKI,TOKYO INSTITUTE OF TECHNOLOGY,TOKYO INSTITUTE OF TECHNOLOGY,JP,2022-08-02,21145585,B25J-0013/06,0.8,positive,GRAY,True,
15/674528,10493621,Robot arm having hydraulic rotary actuators,KNR SYSTEMS INC.,KNR SYSTEMS,KNR SYSTEMS,KR,2017-08-11,24244385,B25J-0009/146,0.8,positive,GRAY,True,
14/732434,9517565,Feeding assistant robot,NATIONAL REHABILITATION CENTER,NATIONAL REHABILITATION CENTER,NATIONAL REHABILITATION CENTER,KR,2015-06-05,23698084,B25J-0011/009,0.8,positive,GRAY,True,
15/558199,10744638,Robot arm,KOREA UNIVERSITY OF TECHNOLOGY AND EDUCATION INDUSTRY-UNIVERSITY COOPERATION FOUNDATION,KOREA UNIVERSITY OF TECHNOLOGY AND EDUCATION INDUSTRY-UNIVERSITY COOPERATION FOUNDATION,KOREA UNIVERSITY OF TECHNOLOGY AND EDUCATION INDUSTRY-UNIVERSITY COOPERATION FOUNDATION,KR,2016-03-14,24321910,B25J-0009/104,0.8,positive,GRAY,True,
16/755847,10888997,Device for implementing robot motions using propulsive force,Seung Whan Jung,SEUNG WHAN JUNG,SEUNG WHAN JUNG,KR,2018-10-10,24632812,B25J-0009/1664,0.8,positive,GRAY,True,
16/580923,11279024,Hand of robot and control method thereof,LG ELECTRONICS INC.,LG ELECTRONICS,LG,KR,2019-09-24,24687600,B25J-0009/1612,0.8,positive,GRAY,True,
16/097858,11045955,Robot control device,MITSUBISHI ELECTRIC CORPORATION,MITSUBISHI ELECTRIC,MITSUBISHI ELECTRIC,JP,2017-04-28,20802822,B25J-0009/1676,0.8,positive,GRAY,True,
16/555686,11590649,Grip manipulator and method for controlling the same,LG ELECTRONICS INC.,LG ELECTRONICS,LG,KR,2019-08-29,24688067,B25J-0009/1612,0.8,positive,GRAY,True,
16/755593,11897122,Robot hand,NAVER CORPORATION | NAVER LABS CORPORATION | KOREA UNIVERSITY OF TECHNOLOGY AND EDUCATION INDUSTRY-UNIVERSITY COOPERATION FOUNDATION,NAVER,NAVER,KR,2018-10-11,24638699,B25J-0015/0233,0.8,positive,GRAY,True,
15/334441,10780583,System and method of controlling robot,"HANWHA PRECISION MACHINERY CO., LTD.",HANWHA PRECISION MACHINERY,HANWHA PRECISION MACHINERY,KR,2016-10-26,24398833,B25J-0009/161,0.8,positive,GRAY,True,
16/743678,11173609,Hand-eye calibration method and system,"Samsung Electronics Co., Ltd",SAMSUNG ELECTRONICS,SAMSUNG,미상,2020-01-15,24808608,B25J-0009/0084,0.8,positive,GRAY,True,
17/312147,12090635,Finger mechanism and robot hand comprising same,KOREA INSTITUTE OF MACHINERY & MATERIALS,KOREA INSTITUTE OF MACHINERY & MATERIALS,KOREA INSTITUTE OF MACHINERY & MATERIALS,KR,2019-12-10,24791452,B25J-0015/0009,0.8,positive,GRAY,True,
17/424247,11938637,Robot and control method thereof,"SAMSUNG ELECTRONICS CO., LTD.",SAMSUNG ELECTRONICS,SAMSUNG,KR,2020-01-07,24811281,B25J-0009/1666,0.8,positive,GRAY,True,
16/803759,11511445,Gripper,LG ELECTRONICS INC.,LG ELECTRONICS,LG,KR,2020-02-27,24903954,B25J-0015/12,0.8,positive,GRAY,True,
17/188120,11752640,Robot joint structure and robot hand comprising same,DAEGU GYEONGBUK INSTITUTE OF SCIENCE AND TECHNOLOGY,DAEGU GYEONGBUK INSTITUTE OF SCIENCE AND TECHNOLOGY,DAEGU GYEONGBUK INSTITUTE OF SCIENCE AND TECHNOLOGY,KR,2021-03-01,24904556,B25J-0015/0009,0.8,positive,GRAY,True,
17/103019,11633850,Tactile sensor module for robot-hand and grasping method using the same,KOREA INSTITUTE OF SCIENCE AND TECHNOLOGY,KOREA INSTITUTE OF SCIENCE AND TECHNOLOGY,KOREA INSTITUTE OF SCIENCE AND TECHNOLOGY,KR,2020-11-24,24990152,B25J-0009/1612,0.8,positive,GRAY,True,
17/204946,11660744,Module-type robot control system,KOREA INSTITUTE OF SCIENCE AND TECHNOLOGY,KOREA INSTITUTE OF SCIENCE AND TECHNOLOGY,KOREA INSTITUTE OF SCIENCE AND TECHNOLOGY,KR,2021-03-18,24961932,B25J-0009/08,0.8,positive,GRAY,True,
18/315196,12145265,Pivot joint,FESTO SE & CO. KG,FESTO & CO KG,FESTO & CO KG,DE,2023-05-10,25253330,B25J-0009/14,0.8,positive,GRAY,True,
17/698211,11685057,Robot hand module,Hyundai Motor Company | Kia Corporation,HYUNDAI MOTOR,HYUNDAI MOTOR GROUP,KR,2022-03-18,25144097,B25J-0015/0009,0.8,positive,T1_auto,True,
14/712579,9446523,Programming of a robotic arm using a motion capture system,Autofuss,AUTOFUSS,AUTOFUSS,US,2015-05-14,27687888,B25J-0009/1697,0.8,positive,GRAY,True,
15/287303,10035262,Robotic gripper with multiple pairs of gripping fingers,GOOGLE LLC,GOOGLE,ALPHABET,US,2016-10-06,27848462,B25J-0009/1612,0.8,positive,GRAY,True,
15/243034,10189158,Robot manipulator with modular torque controlled link,X DEVELOPMENT LLC,X DEVELOPMENT,ALPHABET,US,2016-08-22,27833237,B25J-0009/1045,0.8,positive,GRAY,True,
14/929768,9533419,Robotic finger and hand,"BOSTON DYNAMICS, INC.",BOSTON DYNAMICS,HYUNDAI MOTOR GROUP(2021~)/구글·소프트뱅크(이전),US,2015-11-02,27867688,B25J-0015/12,0.8,positive,GRAY,True,
14/933443,9744677,Robotic fingers and end effectors including same,IROBOT CORPORATION,IROBOT,IROBOT,US,2015-11-05,27865566,B25J-0015/08,0.8,positive,GRAY,True,
15/230776,10093019,Determination of robot behavior,"BOSTON DYNAMICS, INC.",BOSTON DYNAMICS,HYUNDAI MOTOR GROUP(2021~)/구글·소프트뱅크(이전),US,2016-08-08,27830537,B25J-0009/1605,0.8,positive,GRAY,True,
15/707985,10155310,Adaptive predictor apparatus and methods,Brain Corporation,BRAIN,BRAIN,US,2017-09-18,27949751,B25J-0009/163,0.8,positive,GRAY,True,
14/884659,9757862,Tactile sensor,Technische Universität München,TECHNISCHE UNIVERSITÄT MÜNCHEN,TECHNISCHE UNIVERSITÄT MÜNCHEN,DE,2015-10-15,27947389,B25J-0009/1697,0.8,positive,GRAY,True,
15/246221,9821472,Gripping mechanism having a large stroke,M. Mohsen Saadat,M MOHSEN SAADAT,M MOHSEN SAADAT,DE,2016-08-24,27970276,B25J-0015/0028,0.8,positive,GRAY,True,
14/746072,9844881,Robotic device including machine vision,GM GLOBAL TECHNOLOGY OPERATIONS LLC,GM GLOBAL TECHNOLOGY OPERATIONS,GM,US,2015-06-22,27978695,B25J-0009/1697,0.8,positive,GRAY,True,
15/853695,10150218,Automated digit interchange,X Development LLC,X DEVELOPMENT,ALPHABET,US,2017-12-22,27982826,B25J-0015/0475,0.8,positive,GRAY,True,
14/823500,9868213,Incidental robot-human contact detection,EMPIRE TECHNOLOGY DEVELOPMENT LLC,EMPIRE TECHNOLOGY DEVELOPMENT,EMPIRE TECHNOLOGY DEVELOPMENT,US,2015-08-11,27987150,B25J-0009/1676,0.8,positive,GRAY,True,
15/135449,9827669,Robotic torso sensing system and method,"Fetch Robotics, Inc.",FETCH ROBOTICS,FETCH ROBOTICS,US,2016-04-21,27972504,B25J-0009/161,0.8,positive,GRAY,True,
14/752966,9925662,Generating a trained robot path based on physical manipulation of the robot and based on training user interface input(s) associated with the physical manipulation,X DEVELOPMENT LLC,X DEVELOPMENT,ALPHABET,US,2015-06-28,28008228,B25J-0009/16,0.8,positive,GRAY,True,
14/810349,9862090,Surrogate: a body-dexterous mobile manipulation robot with a tracked base,CALIFORNIA INSTITUTE OF TECHNOLOGY,CALIFORNIA INSTITUTE OF TECHNOLOGY,CALIFORNIA INSTITUTE OF TECHNOLOGY,US,2015-07-27,27985134,B25J-0009/06,0.8,positive,GRAY,True,
15/181244,9975256,Robotic gripper with digits controlled by shared fluid volume,"Amazon Technologies, Inc.",AMAZON TECHNOLOGIES,AMAZON,US,2016-06-13,28026079,B25J-0015/10,0.8,positive,GRAY,True,
15/089355,9987745,Execution of robotic tasks,"BOSTON DYNAMICS, INC.",BOSTON DYNAMICS,HYUNDAI MOTOR GROUP(2021~)/구글·소프트뱅크(이전),US,2016-04-01,28030567,B25J-0009/1661,0.8,positive,GRAY,True,
15/146688,10011019,Wind-up gripper for a robotic device,X DEVELOPMENT LLC,X DEVELOPMENT,ALPHABET,US,2016-05-04,28039082,B25J-0015/022,0.8,positive,GRAY,True,
15/172766,9981382,Support stand to reorient the grasp of an object by a robot,X DEVELOPMENT LLC,X DEVELOPMENT,ALPHABET,US,2016-06-03,28028253,B25J-0009/1666,0.8,positive,GRAY,True,
15/148518,10059008,Method and apparatus for using vibration to release parts held by a robotic gripper,ABB SCHWEIZ AG,ABB SCHWEIZ,ABB,CH,2016-05-06,28056695,B25J-0015/0616,0.8,positive,GRAY,True,
15/658189,10059007,Finger-aligned extendable gripping mechanisms for item manipulation,"Amazon Technologies, Inc.",AMAZON TECHNOLOGIES,AMAZON,US,2017-07-24,28056694,B25J-0015/0028,0.8,positive,GRAY,True,
15/823612,10081111,Robotic hand,UBTECH ROBOTICS CORP.,UBTECH ROBOTICS,UBTECH,CN,2017-11-28,28064754,B25J-0015/0213,0.8,positive,GRAY,True,
15/798415,10022874,Robotic hand,UBTECH Robotics Corp.,UBTECH ROBOTICS,UBTECH,CN,2017-10-31,28043525,B25J-0015/0028,0.8,positive,GRAY,True,
15/376011,10035266,Generating robot trajectories using a real time trajectory generator and a path optimizer,X DEVELOPMENT LLC,X DEVELOPMENT,ALPHABET,US,2016-12-12,28047824,B25J-0009/1664,0.8,positive,GRAY,True,
35/503117,D841068,Actuator for robots,ROBOTIS CO. LTD.,ROBOTIS,ROBOTIS,KR,2016-05-03,28110002, ,0.8,positive,GRAY,True,
15/236225,10131051,Anticipation-based robotic object grasping,"Amazon Technologies, Inc.",AMAZON TECHNOLOGIES,AMAZON,US,2016-08-12,28082983,B25J-0009/1612,0.8,positive,GRAY,True,
15/626279,10265862,Robotic end effectors for use with robotic manipulators,UNIVERSITY OF SOUTH FLORIDA,UNIVERSITY OF SOUTH FLORIDA,UNIVERSITY OF SOUTH FLORIDA,US,2017-06-19,28131549,B25J-0015/0038,0.8,positive,GRAY,True,
15/321727,10279472,Servo control system and robot,UBTECH ROBOTICS CORP.,UBTECH ROBOTICS,UBTECH,CN,2016-10-28,28136542,B25J-0009/126,0.8,positive,GRAY,True,
15/367195,10286550,Robot teaching system and control method thereof,NATIONAL TAIPEI UNIVERSITY OF TECHNOLOGY,NATIONAL TAIPEI UNIVERSITY OF TECHNOLOGY,NATIONAL TAIPEI UNIVERSITY OF TECHNOLOGY,TW,2016-12-02,28139052,B25J-0009/163,0.8,positive,GRAY,True,
15/321729,10328571,Servo control system and robot,UBTECH ROBOTICS CORP.,UBTECH ROBOTICS,UBTECH,CN,2016-10-28,28154132,B25J-0009/126,0.8,positive,GRAY,True,
16/032307,10307913,Robotic gripper,"Control & Power Systems, Inc.",CONTROL & POWER SYSTEMS,CONTROL & POWER SYSTEMS,US,2018-07-11,28146661,B25J-0015/12,0.8,positive,GRAY,True,
15/695902,10471599,Robotic item manipulation using magnetic coupling,"Amazon Technologies, Inc.",AMAZON TECHNOLOGIES,AMAZON,US,2017-09-05,28207208,B25J-0009/1679,0.8,positive,GRAY,True,
15/664839,10556338,Compliant finger tip for item manipulation,"Amazon Technologies, Inc.",AMAZON TECHNOLOGIES,AMAZON,US,2017-07-31,28238052,B25J-0009/1612,0.8,positive,GRAY,True,
16/233139,10518420,Finger of robotic hand and robot having the same,UBTECH ROBOTICS CORP,UBTECH ROBOTICS,UBTECH,CN,2018-12-27,28224585,B25J-0015/0009,0.8,positive,GRAY,True,
15/348709,10562191,Method of controlling devices with sensation of applied force,Robomotive Laboratories LLC,ROBOMOTIVE LABORATORIES,ROBOMOTIVE LABORATORIES,US,2016-11-10,28240209,B25J-0013/088,0.8,positive,GRAY,True,
16/161099,10632615,"Servo driving method, apparatus, and robot thereof",UBTECH ROBOTICS CORP,UBTECH ROBOTICS,UBTECH,CN,2018-10-16,28265796,B25J-0009/16,0.8,positive,GRAY,True,
15/484515,10994426,Robotic manipulator with supplementary damping,"PERSIMMON TECHNOLOGIES, CORP.",PERSIMMON TECHNOLOGIES,PERSIMMON TECHNOLOGIES,US,2017-04-11,28276094,B25J-0019/0091,0.8,positive,GRAY,True,
15/660496,10646993,Robots linkable to perform tasks in coordinated teams,"FACEBOOK, INC.",FACEBOOK,FACEBOOK,US,2017-07-26,28271114,B25J-0009/042,0.8,positive,GRAY,True,
15/946986,10661446,Jamming grippers with stencil moldings,AURORA FLIGHT SCIENCES CORPORATION,AURORA FLIGHT SCIENCES,AURORA FLIGHT SCIENCES,US,2018-04-06,28276093,B25J-0015/0023,0.8,positive,GRAY,True,
15/721369,10464217,Robotic gripper with driven belts,"Traptic, Inc.",TRAPTIC,TRAPTIC,US,2017-09-29,28204390,B25J-0015/10,0.8,positive,GRAY,True,
15/856152,10632609,Linkage mechanism and robot having the same,UBTECH ROBOTICS CORP.,UBTECH ROBOTICS,UBTECH,CN,2017-12-28,28265793,B25J-0009/0006,0.8,positive,T1_auto,True,
15/839109,10792809,Robot grip detection using non-contact sensors,X Development LLC,X DEVELOPMENT,ALPHABET,US,2017-12-12,28324030,B25J-0009/1612,0.8,positive,GRAY,True,
15/892456,10786901,Method for programming robot in vision base coordinate,QUANTA STORAGE INC.,QUANTA STORAGE,QUANTA STORAGE,TW,2018-02-09,28321729,B25J-0009/1656,0.8,positive,GRAY,True,
16/308086,10786907,Manipulator and robot with fingertip module,"SHENZHEN DORABOT ROBOTICS CO., LTD.",SHENZHEN DORABOT ROBOTICS,SHENZHEN DORABOT ROBOTICS,CN,2016-10-28,28321732,B25J-0015/0009,0.8,positive,GRAY,True,
15/953022,10766145,Eye in-hand robot,BROWN UNIVERSITY,BROWN UNIVERSITY,BROWN UNIVERSITY,US,2018-04-13,28314110,B25J-0015/0004,0.8,positive,GRAY,True,
15/842737,10800040,Simulation-real world feedback loop for learning robotic control policies,"AMAZON TECHNOLOGIES, INC.",AMAZON TECHNOLOGIES,AMAZON,US,2017-12-14,28326735,B25J-0009/1671,0.8,positive,GRAY,True,
16/378151,10821611,Multi-zone end effector,"AMAZON TECHNOLOGIES, INC.",AMAZON TECHNOLOGIES,AMAZON,US,2019-04-08,28334810,B25J-0015/0052,0.8,positive,GRAY,True,
15/842707,10792810,Artificial intelligence system for learning robotic control policies,"AMAZON TECHNOLOGIES, INC.",AMAZON TECHNOLOGIES,AMAZON,US,2017-12-14,28324031,B25J-0009/163,0.8,positive,GRAY,True,
16/418993,10836030,Bionic robot and spine apparatus thereof,China Jiliang University,CHINA JILIANG UNIVERSITY,CHINA JILIANG UNIVERSITY,CN,2019-05-21,28340352,B25J-0009/10,0.8,positive,GRAY,True,
16/192188,10875190,Patterned and instrumented directional adhesives for enhanced gripping with industrial manipulators,The Board of Trustees of the Leland Stanford Junior University,THE BOARD OF TRUSTEES OF THE LELAND STANFORD JUNIOR UNIVERSITY,THE BOARD OF TRUSTEES OF THE LELAND STANFORD JUNIOR UNIVERSITY,US,2018-11-15,28354786,B25J-0015/008,0.8,positive,GRAY,True,
15/902843,10800049,Maneuvering mobile robots,"Boston Dynamics, Inc.",BOSTON DYNAMICS,HYUNDAI MOTOR GROUP(2021~)/구글·소프트뱅크(이전),US,2018-02-22,28326738,B25J-0019/002,0.8,positive,GRAY,True,
16/586568,10913165,Rotating end of arm tool including asymmetrical independently controllable suction zones,"AMAZON TECHNOLOGIES, INC.",AMAZON TECHNOLOGIES,AMAZON,US,2019-09-27,28368325,B25J-0015/0616,0.8,positive,GRAY,True,
16/022709,10913155,Robot and method for controlling joints thereof,UBTECH ROBOTICS CORP,UBTECH ROBOTICS,UBTECH,CN,2018-06-29,28368322,B25J-0009/1664,0.8,positive,GRAY,True,
16/277350,10899012,Coordinated robot to robot component assembly,GM GLOBAL TECHNOLOGY OPERATIONS LLC,GM GLOBAL TECHNOLOGY OPERATIONS,GM,US,2019-02-15,28363348,B25J-0009/1682,0.8,positive,GRAY,True,
17/114490,11787059,Method and system for selecting a preferred robotic grasp of an object-of-interest using pairwise ranking,ZEBRA TECHNOLOGIES CORPORATION,ZEBRA TECHNOLOGIES,ZEBRA TECHNOLOGIES,US,2020-12-07,28363347,B25J-0009/1682,0.8,positive,GRAY,True,
14/919382,10926409,Systems and methods for controlling walking robots,University of South Florida,UNIVERSITY OF SOUTH FLORIDA,UNIVERSITY OF SOUTH FLORIDA,US,2015-10-21,28373350,B25J-0009/1633,0.8,positive,GRAY,True,
16/201382,10953551,Soft actuator and gripper assembly,"Amazon Technologies, Inc.",AMAZON TECHNOLOGIES,AMAZON,US,2018-11-27,28383391,B25J-0015/0023,0.8,positive,GRAY,True,
16/044344,10946518,Spatiotemporal controller for controlling robot operation,"inVia Robotics, Inc.",INVIA ROBOTICS,INVIA ROBOTICS,US,2018-07-24,28380869,B25J-0009/1664,0.8,positive,GRAY,True,
16/581791,10942502,Control method for electronically controlled servo mechanism and electronically controlled servo mechanism and robot thereof,UBTECH ROBOTICS CORP LTD,UBTECH ROBOTICS,UBTECH,CN,2019-09-25,28379090,B25J-0009/163,0.8,positive,GRAY,True,
16/140541,10960552,Footed robot landing control method and device,UBTECH ROBOTICS CORP,UBTECH ROBOTICS,UBTECH,CN,2018-09-25,28386016,B25J-0013/085,0.8,positive,GRAY,True,
16/009155,10967524,System and method for conversion of rotational motion into linear actuation by mechanical stacking or unstacking of connected links,James P. Morgan,JAMES P MORGAN,JAMES P MORGAN,US,2018-06-14,28388533,B25J-0009/104,0.8,positive,GRAY,True,
15/842825,10987808,Systems and methods for providing a control solution for an actuator,THE BOARD OF TRUSTEES OF THE LELAND STANFORD JUNIOR UNIVERSITY,THE BOARD OF TRUSTEES OF THE LELAND STANFORD JUNIOR UNIVERSITY,THE BOARD OF TRUSTEES OF THE LELAND STANFORD JUNIOR UNIVERSITY,US,2017-12-14,28395807,B25J-0009/1669,0.8,positive,T1_auto,True,
16/074776,11000958,Deflection element,FESTO AG & CO. KG,FESTO & CO KG,FESTO & CO KG,DE,2017-01-27,28400711,B25J-0017/0275,0.8,positive,GRAY,True,
16/236518,11059173,"Robot joint motion control method, device and robot using the same",UBTECH ROBOTICS CORP.,UBTECH ROBOTICS,UBTECH,CN,2018-12-30,28421948,B25J-0009/1664,0.8,positive,GRAY,True,
16/359965,11059170,"Joint limit detection method, and robot with the same",UBTECH Robotics Corp,UBTECH ROBOTICS,UBTECH,CN,2019-03-20,28421947,B25J-0009/1628,0.8,positive,T1_auto,True,
16/176138,11097430,Robotic gripper member,WORCESTER POLYTECHNIC INSTITUTE,WORCESTER POLYTECHNIC INSTITUTE,WORCESTER POLYTECHNIC INSTITUTE,US,2018-10-31,28436124,B25J-0015/12,0.8,positive,GRAY,True,
16/352023,11104001,Motion transfer of highly dimensional movements to lower dimensional robot movements,Sony Interactive Entertainment Inc.,SONY INTERACTIVE ENTERTAINMENT,SONY,JP,2019-03-13,28438441,B25J-0009/1671,0.8,positive,T1_auto,True,
16/311943, ,ACTUATOR MODULE HAVING FLEXIBLE SECTION,"ROBOTIS CO., LTD.",ROBOTIS,ROBOTIS,KR,2018-02-23,28460039,B25J-0019/068,0.8,positive,GRAY,True,
16/366192,11104008,Dexterous gripper for robotic end-effector applications,"Mitsubishi Electric Research Laboratories, Inc.",MITSUBISHI ELECTRIC RESEARCH LABORATORIES,MITSUBISHI ELECTRIC,US,2019-03-27,28438442,B25J-0015/0009,0.8,positive,GRAY,True,
16/713012,11185983,"Position control method for servo, computer readable storage medium, and robot",UBTECH ROBOTICS CORP LTD,UBTECH ROBOTICS,UBTECH,CN,2019-12-13,28469343,B25J-0009/163,0.8,positive,T1_auto,True,
16/542754,11247345,Shape-shifting fingers for robotic grippers,MASSACHUSETTS INSTITUTE OF TECHNOLOGY,MASSACHUSETTS INSTITUTE OF TECHNOLOGY,MASSACHUSETTS INSTITUTE OF TECHNOLOGY,US,2019-08-16,28492512,B25J-0015/0028,0.8,positive,GRAY,True,
16/573811,11273555,Multimodal sensor array for robotic systems,"RIOS INTELLIGENT MACHINES, INC.",RIOS INTELLIGENT MACHINES,RIOS INTELLIGENT MACHINES,US,2019-09-17,28502042,B25J-0009/1694,0.8,positive,GRAY,True,
16/817576,11325247,Robotic arm control method and apparatus and terminal device using the same,UBTECH ROBOTICS CORP LTD,UBTECH ROBOTICS,UBTECH,CN,2020-03-12,28521617,B25J-0009/1602,0.8,positive,GRAY,True,
16/609511,11331794,Inverse kinematics solution system for use with robots,"INSTITUTE OF COMPUTING TECHNOLOGY, CHINESE ACADEMY OF SCIENCES",INSTITUTE OF COMPUTING TECHNOLOGY CHINESE ACADEMY OF SCIENCES,INSTITUTE OF COMPUTING TECHNOLOGY CHINESE ACADEMY OF SCIENCES,CN,2018-02-11,28524061,B25J-0009/1607,0.8,positive,GRAY,True,
16/734393,11331802,"Method for imitation of human arm by robotic arm, computer readable storage medium, and robot",UBTECH ROBOTICS CORP LTD,UBTECH ROBOTICS,UBTECH,CN,2020-01-05,28524064,B25J-0009/1664,0.8,positive,T1_auto,True,
16/395042,11358284,"Signing robotic hand assembly apparatuses, systems, and methods",Jack Adiletta,JACK ADILETTA,JACK ADILETTA,US,2019-04-25,28534052,B25J-0011/0005,0.8,positive,GRAY,True,
15/991834,11413761,Modular platform for robotic end effector,ABB Schweiz AG,ABB SCHWEIZ,ABB,CH,2018-05-29,28554865,B25J-0009/1697,0.8,positive,GRAY,True,
16/789320,11420331,Motion retargeting control for human-robot interaction,"HONDA MOTOR CO., LTD.",HONDA MOTOR,HONDA,JP,2020-02-12,28557378,B25J-0009/1676,0.8,positive,GRAY,True,
16/702195,11426864,Robot manipulator system and methods for providing supplemental securement of objects,KINDRED SYSTEMS II INC. | KINDRED SYSTEMS INC.,KINDRED SYSTEMS II,KINDRED SYSTEMS II,CA,2019-12-03,28559848,B25J-0009/0087,0.8,positive,GRAY,True,
16/370891,11465298,Robotic hand,UBTECH ROBOTICS CORP,UBTECH ROBOTICS,UBTECH,CN,2019-03-30,28574535,B25J-0015/0009,0.8,positive,T1_auto,True,
16/957720, ,ROBOT MULTI-DEGREE-OF-FREEDOM CLAMPER,"SHENYANG INSTITUTE OF AUTOMATION, CHINESE ACADEMY OF SCIENCES",SHENYANG INSTITUTE OF AUTOMATION CHINESE ACADEMY OF SCIENCES,SHENYANG INSTITUTE OF AUTOMATION CHINESE ACADEMY OF SCIENCES,CN,2018-12-20,28572119,B25J-0015/0033,0.8,positive,T1_auto,True,
16/730361,11458619,"Method for controlling the motion of a robot arm, computing device and robot","CLOUDMINDS ROBOTICS CO., LTD.",CLOUDMINDS ROBOTICS,CLOUDMINDS ROBOTICS,CN,2019-12-30,28572110,B25J-0009/1602,0.8,positive,GRAY,True,
16/451209,11478931,Computational vibration suppression for robotic systems,"DISNEY ENTERPRISES, INC.",DISNEY ENTERPRISES,DISNEY ENTERPRISES,US,2019-06-25,28579631,B25J-0009/1671,0.8,positive,GRAY,True,
16/880866,11524402,User feedback for robotic demonstration learning,INTRINSIC INNOVATION LLC,INTRINSIC INNOVATION,ALPHABET,US,2020-05-21,28596974,B25J-0009/163,0.8,positive,GRAY,True,
17/172592,11518024,Extensible underconstrained robotic motion planning,INTRINSIC INNOVATION LLC,INTRINSIC INNOVATION,ALPHABET,US,2021-02-10,28594492,B25J-0009/1612,0.8,positive,GRAY,True,
16/500295,11541550,"Robot skin apparatus, method of fabricating a robot skin apparatus, and a system including a robot skin apparatus","UNIVERSITY OF LOUISVILLE RESEARCH FOUNDATION, INC.",UNIVERSITY OF LOUISVILLE RESEARCH FOUNDATION,UNIVERSITY OF LOUISVILLE RESEARCH FOUNDATION,US,2018-04-06,28603601,B25J-0013/084,0.8,positive,GRAY,True,
17/131481,11607809,Robot motion planning accounting for object pose estimation accuracy,INTRINSIC INNOVATION LLC,INTRINSIC INNOVATION,ALPHABET,US,2020-12-22,28628377,B25J-0009/1664,0.8,positive,GRAY,True,
17/216716,11602858,Thumb structure and robot,UBTECH ROBOTICS CORP LTD,UBTECH ROBOTICS,UBTECH,CN,2021-03-30,28626423,B25J-0015/0009,0.8,positive,GRAY,True,
16/871884,11628561,System and methods for robotic precision placement and insertion,THE HONG KONG UNIVERSITY OF SCIENCE AND TECHNOLOGY,THE HONG KONG UNIVERSITY OF SCIENCE AND TECHNOLOGY,THE HONG KONG UNIVERSITY OF SCIENCE AND TECHNOLOGY,CN,2020-05-11,28636357,B25J-0009/1612,0.8,positive,GRAY,True,
16/497168,11407120,"Control device, and control method",SONY CORPORATION,SONY,SONY,JP,2018-02-08,28552408,B25J-0013/085,0.8,positive,GRAY,True,
16/838641,11559893,Robot control for avoiding singular configurations,INTRINSIC INNOVATION LLC,INTRINSIC INNOVATION,ALPHABET,US,2020-04-02,28610455,B25J-0009/1666,0.8,positive,GRAY,True,
16/789752,11612999,System and method for manipulating robotic device,BRAINCO INC.,BRAINCO,BRAINCO,US,2020-02-13,28630375,B25J-0001/02,0.8,positive,GRAY,True,
17/101477,11565406,Multi-tentacular soft robotic grippers,"Mitsubishi Electric Research Laboratories, Inc.",MITSUBISHI ELECTRIC RESEARCH LABORATORIES,MITSUBISHI ELECTRIC,US,2020-11-23,28612613,B25J-0009/1612,0.8,positive,GRAY,True,
16/899885,11642793,Varying strength interface system for robotic end-effector,"Amazon Technologies, Inc.",AMAZON TECHNOLOGIES,AMAZON,US,2020-06-12,28641679,B25J-0015/0616,0.8,positive,GRAY,True,
16/801638,11633861,"Systems, methods and associated components for robotic manipulation of physical objects",COMMSCOPE TECHNOLOGIES LLC,COMMSCOPE TECHNOLOGIES,COMMSCOPE TECHNOLOGIES,US,2020-02-26,28638397,B25J-0009/1697,0.8,positive,GRAY,True,
16/559105,11623339,Portable robotic manipulation systems,"AMAZON TECHNOLOGIES, INC.",AMAZON TECHNOLOGIES,AMAZON,US,2019-09-03,28634419,B25J-0009/0009,0.8,positive,GRAY,True,
17/134565,11654551,"Redundant robotic arm control method, redundant robotic arm controller, and computer readable storage medium",UBTECH ROBOTICS CORP LTD,UBTECH ROBOTICS,UBTECH,CN,2020-12-28,28646017,B25J-0009/1607,0.8,positive,GRAY,True,
16/853214,11673261,Robotic manipulator,"Intelligrated Headquarters, LLC",INTELLIGRATED HEADQUARTERS,INTELLIGRATED HEADQUARTERS,US,2020-04-20,28652529,B25J-0009/123,0.8,positive,GRAY,True,
17/198167,11654557,"Direct force feedback control method, and controller and robot using the same",UBTECH ROBOTICS CORP LTD,UBTECH ROBOTICS,UBTECH,CN,2021-03-10,28646019,B25J-0009/1633,0.8,positive,GRAY,True,
17/897762,11717956,Robotic joint system with integrated safety,SARCOS CORP.,SARCOS,SARCOS,US,2022-08-29,28668497,B25J-0009/0006,0.8,positive,T1_auto,True,
18/055132,11707852,Grippers for robotic manipulation of objects and related technology,"AGILITY ROBOTICS, INC.",AGILITY ROBOTICS,AGILITY ROBOTICS,US,2022-11-14,28664714,B25J-0018/007,0.8,positive,T1_auto,True,
17/229724,11731279,Systems and methods for automated tuning of robotics systems,"Samsung Electronics Co., Ltd. | Samsung Electronics Company, Ltd.",SAMSUNG ELECTRONICS,SAMSUNG,KR,2021-04-13,28673177,B25J-0009/1692,0.8,positive,GRAY,True,
17/132239,11685060,Method for gripping an object and suction gripper,J. Schmalz GmbH,J SCHMALZ,J SCHMALZ,DE,2020-12-23,28656653,B25J-0015/0683,0.8,positive,GRAY,True,
17/547274,11759945,Dual-output-shaft servo and robot,UBTECH ROBOTICS CORP LTD,UBTECH ROBOTICS,UBTECH,CN,2021-12-10,28682914,B25J-0009/102,0.8,positive,GRAY,True,
17/207200,11745347,Method for assessing the quality of a robotic grasp on 3D deformable objects,NVIDIA CORP.,NVIDIA,NVIDIA,US,2021-03-19,28678035,B25J-0009/1669,0.8,positive,GRAY,True,
17/131366,11787054,Robot planning,INTRINSIC INNOVATION LLC,INTRINSIC INNOVATION,ALPHABET,US,2020-12-22,28692351,B25J-0009/1666,0.8,positive,GRAY,True,
17/216709,11787055,Controlling a robot using predictive decision making,Honda Research Institute Europe GmbH,HONDA RESEARCH INSTITUTE EUROPE,HONDA,DE,2021-03-30,28692352,B25J-0009/1666,0.8,positive,GRAY,True,
17/600234,11833666,"Method for assembling an operating member and an adapting member by a robot, robot, and controller","SHANGHAI FLEXIV ROBOTICS TECHNOLOGY CO., LTD. | FLEXIV LTD.",SHANGHAI FLEXIV ROBOTICS TECHNOLOGY,SHANGHAI FLEXIV ROBOTICS TECHNOLOGY,CN,2020-10-28,28708777,B25J-0013/085,0.8,positive,GRAY,True,
17/890181,11826907,Robotic joint system with length adapter,SARCOS CORP.,SARCOS,SARCOS,US,2022-08-17,28706383,B25J-0009/0006,0.8,positive,GRAY,True,
17/515490,11833661,"Utilizing past contact physics in robotic manipulation (e.g., pushing) of an object",GOOGLE LLC,GOOGLE,ALPHABET,US,2021-10-31,28708776,B25J-0009/163,0.8,positive,GRAY,True,
17/115712,11833692,Method and device for controlling arm of robot,UBTECH ROBOTICS CORP LTD,UBTECH ROBOTICS,UBTECH,CN,2020-12-08,28708789,B25J-0009/1666,0.8,positive,GRAY,True,
16/681667,11850732,Under-actuated robotic manipulators,KINDRED SYSTEMS II INC. | OCADO INNOVATION LIMITED,KINDRED SYSTEMS II,KINDRED SYSTEMS II,CA,2019-11-12,28715093,B25J-0015/0009,0.8,positive,GRAY,True,
17/499890,11833673,"Energy storing assistive mechanism, robotic joint and robot",UBTECH ROBOTICS CORP LTD,UBTECH ROBOTICS,UBTECH,CN,2021-10-13,28708781,B25J-0019/0016,0.8,positive,GRAY,True,
17/128768,11904457,Compliant gripper,Evodyne Robotics Corporation,EVODYNE ROBOTICS,EVODYNE ROBOTICS,US,2020-12-21,28734389,B25J-0015/0009,0.8,positive,GRAY,True,
16/730864,11904473,Transformation mode switching for a real-time robotic control system,INTRINSIC INNOVATION LLC,INTRINSIC INNOVATION,ALPHABET,US,2019-12-30,28734396,B25J-0009/1628,0.8,positive,GRAY,True,
17/971062,12017347,Pinched tubes for reconfigurable robots,Arizona Board of Regents on behalf of Arizona State University | The Regents of the University of California,ARIZONA BOARD OF REGENTS ON BEHALF OF ARIZONA STATE UNIVERSITY,ARIZONA BOARD OF REGENTS ON BEHALF OF ARIZONA STATE UNIVERSITY,US,2022-10-21,28779411,B25J-0018/06,0.8,positive,GRAY,True,
17/176672,12017352,Transformation of joint space coordinates using machine learning,NVIDIA CORPORATION,NVIDIA,NVIDIA,US,2021-02-16,28779412,B25J-0009/023,0.8,positive,GRAY,True,
17/396856,11999055,Robotic grip device,"United States of America, as represented by the Secretary of the Navy",UNITED STATES OF AMERICA AS REPRESENTED BY THE SECRETARY OF THE NAVY,UNITED STATES OF AMERICA AS REPRESENTED BY THE SECRETARY OF THE NAVY,US,2021-08-09,28772108,B25J-0015/10,0.8,positive,GRAY,True,
17/131240,12115672,Robot planning,INTRINSIC INNOVATION LLC,INTRINSIC INNOVATION,ALPHABET,US,2020-12-22,28817376,B25J-0009/1666,0.8,positive,GRAY,True,
16/565186,11312014,System and method for robotic gripping utilizing dynamic collision modeling for vacuum suction and finger control,KINDRED SYSTEMS II INC. | OCADO CANADA HOLDINGS INC.,KINDRED SYSTEMS II,KINDRED SYSTEMS II,CA,2019-09-09,85609705,B25J-0009/1612,0.8,positive,GRAY,True,
18/084890,12162149,Transition method of locomotion gait of robot,Inventec (Pudong) Technology Corporation | Inventec Corporation,INVENTEC (PUDONG) TECHNOLOGY,INVENTEC (PUDONG) TECHNOLOGY,CN,2022-12-20,85625051,B25J-0009/161,0.8,positive,GRAY,True,
17/509456,12162139,"Gripping tool with expandable, compliant grippers, and related systems and methods","Amazon Technologies, Inc.",AMAZON TECHNOLOGIES,AMAZON,US,2021-10-25,85625042,B25J-0015/08,0.8,positive,GRAY,True,
17/133069,12162156,Robotic manipulation planning based on probalistic elastoplastic deformation material point method,INTEL CORPORATION,INTEL,INTEL,US,2020-12-23,85625057,B25J-0009/1661,0.8,positive,GRAY,True,
16/385470,11185980,Machine learning-based systems and methods for controlling robotic object picking and placement in training and run time environments,ABB SCHWEIZ AG,ABB SCHWEIZ,ABB,CH,2019-04-16,85639156,B25J-0009/163,0.8,positive,GRAY,True,
17/582403,11745362,"Robot, attachment method, and detachment method",SEIKO EPSON CORPORATION,SEIKO EPSON,SEIKO EPSON,미상,2022-01-24,85712330,B25J-0015/0009,0.8,positive,GRAY,False,제외:산업용 주변기술(일반제어·진동·경로·측정·교시UI·공정)
16/806922,11485011,Robot manipulator and robot,"CLOUDMINDS ROBOTICS CO., LTD.",CLOUDMINDS ROBOTICS,CLOUDMINDS ROBOTICS,CN,2020-03-02,85731204,B25J-0009/102,0.8,positive,GRAY,True,
15/900307,10486311,Robotic gripper camera,"FLIR DETECTION, INC.",FLIR DETECTION,FLIR DETECTION,US,2018-02-20,85700358,B25J-0009/1697,0.8,positive,GRAY,True,
17/463870,12168296,Re-simulation of recorded episodes,GOOGLE LLC,GOOGLE,ALPHABET,US,2021-09-01,85838456,B25J-0009/1605,0.8,positive,GRAY,True,
17/059040,11577390,Information processing device and information processing method,SONY CORPORATION,SONY,SONY,JP,2019-03-14,85921149,B25J-0009/1653,0.8,positive,GRAY,True,
17/456214,12070862,"Robot system, control method for robot system, and adjustment method for force control parameters in robot system",SEIKO EPSON CORPORATION,SEIKO EPSON,SEIKO EPSON,JP,2021-11-23,85931833,B25J-0009/1633,0.8,positive,GRAY,True,
17/280514,11752643,Robot hand guide device,KUKA DEUTSCHLAND GMBH,KUKA DEUTSCHLAND,KUKA,DE,2019-09-10,86331316,B25J-0015/0408,0.8,positive,GRAY,True,
15/941492,11014234,Control device and robot system,Seiko Epson Corporation,SEIKO EPSON,SEIKO EPSON,미상,2018-03-30,86330923,B25J-0009/1633,0.8,positive,GRAY,True,
17/148022,11673258,Modular robotic device and method to operate a modular robotic device,GM Global Technology Operations LLC,GM GLOBAL TECHNOLOGY OPERATIONS,GM,US,2021-01-13,86235991,B25J-0009/08,0.8,positive,GRAY,True,
17/098716,11639004,"Mechanical hand, useful in robotics",SANCTUARY COGNITIVE SYSTEMS CORPORATION,SANCTUARY COGNITIVE SYSTEMS,SANCTUARY COGNITIVE SYSTEMS,CA,2020-11-16,86616155,B25J-0015/0009,0.8,positive,T1_auto,True,
17/362897,12194627,Modular robotic manipulation systems,"AMAZON TECHNOLOGIES, INC.",AMAZON TECHNOLOGIES,AMAZON,US,2021-06-29,86630769,B25J-0009/08,0.8,positive,GRAY,True,
16/760885,11518046,Multi-functional long arm gripping mechanism,KIMIYA GMBH,KIMIYA,KIMIYA,DE,2019-09-03,86700642,B25J-0015/02,0.8,positive,GRAY,True,
16/377682,11007640,Rotary drive device and a robot arm of a robot equipped therewith,FESTO SE & CO. KG,FESTO & CO KG,FESTO & CO KG,DE,2019-04-08,86711371,B25J-0009/146,0.8,positive,GRAY,True,
17/782885,12179345,"Brake assembly, joint actuator and robot","SHANGHAI FLEXIV ROBOTICS TECHNOLOGY CO., LTD.",SHANGHAI FLEXIV ROBOTICS TECHNOLOGY,SHANGHAI FLEXIV ROBOTICS TECHNOLOGY,CN,2022-03-14,86916856,B25J-0019/0004,0.8,positive,GRAY,True,
17/725039,12186894,Articulated mechanism with protective sleeve at joint,KINOVA INC.,KINOVA,KINOVA,CA,2022-04-20,87014842,B25J-0017/00,0.8,positive,GRAY,True,
15/643138,10427306,Multimodal object identification,X DEVELOPMENT LLC,X DEVELOPMENT,ALPHABET,US,2017-07-06,87018648,B25J-0009/1697,0.8,positive,GRAY,True,
17/382569,12214495,Method for learning robot task and robot system using the same,NAVER CORPORATION,NAVER,NAVER,KR,2021-07-22,87235077,B25J-0009/163,0.8,positive,GRAY,True,
17/590923,12179368,Robot control device and robot system,SEIKO EPSON CORPORATION,SEIKO EPSON,SEIKO EPSON,JP,2022-02-02,87109771,B25J-0009/1674,0.8,positive,GRAY,False,제외:산업용 주변기술(일반제어·진동·경로·측정·교시UI·공정)
16/558985,12214488,Robotic arm and robot,"SHANGHAI FLEXIV ROBOTICS TECHNOLOGY CO., LTD. | FLEXIV LTD.",SHANGHAI FLEXIV ROBOTICS TECHNOLOGY,SHANGHAI FLEXIV ROBOTICS TECHNOLOGY,CN,2019-09-03,87235070,B25J-0013/085,0.8,positive,GRAY,True,
16/695210,11504860,"Characteristic estimation system, characteristic estimation method, and information storage medium",KABUSHIKI KAISHA YASKAWA DENKI,YASKAWA DENKI,YASKAWA,JP,2019-11-26,87388472,B25J-0009/1653,0.8,positive,GRAY,True,
17/908238,12214498,Robot joint torque control system and load compensation method therefor,BEIJING UNIVERSITY OF TECHNOLOGY,BEIJING UNIVERSITY OF TECHNOLOGY,BEIJING UNIVERSITY OF TECHNOLOGY,CN,2020-05-09,87235080,B25J-0009/1633,0.8,positive,GRAY,True,
17/398838,12226895,Robotic end effectors having fingers and nails to grasp and cage items,"Amazon Technologies, Inc.",AMAZON TECHNOLOGIES,AMAZON,US,2021-08-10,87522710,B25J-0015/12,0.8,positive,GRAY,True,
18/010810,12220821,Robot control device,MITSUBISHI ELECTRIC CORPORATION,MITSUBISHI ELECTRIC,MITSUBISHI ELECTRIC,JP,2020-09-14,87320147,B25J-0009/1664,0.8,positive,GRAY,False,제외:산업용 주변기술(일반제어·진동·경로·측정·교시UI·공정)
17/626926,12226902,Method and manipulation system for manipulation of an object by a robot,SIEMENS AKTIENGESELLSCHAFT,SIEMENS,SIEMENS,DE,2020-07-10,87522717,B25J-0009/163,0.8,positive,GRAY,True,
18/268607,12023800,"Robot hand, robot arm, and robot",MITSUBISHI ELECTRIC CORPORATION,MITSUBISHI ELECTRIC,MITSUBISHI ELECTRIC,JP,2021-12-28,87744054,B25J-0015/10,0.8,positive,GRAY,True,
15/005687,9925667,Continuous slip recovery,"BOSTON DYNAMICS, INC.",BOSTON DYNAMICS,HYUNDAI MOTOR GROUP(2021~)/구글·소프트뱅크(이전),US,2016-01-25,87747252,B25J-0013/085,0.8,positive,GRAY,True,
16/130444,12240114,Optimizing an automated process to select and grip an object via a robot,SIEMENS AKTIENGESELLSCHAFT,SIEMENS,SIEMENS,DE,2018-09-13,87927574,B25J-0009/1612,0.8,positive,GRAY,True,
17/514194,12226912,Control method for robot,SEIKO EPSON CORPORATION,SEIKO EPSON,SEIKO EPSON,JP,2021-10-29,87522727,B25J-0009/1687,0.8,positive,GRAY,True,
16/623489,11453128,"Robot control apparatus, control method and control program",SONY INTERACTIVE ENTERTAINMENT INC.,SONY INTERACTIVE ENTERTAINMENT,SONY,JP,2017-06-29,88680712,B25J-0009/1692,0.8,positive,GRAY,True,
17/546680,12257699,End effector for robotic picking and packing,"NIMBLE ROBOTICS, INC.",NIMBLE ROBOTICS,NIMBLE ROBOTICS,US,2021-12-09,89009925,B25J-0015/0616,0.8,positive,GRAY,True,
17/268300,12023810,System for active motion displacement control of a robot,"BECKMAN COULTER, INC.",BECKMAN COULTER,BECKMAN COULTER,US,2019-08-13,89093258,B25J-0009/1628,0.8,positive,GRAY,True,
16/428333,10576630,Robotic system with a robot arm suction control mechanism and method of operation thereof,"Mujin, Inc.",MUJIN,MUJIN,JP,2019-05-31,89007926,B25J-0009/1633,0.8,positive,GRAY,True,
17/921703,12269173,Robot system,FANUC CORPORATION,FANUC,FANUC,JP,2021-05-20,89019914,B25J-0009/1682,0.8,positive,GRAY,True,
17/676904,12145275,Robot control method and robot control device,"Panasonic Intellectual Property Management Co., Ltd.",PANASONIC INTELLECTUAL PROPERTY MANAGEMENT,PANASONIC,JP,2022-02-22,89148213,B25J-0009/1641,0.8,positive,GRAY,True,
17/616587,12275132,"Tactile sensor, robot hand, and robot",OMRON CORPORATION,OMRON,OMRON,JP,2019-06-06,89268879,B25J-0013/082,0.8,positive,GRAY,True,
17/788784,12269165,"Robot control apparatus, robot control system, robot control method, and computer-readable storage medium storing a robot control program",OMRON CORPORATION,OMRON,OMRON,JP,2020-12-22,89019907,B25J-0009/1653,0.8,positive,GRAY,True,
17/086818,11613024,Gripper mechanism,"BOSTON DYNAMICS, INC.",BOSTON DYNAMICS,HYUNDAI MOTOR GROUP(2021~)/구글·소프트뱅크(이전),US,2020-11-02,89011005,B25J-0015/0028,0.8,positive,GRAY,True,
16/926780,11660757,Robot control system simultaneously performing workpiece selection and robot task,FANUC CORPORATION,FANUC,FANUC,JP,2020-07-13,89605852,B25J-0009/1697,0.8,positive,GRAY,True,
17/924673,12023805,Small actuator for robot,"ROBOTIS, INC.",ROBOTIS,ROBOTIS,US,2021-05-20,89518850,B25J-0009/12,0.8,positive,GRAY,True,
17/604066,12275149,Method of controlling a robot arm based on adaptive friction,UNIVERSAL ROBOTS A/S,UNIVERSAL ROBOTS A/S,UNIVERSAL ROBOTS A/S,DK,2020-04-17,89654463,B25J-0009/1641,0.8,positive,GRAY,True,
18/245212,12304064,Robot,KUKA DEUTSCHLAND GMBH,KUKA DEUTSCHLAND,KUKA,DE,2021-09-13,90378891,B25J-0009/047,0.8,positive,GRAY,True,
17/982395,12304075,"Planning system, planning method, and non-transitory computer readable storage medium",KABUSHIKI KAISHA YASKAWA DENKI,YASKAWA DENKI,YASKAWA,JP,2022-11-07,90378902,B25J-0009/163,0.8,positive,GRAY,True,
17/928552,12304078,"Robot control system, control program, and control method",OMRON CORPORATION,OMRON,OMRON,JP,2021-03-05,90378905,B25J-0009/1641,0.8,positive,GRAY,True,
18/588055,12202131,"Bidirectional energy storage device, robotic joint and robot",UBTECH ROBOTICS CORP LTD,UBTECH ROBOTICS,UBTECH,CN,2024-02-27,90460595,B25J-0017/0258,0.8,positive,GRAY,True,
14/802971,9592603,Reconfigurable robotic system,SPIN MASTER LTD.,SPIN MASTER,SPIN MASTER,CA,2015-07-17,92208777,B25J-0009/08,0.8,positive,GRAY,True,
14/680837,9962833,System and method for adjusting end-effector actuation based on relative position with respect to gravitational force,MTM ROBOTICS LLC,MTM ROBOTICS,MTM ROBOTICS,US,2015-04-07,92259117,B25J-0009/1674,0.8,positive,GRAY,True,
17/769147,12109707,Control of robotic devices over a wireless network,TELEFONAKTIEBOLAGET LM ERICSSON (PUBL),TELEFONAKTIEBOLAGET LM ERICSSON (PUBL),TELEFONAKTIEBOLAGET LM ERICSSON (PUBL),SE,2019-10-16,90558705,B25J-0009/1664,0.8,positive,GRAY,True,
15/225364,10046462,Self-contained robotic gripper system,"SOFT ROBOTICS, INC.",SOFT ROBOTICS,SOFT ROBOTICS/OXIPITAL,US,2016-08-01,92268573,B25J-0015/0023,0.8,positive,GRAY,True,
15/746493,10668631,Compensating device for a handling unit and handling unit comprising the compensating device,ROBERT BOSCH GMBH,ROBERT BOSCH,ROBERT BOSCH,DE,2016-06-08,92267578,B25J-0017/0225,0.8,positive,GRAY,True,
15/762820,10265861,Gripping device,SCHUNK GMBH & CO. KG SPANN-UND GREIFTECHNIK,SCHUNK & CO KG SPANN-UND GREIFTECHNIK,SCHUNK & CO KG SPANN-UND GREIFTECHNIK,DE,2016-09-02,92273004,B25J-0015/0009,0.8,positive,GRAY,True,
15/937690,10675768,"Robotic end effector assembly, system, and method of using the same",The Boeing Company,THE BOEING,THE BOEING,US,2018-03-27,92309059,B25J-0018/02,0.8,positive,GRAY,True,
15/746583,10919156,Communication paths for robot arms,CMR SURGICAL LIMITED,CMR SURGICAL,CMR SURGICAL,GB,2016-07-22,92267687,B25J-0013/085,0.8,positive,GRAY,True,
17/278921,11951609,Mechanical hand,COVVI LIMITED,COVVI,COVVI,GB,2019-09-13,92360240,B25J-0015/0009,0.8,positive,GRAY,True,
17/186060,11794337,Gripping device for handling items or components of different shape and size,C.R.F. SOCIETA CONSORTILE PER AZIONI,CRF SOCIETA CONSORTILE PER AZIONI,CRF SOCIETA CONSORTILE PER AZIONI,IT,2021-02-26,92367087,B25J-0009/109,0.8,positive,GRAY,True,
17/438583,12011838,Robot system,KAWASAKI JUKOGYO KABUSHIKI KAISHA,KAWASAKI JUKOGYO,KAWASAKI HEAVY INDUSTRIES,JP,2020-03-13,92373547,B25J-0009/1694,0.8,positive,GRAY,True,
15/498972,9999972,Robot arm mechanism and stepping motor control device,Life Robotics Inc.,LIFE ROBOTICS,LIFE ROBOTICS,JP,2017-04-27,92888164,B25J-0009/1005,0.8,positive,GRAY,True,
17/173481,11745338,"Control apparatus, robot, learning apparatus, robot system, and method",OMRON CORPORATION,OMRON,OMRON,JP,2021-02-11,92367180,B25J-0009/163,0.8,positive,GRAY,True,
16/954114,11305427,Robot system and robot control method,KAWASAKI JUKOGYO KABUSHIKI KAISHA,KAWASAKI JUKOGYO,KAWASAKI HEAVY INDUSTRIES,JP,2018-11-28,92909729,B25J-0009/1664,0.8,positive,GRAY,True,
15/522548,10576624,Rotational driving mechanism in a robot,"THK CO., LTD.",THK,THK,JP,2015-10-27,92888030,B25J-0009/106,0.8,positive,GRAY,True,
17/604285,12017364,"Motion planning graph generation user interface, systems, methods and articles","REALTIME ROBOTICS, INC.",REALTIME ROBOTICS,REALTIME ROBOTICS,US,2020-04-15,92982700,B25J-0009/1664,0.8,positive,GRAY,True,
17/778016,12195287,Robot system and method of operating the same,KAWASAKI JUKOGYO KABUSHIKI KAISHA,KAWASAKI JUKOGYO,KAWASAKI HEAVY INDUSTRIES,JP,2020-11-20,92922754,B25J-0015/0061,0.8,positive,GRAY,True,
15/748907,10751871,Robot and method of controlling the same,KAWASAKI JUKOGYO KABUSHIKI KAISHA,KAWASAKI JUKOGYO,KAWASAKI HEAVY INDUSTRIES,JP,2015-07-30,93008067,B25J-0009/0096,0.8,positive,GRAY,True,
15/768802,10751874,Method of teaching robot and robotic arm control device,KAWASAKI JUKOGYO KABUSHIKI KAISHA,KAWASAKI JUKOGYO,KAWASAKI HEAVY INDUSTRIES,JP,2016-10-05,93008595,B25J-0009/163,0.8,positive,GRAY,True,
15/583508,10421194,Tool driving module and robot manipulator employing same,"DELTA ELECTRONICS, INC.",DELTA ELECTRONICS,DELTA ELECTRONICS,TW,2017-05-01,93247310,B25J-0015/0019,0.8,positive,GRAY,True,
17/150118,11331811,Robotic palm and finger device thereof,INDUSTRIAL TECHNOLOGY RESEARCH INSTITUTE,INDUSTRIAL TECHNOLOGY RESEARCH INSTITUTE,INDUSTRIAL TECHNOLOGY RESEARCH INSTITUTE,TW,2021-01-15,93271229,B25J-0015/0009,0.8,positive,GRAY,True,
18/210001,12115655,Robotic tray gripper,"Dexterity, Inc.",DEXTERITY,DEXTERITY,US,2023-06-14,93281160,B25J-0015/0028,0.8,positive,GRAY,True,
17/329297,11951624,"Robotic arm system, control method thereof and computer program product thereof",INDUSTRIAL TECHNOLOGY RESEARCH INSTITUTE,INDUSTRIAL TECHNOLOGY RESEARCH INSTITUTE,INDUSTRIAL TECHNOLOGY RESEARCH INSTITUTE,TW,2021-05-25,93286327,B25J-0009/1633,0.8,positive,GRAY,True,
16/316938, ,METHODS AND APPARATUS TO CALIBRATE A POSITIONAL ORIENTATION BETWEEN A ROBOT GRIPPER AND A COMPONENT,Siemens Healthcare Diagnostics Inc.,SIEMENS HEALTHCARE DIAGNOSTICS,SIEMENS HEALTHCARE DIAGNOSTICS,US,2017-06-27,97343463,B25J-0009/1692,0.8,positive,GRAY,True,
17/203296,11772272,System(s) and method(s) of using imitation learning in training and refining robotic control policies,GOOGLE LLC,GOOGLE,ALPHABET,US,2021-03-16,100633523,B25J-0009/1656,0.8,positive,GRAY,True,
14/963189,10618174,Robotic Touch Perception,AEOLUS ROBOTICS,AEOLUS ROBOTICS,AEOLUS ROBOTICS,US,2015-12-08,97378501,B25J-0009/1694,0.8,positive,GRAY,True,
15/190127,9789611,Handling gait disturbances with asynchronous timing,"BOSTON DYNAMICS, INC.",BOSTON DYNAMICS,HYUNDAI MOTOR GROUP(2021~)/구글·소프트뱅크(이전),US,2016-06-22,100633522,B25J-0009/1692,0.8,positive,GRAY,True,
17/021272,11633855,Robot controller and robot control method,FANUC CORPORATION,FANUC,FANUC,JP,2020-09-15,100689235,B25J-0009/1664,0.8,positive,GRAY,True,
17/515628,12304063,Soft gripper apparatus,BOARD OF TRUSTEES OF MICHIGAN STATE UNIVERSITY,BOARD OF TRUSTEES OF MICHIGAN STATE UNIVERSITY,BOARD OF TRUSTEES OF MICHIGAN STATE UNIVERSITY,US,2021-11-01,100857546,B25J-0015/12,0.8,positive,GRAY,True,
17/108044,11890760,Balancer abnormality detection system and balancer abnormality detection method,FANUC CORPORATION,FANUC,FANUC,JP,2020-12-01,101264149,B25J-0009/1674,0.8,positive,GRAY,False,제외:오탐사전(밸런서·NC 등)
17/850046,12179357,"Method of setting force control parameter in work of robot, robot system, and computer program",SEIKO EPSON CORPORATION,SEIKO EPSON,SEIKO EPSON,JP,2022-06-27,101493356,B25J-0009/1633,0.8,positive,GRAY,True,
17/530603,12162169,System and method for location determination and robot control,Massachusetts Institute of Technology,MASSACHUSETTS INSTITUTE OF TECHNOLOGY,MASSACHUSETTS INSTITUTE OF TECHNOLOGY,US,2021-11-19,101319016,B25J-0009/1697,0.8,positive,GRAY,True,
17/124812,11407103,Intelligent gripper with individual cup control,"BOSTON DYNAMICS, INC.",BOSTON DYNAMICS,HYUNDAI MOTOR GROUP(2021~)/구글·소프트뱅크(이전),US,2020-12-17,101541833,B25J-0009/1612,0.8,positive,GRAY,True,
18/083231,12220814,Master-slave robot arm control system and control method,Delta Electronics Int'l (Singapore) Pte Ltd | Nanyang Technological University,DELTA ELECTRONICS INT'L (SINGAPORE) PTE,DELTA ELECTRONICS INT'L (SINGAPORE) PTE,SG,2022-12-16,93292716,B25J-0003/00,0.8,positive,GRAY,True,
18/001232,12257720,Robot control device,FANUC CORPORATION,FANUC,FANUC,JP,2021-07-01,101789464,B25J-0009/1664,0.8,positive,GRAY,False,제외:산업용 주변기술(일반제어·진동·경로·측정·교시UI·공정)
17/038089,11926043,Robot for gripping and/or holding objects,SMW-AUTOBLOK SPANNSYSTEME GMBH,SMW-AUTOBLOK SPANNSYSTEME,SMW-AUTOBLOK SPANNSYSTEME,DE,2020-09-30,102125617,B25J-0019/0041,0.8,positive,GRAY,True,
19/049379,12343870,Self-adaptive identification method for nonlinear dynamic parameters of reducer,Zhejiang University,ZHEJIANG UNIVERSITY,ZHEJIANG UNIVERSITY,CN,2025-02-10,101866655,B25J-0009/1605,0.8,positive,GRAY,True,
18/000002,11833671,Joint structure for robot,OMRON CORPORATION,OMRON,OMRON,JP,2021-05-20,101971652,B25J-0017/0216,0.8,positive,GRAY,True,
17/344503,12350836,Faceted finger for guided haptic feedback,"Amazon Technologies, Inc.",AMAZON TECHNOLOGIES,AMAZON,US,2021-06-10,102194644,B25J-0009/1633,0.8,positive,GRAY,True,
16/414021,11207780,"Path planning apparatus, path planning method, and path planning program",OMRON Corporation,OMRON,OMRON,JP,2019-05-16,102266984,B25J-0009/1666,0.8,positive,GRAY,False,제외:산업용 주변기술(일반제어·진동·경로·측정·교시UI·공정)
16/258740,11911914,System and method for automatic hand-eye calibration of vision system for robot motion,COGNEX CORPORATION,COGNEX,COGNEX,US,2019-01-28,102151924,B25J-0009/1692,0.8,positive,GRAY,True,
17/506556,12343871,Robotic system with gripping mechanism,"Mujin, Inc.",MUJIN,MUJIN,JP,2021-10-20,102380966,B25J-0009/1612,0.8,positive,GRAY,True,
17/900770,12280495,Robotic manipulator with camera and tactile sensing,Khalifa University of Science and Technology,KHALIFA UNIVERSITY OF SCIENCE AND TECHNOLOGY,KHALIFA UNIVERSITY OF SCIENCE AND TECHNOLOGY,AE,2022-08-31,102384941,B25J-0019/023,0.8,positive,GRAY,True,
18/013758,12296469,Device of brake controlling and robot including thereof,LG ELECTRONICS INC.,LG ELECTRONICS,LG,KR,2020-09-18,102393248,B25J-0019/0004,0.8,positive,GRAY,True,
17/791173,12350844,Control system,FANUC CORPORATION,FANUC,FANUC,JP,2021-01-06,102486942,B25J-0009/1694,0.8,positive,GRAY,False,제외:산업용 주변기술(일반제어·진동·경로·측정·교시UI·공정)
18/004407,12337479,Robot system and robot control device,FANUC CORPORATION,FANUC,FANUC,JP,2021-07-26,102486984,B25J-0009/1633,0.8,positive,GRAY,True,
17/718354,12138791,"Robot control system, lower-level control apparatus, and control method for robot",SEIKO EPSON CORPORATION,SEIKO EPSON,SEIKO EPSON,JP,2022-04-12,102495733,B25J-0009/161,0.8,positive,GRAY,False,제외:산업용 주변기술(일반제어·진동·경로·측정·교시UI·공정)
18/610859,12358127,Robotic arm,Sanctuary Cognitive Systems Corporation,SANCTUARY COGNITIVE SYSTEMS,SANCTUARY COGNITIVE SYSTEMS,CA,2024-03-20,102819825,B25J-0009/106,0.8,positive,T1_auto,True,
18/174787,12370679,Device and method for controlling a robot to perform a task,ROBERT BOSCH GMBH,ROBERT BOSCH,ROBERT BOSCH,DE,2023-02-27,102829866,B25J-0009/163,0.8,positive,GRAY,True,
17/009122,11806876,"Control system, control apparatus, and robot",FANUC CORPORATION,FANUC,FANUC,JP,2020-09-01,102493423,B25J-0009/1643,0.8,positive,GRAY,True,
18/014989,12370676,Robot state planning method based on Monte Carlo tree search algorithm,HARBIN INSTITUTE OF TECHNOLOGY,HARBIN INSTITUTE OF TECHNOLOGY,HARBIN INSTITUTE OF TECHNOLOGY,CN,2020-09-24,102829863,B25J-0009/1605,0.8,positive,GRAY,True,
18/710401,12384022,Robot arm with an additional output link,KUKA DEUTSCHLAND GMBH,KUKA DEUTSCHLAND,KUKA,DE,2022-11-09,103561783,B25J-0009/106,0.8,positive,GRAY,True,
17/908107,12275151,Robot control system and control method,OMRON CORPORATION,OMRON,OMRON,JP,2020-12-17,103110929,B25J-0009/1658,0.8,positive,GRAY,False,제외:산업용 주변기술(일반제어·진동·경로·측정·교시UI·공정)
18/001448,12290931,Robot controller,FANUC CORPORATION,FANUC,FANUC,JP,2021-07-27,103141039,B25J-0009/1653,0.8,positive,GRAY,False,제외:산업용 주변기술(일반제어·진동·경로·측정·교시UI·공정)
18/009912,12384036,General-purpose computer-based robot control system,"HANGZHOU KAIERDA WELDING ROBOT CO., LTD.",HANGZHOU KAIERDA WELDING ROBOT,HANGZHOU KAIERDA WELDING ROBOT,CN,2021-06-10,103561797,B25J-0009/1674,0.8,positive,GRAY,True,
14/834855,10081098,Generalized coordinate surrogates for integrated estimation and control,"BOSTON DYNAMICS, INC.",BOSTON DYNAMICS,HYUNDAI MOTOR GROUP(2021~)/구글·소프트뱅크(이전),US,2015-08-25,103903419,B25J-0009/1682,0.8,positive,T1_auto,True,
17/845698,12384039,Learning to acquire and adapt contact-rich manipulation skills with motion primitives,X DEVELOPMENT LLC,X DEVELOPMENT,ALPHABET,US,2022-06-21,103904424,B25J-0009/1687,0.8,positive,GRAY,True,
15/752705,10836051,Robot arm and robot wrist,FRANKA EMIKA GMBH,FRANKA EMIKA,FRANKA,DE,2016-08-10,104316938,B25J-0017/0291,0.8,positive,GRAY,True,
15/576244,10730186,Method and device for open-loop/closed-loop control of an actuator-driven robot joint,KASTANIENBAUM GMBH,KASTANIENBAUM,FRANKA,DE,2016-05-21,104315734,B25J-0009/1674,0.8,positive,T1_auto,True,
16/095326,11358275,Drive unit for a robot and method for manufacturing the same,FRANKA EMIKA GMBH,FRANKA EMIKA,FRANKA,DE,2017-04-20,104320544,B25J-0009/126,0.8,positive,GRAY,True,
16/095225,11396098,Control of a robot system,FRANKA EMIKA GMBH,FRANKA EMIKA,FRANKA,DE,2017-04-21,104320627,B25J-0009/1674,0.8,positive,GRAY,True,
16/607284,11420333,Robot and method for controlling a robot,FRANKA EMIKA GMBH,FRANKA EMIKA,FRANKA,DE,2018-04-18,104325980,B25J-0009/1612,0.8,positive,GRAY,True,
17/521451,12049000,Joint structure for robot and robot including the same,Hyundai Motor Company | Kia Corporation,HYUNDAI MOTOR,HYUNDAI MOTOR GROUP,KR,2021-11-08,104455463,B25J-0015/0009,0.8,positive,GRAY,True,
16/307472,11104005,"Controller for end portion control of multi-degree-of-freedom robot, method for controlling multi-degree-of-freedom robot by using controller, and robot operated thereby",NEUROMEKA,NEUROMEKA,NEUROMEKA,KR,2016-10-31,104812264,B25J-0009/1633,0.8,positive,GRAY,True,
17/791301,12172322,Robot simulation device,FANUC CORPORATION,FANUC,FANUC,JP,2021-01-13,104742584,B25J-0009/1633,0.8,positive,GRAY,True,
16/269306,11872698,Controller of robot and control method,CANON KABUSHIKI KAISHA,CANON,CANON,JP,2019-02-06,104822962,B25J-0009/163,0.8,positive,GRAY,True,
17/414979,12011834,Robot system and method of controlling the robot system,KAWASAKI JUKOGYO KABUSHIKI KAISHA,KAWASAKI JUKOGYO,KAWASAKI HEAVY INDUSTRIES,JP,2019-12-19,105076691,B25J-0003/04,0.8,positive,GRAY,True,
18/631636,12397453,Sensorized robotic gripping device,GDM HOLDING LLC,GDM,GDM,US,2024-04-10,105069972,B25J-0019/023,0.8,positive,GRAY,True,
16/897795,11590651,Method and device for training manipulation skills of a robot system,ROBERT BOSCH GMBH,ROBERT BOSCH,ROBERT BOSCH,DE,2020-06-10,105303482,B25J-0009/163,0.8,positive,GRAY,True,
18/021268,12358132,Robot system and picking method,OMRON CORPORATION | THE UNIVERSITY OF TOKYO,OMRON,OMRON,JP,2021-08-17,105406438,B25J-0009/1612,0.8,positive,GRAY,True,
18/217662,12420413,"Dynamic target tracking method, robot and computer-readable storage medium",UBTECH ROBOTICS CORP LTD,UBTECH ROBOTICS,UBTECH,CN,2023-07-03,105843669,B25J-0009/1664,0.8,positive,GRAY,True,
18/344847,12420416,"Robotic arm control method, robot and its controller","Shenzhen Pengxing Intelligent Research Co., Ltd.",SHENZHEN PENGXING INTELLIGENT RESEARCH,SHENZHEN PENGXING INTELLIGENT RESEARCH,CN,2023-06-29,105843672,B25J-0009/16,0.8,positive,GRAY,True,
18/173137,12330305,Robot system and method for controlling same,OMRON CORPORATION,OMRON,OMRON,JP,2023-02-23,105382130,B25J-0009/1633,0.8,positive,GRAY,True,
18/009988,12214505,"Robot controller, robot control method, and storage medium storing robot control program",MITSUBISHI ELECTRIC CORPORATION,MITSUBISHI ELECTRIC,MITSUBISHI ELECTRIC,JP,2020-07-08,106363658,B25J-0009/1666,0.8,positive,GRAY,True,
18/429763,12440983,Learning-embedded motion planning,ANYWARE ROBOTICS INC.,ANYWARE ROBOTICS,ANYWARE ROBOTICS,US,2024-02-01,106685075,B25J-0009/1664,0.8,positive,GRAY,True,
17/272680,12447623,"Settings support device, settings support method, and program",OMRON CORPORATION,OMRON,OMRON,JP,2019-03-15,106524753,B25J-0009/1689,0.8,positive,GRAY,True,
17/469196,12441004,Robotic grippers,MASSACHUSETTS INSTITUTE OF TECHNOLOGY,MASSACHUSETTS INSTITUTE OF TECHNOLOGY,MASSACHUSETTS INSTITUTE OF TECHNOLOGY,US,2021-09-08,106685078,B25J-0015/0004,0.8,positive,GRAY,True,
14/618629,9314932,Kinetic and dimensional optimization for a tendon-driven gripper,"Willow Garage, Inc.",WILLOW GARAGE,WILLOW GARAGE,US,2015-02-10,106684079,B25J-0009/1075,0.8,positive,GRAY,True,
17/960299,12257710,Robot hand and method for controlling robot hand,"SHINANO KENSHI CO., LTD.",SHINANO KENSHI,SHINANO KENSHI,JP,2022-10-05,106717341,B25J-0009/1612,0.8,positive,GRAY,True,
17/984923,11839982,Systems and methods for real-time control of a robot using a robot animation system,"Animax Designs, Inc.",ANIMAX DESIGNS,ANIMAX DESIGNS,US,2022-11-10,106614599,B25J-0009/1664,0.8,positive,GRAY,True,
18/060399,12240099,Robot having a plurality of legs and method for determining touchdown position thereof,Rainbow Robotics,RAINBOW ROBOTICS,RAINBOW ROBOTICS,KR,2022-11-30,106762311,B25J-0013/084,0.8,positive,GRAY,True,
18/178882,12459115,System and method for controlling a robot,"Mitsubishi Electric Research Laboratories, Inc.",MITSUBISHI ELECTRIC RESEARCH LABORATORIES,MITSUBISHI ELECTRIC,US,2023-03-06,106874121,B25J-0009/163,0.8,positive,GRAY,True,
17/847561,12251840,Force control parameter adjustment method and force control parameter adjustment apparatus,SEIKO EPSON CORPORATION,SEIKO EPSON,SEIKO EPSON,JP,2022-06-23,106785264,B25J-0009/1633,0.8,positive,GRAY,True,
17/087907,11413743,Articulated structure of robot,FANUC CORPORATION,FANUC,FANUC,JP,2020-11-03,106885070,B25J-0009/102,0.8,positive,GRAY,True,
17/663443,12459136,Robot hand,"PANASONIC INTELLECTUAL PROPERTY MANAGEMENT CO., LTD.",PANASONIC INTELLECTUAL PROPERTY MANAGEMENT,PANASONIC,JP,2022-05-16,106874142,B25J-0015/0293,0.8,positive,GRAY,True,
17/753396,12447632,Robotic gripping system,"VERSABUILT, INC.",VERSABUILT,VERSABUILT,US,2020-09-04,106859176,B25J-0015/0475,0.8,positive,GRAY,True,
18/518955,12447612,"Admittance control method, robot, and computer-readable storage medium",UBTECH ROBOTICS CORP LTD,UBTECH ROBOTICS,UBTECH,CN,2023-11-25,106863523,B25J-0009/1633,0.8,positive,T1_auto,True,
16/307670,11123875,"Work assembling device, control method for work assembling device, control program for work assembling device, and recording medium","KANAE KOGYO CO., LTD.",KANAE KOGYO,KANAE KOGYO,JP,2016-10-19,107057046,B25J-0013/00,0.8,positive,GRAY,True,
16/405074,11458635,Method and system for manipulating articles,"CARNEGIE MELLON UNIVERSITY | INTELLIGRATED HEADQUARTERS, LLC",CARNEGIE MELLON UNIVERSITY,CARNEGIE MELLON UNIVERSITY,US,2019-05-07,107135436,B25J-0009/1697,0.8,positive,GRAY,True,
17/157237,11745341,Compliance correction in a robotic system,THE CLEVELAND CLINIC FOUNDATION,THE CLEVELAND CLINIC FOUNDATION,THE CLEVELAND CLINIC FOUNDATION,US,2021-01-25,107059277,B25J-0009/1633,0.8,positive,GRAY,True,
18/061341,12454051,Systems and methods for tactile gesture interpretation,THE BOARD OF TRUSTEES OF THE LELAND STANFORD JUNIOR UNIVERSITY,THE BOARD OF TRUSTEES OF THE LELAND STANFORD JUNIOR UNIVERSITY,THE BOARD OF TRUSTEES OF THE LELAND STANFORD JUNIOR UNIVERSITY,US,2022-12-02,107057872,B25J-0009/1612,0.8,positive,GRAY,True,
16/667069,11345036,"Robot control device, robot control system, and robot control method",FANUC CORPORATION,FANUC,FANUC,JP,2019-10-29,107164524,B25J-0009/1676,0.8,positive,GRAY,True,
18/356497,12384029,Efficient method for robot skill learning,FANUC CORPORATION,FANUC,FANUC,JP,2023-07-21,107234197,B25J-0009/163,0.8,positive,GRAY,True,
16/838565,11618164,Robot and method of controlling same,LG ELECTRONICS INC.,LG ELECTRONICS,LG,KR,2020-04-02,107277655,B25J-0009/1666,0.8,positive,GRAY,True,
17/471520,12365086,Techniques for force and torque-guided robotic assembly,"AUTODESK, INC.",AUTODESK,AUTODESK,US,2021-09-10,107234198,B25J-0009/1633,0.8,positive,GRAY,True,
16/682105,11104010,"Workpiece gripping hand, hand system, and robot system",FANUC CORPORATION,FANUC,FANUC,JP,2019-11-13,107291251,B25J-0015/022,0.8,positive,GRAY,True,
17/638986,11850737,Joint structure for robot,KAWASAKI JUKOGYO KABUSHIKI KAISHA,KAWASAKI JUKOGYO,KAWASAKI HEAVY INDUSTRIES,JP,2020-09-01,107388397,B25J-0017/0258,0.8,positive,GRAY,True,
17/921918,11865704,Joint structure for robot,OMRON CORPORATION,OMRON,OMRON,JP,2021-05-10,107388753,B25J-0017/02,0.8,positive,GRAY,True,
18/164627,12290926,Robot control based on equivalent mass matrix,KABUSHIKI KAISHA YASKAWA DENKI,YASKAWA DENKI,YASKAWA,JP,2023-02-06,107401527,B25J-0009/1607,0.8,positive,GRAY,True,
15/933956,10836036,"Control device, control system, robot, and robot system",Seiko Epson Corporation,SEIKO EPSON,SEIKO EPSON,JP,2018-03-23,107651878,B25J-0009/1628,0.8,positive,GRAY,True,
15/935595,10946517,Robot control device and robot system,Seiko Epson Corporation,SEIKO EPSON,SEIKO EPSON,미상,2018-03-26,107651879,B25J-0009/1641,0.8,positive,GRAY,False,제외:산업용 주변기술(일반제어·진동·경로·측정·교시UI·공정)
16/074988,10875175,Robotic gripping device system and method,OCADO INNOVATION LIMITED,OCADO INNOVATION,OCADO INNOVATION,GB,2017-02-01,107814070,B25J-0009/1612,0.8,positive,GRAY,True,
17/595824,12466087,Adhesive based gripping of objects,"B.G. NEGEV TECHNOLOGIES & APPLICATIONS LTD., AT BEN-GURION UNIVERSITY | PICKOMMERCE AI ROBOTICS LTD | RIMON, ELON",BG NEGEV TECHNOLOGIES & APPLICATIONS AT BEN-GURION UNIVERSITY,BG NEGEV TECHNOLOGIES & APPLICATIONS AT BEN-GURION UNIVERSITY,IL,2020-05-24,107549786,B25J-0015/008,0.8,positive,GRAY,True,
16/545833,12186897,Actuator and robot with reliable torque sensor arrangement,FLEXIV LTD.,FLEXIV,FLEXIV,KY,2019-08-20,108125698,B25J-0019/0029,0.8,positive,GRAY,True,
17/011428,12145277,Framework of robotic online motion planning,FANUC CORPORATION,FANUC,FANUC,JP,2020-09-03,108363675,B25J-0009/1664,0.8,positive,GRAY,True,
16/886816,11548150,Apparatus and method for planning contact-interaction trajectories,"Mitsubishi Electric Research Laboratories, Inc.",MITSUBISHI ELECTRIC RESEARCH LABORATORIES,MITSUBISHI ELECTRIC,US,2020-05-29,108452875,B25J-0009/1664,0.8,positive,GRAY,True,
18/074018,12397447,Grip device and robot device comprising same,"SAMSUNG ELECTRONICS CO., LTD.",SAMSUNG ELECTRONICS,SAMSUNG,KR,2022-12-02,108476050,B25J-0015/0266,0.8,positive,GRAY,True,
18/200417,12496711,"Multi-legged robot load balancing method, multi-legged robot, and storage medium",UBTECH ROBOTICS CORP LTD,UBTECH ROBOTICS,UBTECH,CN,2023-05-22,108541325,B25J-0009/163,0.8,positive,GRAY,True,
17/475771,12296482,System for controlling robot finger and method for the same,HYUNDAI MOTOR COMPANY | KIA CORPORATION,HYUNDAI MOTOR,HYUNDAI MOTOR GROUP,KR,2021-09-15,108787470,B25J-0009/163,0.8,positive,GRAY,True,
18/274206,12521876,"Robot model learning device, robot model machine learning method, recording medium storing robot model machine learning program, robot control device, robot control method, and recording medium storing robot control program",OMRON CORPORATION,OMRON,OMRON,JP,2022-02-01,108898708,B25J-0009/163,0.8,positive,GRAY,True,
18/713705,12528201,Control device for robot performing mastering through torque or force control,FANUC CORPORATION,FANUC,FANUC,JP,2021-12-20,109086092,B25J-0013/085,0.8,positive,GRAY,True,
17/697525,12528202,Collapsible splined fingers for ratcheting engagements and high normal force exertion,"Toyota Research Institute, Inc.",TOYOTA RESEARCH INSTITUTE,TOYOTA,US,2022-03-17,109086093,B25J-0015/0033,0.8,positive,GRAY,True,
18/646099,12515323,Limiting arm forces and torques,"Boston Dynamics, Inc.",BOSTON DYNAMICS,HYUNDAI MOTOR GROUP(2021~)/구글·소프트뱅크(이전),US,2024-04-25,109211063,B25J-0009/162,0.8,positive,GRAY,True,
18/103825,12515352,Visuotactile operators for proximity sensing and contact control,"SAMSUNG ELECTRONICS CO., LTD.",SAMSUNG ELECTRONICS,SAMSUNG,KR,2023-01-31,109212016,B25J-0013/083,0.8,positive,GRAY,True,
18/525111,12420437,Robot for gripping an object using dual fingers and object grip method thereof,"SAMSUNG ELECTRONICS CO., LTD.",SAMSUNG ELECTRONICS,SAMSUNG,KR,2023-11-30,109206216,B25J-0009/1612,0.8,positive,GRAY,True,
16/585527,11577405,Robot hand and robot system,FANUC CORPORATION,FANUC,FANUC,JP,2019-09-27,109339372,B25J-0015/0052,0.8,positive,GRAY,True,
18/424323,12533797,"Robot control method, robot and computer-readable storage medium",UBTECH ROBOTICS CORP LTD,UBTECH ROBOTICS,UBTECH,CN,2024-01-26,109228646,B25J-0009/1607,0.8,positive,GRAY,True,
17/784279,12194618,Hand device and workpiece handling system,FANUC CORPORATION,FANUC,FANUC,JP,2021-02-10,109340246,B25J-0015/08,0.8,positive,GRAY,True,
18/179024,12397419,System and method for controlling a robotic manipulator,"Mitsubishi Electric Research Laboratories, Inc.",MITSUBISHI ELECTRIC RESEARCH LABORATORIES,MITSUBISHI ELECTRIC,미상,2023-03-06,109325317,B25J-0009/163,0.8,positive,GRAY,True,
18/164631,12377543,Path planning during execution of robot control,KABUSHIKI KAISHA YASKAWA DENKI,YASKAWA DENKI,YASKAWA,JP,2023-02-06,109328129,B25J-0009/1664,0.8,positive,GRAY,False,제외:산업용 주변기술(일반제어·진동·경로·측정·교시UI·공정)
15/411212,10179411,"Soft robotic grippers for cluttered grasping environments, high acceleration movements, food manipulation, and automated storage and retrieval systems","SOFT ROBOTICS, INC.",SOFT ROBOTICS,SOFT ROBOTICS/OXIPITAL,US,2017-01-20,109892308,B25J-0015/0023,0.8,positive,GRAY,True,
16/097124,11014247,Mobile robot with enhanced balanced motion and behavior capabilities,SOFTBANK ROBOTICS EUROPE,SOFTBANK ROBOTICS EUROPE,SOFTBANK ROBOTICS,FR,2016-04-29,109890604,B25J-0011/0035,0.8,positive,GRAY,True,
16/341821,11571806,"Three-rotational-degree-of-freedom connection mechanism, robot, robot arm, and robot hand",MITSUBISHI ELECTRIC CORPORATION,MITSUBISHI ELECTRIC,MITSUBISHI ELECTRIC,JP,2017-09-11,110352403,B25J-0009/106,0.8,positive,T1_auto,True,
15/197705,9782902,Gripper for robot hand capabel of adaptive grasp,"ROBOTIS CO., LTD.",ROBOTIS,ROBOTIS,KR,2016-06-29,110357766,B25J-0015/022,0.8,positive,GRAY,True,
15/137356,10093023,Enhancement of soft robotic grippers through integration of stiff structures,"SOFT ROBOTICS, INC.",SOFT ROBOTICS,SOFT ROBOTICS/OXIPITAL,US,2016-04-25,109881456,B25J-0015/0023,0.8,positive,GRAY,True,
15/300218,10293486,Omnidirectional wheeled humanoid robot based on a linear predictive position and velocity controller,SOFTBANK ROBOTICS EUROPE | INSTITUT NATIONAL DE RECHERCHE EN INFORMATIQUE ET EN AUTOMATIQUE,SOFTBANK ROBOTICS EUROPE,SOFTBANK ROBOTICS,FR,2015-04-17,109867015,B25J-0009/1669,0.8,positive,T1_auto,True,
18/723679,12539620,"Robot control device, robot system, and robot control program",KAWASAKI JUKOGYO KABUSHIKI KAISHA,KAWASAKI JUKOGYO,KAWASAKI HEAVY INDUSTRIES,JP,2022-12-19,111898763,B25J-0013/08,0.8,positive,GRAY,True,
17/698261,12539622,Robot hand module,HYUNDAI MOTOR COMPANY | KIA CORPORATION,HYUNDAI MOTOR,HYUNDAI MOTOR GROUP,KR,2022-03-18,111898765,B25J-0015/0009,0.8,positive,T1_auto,True,
16/152954,11260531,"End effector calibration assemblies, systems, and methods","Advanced Solutions Life Sciences, LLC",ADVANCED SOLUTIONS LIFE SCIENCES,ADVANCED SOLUTIONS LIFE SCIENCES,US,2018-10-05,109916272,B25J-0009/1692,0.8,positive,GRAY,True,
18/309263,12533811,"Method and apparatus for control robot to perform somersault motion, and robot",Tencent Technology (Shenzhen) Company Limited,TENCENT TECHNOLOGY (SHENZHEN),TENCENT TECHNOLOGY (SHENZHEN),CN,2023-04-28,112072502,B25J-0009/1679,0.8,positive,GRAY,True,
17/059099,11919164,Robot system and robot control method,KAWASAKI JUKOGYO KABUSHIKI KAISHA,KAWASAKI JUKOGYO,KAWASAKI HEAVY INDUSTRIES,JP,2019-05-24,112180003,B25J-0009/163,0.8,positive,GRAY,True,
18/375291,12544925,"Robot control system, robot control method and program","HITACHI, LTD.",HITACHI,HITACHI,JP,2023-09-29,112105431,B25J-0009/1661,0.8,positive,GRAY,True,
17/982689,12285869,"Robot control system, robot control method, and program",TOYOTA JIDOSHA KABUSHIKI KAISHA,TOYOTA JIDOSHA,TOYOTA,JP,2022-11-08,112119435,B25J-0009/1664,0.8,positive,GRAY,True,
18/099066,12539607,Robot programming,GOOGLE LLC | INTRINSIC INNOVATION LLC,GOOGLE,ALPHABET,미상,2023-01-19,112267867,B25J-0009/1661,0.8,positive,GRAY,True,
17/494027,12552046,Robotic tool control with compliant force/geometry sensor,"Toyota Research Institute, Inc.",TOYOTA RESEARCH INSTITUTE,TOYOTA,US,2021-10-05,112288791,B25J-0013/084,0.8,positive,GRAY,True,
18/506672,12544931,Apparatus and method for controlling robotic manipulators,"SAMSUNG ELECTRONICS CO., LTD.",SAMSUNG ELECTRONICS,SAMSUNG,KR,2023-11-10,112460000,B25J-0009/1697,0.8,positive,GRAY,True,
18/384377,12558785,Robot and method for autonomously moving and grasping objects,National Yang Ming Chiao Tung University,NATIONAL YANG MING CHIAO TUNG UNIVERSITY,NATIONAL YANG MING CHIAO TUNG UNIVERSITY,TW,2023-10-26,112490147,B25J-0009/1664,0.8,positive,GRAY,True,
14/695409,9796090,System architecture for control systems via knowledge layout search,ACCENTURE GLOBAL SERVICES LIMITED,ACCENTURE GLOBAL SERVICES,ACCENTURE GLOBAL SERVICES,IE,2015-04-24,112604325,B25J-0009/1674,0.8,positive,GRAY,True,
16/390634,10850402,Systems and methods for acquiring and moving objects,"Berkshire Grey, Inc.",BERKSHIRE GREY,BERKSHIRE GREY,US,2019-04-22,112657563,B25J-0015/0033,0.8,positive,GRAY,True,
18/545239,12552030,Systems and methods for grasping and placing multiple objects with a robotic gripper,"Boston Dynamics, Inc.",BOSTON DYNAMICS,HYUNDAI MOTOR GROUP(2021~)/구글·소프트뱅크(이전),US,2023-12-19,112692495,B25J-0009/1612,0.8,positive,GRAY,True,
17/969718,12564950,"Robot control method, robot control system, and robot control program",SEIKO EPSON CORPORATION,SEIKO EPSON,SEIKO EPSON,JP,2022-10-20,112709824,B25J-0009/1661,0.8,positive,GRAY,False,제외:산업용 주변기술(일반제어·진동·경로·측정·교시UI·공정)
17/743296,12552028,"Barycenter position determining method and apparatus, legged robot, and storage medium",TENCENT TECHNOLOGY (SHENZHEN) COMPANY LIMITED,TENCENT TECHNOLOGY (SHENZHEN),TENCENT TECHNOLOGY (SHENZHEN),CN,2022-05-12,112691201,B25J-0009/1664,0.8,positive,GRAY,True,
18/153351,12552037,Remote control system,"Honda Motor Co., Ltd.",HONDA MOTOR,HONDA,JP,2023-01-12,112780996,B25J-0009/1689,0.8,positive,GRAY,True,
15/007166,9539725,Visually controlled end effector,Milos Misha Subotincic,MILOS MISHA SUBOTINCIC,MILOS MISHA SUBOTINCIC,CA,2016-01-26,112903951,B25J-0009/1612,0.8,positive,GRAY,True,
17/455615,12280493,End effector for robotic positioner,CTRL ROBOT INC.,CTRL ROBOT,CTRL ROBOT,CA,2021-11-18,112920136,B25J-0015/0616,0.8,positive,GRAY,True,
18/475526,12569996,Method and apparatus for automatically generating drum play motion of robot,KOREA INSTITUTE OF SCIENCE AND TECHNOLOGY,KOREA INSTITUTE OF SCIENCE AND TECHNOLOGY,KOREA INSTITUTE OF SCIENCE AND TECHNOLOGY,KR,2023-09-27,112974050,B25J-0009/1664,0.8,positive,T1_auto,True,
18/128399, ,METHOD AND APPARATUS FOR IMPROVED SAMPLING-BASED GRAPH GENERATION FOR ONLINE PATH PLANNING BY A ROBOT,OMRON CORPORATION,OMRON,OMRON,JP,2023-03-30,113043749,B25J-0009/1666,0.8,positive,GRAY,False,제외:산업용 주변기술(일반제어·진동·경로·측정·교시UI·공정)
18/188217,12343875,System and method for controlling an operation of a manipulation system,"Mitsubishi Electric Research Laboratories, Inc.",MITSUBISHI ELECTRIC RESEARCH LABORATORIES,MITSUBISHI ELECTRIC,US,2023-03-22,113044324,B25J-0009/1664,0.8,positive,GRAY,False,제외:산업용 주변기술(일반제어·진동·경로·측정·교시UI·공정)
16/304976,11780091,Robot control system and robot control method,"MITSUBISHI HEAVY INDUSTRIES, LTD.",MITSUBISHI HEAVY INDUSTRIES,MITSUBISHI HEAVY INDUSTRIES,JP,2017-06-08,112909046,B25J-0009/1687,0.8,positive,GRAY,True,
17/698187,12570009,Robot hand module,Hyundai Motor Company | Kia Corporation,HYUNDAI MOTOR,HYUNDAI MOTOR GROUP,KR,2022-03-18,112974063,B25J-0015/0009,0.8,positive,T1_auto,True,
15/006264,9630316,Real-time determination of object metrics for trajectory planning,X DEVELOPMENT LLC,X DEVELOPMENT,ALPHABET,US,2016-01-26,113192092,B25J-0009/1612,0.8,positive,GRAY,True,
18/528999,12318924,Robotic arm and modularized segment,Haoxu Wang,HAOXU WANG,HAOXU WANG,CA,2023-12-05,113184426,B25J-0009/0009,0.8,positive,GRAY,True,
17/664346,12502792,Robotic gripper apparatus,"DIVERGENT TECHNOLOGIES, INC.",DIVERGENT TECHNOLOGIES,DIVERGENT TECHNOLOGIES,US,2022-05-20,113274307,B25J-0015/10,0.8,positive,GRAY,True,
15/292851,10759048,"Driving mechanism, robot apparatus measurement method, robot apparatus control method and component manufacturing method",CANON KABUSHIKI KAISHA,CANON,CANON,JP,2016-10-13,113387115,B25J-0009/1633,0.8,positive,GRAY,True,
18/324554,12576510,Robot control system,DENSO WAVE INCORPORATED,DENSO WAVE,DENSO,JP,2023-05-26,113221953,B25J-0009/0081,0.8,positive,GRAY,True,
18/246497,12576518,"Robot control system, control device, and robot control method",JOHNAN CORPORATION,JOHNAN,JOHNAN,JP,2022-03-04,113221961,B25J-0009/163,0.8,positive,GRAY,True,
18/025928,12564953,Learning physical features from tactile robotic exploration,Massachusetts Institute of Technology,MASSACHUSETTS INSTITUTE OF TECHNOLOGY,MASSACHUSETTS INSTITUTE OF TECHNOLOGY,US,2021-10-22,113196814,B25J-0009/1664,0.8,positive,GRAY,True,
17/562941,12570011,Robotic manipulator arm,"TELEDYNE FLIR DEFENSE, INC.",TELEDYNE FLIR DEFENSE,TELEDYNE FLIR DEFENSE,US,2021-12-27,113391916,B25J-0009/1697,0.8,positive,GRAY,True,
18/839062,12552015,Joint structure for robot,FANUC CORPORATION,FANUC,FANUC,JP,2022-03-30,113285217,B25J-0009/102,0.8,positive,GRAY,True,
18/198146,12358165,Robotic joint with an automatic transmission,"AVAR ROBOTICS, INC.",AVAR ROBOTICS,AVAR ROBOTICS,US,2023-05-16,113393209,B25J-0017/00,0.8,positive,GRAY,True,
18/324527,12583110,Robot control system,DENSO WAVE INCORPORATED,DENSO WAVE,DENSO,JP,2023-05-26,113416915,B25J-0009/1664,0.8,positive,GRAY,False,제외:산업용 주변기술(일반제어·진동·경로·측정·교시UI·공정)
16/755499,11254013,Interchangeable robot gripper base,SOFTBOX PATENTS APS,SOFTBOX PATENTS,SOFTBOX PATENTS,DK,2018-10-09,113596284,B25J-0015/04,0.8,positive,GRAY,True,
18/490242,12583103,"Robot arm control device, method for training hierarchical reinforcement learning model for robot arm control, and storage medium storing instructions to perform method training hierarchical reinforcement learning model for robot arm control",Agency for Defense Development | Seoul National University R & DB Foundation,AGENCY FOR DEFENSE DEVELOPMENT,AGENCY FOR DEFENSE DEVELOPMENT,KR,2023-10-19,113416908,B25J-0009/163,0.8,positive,GRAY,True,
16/843162,11407123,Systems and methods for a telescoping suction gripper assembly,AMP Robotics Corporation,AMP ROBOTICS,AMP ROBOTICS,US,2020-04-08,113597654,B25J-0009/0009,0.8,positive,GRAY,True,
15/941659,11179856,User-assisted robotic control systems,"SOFT ROBOTICS, INC.",SOFT ROBOTICS,SOFT ROBOTICS/OXIPITAL,US,2018-03-30,113612975,B25J-0015/0023,0.8,positive,GRAY,True,
18/508402,12384051,Robot,TOYOTA JIDOSHA KABUSHIKI KAISHA,TOYOTA JIDOSHA,TOYOTA,JP,2023-11-14,113704926,B25J-0013/088,0.8,positive,GRAY,True,
16/945370,12005572,Robotic system with gripping mechanism,"MUJIN, INC.",MUJIN,MUJIN,JP,2020-07-31,113831241,B25J-0015/0616,0.8,positive,GRAY,True,
18/546286,12403613,Process of interacting with objects,UNIVERSITA DI PISA | FONDAZIONE ISTITUTO ITALIANO DI TECNOLOGIA,UNIVERSITA DI PISA,UNIVERSITA DI PISA,IT,2022-02-07,113893717,B25J-0013/087,0.8,positive,GRAY,True,
17/766931,11872697,Collaborative device with optimised control,FTS WELDING,FTS WELDING,FTS WELDING,FR,2020-10-06,113978398,B25J-0009/0081,0.8,positive,GRAY,True,
18/446040,11904470,"Systems, apparatuses, and methods for robotic learning and execution of skills including navigation and manipulation functions","Diligent Robotics, Inc.",DILIGENT ROBOTICS,DILIGENT ROBOTICS,US,2023-08-08,114007801,B25J-0009/163,0.8,positive,GRAY,True,
17/550217,12240100,Controlled compliant gripping and manipulating system for a robot,GM GLOBAL TECHNOLOGY OPERATIONS LLC,GM GLOBAL TECHNOLOGY OPERATIONS,GM,US,2021-12-14,114078652,B25J-0009/1669,0.8,positive,GRAY,True,
17/369965,11931895,Robot control system and robot control method,KABUSHIKI KAISHA YASKAWA DENKI,YASKAWA DENKI,YASKAWA,JP,2021-07-08,114167680,B25J-0009/163,0.8,positive,GRAY,True,
17/900843,12427672,Robotic manipulator with visual guidance and tactile sensing,Khalifa University of Science and Technology and The Aerospace Holding Company LLC | Khalifa University of Science and Technology | The Aerospace Holding Company LLC,KHALIFA UNIVERSITY OF SCIENCE AND TECHNOLOGY AND THE AEROSPACE,KHALIFA UNIVERSITY OF SCIENCE AND TECHNOLOGY AND THE AEROSPACE,AE,2022-08-31,114043863,B25J-0009/1697,0.8,positive,GRAY,True,
19/185186,12594671,"Teleoperation system for robotic manipulation, and methods, apparatus, and systems thereof",Watney Robotics Inc.,WATNEY ROBOTICS,WATNEY ROBOTICS,US,2025-04-21,114252811,B25J-0009/1689,0.8,positive,GRAY,True,
18/706526,12605833,Robot system and robot,KAWASAKI JUKOGYO KABUSHIKI KAISHA,KAWASAKI JUKOGYO,KAWASAKI HEAVY INDUSTRIES,JP,2021-12-22,114262799,B25J-0009/1664,0.8,positive,GRAY,False,제외:산업용 주변기술(일반제어·진동·경로·측정·교시UI·공정)
17/003183,11541535,Robot control device,FANUC CORPORATION,FANUC,FANUC,JP,2020-08-26,114356162,B25J-0009/1651,0.8,positive,GRAY,False,제외:산업용 주변기술(일반제어·진동·경로·측정·교시UI·공정)
17/465534,12090637,Adaptable multifunction robotic hands,VIRALINT PTE LTD,VIRALINT PTE,VIRALINT PTE,SG,2021-09-02,114348625,B25J-0015/0009,0.8,positive,GRAY,True,
16/936877,11613012,Robot controller,FANUC CORPORATION,FANUC,FANUC,JP,2020-07-23,114356143,B25J-0009/1633,0.8,positive,GRAY,True,
14/857648,10118301,"Soft robotic actuator attachment hub and grasper assembly, reinforced actuators, and electroadhesive actuators","SOFT ROBOTICS, INC.",SOFT ROBOTICS,SOFT ROBOTICS/OXIPITAL,US,2015-09-17,114425467,B25J-0015/12,0.8,positive,GRAY,True,
18/604616,12611771,TCP acceleration limitation for joint interpolated motions,FANUC AMERICA CORPORATION,FANUC AMERICA,FANUC,US,2024-03-14,114472899,B25J-0009/1664,0.8,positive,GRAY,True,
16/587192,11260540,Automatic pick-up equipment,TYCO ELECTRONICS (SHANGHAI) CO. LTD. | SHENZHEN AMI TECHNOLOGY CO. LTD.,TYCO ELECTRONICS (SHANGHAI),TYCO ELECTRONICS (SHANGHAI),CN,2019-09-30,114356857,B25J-0015/0057,0.8,positive,GRAY,True,
18/264543,12611773,"Robot control device, robot control system, and non-transitory computer-readable medium storing a computer program",FANUC CORPORATION,FANUC,FANUC,JP,2022-02-14,114472901,B25J-0009/1666,0.8,positive,GRAY,False,제외:산업용 주변기술(일반제어·진동·경로·측정·교시UI·공정)
17/931954,12343876,System and method for controlling a robot using constrained dynamic movement primitives,"Mitsubishi Electric Research Laboratories, Inc.",MITSUBISHI ELECTRIC RESEARCH LABORATORIES,MITSUBISHI ELECTRIC,US,2022-09-14,114534852,B25J-0009/1666,0.8,positive,GRAY,True,
16/900911,11364641,Gripping device,ONROBOT A/S,ONROBOT A/S,ONROBOT A/S,DK,2020-06-13,114438780,B25J-0015/0441,0.8,positive,GRAY,True,
17/725753,12605850,Micro electro-hydraulic linear actuator and hand of electro-hydraulic driven robot,"SHENZHEN SPHERICAL FLUID POWER TECHNOLOGY CO.,LTD.",SHENZHEN SPHERICAL FLUID POWER TECHNOLOGY COLTD,SHENZHEN SPHERICAL FLUID POWER TECHNOLOGY COLTD,CN,2022-04-21,114629093,B25J-0015/0009,0.8,positive,T1_auto,True,
18/103946,12564941,"Robot control device, robot control method, and recording medium storing robot control program",NEC CORPORATION,NEC,NEC,JP,2023-01-31,114535613,B25J-0009/1602,0.8,positive,GRAY,True,
18/545148,12447620,Methods and apparatus for controlling a gripper of a robotic device,"Boston Dynamics, Inc.",BOSTON DYNAMICS,HYUNDAI MOTOR GROUP(2021~)/구글·소프트뱅크(이전),US,2023-12-19,114634153,B25J-0009/1612,0.8,positive,GRAY,True,
17/251993,11839979,Dual mode free-drive of robot arm,UNIVERSAL ROBOTS A/S,UNIVERSAL ROBOTS A/S,UNIVERSAL ROBOTS A/S,DK,2019-06-17,114790457,B25J-0009/1633,0.8,positive,GRAY,True,
17/685815,12617106,Robot hand module,Hyundai Motor Company | Kia Corporation,HYUNDAI MOTOR,HYUNDAI MOTOR GROUP,KR,2022-03-03,114642493,B25J-0015/0009,0.8,positive,T1_auto,True,
18/626092,12611783,Robot hand and control method of the same,"SAMSUNG ELECTRONICS CO., LTD.",SAMSUNG ELECTRONICS,SAMSUNG,KR,2024-04-03,114830999,B25J-0015/0028,0.8,positive,GRAY,True,
17/689211,12605851,Robot end effector,"TOYOTA RESEARCH INSTITUTE, INC.",TOYOTA RESEARCH INSTITUTE,TOYOTA,US,2022-03-08,114632963,B25J-0009/0012,0.8,positive,GRAY,True,
15/733892,11878431,End effector and member mounting method,SHIMIZU CORPORATION,SHIMIZU,SHIMIZU,JP,2019-05-20,114833719,B25J-0009/1687,0.8,positive,GRAY,True,
18/532845,12623339,Articulated work robot device,RAON ROBOTICS INC.,RAON ROBOTICS,RAON ROBOTICS,KR,2023-12-07,114850754,B25J-0009/0084,0.8,positive,GRAY,True,
18/048271,12479092,System and method for learning sequences in robotic tasks for generalization to new tasks,"Mitsubishi Electric Research Laboratories, Inc.",MITSUBISHI ELECTRIC RESEARCH LABORATORIES,MITSUBISHI ELECTRIC,미상,2022-10-20,114920706,B25J-0009/163,0.8,positive,GRAY,True,
16/949754,12053893,Module insertion system for robotic assembly,"BRIGHT MACHINES, INC.",BRIGHT MACHINES,BRIGHT MACHINES,US,2020-11-12,115000728,B25J-0009/1687,0.8,positive,GRAY,True,
18/569087,12564944,Robot and robot control method,"BEIJING YOUZHUJU NETWORK TECHNOLOGY CO., LTD.",BEIJING YOUZHUJU NETWORK TECHNOLOGY,BEIJING YOUZHUJU NETWORK TECHNOLOGY,CN,2022-09-27,114940942,B25J-0009/162,0.8,positive,GRAY,True,
18/356525,12629837,Method for robot assembly skill learning,FANUC CORPORATION,FANUC,FANUC,JP,2023-07-21,115040067,B25J-0009/1687,0.8,positive,GRAY,True,
17/935879,12629822,Device and method for controlling a robot,ROBERT BOSCH GMBH,ROBERT BOSCH,ROBERT BOSCH,DE,2022-09-27,115040052,B25J-0009/163,0.8,positive,GRAY,True,
18/047561,12128553,Infinite-rotation infinite-stiffness variable stiffness actuator (IRISVSA) with application for compliant supernumerary robotic limb,KHALIFA UNIVERSITY OF SCIENCE AND TECHNOLOGY,KHALIFA UNIVERSITY OF SCIENCE AND TECHNOLOGY,KHALIFA UNIVERSITY OF SCIENCE AND TECHNOLOGY,AE,2022-10-18,114632388,B25J-0019/068,0.8,positive,GRAY,True,
18/328227,12605831,Robot controller and robot control system,NACHI-FUJIKOSHI CORP.,NACHI-FUJIKOSHI,NACHI-FUJIKOSHI,JP,2023-06-02,115124434,B25J-0009/1664,0.8,positive,GRAY,True,
17/723916,12629849,Inverse tendon actuated fingers for active grasping,"Toyota Research Institute, Inc.",TOYOTA RESEARCH INSTITUTE,TOYOTA,US,2022-04-19,115040079,B25J-0015/12,0.8,positive,GRAY,True,
18/278239,12533809,"Robot posture determination device, method, and program",OMRON CORPORATION,OMRON,OMRON,JP,2022-01-19,115148478,B25J-0009/1669,0.8,positive,GRAY,True,
17/774764,12304068,"Articulation having three degrees of freedom for a robot, and corresponding control method",POLLEN ROBOTICS,POLLEN ROBOTICS,POLLEN ROBOTICS,FR,2020-11-02,115213210,B25J-0009/0048,0.8,positive,GRAY,True,
15/223141,10717196,"Machine learning device, robot system, and machine learning method for learning workpiece picking operation","FANUC CORPORATION | PREFERRED NETWORKS, INC.",FANUC,FANUC,JP,2016-07-29,115220064,B25J-0009/1697,0.8,positive,GRAY,True,
18/545967,12617093,Real-time robotic control using digital twin models,INTRINSIC INNOVATION LLC,INTRINSIC INNOVATION,ALPHABET,US,2023-12-19,115025153,B25J-0009/1671,0.8,positive,GRAY,True,
18/731745,12623350,Universal manipulation interface,"Toyota Research Institute, Inc. | Toyota Jidosha Kabushiki Kaisha | THE BOARD OF TRUSTEES OF THE LELAND STANFORD JUNIOR UNIVERSITY",TOYOTA RESEARCH INSTITUTE,TOYOTA,US,2024-06-03,115221556,B25J-0009/1697,0.8,positive,GRAY,True,
17/884678,12636784,Real-time motion and path planner for robots,Intel Corporation,INTEL,INTEL,US,2022-08-10,115247072,B25J-0009/1666,0.8,positive,GRAY,True,
17/743709,12629827,Rapid change mechanism for complex end effectors,The Boeing Company,THE BOEING,THE BOEING,US,2022-05-13,115395490,B25J-0009/1612,0.8,positive,GRAY,True,
18/293937,12629847,System for controlling robotic end effectors,EMI INTEGRATED SYSTEMS LTD.,EMI INTEGRATED SYSTEMS,EMI INTEGRATED SYSTEMS,IL,2022-08-04,115396409,B25J-0015/0408,0.8,positive,GRAY,True,
18/026538,12397446,Electrostatic attractor and robot hand comprising same,CREATIVE TECHNOLOGY CORPORATION,CREATIVE TECHNOLOGY,CREATIVE TECHNOLOGY,JP,2021-09-22,115541648,B25J-0015/0085,0.8,positive,GRAY,True,
18/573197,12636776,Method for controlling a robotic gripper using friction estimation,CAMOZZI AUTOMATION S.P.A.,CAMOZZI AUTOMATION,CAMOZZI AUTOMATION,IT,2022-07-12,115598952,B25J-0009/1612,0.8,positive,GRAY,True,
18/464837,12636775,Robust position control system of flexible joint robots,Daegu Gyeongbuk Institute of Science and Technology,DAEGU GYEONGBUK INSTITUTE OF SCIENCE AND TECHNOLOGY,DAEGU GYEONGBUK INSTITUTE OF SCIENCE AND TECHNOLOGY,KR,2023-09-11,115609213,B25J-0009/1607,0.8,positive,GRAY,True,
17/566589,11938634,"Systems, devices, and methods for multi-purpose robots",SANCTUARY COGNITIVE SYSTEMS CORPORATION,SANCTUARY COGNITIVE SYSTEMS,SANCTUARY COGNITIVE SYSTEMS,CA,2021-12-30,115591051,B25J-0009/1661,0.8,positive,T1_auto,True,
18/489789,12552021,Techniques for training and implementing reinforcement learning policies for robot control,NVIDIA CORPORATION,NVIDIA,NVIDIA,US,2023-10-18,115612829,B25J-0009/163,0.8,positive,GRAY,True,
17/685713,11826903,Robot hand module,Hyundai Motor Company | Kia Corporation,HYUNDAI MOTOR,HYUNDAI MOTOR GROUP,KR,2022-03-03,115621985,B25J-0015/0009,0.8,positive,T1_auto,True,
15/180653,10179410,Modular robotic systems,"SOFT ROBOTICS, INC.",SOFT ROBOTICS,SOFT ROBOTICS/OXIPITAL,US,2016-06-13,115766003,B25J-0015/0023,0.8,positive,GRAY,True,
17/818499,12654311,"Robot hand, handling system, robot hand control device, method for controlling robot hand, and storage medium",KABUSHIKI KAISHA TOSHIBA,TOSHIBA,TOSHIBA,JP,2022-08-09,115805992,B25J-0009/1612,0.8,positive,GRAY,True,
18/033814,12654330,"Robot control system, robot control method, and program","HITACHI, LTD.",HITACHI,HITACHI,JP,2021-08-26,115806011,B25J-0009/1697,0.8,positive,GRAY,True,
18/178533,12654314,Robot control in working space,KABUSHIKI KAISHA YASKAWA DENKI,YASKAWA DENKI,YASKAWA,JP,2023-03-06,115805995,B25J-0009/163,0.8,positive,GRAY,True,
17/457696,12151379,Method of robot dynamic motion planning and control,FANUC CORPORATION,FANUC,FANUC,JP,2021-12-06,115886331,B25J-0009/1666,0.8,positive,GRAY,True,
16/456919,11148288,"Systems, apparatus, and methods for robotic learning and execution of skills","DILIGENT ROBOTICS, INC.",DILIGENT ROBOTICS,DILIGENT ROBOTICS,US,2019-06-28,116001468,B25J-0009/1661,0.8,positive,GRAY,True,
18/074387,12649229,Simulation and reinforcement learning techniques for performing robotic tasks,NVIDIA CORPORATION,NVIDIA,NVIDIA,US,2022-12-02,116005745,B25J-0009/163,0.8,positive,GRAY,True,
18/467082,12654336,End of arm tools having belt-driven engagement members,"AMAZON TECHNOLOGIES, INC.",AMAZON TECHNOLOGIES,AMAZON,US,2023-09-14,115806017,B25J-0015/0683,0.8,positive,GRAY,True,
18/573014,12661796,Hand and robot system,KAWASAKI JUKOGYO KABUSHIKI KAISHA,KAWASAKI JUKOGYO,KAWASAKI HEAVY INDUSTRIES,JP,2022-06-10,116020055,B25J-0009/1687,0.8,positive,GRAY,True,
18/970132,12667964,"Control system, control method, and non-transitory computer readable medium storing control program",TOYOTA JIDOSHA KABUSHIKI KAISHA,TOYOTA JIDOSHA,TOYOTA,JP,2024-12-05,116243828,B25J-0009/1653,0.8,positive,GRAY,True,
18/657415,12661800,Robot and method for controlling thereof,"SAMSUNG ELECTRONICS CO., LTD.",SAMSUNG ELECTRONICS,SAMSUNG,KR,2024-05-07,116457624,B25J-0009/1697,0.8,positive,GRAY,True,
18/429595,12661785,"Robot control method and apparatus, robot, and storage medium",TENCENT TECHNOLOGY (SHENZHEN) COMPANY LIMITED,TENCENT TECHNOLOGY (SHENZHEN),TENCENT TECHNOLOGY (SHENZHEN),CN,2024-02-01,116457241,B25J-0009/1664,0.8,positive,GRAY,True,
16/237615,11351675,Robotic end-effector having dynamic stiffening elements for conforming object interaction,SARCOS CORP.,SARCOS,SARCOS,US,2018-12-31,116572168,B25J-0015/0009,0.8,positive,GRAY,True,
18/294752,12673428,"Device for teaching position and posture for robot to grasp workpiece, robot system, and method",FANUC CORPORATION,FANUC,FANUC,JP,2021-08-20,116475130,B25J-0009/1697,0.8,positive,GRAY,True,
17/246082,12502773,Real-time robotics control framework,INTRINSIC INNOVATION LLC,INTRINSIC INNOVATION,ALPHABET,US,2021-04-30,116694199,B25J-0009/1628,0.8,positive,GRAY,True,
18/799719,12667960,"Systems, methods, and control modules for controlling grasping by robot systems",Sanctuary Cognitive Systems Corporation,SANCTUARY COGNITIVE SYSTEMS,SANCTUARY COGNITIVE SYSTEMS,CA,2024-08-09,116691023,B25J-0009/1612,0.8,positive,T1_auto,True,
18/099886,12678950,Robotic system with independently controllable higher derivatives,"DEXTERITY, INC.",DEXTERITY,DEXTERITY,US,2023-01-20,116709549,B25J-0009/1664,0.8,positive,GRAY,True,
18/561466,12678982,Finger with tactile sensor for robot hand and robot hand with tactile sensor using same,"NISSHA CO.,LTD.",NISSHA COLTD,NISSHA COLTD,JP,2022-05-09,116709581,B25J-0019/02,0.8,positive,GRAY,True,
18/152499,12678963,Device and method for controlling a robot,ROBERT BOSCH GMBH,ROBERT BOSCH,ROBERT BOSCH,DE,2023-01-10,116709562,B25J-0009/1697,0.8,positive,GRAY,True,
19/375297, ,MECHANICAL HAND AND ROBOT,"ZHEJIANG QIANGNAO TECHNOLOGY CO., LTD. | SHENZHEN MENTAL FLOW TECHNOLOGY CO.,LTD.",ZHEJIANG QIANGNAO TECHNOLOGY,ZHEJIANG QIANGNAO TECHNOLOGY,CN,2025-10-31,116781984,B25J-0015/0009,0.8,positive,GRAY,True,
19/434406, ,ROBOT,AISAN KOGYO KABUSHIKI KAISHA,AISAN KOGYO,AISAN KOGYO,JP,2025-12-29,116781980,B25J-0009/1697,0.8,positive,GRAY,True,
19/326595, ,ROBOTIC GRIPPER WITH RECONFIGURABLE FINGERS,Delta Electronics Int’l (Singapore) Pte Ltd | Nanyang Technological University,DELTA ELECTRONICS INT’L (SINGAPORE) PTE,DELTA ELECTRONICS INT’L (SINGAPORE) PTE,SG,2025-09-11,116781987,B25J-0015/10,0.8,positive,GRAY,True,
16/237609,11241801,Robotic end effector with dorsally supported actuation mechanism,SARCOS CORP.,SARCOS,SARCOS,US,2018-12-31,116769518,B25J-0009/1065,0.8,positive,T1_auto,True,
16/257748,11458626,"Trajectory generating method, and trajectory generating apparatus",CANON KABUSHIKI KAISHA,CANON,CANON,JP,2019-01-25,116775189,B25J-0009/1664,0.8,positive,GRAY,True,
18/879482,12678949,Robot control device,FANUC CORPORATION,FANUC,FANUC,JP,2022-09-20,116709548,B25J-0009/1653,0.8,positive,E_auto,False,제외:산업용 주변기술(일반제어·진동·경로·측정·교시UI·공정)
15/206933,10150215,Robot control device and robot,Seiko Epson Corporation,SEIKO EPSON,SEIKO EPSON,JP,2016-07-11,4907207,B25J-0009/1641,0.75,positive,GRAY,False,제외:산업용 주변기술(일반제어·진동·경로·측정·교시UI·공정)
14/691013,9409293,Robot,Seiko Epson Corporation,SEIKO EPSON,SEIKO EPSON,JP,2015-04-20,4795769,B25J-0009/1694,0.75,positive,GRAY,False,제외:산업용 주변기술(일반제어·진동·경로·측정·교시UI·공정)
15/490638,10279479,"Robot calibrating apparatus and robot calibrating method, and robot apparatus and method of controlling robot apparatus",CANON KABUSHIKI KAISHA,CANON,CANON,JP,2017-04-18,4896096,B25J-0009/1692,0.75,positive,GRAY,True,
14/842561,10434655,Robot apparatus and method for controlling robot apparatus,Canon Kabushiki Kaisha,CANON,CANON,JP,2015-09-01,4990227,B25J-0009/1697,0.75,positive,GRAY,True,
16/973170,11673270,Predictive control method of a robot and related control system,POLITECNICO DI MILANO | SMART ROBOTS S.R.L.,POLITECNICO DI MILANO,POLITECNICO DI MILANO,IT,2019-06-07,3388111,B25J-0009/1602,0.75,positive,GRAY,True,
14/953223,9827675,"Collision avoidance method, control device, and program",TOYOTA JIDOSHA KABUSHIKI KAISHA,TOYOTA JIDOSHA,TOYOTA,JP,2015-11-27,5017302,B25J-0009/1666,0.75,positive,GRAY,True,
14/833660,9630315,Robot with hot-swapped end effectors,"RETHINK ROBOTICS, INC.",RETHINK ROBOTICS,RETHINK ROBOTICS,US,2015-08-24,5087627,B25J-0009/1646,0.75,positive,GRAY,True,
15/176799,10059004,"Robot, information processing system, and storage medium","Ricoh Company, Ltd.",RICOH,RICOH,JP,2016-06-08,5069652,B25J-0009/1697,0.75,positive,GRAY,True,
14/699715,9579799,Robotic control system using virtual reality input,Coleman P. Parker,COLEMAN P PARKER,COLEMAN P PARKER,US,2015-04-29,5089013,B25J-0009/1689,0.75,positive,GRAY,True,
15/078966,10173328,Soft robotic actuators and methods of manufacturing the same,"SOFT ROBOTICS, INC.",SOFT ROBOTICS,SOFT ROBOTICS/OXIPITAL,US,2016-03-23,5181348,B25J-0015/0023,0.75,positive,GRAY,True,
15/741353,10730184,Robot arm control system,WASEDA UNIVERSITY,WASEDA UNIVERSITY,WASEDA UNIVERSITY,JP,2016-05-23,5210179,B25J-0009/1633,0.75,positive,GRAY,True,
15/572751,10518412,Robot behavior generation method,NATIONAL INSTITUTE OF ADVANCED INDUSTRIAL SCIENCE AND TEHCHNOLOGY,NATIONAL INSTITUTE OF ADVANCED INDUSTRIAL SCIENCE AND TEHCHNOLOGY,NATIONAL INSTITUTE OF ADVANCED INDUSTRIAL SCIENCE AND TEHCHNOLOGY,JP,2016-05-10,5194789,B25J-0009/1664,0.75,positive,T1_auto,True,
15/747603,10391644,Robot with a force measuring device,KUKA DEUTSCHLAND GMBH,KUKA DEUTSCHLAND,KUKA,DE,2016-07-19,5217132,B25J-0019/02,0.75,positive,GRAY,True,
15/017099,10065316,Systems and methods for safe robot operation,"RETHINK ROBOTICS, INC.",RETHINK ROBOTICS,RETHINK ROBOTICS,US,2016-02-05,5141534,B25J-0009/1676,0.75,positive,GRAY,True,
16/629272,11554486,Method and apparatus for performing control of a movement of a robot arm,SIEMENS AKTIENGESELLSCHAFT,SIEMENS,SIEMENS,DE,2018-07-05,5280641,B25J-0009/1633,0.75,positive,GRAY,True,
16/012886,11090807,"Motion generation method, motion generation device, system, and computer program",OMRON Corporation,OMRON,OMRON,JP,2018-06-20,5284006,B25J-0009/1666,0.75,positive,GRAY,False,제외:산업용 주변기술(일반제어·진동·경로·측정·교시UI·공정)
16/139119,11027431,Automatic calibration method for robot system,Tyco Electronics (Shanghai) Co. Ltd. | TE Connectivity Corporation,TYCO ELECTRONICS (SHANGHAI),TYCO ELECTRONICS (SHANGHAI),CN,2018-09-24,5288681,B25J-0009/1692,0.75,positive,GRAY,True,
16/058863,11141861,Method for operating a robot and robotic arm,SIEMENS HEALTHCARE GMBH,SIEMENS HEALTHCARE,SIEMENS HEALTHCARE,DE,2018-08-08,5291687,B25J-0009/1692,0.75,positive,GRAY,True,
16/772270,11548153,Robot comprising safety system ensuring stopping time and distance,UNIVERSAL ROBOTS A/S,UNIVERSAL ROBOTS A/S,UNIVERSAL ROBOTS A/S,DK,2018-12-13,5329313,B25J-0009/1674,0.75,positive,GRAY,True,
16/413065,11426868,"Operation device, control system, control method, and non-transitory computer-readable storage medium",KABUSHIKI KAISHA YASKAWA DENKI,YASKAWA DENKI,YASKAWA,JP,2019-05-15,5391918,B25J-0009/163,0.75,positive,GRAY,False,제외:산업용 주변기술(일반제어·진동·경로·측정·교시UI·공정)
15/941391,11389955,Servo-pneumatic control systems for soft robotic actuators,"Soft Robotics, Inc.",SOFT ROBOTICS,SOFT ROBOTICS/OXIPITAL,US,2018-03-30,5401797,B25J-0009/1612,0.75,positive,GRAY,True,
16/684624,11541546,"Sensation imparting device, robot control system, and robot control method",TELEXISTENCE INC.,TELEXISTENCE,TELEXISTENCE,JP,2019-11-15,5415134,B25J-0009/1694,0.75,positive,GRAY,True,
16/610328,11123868,Robot system,NACHI-FUJIKOSHI CORP.,NACHI-FUJIKOSHI,NACHI-FUJIKOSHI,JP,2018-04-24,5411041,B25J-0009/1664,0.75,positive,GRAY,True,
16/622642,11260527,Controlling a robot,KUKA DEUTSCHLAND GMBH,KUKA DEUTSCHLAND,KUKA,DE,2018-05-14,5423159,B25J-0009/1633,0.75,positive,GRAY,True,
16/591637,11230004,Robot system and robot control method,KABUSHIKI KAISHA YASKAWA DENKI,YASKAWA DENKI,YASKAWA,JP,2019-10-03,5424895,B25J-0009/1664,0.75,positive,GRAY,True,
16/806845,11813738,Robot waist skeleton and robot,"CLOUDMINDS (BEIJING) TECHNOLOGIES CO., LTD. | CLOUDMINDS ROBOTICS CO., LTD.",CLOUDMINDS (BEIJING) TECHNOLOGIES,CLOUDMINDS (BEIJING) TECHNOLOGIES,CN,2020-03-02,5465833,B25J-0017/00,0.75,positive,GRAY,True,
16/765444,11648678,"Systems, devices, articles, and methods for calibration of rangefinders and robots",KINDRED SYSTEMS II INC. | OCADO CANADA HOLDINGS INC.,KINDRED SYSTEMS II,KINDRED SYSTEMS II,CA,2018-11-07,5488845,B25J-0009/1692,0.75,positive,GRAY,True,
16/830439,11590665,Robot,SEIKO EPSON CORPORATION,SEIKO EPSON,SEIKO EPSON,미상,2020-03-26,5474723,B25J-0009/161,0.75,positive,GRAY,True,
16/882888,11642800,Apparatus and method for use with robot,ABB SCHWEIZ AG,ABB SCHWEIZ,ABB,CH,2020-05-26,5475070,B25J-0019/021,0.75,positive,GRAY,True,
16/970374,11420325,"Method, apparatus and system for controlling a robot, and storage medium",OMRON CORPORATION,OMRON,OMRON,JP,2018-03-05,5504981,B25J-0009/161,0.75,positive,GRAY,True,
16/964605,11345024,Drive device and robot device,SONY CORPORATION,SONY,SONY,JP,2018-12-19,5494558,B25J-0009/102,0.75,positive,GRAY,True,
17/091184,11660751,"Method, robot system and computer readable medium for determining a safety zone and for path planning for robots",SIEMENS AKTIENGESELLSCHAFT,SIEMENS,SIEMENS,DE,2020-11-06,5542328,B25J-0009/1666,0.75,positive,GRAY,True,
17/253486,12036677,Method and system for transferring an end effector of a robot between one end effector pose and a further end effector pose,KUKA DEUTSCHLAND GMBH,KUKA DEUTSCHLAND,KUKA,DE,2019-06-12,5537240,B25J-0009/1643,0.75,positive,GRAY,False,제외:산업용 주변기술(일반제어·진동·경로·측정·교시UI·공정)
16/953013,12017351,"Remote control system, information processing method, and non-transitory computer-readable recording medium",TELEXISTENCE INC.,TELEXISTENCE,TELEXISTENCE,JP,2020-11-19,5529077,B25J-0009/0081,0.75,positive,GRAY,True,
17/255110,11904479,"Method for controlling drives of a robot, and robot system",SEW-EURODRIVE GMBH & CO. KG,SEW-EURODRIVE & CO KG,SEW-EURODRIVE & CO KG,DE,2019-06-06,5537384,B25J-0009/1671,0.75,positive,GRAY,True,
17/187533,11759957,System and method for member articulation,Hamilton Sundstrand Corporation,HAMILTON SUNDSTRAND,HAMILTON SUNDSTRAND,US,2021-02-26,5578846,B25J-0009/1697,0.75,positive,GRAY,True,
17/270442,11745355,"Control device, control method, and non-transitory computer-readable storage medium",OMRON CORPORATION,OMRON,OMRON,JP,2019-10-17,5589056,B25J-0009/1697,0.75,positive,GRAY,True,
17/599181,11919167,Specifying safe velocities for a robot manipulator,FRANKA EMIKA GMBH,FRANKA EMIKA,FRANKA,DE,2020-03-19,5629204,B25J-0009/1651,0.75,positive,GRAY,True,
17/275307,11981032,"Robot control device, method and program for a recovery after an obstruction",OMRON CORPORATION,OMRON,OMRON,JP,2019-03-15,5622282,B25J-0009/1664,0.75,positive,GRAY,True,
17/624013,11999049,Tactile feedback of an end effector of a robot manipulator over different orientation ranges,FRANKA EMIKA GMBH,FRANKA EMIKA,FRANKA,DE,2020-07-03,5660046,B25J-0009/1633,0.75,positive,GRAY,True,
17/301765,11919150,Securement apparatus and method of use,"Muth Mirror Systems, LLC",MUTH MIRROR SYSTEMS,MUTH MIRROR SYSTEMS,US,2021-04-14,5757387,B25J-0015/0052,0.75,positive,GRAY,True,
15/258436,9908241,"Robot device, method of controlling the same, computer program, and robot system",SONY CORPORATION,SONY,SONY,JP,2016-09-07,16306994,B25J-0009/1697,0.75,positive,GRAY,True,
15/058706,10399222,Robot,Seiko Epson Corporation,SEIKO EPSON,SEIKO EPSON,JP,2016-03-02,16535448,B25J-0009/1651,0.75,positive,GRAY,False,제외:산업용 주변기술(일반제어·진동·경로·측정·교시UI·공정)
14/590223,9452532,"Robot, device and method for controlling robot, and computer-readable non-transitory recording medium","Panasonic Intellectual Property Management Co., Ltd.",PANASONIC INTELLECTUAL PROPERTY MANAGEMENT,PANASONIC,JP,2015-01-06,16818975,B25J-0009/1676,0.75,positive,GRAY,True,
15/014274,9895800,"Robot, robot control device, and robot system",Seiko Epson Corporation,SEIKO EPSON,SEIKO EPSON,JP,2016-02-03,16686411,B25J-0009/1628,0.75,positive,GRAY,False,제외:산업용 주변기술(일반제어·진동·경로·측정·교시UI·공정)
15/671652,9999974,Robot,Seiko Epson Corporation,SEIKO EPSON,SEIKO EPSON,JP,2017-08-08,16777215,B25J-0009/1641,0.75,positive,GRAY,False,제외:산업용 주변기술(일반제어·진동·경로·측정·교시UI·공정)
14/616992,9327408,Robot control device detecting contact with external environment,FANUC CORPORATION,FANUC,FANUC,JP,2015-02-09,16830165,B25J-0013/085,0.75,positive,GRAY,True,
14/698322,9682478,Safety monitoring device for robot gripping and carrying workpiece,Fanuc Corporation,FANUC,FANUC,JP,2015-04-28,16861442,B25J-0009/1674,0.75,positive,GRAY,True,
14/684930,9566707,Robot controller and robot system for moving robot in response to force,FANUC CORPORATION,FANUC,FANUC,JP,2015-04-13,16856776,B25J-0009/0081,0.75,positive,GRAY,True,
14/684625,9623567,Robot control device for controlling robot moved according to applied force,FANUC CORPORATION,FANUC,FANUC,JP,2015-04-13,16856777,B25J-0013/085,0.75,positive,GRAY,True,
15/476808,10363660,"Robot system controlling method, program, recording medium, robot system, and diagnosis apparatus",Canon Kabushiki Kaisha,CANON,CANON,JP,2017-03-31,16868953,B25J-0009/1676,0.75,positive,GRAY,False,제외:산업용 주변기술(일반제어·진동·경로·측정·교시UI·공정)
14/684655,9555548,Robot control device for controlling robot moved according to applied force,FANUC CORPORATION,FANUC,FANUC,JP,2015-04-13,16856779,B25J-0009/1694,0.75,positive,GRAY,True,
14/794338,9701014,Robot control device for preventing misjudgment by collision judging part,FANUC CORPORATION,FANUC,FANUC,JP,2015-07-08,16896192,B25J-0009/1612,0.75,positive,GRAY,True,
14/943608,9505129,Robot control device for stopping robot by detecting contact force with person,FANUC CORPORATION,FANUC,FANUC,JP,2015-11-17,16975219,B25J-0009/1676,0.75,positive,GRAY,True,
15/063511,9776328,Robot control apparatus having function of detecting contact with object or person,FANUC CORPORATION,FANUC,FANUC,JP,2016-03-08,17024774,B25J-0009/1676,0.75,positive,GRAY,True,
15/508443,10195748,Humanoid robot,INTERMAN CORPORATION,INTERMAN,INTERMAN,JP,2015-08-31,16922021,B25J-0015/12,0.75,positive,T1_auto,True,
15/000714,9737991,Robot control device controlling robot based on external force applied to robot and robot system,FANUC CORPORATION,FANUC,FANUC,JP,2016-01-19,16988945,B25J-0009/1674,0.75,positive,GRAY,True,
15/171326,10112297,"Robot control apparatus, robot, and robot system",Seiko Epson Corporation,SEIKO EPSON,SEIKO EPSON,JP,2016-06-02,17058016,B25J-0009/1633,0.75,positive,GRAY,True,
15/072648,9884425,"Robot, robot control device, and robotic system",Seiko Epson Corporation,SEIKO EPSON,SEIKO EPSON,JP,2016-03-17,17031087,B25J-0009/1697,0.75,positive,GRAY,True,
15/267478,10189164,"Robot, control device, and robot system",Seiko Epson Corporation,SEIKO EPSON,SEIKO EPSON,JP,2016-09-16,17107454,B25J-0013/088,0.75,positive,GRAY,False,제외:산업용 주변기술(일반제어·진동·경로·측정·교시UI·공정)
15/246634,10105848,Machine that stops movement of member on drive axis due to abnormality in brake,FANUC CORPORATION,FANUC,FANUC,JP,2016-08-25,17100262,B25J-0009/1674,0.75,positive,GRAY,False,제외:산업용 주변기술(일반제어·진동·경로·측정·교시UI·공정)
15/281874,10300608,Robot operating apparatus provided with handles for operating robot,FANUC CORPORATION,FANUC,FANUC,JP,2016-09-30,17113858,B25J-0013/085,0.75,positive,GRAY,True,
15/297258,10022879,Robot controller which records state of occurrence of emergency stop of robot,FANUC CORPORATION,FANUC,FANUC,JP,2016-10-19,17142491,B25J-0019/06,0.75,positive,GRAY,False,제외:산업용 주변기술(일반제어·진동·경로·측정·교시UI·공정)
15/341744,10328585,Robot control device and robot system,DENSO WAVE INCORPORATED,DENSO WAVE,DENSO,JP,2016-11-02,17142501,B25J-0019/06,0.75,positive,GRAY,True,
15/460781,10882182,"Robot apparatus, control method of robot apparatus, and recording medium",CANON KABUSHIKI KAISHA,CANON,CANON,JP,2017-03-16,17193958,B25J-0009/1633,0.75,positive,GRAY,True,
16/076642,11123883,Work robot,KAWASAKI JUKOGYO KABUSHIKI KAISHA,KAWASAKI JUKOGYO,KAWASAKI HEAVY INDUSTRIES,JP,2017-02-07,17174425,B25J-0019/06,0.75,positive,GRAY,False,제외:산업용 주변기술(일반제어·진동·경로·측정·교시UI·공정)
15/695140,10899018,Human-collaborative robot,FANUC CORPORATION,FANUC,FANUC,JP,2017-09-05,17277373,B25J-0013/085,0.75,positive,GRAY,True,
15/631556,10384345,Safety management method and safety management system,Fanuc Corporation,FANUC,FANUC,JP,2017-06-23,17259079,B25J-0009/1656,0.75,positive,GRAY,True,
15/676109,10603788,Robot simulation apparatus,FANUC CORPORATION,FANUC,FANUC,JP,2017-08-14,17277349,B25J-0009/1605,0.75,positive,GRAY,True,
15/724417,10486306,"Control device for controlling robot by learning action of person, robot system, and production system",FANUC CORPORATION,FANUC,FANUC,JP,2017-10-04,17295852,B25J-0009/163,0.75,positive,GRAY,True,
15/687902,10434647,"Robot control device, a robot control method, and a picking device",Kabushiki Kaisha Toshiba,TOSHIBA,TOSHIBA,JP,2017-08-28,17312907,B25J-0009/1633,0.75,positive,GRAY,True,
15/815544,10493632,Robot control device for controlling robot and method for estimating disturbance value applied to robot,FANUC CORPORATION,FANUC,FANUC,JP,2017-11-16,17317721,B25J-0013/085,0.75,positive,GRAY,True,
15/867311,10583558,Robot control device,FANUC CORPORATION,FANUC,FANUC,JP,2018-01-10,17337379,B25J-0009/1653,0.75,positive,GRAY,True,
15/901098,10562185,Robot system,FANUC CORPORATION,FANUC,FANUC,JP,2018-02-21,17386724,B25J-0009/1676,0.75,positive,GRAY,True,
16/615030,11478919,Robot system and method of controlling the robot system,KAWASAKI JUKOGYO KABUSHIKI KAISHA,KAWASAKI JUKOGYO,KAWASAKI HEAVY INDUSTRIES,JP,2018-05-17,17399999,B25J-0003/04,0.75,positive,GRAY,True,
16/003333,10994414,Control device and robot system,Seiko Epson Corporation,SEIKO EPSON,SEIKO EPSON,미상,2018-06-08,17407891,B25J-0009/161,0.75,positive,GRAY,True,
15/984738,10894315,Robot controller and robot system,Seiko Epson Corporation,SEIKO EPSON,SEIKO EPSON,미상,2018-05-21,17407806,B25J-0009/0081,0.75,positive,GRAY,True,
15/948046,10647003,Programming device and robot control method,Fanuc Corporation,FANUC,FANUC,JP,2018-04-09,17399974,B25J-0009/1697,0.75,positive,GRAY,True,
15/995384,10668619,Controller and machine learning device,Fanuc Corporation,FANUC,FANUC,JP,2018-06-01,17407866,B25J-0009/163,0.75,positive,GRAY,True,
16/003476,10960542,Control device and robot system,Seiko Epson Corporation,SEIKO EPSON,SEIKO EPSON,미상,2018-06-08,17407890,B25J-0009/1666,0.75,positive,GRAY,True,
16/105412,11440188,Robot system,FANUC CORPORATION,FANUC,FANUC,JP,2018-08-20,17446748,B25J-0009/1666,0.75,positive,GRAY,True,
16/117448,10569419,Control device and robot system,Seiko Epson Corporation,SEIKO EPSON,SEIKO EPSON,JP,2018-08-30,17446679,B25J-0009/1697,0.75,positive,GRAY,False,제외:산업용 주변기술(일반제어·진동·경로·측정·교시UI·공정)
16/131485,10611032,Measurement system,Fanuc Corporation,FANUC,FANUC,JP,2018-09-14,17459214,B25J-0009/1692,0.75,positive,GRAY,False,제외:산업용 주변기술(일반제어·진동·경로·측정·교시UI·공정)
16/136051,11135725,"Robot control system, robot control method and user apparatus for robot control system","Honda Motor Co., Ltd.",HONDA MOTOR,HONDA,JP,2018-09-19,17463198,B25J-0013/006,0.75,positive,GRAY,True,
16/180166,11110602,Robot control device and robot system,Seiko Epson Corporation,SEIKO EPSON,SEIKO EPSON,미상,2018-11-05,17479239,B25J-0009/1664,0.75,positive,GRAY,False,제외:산업용 주변기술(일반제어·진동·경로·측정·교시UI·공정)
16/141173,10875198,Robot system,FANUC CORPORATION,FANUC,FANUC,JP,2018-09-25,17463230,B25J-0019/06,0.75,positive,GRAY,True,
16/154190,10744645,Measurement system,FANUC CORPORATION,FANUC,FANUC,JP,2018-10-08,17469898,B25J-0009/1692,0.75,positive,GRAY,False,제외:산업용 주변기술(일반제어·진동·경로·측정·교시UI·공정)
16/197364,11241796,Robot system and method for controlling robot system,KABUSHIKI KAISHA YASKAWA DENKI,YASKAWA DENKI,YASKAWA,JP,2018-11-21,17486264,B25J-0009/1697,0.75,positive,GRAY,True,
16/278455,11185993,Robot control device and robot system,Seiko Epson Corporation,SEIKO EPSON,SEIKO EPSON,미상,2019-02-18,17525880,B25J-0013/06,0.75,positive,GRAY,True,
16/362387,10987806,Production method and production system that use robot,FANUC CORPORATION,FANUC,FANUC,JP,2019-03-22,17549864,B25J-0009/1633,0.75,positive,GRAY,True,
16/353245,11161256,Robot gravity balancer and robot,FANUC CORPORATION,FANUC,FANUC,JP,2019-03-14,17564095,B25J-0019/0016,0.75,positive,GRAY,False,제외:오탐사전(밸런서·NC 등)
16/420237,11376745,"Control device, robot, and robot system",SEIKO EPSON CORPORATION,SEIKO EPSON,SEIKO EPSON,JP,2019-05-23,17577677,B25J-0013/088,0.75,positive,GRAY,True,
16/517719,11440202,"Robot, control device and control method",SEIKO EPSON CORPORATION,SEIKO EPSON,SEIKO EPSON,JP,2019-07-22,17601607,B25J-0013/087,0.75,positive,GRAY,True,
16/287197,11179851,"Robot control device, robot control parameter adjustment method, and non-transitory storage medium storing program",KABUSHIKI KAISHA TOSHIBA,TOSHIBA,TOSHIBA,JP,2019-02-27,17615460,B25J-0009/1671,0.75,positive,GRAY,True,
17/265073,11878423,Robot system,KAWASAKI JUKOGYO KABUSHIKI KAISHA,KAWASAKI JUKOGYO,KAWASAKI HEAVY INDUSTRIES,JP,2019-07-30,17604865,B25J-0009/1664,0.75,positive,GRAY,False,제외:산업용 주변기술(일반제어·진동·경로·측정·교시UI·공정)
16/150440,10603798,Robot,FANUC CORPORATION,FANUC,FANUC,JP,2018-10-03,17490423,B25J-0013/085,0.75,positive,GRAY,True,
16/585937,11279021,Method and apparatus for controlling robots,DENSO WAVE INCORPORATED,DENSO WAVE,DENSO,JP,2019-09-27,17629096,B25J-0009/0081,0.75,positive,GRAY,True,
16/666623,11738469,"Control apparatus, robot system, and control method",SEIKO EPSON CORPORATION,SEIKO EPSON,SEIKO EPSON,미상,2019-10-29,17645267,B25J-0013/06,0.75,positive,GRAY,False,제외:산업용 주변기술(일반제어·진동·경로·측정·교시UI·공정)
16/571433,11305434,Robot system,FANUC CORPORATION,FANUC,FANUC,JP,2019-09-16,17645333,B25J-0009/1633,0.75,positive,GRAY,True,
16/667963,11312008,"Robot system, robot, robot control device, robot control method, and encoder",Seiko Epson Corporation,SEIKO EPSON,SEIKO EPSON,미상,2019-10-30,17645292,B25J-0009/102,0.75,positive,GRAY,False,제외:산업용 주변기술(일반제어·진동·경로·측정·교시UI·공정)
16/662801,11123861,Robot system,FANUC CORPORATION,FANUC,FANUC,JP,2019-10-24,17648871,B25J-0009/1612,0.75,positive,GRAY,True,
16/797132,11590648,"Robot system, control apparatus, and control method",SEIKO EPSON CORPORATION,SEIKO EPSON,SEIKO EPSON,미상,2020-02-21,17692844,B25J-0009/12,0.75,positive,GRAY,False,제외:산업용 주변기술(일반제어·진동·경로·측정·교시UI·공정)
16/856548,11389959,Robot system,FANUC CORPORATION,FANUC,FANUC,JP,2020-04-23,17743039,B25J-0009/1633,0.75,positive,GRAY,True,
16/817607,11331810,"Device, method and program for estimating weight and position of gravity center of load by using robot",FANUC CORPORATION,FANUC,FANUC,JP,2020-03-13,17710160,B25J-0013/085,0.75,positive,GRAY,True,
17/018345,11806874,Robot system,FANUC CORPORATION,FANUC,FANUC,JP,2020-09-11,17805917,B25J-0009/1633,0.75,positive,GRAY,True,
17/097127,11738458,Control method for robot system,SEIKO EPSON CORPORATION,SEIKO EPSON,SEIKO EPSON,미상,2020-11-13,17816532,B25J-0009/162,0.75,positive,GRAY,False,제외:산업용 주변기술(일반제어·진동·경로·측정·교시UI·공정)
17/105526,11752630,Speed control method for robot to which one of a plurality of end effectors is detachably attachable and robot system including robot to which one of a plurality of end effectors is detachably attachable,SEIKO EPSON CORPORATION,SEIKO EPSON,SEIKO EPSON,JP,2020-11-26,17820514,B25J-0009/1674,0.75,positive,GRAY,False,제외:산업용 주변기술(일반제어·진동·경로·측정·교시UI·공정)
17/178616,11731272,"Robot, control device, and information processing device",CANON KABUSHIKI KAISHA,CANON,CANON,JP,2021-02-18,17866088,B25J-0009/1664,0.75,positive,GRAY,True,
17/203773,12128564,Control method for robot and robot system,SEIKO EPSON CORPORATION,SEIKO EPSON,SEIKO EPSON,JP,2021-03-17,17869319,B25J-0009/1633,0.75,positive,GRAY,True,
17/671545,12109706,"Control device, robot system, control method, and non-transitory computer-readable medium","Honda Motor Co., Ltd.",HONDA MOTOR,HONDA,JP,2022-02-14,18013067,B25J-0009/1664,0.75,positive,GRAY,True,
16/760265,11511429,Method of improving safety of robot and method of evaluating safety of robot,"SAFETICS, INC.",SAFETICS,SAFETICS,KR,2018-10-31,20679015,B25J-0009/1671,0.75,positive,GRAY,True,
14/944603,10058996,Robot adaptive placement system with end-effector position estimation,"PERSIMMON TECHNOLOGIES, CORP.",PERSIMMON TECHNOLOGIES,PERSIMMON TECHNOLOGIES,US,2015-11-18,20670281,B25J-0009/1638,0.75,positive,GRAY,True,
16/609752,11904475,"Robot and operating system, control device, control method and storage medium thereof","BEIJING MAGIC PAL TECHNOLOGY CO., LTD. | BEIJING TOMATO TIME TECHNOLOGY CO., LTD.",BEIJING MAGIC PAL TECHNOLOGY,BEIJING MAGIC PAL TECHNOLOGY,CN,2019-03-06,20683319,B25J-0009/1664,0.75,positive,GRAY,True,
15/807574,10836042,Robot system,KABUSHIKI KAISHA YASKAWA DENKI,YASKAWA DENKI,YASKAWA,JP,2017-11-09,20799859,B25J-0009/1676,0.75,positive,GRAY,False,제외:산업용 주변기술(일반제어·진동·경로·측정·교시UI·공정)
16/623483,11787068,Robot joint structure,SONY INTERACTIVE ENTERTAINMENT INC.,SONY INTERACTIVE ENTERTAINMENT,SONY,JP,2017-06-29,20823012,B25J-0017/00,0.75,positive,GRAY,True,
16/606889,11213952,Articulated robot and articulated robot system,NIDEC CORPORATION,NIDEC,NIDEC,JP,2018-04-23,20825451,B25J-0009/046,0.75,positive,GRAY,True,
16/680909,11267124,System and method for calibrating robot,"Samsung Electronics Co., Ltd.",SAMSUNG ELECTRONICS,SAMSUNG,KR,2019-11-12,24778148,B25J-0009/1692,0.75,positive,GRAY,True,
16/433247,11325268,Electronic device and method for calculating at least one parameter for measuring external force,"Samsung Electronics Co., Ltd.",SAMSUNG ELECTRONICS,SAMSUNG,KR,2019-06-06,24750568,B25J-0013/085,0.75,positive,GRAY,True,
16/683687,11426878,Method for controlling robot based on brain-computer interface and apparatus for controlling meal assistance robot thereof,Korea Institute of Science and Technology,KOREA INSTITUTE OF SCIENCE AND TECHNOLOGY,KOREA INSTITUTE OF SCIENCE AND TECHNOLOGY,KR,2019-11-14,24894818,B25J-0011/008,0.75,positive,GRAY,True,
15/165336,9731420,System for configuring a robotic manipulator,"Amazon Technologies, Inc.",AMAZON TECHNOLOGIES,AMAZON,US,2016-05-26,27808775,B25J-0009/1697,0.75,positive,GRAY,True,
14/669374,9486921,Methods and systems for distributing remote assistance to facilitate robotic object manipulation,X DEVELOPMENT LLC,X DEVELOPMENT,ALPHABET,US,2015-03-26,27848460,B25J-0009/1679,0.75,positive,GRAY,True,
14/966912,9694494,Feature identification and extrapolation for robotic item grasping,"AMAZON TECHNOLOGIES, INC.",AMAZON TECHNOLOGIES,AMAZON,US,2015-12-11,27917849,B25J-0009/1612,0.75,positive,GRAY,True,
14/835424,9616568,Generating a grasp affordance for an object based on a thermal image of the object that is captured following human manipulation of the object,X DEVELOPMENT LLC,X DEVELOPMENT,ALPHABET,US,2015-08-25,27898373,B25J-0009/1612,0.75,positive,GRAY,True,
14/843288,9789610,Safe path planning for collaborative robots,X DEVELOPMENT LLC,X DEVELOPMENT,ALPHABET,US,2015-09-02,27958774,B25J-0009/1666,0.75,positive,GRAY,True,
14/815624,9676098,Data collection from living subjects and controlling an autonomous robot using the data,Heinz Hemken,HEINZ HEMKEN,HEINZ HEMKEN,US,2015-07-31,27920203,B25J-0009/163,0.75,positive,GRAY,True,
15/047820,9802314,Soft body robot for physical interaction with humans,"Disney Enterprises, Inc.",DISNEY ENTERPRISES,DISNEY ENTERPRISES,US,2016-02-19,27963278,B25J-0009/1633,0.75,positive,T1_auto,True,
14/695166,9802317,Methods and systems for remote perception assistance to facilitate robotic object manipulation,X DEVELOPMENT LLC,X DEVELOPMENT,ALPHABET,US,2015-04-24,27963280,B25J-0009/1687,0.75,positive,GRAY,True,
14/931458,9789607,Achieving a target gait in a legged robot based on steering commands,"BOSTON DYNAMICS, INC.",BOSTON DYNAMICS,HYUNDAI MOTOR GROUP(2021~)/구글·소프트뱅크(이전),US,2015-11-03,27958772,B25J-0013/006,0.75,positive,GRAY,True,
15/905353,10449675,Method and apparatus for robot-supported placement of objects,FerRobotics Compliant Robot Technology GmbH,FERROBOTICS COMPLIANT ROBOT TECHNOLOGY,FERROBOTICS COMPLIANT ROBOT TECHNOLOGY,AT,2018-02-26,28012709,B25J-0009/1687,0.75,positive,GRAY,True,
15/206066,9962831,"Biomimetic humanoid robotic model, control system, and simulation process",Stephen Favis,STEPHEN FAVIS,STEPHEN FAVIS,US,2016-07-08,28021570,B25J-0009/1075,0.75,positive,T1_auto,True,
14/827701,9987749,Control interface for robotic humanoid avatar system and related methods,"UNIVERSITY OF CENTRAL FLORIDA RESEARCH FOUNDATION, INC. | NAVY, SECRETARY OF THE UNITED STATES OF AMERICA",UNIVERSITY OF CENTRAL FLORIDA RESEARCH FOUNDATION,UNIVERSITY OF CENTRAL FLORIDA RESEARCH FOUNDATION,US,2015-08-17,28030569,B25J-0009/1689,0.75,positive,T1_auto,True,
15/815583,10220509,Anti-shake method of robot and robot thereof,UBTECH ROBOTICS CORP,UBTECH ROBOTICS,UBTECH,CN,2017-11-16,28115311,B25J-0009/12,0.75,positive,GRAY,True,
15/435544,10335946,Compositional impedance programming for robots,MASSACHUSETTS INSTITUTE OF TECHNOLOGY,MASSACHUSETTS INSTITUTE OF TECHNOLOGY,MASSACHUSETTS INSTITUTE OF TECHNOLOGY,US,2017-02-17,28156876,B25J-0009/1641,0.75,positive,GRAY,True,
15/429241,10583557,Redundant underactuated robot with multi-mode control framework,GM Global Technology Operations LLC,GM GLOBAL TECHNOLOGY OPERATIONS,GM,US,2017-02-10,28247890,B25J-0009/1643,0.75,positive,GRAY,True,
15/432923,10632620,Motion control method and robot using same,UBTECH ROBOTICS CORP.,UBTECH ROBOTICS,UBTECH,CN,2017-02-15,28265797,B25J-0009/1664,0.75,positive,GRAY,True,
15/960272,10759051,Architecture and methods for robotic mobile manipulation system,GENERAL ELECTRIC COMPANY,GENERAL ELECTRIC,GENERAL ELECTRIC,US,2018-04-23,28311454,B25J-0009/1664,0.75,positive,GRAY,True,
15/960571,10744643,Robot servo jitter suppression method and device,UBTECH ROBOTICS CORP,UBTECH ROBOTICS,UBTECH,CN,2018-04-24,28306193,B25J-0009/1653,0.75,positive,GRAY,True,
15/865203,10807246,Mobile robotic device and method of controlling the same manipulator for locomotion and manipulation,"Beijing Jingdong Shangke Information Technology Co., Ltd. | JD.com American Technologies Corporation",BEIJING JINGDONG SHANGKE INFORMATION TECHNOLOGY,BEIJING JINGDONG SHANGKE INFORMATION TECHNOLOGY,CN,2018-01-08,28329466,B25J-0009/1697,0.75,positive,GRAY,True,
16/219601,10843348,Actuator and gripper assembly,"Amazon Technologies, Inc.",AMAZON TECHNOLOGIES,AMAZON,US,2018-12-13,28343070,B25J-0015/0683,0.75,positive,GRAY,True,
16/033138,10899017,System for co-adaptation of robot control to human biomechanics,"HRL Laboratories, LLC",HRL LABORATORIES,HRL LABORATORIES,US,2018-07-11,28363351,B25J-0011/008,0.75,positive,GRAY,True,
16/669554,11007639,Joint control method for serial robot and serial robot using the same,UBTECH ROBOTICS CORP LTD,UBTECH ROBOTICS,UBTECH,CN,2019-10-31,28403154,B25J-0009/06,0.75,positive,GRAY,True,
16/261572,10981275,"Robot control method, apparatus and storage medium with the same",UBTECH ROBOTICS CORP,UBTECH ROBOTICS,UBTECH,CN,2019-01-30,28393455,B25J-0009/1664,0.75,positive,GRAY,True,
15/814756,10987800,Rotary supplemental axis for robot,ABB SCHWEIZ AG,ABB SCHWEIZ,ABB,CH,2017-11-16,28395806,B25J-0009/102,0.75,positive,GRAY,False,제외:산업용 주변기술(일반제어·진동·경로·측정·교시UI·공정)
16/122439,11014240,Robot having dynamic safety zones,ABB SCHWEIZ AG,ABB SCHWEIZ,ABB,CH,2018-09-05,28405563,B25J-0009/1676,0.75,positive,GRAY,True,
16/122201,11027432,Techniques for controlling position of an end effector of a robotic device relative to a virtual constraint,STRYKER CORPORATION,STRYKER,STRYKER,US,2018-09-05,28410413,B25J-0009/1694,0.75,positive,GRAY,True,
15/938926,11084170,Collaborative robot and a method for protecting collaborative robot from hazardous events,Wipro Limited,WIPRO,WIPRO,IN,2018-03-28,28431217,B25J-0009/1676,0.75,positive,GRAY,True,
16/734402,11161246,Robot path planning method and apparatus and robot using the same,UBTECH ROBOTICS CORP LTD,UBTECH ROBOTICS,UBTECH,CN,2020-01-05,28460036,B25J-0009/1664,0.75,positive,GRAY,True,
16/269155,11203120,Mobile robotics frame system,INTRINSIC INNOVATION LLC,INTRINSIC INNOVATION,ALPHABET,US,2019-02-06,28475729,B25J-0009/0084,0.75,positive,GRAY,True,
16/645652,11389949,"Control device, control method, and control system",SONY CORPORATION,SONY,SONY,JP,2018-06-28,28545970,B25J-0009/0084,0.75,positive,GRAY,True,
16/817033,11440194,Physical human-robot interaction (pHRI),"Honda Motor Co., Ltd.",HONDA MOTOR,HONDA,JP,2020-03-12,28565014,B25J-0009/1694,0.75,positive,GRAY,True,
17/711960,11478927,Hybrid computing architectures with specialized processors to encode/decode latent representations for controlling dynamic mechanical systems,SANCTUARY COGNITIVE SYSTEMS CORPORATION,SANCTUARY COGNITIVE SYSTEMS,SANCTUARY COGNITIVE SYSTEMS,CA,2022-04-01,28579630,B25J-0009/163,0.75,positive,T1_auto,True,
17/280305,11478937,Care robot controller,SOUTHEAST UNIVERSITY,SOUTHEAST UNIVERSITY,SOUTHEAST UNIVERSITY,CN,2020-04-21,28579632,B25J-0013/025,0.75,positive,GRAY,True,
16/874704,11491657,Remotely operated pneumatic manipulator based on kinect,Yuefeng Li | Wenyu Feng | Hongyu Yu,YUEFENG LI,YUEFENG LI,CN,2020-05-15,28584553,B25J-0009/1689,0.75,positive,T1_auto,True,
16/836427,11584013,"System, device and method for determining error in robotic manipulator-to-camera calibration",Wipro Limited,WIPRO,WIPRO,IN,2020-03-31,28619470,B25J-0009/1692,0.75,positive,GRAY,True,
17/192906,11602844,"Task hierarchical control method, and robot and computer readable storage medium using the same",UBTECH ROBOTICS CORP LTD,UBTECH ROBOTICS,UBTECH,CN,2021-03-05,28626420,B25J-0009/1633,0.75,positive,GRAY,True,
16/952070,11745343,Method and apparatus for controlling robot arms using elastic distortion simulations,Darrion Vinh Nguyen | Hao-Nhien Qui Vu,DARRION VINH NGUYEN,DARRION VINH NGUYEN,US,2020-11-18,28678033,B25J-0009/1641,0.75,positive,GRAY,True,
16/948187,11685045,Asynchronous robotic control using most recently selected robotic action data,GOOGLE LLC,GOOGLE,ALPHABET,US,2020-09-08,28656648,B25J-0009/161,0.75,positive,GRAY,True,
17/215990,11712804,Systems and methods for adaptive robotic motion control,"Samsung Electronics Co., Ltd. | Samsung Electronics Company, Ltd.",SAMSUNG ELECTRONICS,SAMSUNG,KR,2021-03-29,28666573,B25J-0009/1628,0.75,positive,GRAY,True,
17/345005,11717958,"Joint control method, computer-readable storage medium and multi-legged robot",UBTECH ROBOTICS CORP LTD,UBTECH ROBOTICS,UBTECH,CN,2021-06-11,28668498,B25J-0009/1607,0.75,positive,GRAY,True,
17/527841,11865695,Humanoid hugging assembly,Walton Richardson,WALTON RICHARDSON,WALTON RICHARDSON,US,2021-11-16,28720448,B25J-0011/00,0.75,positive,T1_auto,True,
17/216704,11878418,Controlling a robot based on constraint-consistent and sequence-optimized pose adaptation,Honda Research Institute Europe GmbH,HONDA RESEARCH INSTITUTE EUROPE,HONDA,DE,2021-03-30,28725056,B25J-0009/1612,0.75,positive,GRAY,True,
17/838070,12032352,Servo joint safety position monitoring apparatus and method,"Mantis Robotics, Inc.",MANTIS ROBOTICS,MANTIS ROBOTICS,US,2022-06-10,28785243,B25J-0009/1674,0.75,positive,GRAY,True,
17/684489,12070853,Soft-rigid robotic joints controlled by deep reinforcement-learning,The Regents of the University of California,THE REGENTS OF THE UNIVERSITY OF CALIFORNIA,THE REGENTS OF THE UNIVERSITY OF CALIFORNIA,US,2022-03-02,28799541,B25J-0017/00,0.75,positive,GRAY,True,
17/506582,12042939,End effector compensation of a robotic system,The Boeing Company,THE BOEING,THE BOEING,US,2021-10-20,28789381,B25J-0009/1664,0.75,positive,GRAY,True,
18/052535,12115673,"Robot obstacle avoidance method, computer readable storage medium, and robot",UBTECH ROBOTICS CORP LTD,UBTECH ROBOTICS,UBTECH,CN,2022-11-03,28817377,B25J-0009/1666,0.75,positive,GRAY,True,
17/353620,12157234,Safety trajectories for robotic control systems,INTRINSIC INNOVATION LLC | X DEVELOPMENT LLC,INTRINSIC INNOVATION,ALPHABET,US,2021-06-21,85452132,B25J-0009/1674,0.75,positive,GRAY,True,
16/614045,11221642,Manipulating device,KAWASAKI JUKOGYO KABUSHIKI KAISHA,KAWASAKI JUKOGYO,KAWASAKI HEAVY INDUSTRIES,JP,2018-05-15,85429667,B25J-0009/0051,0.75,positive,GRAY,False,제외:산업용 주변기술(일반제어·진동·경로·측정·교시UI·공정)
17/419011,12162151,"Robot control device, robot system and robot control method",KAWASAKI JUKOGYO KABUSHIKI KAISHA,KAWASAKI JUKOGYO,KAWASAKI HEAVY INDUSTRIES,JP,2019-12-27,85625053,B25J-0003/04,0.75,positive,GRAY,True,
16/926781,11584011,Robot control system of fitting of a plurality of points,FANUC CORPORATION,FANUC,FANUC,JP,2020-07-13,86233855,B25J-0009/1687,0.75,positive,GRAY,True,
16/892216,11607806,Techniques for generating controllers for robots,"AUTODESK, INC.",AUTODESK,AUTODESK,US,2020-06-03,85951727,B25J-0009/163,0.75,positive,GRAY,True,
15/802529,10179409,Robot system having cooperative operating region,FANUC CORPORATION,FANUC,FANUC,JP,2017-11-03,86338107,B25J-0013/089,0.75,positive,GRAY,True,
16/659731,11254006,Robot device,Fanuc Corporation,FANUC,FANUC,JP,2019-10-22,86530410,B25J-0009/1692,0.75,positive,GRAY,True,
17/457753,11938633,Autonomous robust assembly planning,FANUC CORPORATION,FANUC,FANUC,JP,2021-12-06,86613526,B25J-0009/1661,0.75,positive,GRAY,True,
17/632446,12186891,"Information processing device, information processing method, program, and robot",SONY GROUP CORPORATION,SONY GROUP,SONY,JP,2020-07-27,86425616,B25J-0013/082,0.75,positive,GRAY,True,
16/853138,11628564,Robot control device and robot programming device,FANUC CORPORATION,FANUC,FANUC,JP,2020-04-20,86352734,B25J-0009/1633,0.75,positive,GRAY,True,
18/571741,12017372,Robot control device,MITSUBISHI ELECTRIC CORPORATION,MITSUBISHI ELECTRIC,MITSUBISHI ELECTRIC,JP,2021-09-08,86645837,B25J-0009/1676,0.75,positive,GRAY,True,
17/502699,12202146,Method of robotic system dynamic velocity modification,FANUC CORPORATION,FANUC,FANUC,JP,2021-10-15,86861380,B25J-0009/1666,0.75,positive,GRAY,True,
17/224809,11618159,Soft continuum robotic module,Arizona Board of Regents on Behalf of Arizona State University,ARIZONA BOARD OF REGENTS ON BEHALF OF ARIZONA STATE UNIVERSITY,ARIZONA BOARD OF REGENTS ON BEHALF OF ARIZONA STATE UNIVERSITY,US,2021-04-07,87015185,B25J-0009/142,0.75,positive,GRAY,True,
17/595223,12214499,Technique for parameter conversion between a robotic device and a controller for the robotic device,TELEFONAKTIEBOLAGET LM ERICSSON (PUBL),TELEFONAKTIEBOLAGET LM ERICSSON (PUBL),TELEFONAKTIEBOLAGET LM ERICSSON (PUBL),SE,2019-05-17,87235081,B25J-0009/1653,0.75,positive,GRAY,True,
16/571206,11235463,Robot system and robot control method for cooperative work with human,FANUC CORPORATION,FANUC,FANUC,JP,2019-09-16,87038459,B25J-0009/1633,0.75,positive,GRAY,True,
16/823335,11534908,Operation adjustment apparatus for adjusting operation of robot apparatus and operation adjustment method for adjusting operation of robot apparatus,FANUC CORPORATION,FANUC,FANUC,JP,2020-03-19,87331581,B25J-0009/1602,0.75,positive,GRAY,True,
17/785351,12233549,"Action control apparatus, method and program for the same",NIPPON TELEGRAPH AND TELEPHONE CORPORATION,NIPPON TELEGRAPH AND TELEPHONE,NIPPON TELEGRAPH AND TELEPHONE,JP,2019-12-16,87757049,B25J-0009/1617,0.75,positive,GRAY,True,
16/412921,11173600,"Operation device, control system, control method, and non-transitory computer-readable storage medium",KABUSHIKI KAISHA YASKAWA DENKI,YASKAWA DENKI,YASKAWA,JP,2019-05-15,87792570,B25J-0009/161,0.75,positive,GRAY,False,제외:산업용 주변기술(일반제어·진동·경로·측정·교시UI·공정)
16/701837,11858130,Controller of robot for performing manual operation by operation device,Fanuc Corporation,FANUC,FANUC,JP,2019-12-03,87824669,B25J-0009/0081,0.75,positive,GRAY,True,
17/613958,12005568,"Control device, control method, and program",JOHNAN CORPORATION,JOHNAN,JOHNAN,JP,2020-07-31,88094850,B25J-0013/006,0.75,positive,GRAY,True,
17/022216,12145267,System and method for embodied authoring of human-robot collaborative tasks with augmented reality,Purdue Research Foundation,PURDUE RESEARCH FOUNDATION,PURDUE RESEARCH FOUNDATION,US,2020-09-16,87919448,B25J-0009/1605,0.75,positive,GRAY,True,
17/974941,12257715,Robot and controlling method thereof,"Samsung Electronics Co., Ltd.",SAMSUNG ELECTRONICS,SAMSUNG,KR,2022-10-27,89008836,B25J-0009/1661,0.75,positive,GRAY,True,
17/798123,12263586,"Control system, control apparatus, control method, and recording medium",NEC CORPORATION,NEC,NEC,JP,2020-02-27,88824263,B25J-0009/0084,0.75,positive,GRAY,True,
17/856196,12275150,"Method of setting control parameter of robot, robot system, and computer program",SEIKO EPSON CORPORATION,SEIKO EPSON,SEIKO EPSON,JP,2022-07-01,89268897,B25J-0009/1653,0.75,positive,GRAY,True,
18/201744,12285871,"Robot control method, computer-readable storage medium, and robot",UBTECH ROBOTICS CORP LTD,UBTECH ROBOTICS,UBTECH,CN,2023-05-24,89672931,B25J-0009/1664,0.75,positive,T1_auto,True,
17/922028,12257722,"Method for detecting and evaluating a friction status at a joint, robotic arm and computer program product",KUKA DEUTSCHLAND GMBH,KUKA DEUTSCHLAND,KUKA,DE,2021-04-23,90462765,B25J-0009/1674,0.75,positive,GRAY,True,
18/035675,12304076,Setting method using teaching operation,"DMG MORI CO., LTD.",DMG MORI,DMG MORI,JP,2021-10-26,90378903,B25J-0009/163,0.75,positive,GRAY,True,
17/719910,12304079,"Robot control system, robot control method, and robot control program",TOYOTA JIDOSHA KABUSHIKI KAISHA,TOYOTA JIDOSHA,TOYOTA,JP,2022-04-13,90378906,B25J-0009/1653,0.75,positive,GRAY,True,
16/843698,11524404,Robot system and control method thereof,LG ELECTRONICS INC.,LG ELECTRONICS,LG,KR,2020-04-08,90540724,B25J-0009/1676,0.75,positive,GRAY,True,
15/949055,10300606,Adapting robot behavior based upon human-robot interaction,"Microsoft Technology Licensing, LLC",MICROSOFT TECHNOLOGY LICENSING,MICROSOFT TECHNOLOGY LICENSING,US,2018-04-09,92195728,B25J-0009/1694,0.75,positive,GRAY,True,
15/235719,10166673,Portable apparatus for controlling robot and method thereof,ABB Schweiz AG,ABB SCHWEIZ,ABB,CH,2016-08-12,92227999,B25J-0009/161,0.75,positive,GRAY,True,
15/780677,10442080,Monitoring device of robot system,KAWASAKI JUKOGYO KABUSHIKI KAISHA,KAWASAKI JUKOGYO,KAWASAKI HEAVY INDUSTRIES,JP,2016-11-24,92279206,B25J-0009/1605,0.75,positive,GRAY,True,
15/515038,10464210,Method and device for open-loop/closed-loop control of a robot manipulator,KASTANIENBAUM GMBH,KASTANIENBAUM,FRANKA,DE,2015-09-28,92243104,B25J-0009/1676,0.75,positive,GRAY,True,
16/196751,10919149,Controller for robot and inverse transforming method for robot,DENSO WAVE INCORPORATED,DENSO WAVE,DENSO,JP,2018-11-20,92302945,B25J-0009/1607,0.75,positive,GRAY,True,
15/772160,10730191,Monitoring device of robot system,KAWASAKI JUKOGYO KABUSHIKI KAISHA,KAWASAKI JUKOGYO,KAWASAKI HEAVY INDUSTRIES,JP,2016-10-25,92276187,B25J-0019/063,0.75,positive,GRAY,True,
16/392673,11167413,"Robot control apparatus, robot, and robot system",Seiko Epson Corporation,SEIKO EPSON,SEIKO EPSON,미상,2019-04-24,92912274,B25J-0009/104,0.75,positive,GRAY,False,제외:산업용 주변기술(일반제어·진동·경로·측정·교시UI·공정)
17/767058,11992951,"Control method, control device, robot system, program, and recording medium",KAWASAKI JUKOGYO KABUSHIKI KAISHA,KAWASAKI JUKOGYO,KAWASAKI HEAVY INDUSTRIES,JP,2020-10-07,92922091,B25J-0009/1664,0.75,positive,GRAY,False,제외:산업용 주변기술(일반제어·진동·경로·측정·교시UI·공정)
16/469184,11207775,Method of teaching robot,"KAWASAKI JUKOGYO KABUSHIKI KAISHA | KAWASAKI ROBOTICS (USA), INC.",KAWASAKI JUKOGYO,KAWASAKI HEAVY INDUSTRIES,JP,2017-12-13,93011186,B25J-0009/163,0.75,positive,GRAY,True,
16/234084,11059178,Method of correcting position of robot and robot,"KAWASAKI JUKOGYO KABUSHIKI KAISHA | KAWASAKI ROBOTICS (USA), INC.",KAWASAKI JUKOGYO,KAWASAKI HEAVY INDUSTRIES,JP,2018-12-27,93016975,B25J-0009/1692,0.75,positive,GRAY,True,
17/069843,11458627,Method and system of robot for human following,NATIONAL CHIAO TUNG UNIVERSITY,NATIONAL CHIAO TUNG UNIVERSITY,NATIONAL CHIAO TUNG UNIVERSITY,TW,2020-10-13,93274519,B25J-0009/1666,0.75,positive,GRAY,True,
15/321264,10279483,Co-handling robot comprising robot control means,COMMISSARIAT A L'ENERGIE ATOMIQUE ET AUX ENERGIES ALTERNATIVES,COMMISSARIAT A L'ENERGIE ATOMIQUE ET AUX ENERGIES ALTERNATIVES,COMMISSARIAT A L'ENERGIE ATOMIQUE ET AUX ENERGIES ALTERNATIVES,FR,2015-06-03,95377388,B25J-0013/02,0.75,positive,GRAY,True,
17/672756,12162163,Robot monitoring apparatus and robot system,SEIKO EPSON CORPORATION,SEIKO EPSON,SEIKO EPSON,JP,2022-02-16,100733978,B25J-0009/1676,0.75,positive,GRAY,False,제외:산업용 주변기술(일반제어·진동·경로·측정·교시UI·공정)
16/523655,11213953,Efficient robot control based on inputs from remote client devices,GOOGLE LLC,GOOGLE,ALPHABET,US,2019-07-26,100623254,B25J-0009/1689,0.75,positive,GRAY,True,
17/708335,12290942,"Method for controlling robot, robot system, and storage medium",SEIKO EPSON CORPORATION,SEIKO EPSON,SEIKO EPSON,JP,2022-03-30,101265810,B25J-0009/1633,0.75,positive,GRAY,False,제외:산업용 주변기술(일반제어·진동·경로·측정·교시UI·공정)
16/878891,11584009,Collaborative robot control system and method,WINBOND ELECTRONICS CORP.,WINBOND ELECTRONICS,WINBOND ELECTRONICS,TW,2020-05-20,93277616,B25J-0009/0084,0.75,positive,GRAY,True,
17/797154,12330302,Graphically supported adaptation of robot control programs,"AGILE ROBOTS HANOVER GMBH, NOW TRADING AS FRANKA ROBOTICS GMBH",AGILE ROBOTS HANOVER NOW TRADING AS FRANKA ROBOTICS,FRANKA,DE,2021-02-10,101391085,B25J-0009/1605,0.75,positive,GRAY,True,
16/533844,11478930,Simulation assisted planning of motions to lift heavy objects,SIEMENS AKTIENGESELLSCHAFT,SIEMENS,SIEMENS,DE,2019-08-07,101237258,B25J-0009/1664,0.75,positive,GRAY,True,
17/701876,12179349,"Motion data generation system, motion data generation method, and motion data generation program of robot",TOYOTA JIDOSHA KABUSHIKI KAISHA,TOYOTA JIDOSHA,TOYOTA,JP,2022-03-23,101704517,B25J-0009/0072,0.75,positive,T1_auto,True,
16/137255,11154990,Braking and regeneration control in a legged robot,"BOSTON DYNAMICS, INC.",BOSTON DYNAMICS,HYUNDAI MOTOR GROUP(2021~)/구글·소프트뱅크(이전),US,2018-09-20,101068926,B25J-0009/20,0.75,positive,GRAY,True,
18/105178,12330304,Object placement,INTRINSIC INNOVATION LLC,INTRINSIC INNOVATION,ALPHABET,US,2023-02-02,101853413,B25J-0009/163,0.75,positive,GRAY,True,
17/708258,12194633,"Method for controlling robot, robot system, and storage medium",SEIKO EPSON CORPORATION,SEIKO EPSON,SEIKO EPSON,JP,2022-03-30,101883601,B25J-0009/1638,0.75,positive,GRAY,False,제외:산업용 주변기술(일반제어·진동·경로·측정·교시UI·공정)
17/930270,12330308,"Robot system, parallel link mechanism, control method, control device, and storage medium",KABUSHIKI KAISHA TOSHIBA,TOSHIBA,TOSHIBA,JP,2022-09-07,101848832,B25J-0009/0051,0.75,positive,GRAY,True,
18/015176,12070855,Robot,FANUC CORPORATION,FANUC,FANUC,JP,2021-08-27,102298847,B25J-0009/0009,0.75,positive,GRAY,False,제외:오탐사전(밸런서·NC 등)
15/373650,10195739,Measuring robot performance,CMR SURGICAL LIMITED,CMR SURGICAL,CMR SURGICAL,GB,2016-12-09,101939082,B25J-0009/1641,0.75,positive,GRAY,True,
18/008760,12280505,Method and computer program product for controlling a robot,DEUTSCHES ZENTRUM FÜR LUFT- UND RAUMFAHRT E.V.,DEUTSCHES ZENTRUM FÜR LUFT- UND RAUMFAHRT EV,DEUTSCHES ZENTRUM FÜR LUFT- UND RAUMFAHRT EV,DE,2021-06-10,102486972,B25J-0009/1643,0.75,positive,GRAY,True,
18/246498,12358151,Robot control system and control device,JOHNAN CORPORATION,JOHNAN,JOHNAN,JP,2022-03-04,102396578,B25J-0009/1697,0.75,positive,GRAY,True,
17/193268,11911919,Method and computing system for performing grip region detection,"MUJIN, INC.",MUJIN,MUJIN,JP,2021-03-05,102817371,B25J-0009/1697,0.75,positive,GRAY,True,
18/687260,12370701,Multi-degree-of-freedom robotic arm,CHINA INSTITUTE OF ATOMIC ENERGY,CHINA INSTITUTE OF ATOMIC ENERGY,CHINA INSTITUTE OF ATOMIC ENERGY,CN,2023-12-29,102829886,B25J-0009/046,0.75,positive,GRAY,True,
17/630677,12280503,Method for operating a robot manipulator with increased mass of a load,"AGILE ROBOTS HANOVER GMBH, NOW TRADING AS FRANKA ROBOTICS GMBH",AGILE ROBOTS HANOVER NOW TRADING AS FRANKA ROBOTICS,FRANKA,DE,2020-08-11,103025512,B25J-0009/1633,0.75,positive,GRAY,True,
15/766083,10843344,Robot system,Sami Haddadin,SAMI HADDADIN,SAMI HADDADIN,DE,2016-10-10,104317807,B25J-0013/06,0.75,positive,GRAY,True,
15/766080,11040455,Robot system and method for controlling a robot system,HADDADIN BETEILIGUNGS UG,HADDADIN BETEILIGUNGS UG,HADDADIN BETEILIGUNGS UG,DE,2016-10-10,104317802,B25J-0013/081,0.75,positive,GRAY,True,
18/246874,12377547,"Control device, robot, control method, and program",OMRON CORPORATION,OMRON,OMRON,JP,2021-09-03,103014515,B25J-0009/1694,0.75,positive,GRAY,False,제외:산업용 주변기술(일반제어·진동·경로·측정·교시UI·공정)
17/629266,12134196,Method for automatically setting collision sensitivity of collaborative robot,NEUROMEKA,NEUROMEKA,NEUROMEKA,KR,2020-10-30,104815316,B25J-0009/1666,0.75,positive,GRAY,True,
15/617512,10525595,"Methods, apparatus, computer programs, and non-transitory computer readable storage mediums for controlling at least one of a first robot and a second robot to collaborate within a system",ROLLS-ROYCE plc,ROLLS-ROYCE,ROLLS-ROYCE,GB,2017-06-08,104478465,B25J-0009/1682,0.75,positive,GRAY,True,
18/081611,12403599,"Motion terrain determining method, robot, and computer-readable storage medium",2021A351US1 | UBTECH ROBOTICS CORP LTD,2021A351US1,2021A351US1,CN,2022-12-14,104890162,B25J-0009/1664,0.75,positive,T1_auto,True,
16/709257,11407118,Robot for performing dextrous tasks and related methods and systems,Joseph E Augenbraun | Ashis Ghosh | Stephen J. Hansen | Achille Verheye | Dalia MacPhee,JOSEPH E AUGENBRAUN,JOSEPH E AUGENBRAUN,US,2019-12-10,105080731,B25J-0005/007,0.75,positive,GRAY,True,
17/565889,12397416,"Robot control method, storage medium and electronic device","CloudMinds Robotics Co., Ltd.",CLOUDMINDS ROBOTICS,CLOUDMINDS ROBOTICS,CN,2021-12-30,105077916,B25J-0009/163,0.75,positive,GRAY,True,
18/025063,12409547,Control device and control method,FANUC CORPORATION,FANUC,FANUC,JP,2021-09-22,105094558,B25J-0009/0081,0.75,positive,GRAY,True,
18/000983,12403595,Robot control device,FANUC CORPORATION,FANUC,FANUC,JP,2021-06-18,105405904,B25J-0009/1651,0.75,positive,GRAY,True,
17/689534,12415273,Control of robotic arms through hybrid inverse kinematics and intuitive reference frame,UNIVERSITY OF SOUTH FLORIDA,UNIVERSITY OF SOUTH FLORIDA,UNIVERSITY OF SOUTH FLORIDA,US,2022-03-08,106006753,B25J-0009/1664,0.75,positive,GRAY,True,
17/856699,12318935,Techniques for robot control using neural implicit value functions,NVIDIA CORPORATION,NVIDIA,NVIDIA,US,2022-07-01,106007698,B25J-0009/163,0.75,positive,GRAY,True,
18/539896,12434382,Robot teaching system,HITACHI HIGH-TECH CORPORATION,HITACHI HIGH-TECH,HITACHI HIGH-TECH,JP,2023-12-14,106181857,B25J-0009/163,0.75,positive,GRAY,True,
17/777651,12427658,"Control device, control method, and robot system","HITACHI, LTD.",HITACHI,HITACHI,JP,2020-09-08,106016462,B25J-0009/163,0.75,positive,GRAY,True,
14/855045,9586316,Determination of robotic step path,"BOSTON DYNAMICS, INC.",BOSTON DYNAMICS,HYUNDAI MOTOR GROUP(2021~)/구글·소프트뱅크(이전),US,2015-09-15,106331946,B25J-0009/1664,0.75,positive,GRAY,True,
17/794433,12296489,Control of a robot manipulator upon contact with a person,"AGILE ROBOTS HANOVER GMBH, NOW TRADING AS FRANKA ROBOTICS GMBH",AGILE ROBOTS HANOVER NOW TRADING AS FRANKA ROBOTICS,FRANKA,DE,2021-02-10,106521746,B25J-0009/1676,0.75,positive,GRAY,True,
18/161142,12447610,Method for controlling a robotic device,ROBERT BOSCH GMBH,ROBERT BOSCH,ROBERT BOSCH,DE,2023-01-30,106524740,B25J-0009/163,0.75,positive,GRAY,True,
16/449524,11559890,"Method, apparatus and system for determining a trajectory of a robot's end effector",SIEMENS AKTIENGESELLSCHAFT,SIEMENS,SIEMENS,DE,2019-06-24,106605053,B25J-0009/1653,0.75,positive,GRAY,True,
17/751228,12030184,System and method for error correction and compensation for 3D eye-to-hand coordination,EBOTS INC.,EBOTS,EBOTS,US,2022-05-23,106536818,B25J-0009/1653,0.75,positive,GRAY,True,
17/758869,12454061,"System and method for operating the robot, electronic device and computer readable medium",ABB SCHWEIZ AG,ABB SCHWEIZ,ABB,CH,2020-01-22,106706887,B25J-0009/1697,0.75,positive,GRAY,False,제외:산업용 주변기술(일반제어·진동·경로·측정·교시UI·공정)
17/708142,12162168,"Method for controlling robot, robot system, and storage medium",SEIKO EPSON CORPORATION,SEIKO EPSON,SEIKO EPSON,JP,2022-03-30,106784538,B25J-0009/044,0.75,positive,GRAY,False,제외:산업용 주변기술(일반제어·진동·경로·측정·교시UI·공정)
17/932271,12447614,Learning from demonstration for determining robot perception motion,GDM HOLDING LLC,GDM,GDM,US,2022-09-14,106860110,B25J-0009/1664,0.75,positive,GRAY,True,
18/116097,12220824,"Correction device, correction method, and robot system","Hitachi, Ltd.",HITACHI,HITACHI,JP,2023-03-01,106765017,B25J-0009/1692,0.75,positive,GRAY,True,
17/429163,12459113,Robot leg and robotic system,MAX-PLANCK­-GESELLSCHAFT ZUR FORDERUNG DER WISSENSCHAFTEN E.V.,MAX-PLANCK­-GESELLSCHAFT ZUR FORDERUNG DER WISSENSCHAFTEN EV,MAX-PLANCK­-GESELLSCHAFT ZUR FORDERUNG DER WISSENSCHAFTEN EV,DE,2020-01-20,106874119,B25J-0009/1075,0.75,positive,GRAY,True,
17/553859,12459121,Integrity and safety checking for robots,INTEL CORPORATION,INTEL,INTEL,US,2021-12-17,106874127,B25J-0005/007,0.75,positive,GRAY,True,
18/015268,12440976,Robot controller,FANUC CORPORATION,FANUC,FANUC,JP,2021-08-20,106887856,B25J-0009/1643,0.75,positive,GRAY,True,
17/789561,12370675,Method of obtaining vibrational properties of robot arm,UNIVERSAL ROBOTS A/S,UNIVERSAL ROBOTS A/S,UNIVERSAL ROBOTS A/S,DK,2020-12-18,107048388,B25J-0009/1602,0.75,positive,GRAY,True,
18/248466,12447613,Robot control device and robot system,FANUC CORPORATION,FANUC,FANUC,JP,2021-12-14,106978617,B25J-0009/1641,0.75,positive,GRAY,True,
17/753978,12472629,Methods and systems for graphical user interfaces to control remotely located robots,Google LLC,GOOGLE,ALPHABET,US,2019-11-19,107281191,B25J-0009/1671,0.75,positive,GRAY,True,
17/439819,12023813,"Control system, control method, and control unit",OMRON CORPORATION,OMRON,OMRON,TW,2020-02-12,107388307,B25J-0009/1666,0.75,positive,GRAY,True,
18/036779,12466062,"Control method, apparatus, and system of a composite robot","JAKA ROBOTICS CO., LTD.",JAKA ROBOTICS,JAKA ROBOTICS,CN,2022-08-09,107380420,B25J-0009/1633,0.75,positive,GRAY,True,
17/554549,11813743,Six degree-of-freedom and three degree-of-freedom robotic systems for automatic and/or collaborative fastening operations,GM GLOBAL TECHNOLOGY OPERATIONS LLC | Shanghai JiaoTong University,GM GLOBAL TECHNOLOGY OPERATIONS,GM,US,2021-12-17,107419345,B25J-0009/0072,0.75,positive,GRAY,True,
18/073630,12397422,Robot movement and interaction with massive bodies,"BOSTON DYNAMICS, INC.",BOSTON DYNAMICS,HYUNDAI MOTOR GROUP(2021~)/구글·소프트뱅크(이전),US,2022-12-02,107555978,B25J-0009/1638,0.75,positive,GRAY,True,
17/424477,11975452,"Motion control method, device and system, and storage medium","MEGAROBO TECHNOLOGIES CO., LTD.",MEGAROBO TECHNOLOGIES,MEGAROBO TECHNOLOGIES,CN,2019-12-16,107419905,B25J-0009/1641,0.75,positive,GRAY,True,
17/337815,11938638,Simulation driven robotic control of real robot(s),GOOGLE LLC,GOOGLE,ALPHABET,US,2021-06-03,107724347,B25J-0009/1671,0.75,positive,GRAY,True,
17/563976,11958200,Automatic robotic arm system and coordinating method for robotic arm and computer vision thereof,"DELTA ELECTRONICS, INC.",DELTA ELECTRONICS,DELTA ELECTRONICS,TW,2021-12-28,107843230,B25J-0009/1692,0.75,positive,GRAY,True,
18/550855,12420432,Robot feedback method and robot,"HUAWEI TECHNOLOGIES CO., LTD.",HUAWEI TECHNOLOGIES,HUAWEI TECHNOLOGIES,CN,2022-03-11,107750707,B25J-0013/084,0.75,positive,GRAY,True,
17/243939,11691285,Method and computing system for estimating parameter for robot operation,"MUJIN, INC.",MUJIN,MUJIN,JP,2021-04-29,108138429,B25J-0009/1638,0.75,positive,GRAY,True,
17/974862,12502774,Robotic arm operating system,HIWIN TECHNOLOGIES CORP.,HIWIN TECHNOLOGIES,HIWIN TECHNOLOGIES,TW,2022-10-27,108372726,B25J-0009/1664,0.75,positive,GRAY,True,
17/758632,12134195,"Control device for robot, robot system, control method, and program",FANUC CORPORATION,FANUC,FANUC,JP,2021-01-12,108474489,B25J-0009/1664,0.75,positive,GRAY,False,제외:산업용 주변기술(일반제어·진동·경로·측정·교시UI·공정)
17/905825,12311558,"Robot control device, robot system, and robot control method",FANUC CORPORATION,FANUC,FANUC,JP,2021-03-05,108560185,B25J-0009/1674,0.75,positive,GRAY,True,
18/520033,12508709,Safety detecting device and a safety detecting system including the same,HYUNDAI MOTOR COMPANY | KIA CORPORATION,HYUNDAI MOTOR,HYUNDAI MOTOR GROUP,KR,2023-11-27,108549784,B25J-0009/1666,0.75,positive,GRAY,True,
18/151603,12409550,Robot system with casing elements,"Mantis Robotics, Inc.",MANTIS ROBOTICS,MANTIS ROBOTICS,US,2023-01-09,108542347,B25J-0009/1633,0.75,positive,GRAY,True,
18/807017,12409570,Humanoid transformer robots and methods of controlling the same,Sanctuary Cognitive Systems Corporation,SANCTUARY COGNITIVE SYSTEMS,SANCTUARY COGNITIVE SYSTEMS,CA,2024-08-16,108542345,B25J-0009/162,0.75,positive,T1_auto,True,
17/666328,12403598,"System, manufacturing method, controlling method, program, and recording medium",CANON KABUSHIKI KAISHA,CANON,CANON,JP,2022-02-07,108632484,B25J-0009/1664,0.75,positive,GRAY,True,
15/310704,10137579,Anti-jamming system in a humanoid-type robot,SOFTBANK ROBOTICS EUROPE,SOFTBANK ROBOTICS EUROPE,SOFTBANK ROBOTICS,FR,2015-06-03,109868851,B25J-0019/0091,0.75,positive,T1_auto,True,
15/219591,10632624,Tool holders for robotic systems having collision detection,Illinois Tool Works Inc.,ILLINOIS TOOL WORKS,ILLINOIS TOOL WORKS,US,2016-07-26,110345664,B25J-0013/085,0.75,positive,GRAY,True,
15/254592,10647002,Systems and methods for providing dynamic robotic control systems,BERKSHIRE GREY INC.,BERKSHIRE GREY,BERKSHIRE GREY,US,2016-09-01,110365082,B25J-0009/1694,0.75,positive,GRAY,True,
18/083687,12377539,Collaborative robot,ABB SCHWEIZ AG,ABB SCHWEIZ,ABB,CH,2022-12-19,111910898,B25J-0009/1638,0.75,positive,GRAY,True,
18/343748,12544927,"Method and control unit for controlling motion of an object towards a target pose, and robot","HONDA MOTOR CO., LTD.",HONDA MOTOR,HONDA,JP,2023-06-29,112105433,B25J-0009/1666,0.75,positive,GRAY,True,
16/880869,11820014,Simulated local demonstration data for robotic demonstration learning,INTRINSIC INNOVATION LLC,INTRINSIC INNOVATION,ALPHABET,US,2020-05-21,112267486,B25J-0009/163,0.75,positive,GRAY,True,
17/856851,12447606,Safety system for hand-guiding a robot,"Mantis Robotics, Inc.",MANTIS ROBOTICS,MANTIS ROBOTICS,US,2022-07-01,112084917,B25J-0009/0081,0.75,positive,GRAY,True,
18/266440,12325123,Impact-protection safety device for a robot,SCHAEFFLER TECHNOLOGIES AG & CO. KG,SCHAEFFLER TECHNOLOGIES & CO KG,SCHAEFFLER TECHNOLOGIES & CO KG,DE,2021-12-08,112370543,B25J-0019/0091,0.75,positive,GRAY,True,
18/383950,12544921,"Robotic arm control method, robotic arm and computer-readable storage medium",UBTECH ROBOTICS CORP LTD,UBTECH ROBOTICS,UBTECH,CN,2023-10-26,112464109,B25J-0009/1656,0.75,positive,GRAY,True,
17/996749,12447615,"Robot system, robot control device, control method, and computer program",FANUC CORPORATION,FANUC,FANUC,JP,2021-04-23,112300892,B25J-0009/1664,0.75,positive,GRAY,True,
17/782317,12220808,Method and setup for fenceless robotics,MAGNA POWERTRAIN GMBH & CO KG,MAGNA POWERTRAIN & CO KG,MAGNA POWERTRAIN & CO KG,AT,2020-12-04,112674789,B25J-0013/084,0.75,positive,GRAY,True,
18/092157,11717974,Haptic photogrammetry in robots and methods for operating the same,SANCTUARY COGNITIVE SYSTEMS CORPORATION,SANCTUARY COGNITIVE SYSTEMS,SANCTUARY COGNITIVE SYSTEMS,CA,2022-12-30,112684256,B25J-0009/1694,0.75,positive,T1_auto,True,
18/579473,12564947,Teaching a robot system using hand gesture control and visual-inertial-odometry,SCHAEFFLER TECHNOLOGIES AG & CO. KG,SCHAEFFLER TECHNOLOGIES & CO KG,SCHAEFFLER TECHNOLOGIES & CO KG,DE,2021-07-15,112709821,B25J-0009/163,0.75,positive,GRAY,True,
17/758962,12564945,"System and method for controlling the robot, electronic device and computer readable medium",ABB SCHWEIZ AG,ABB SCHWEIZ,ABB,CH,2020-01-22,112709819,B25J-0009/163,0.75,positive,GRAY,False,제외:산업용 주변기술(일반제어·진동·경로·측정·교시UI·공정)
18/547456,12564961,"Information processing device, information processing method, and program",OMRON CORPORATION,OMRON,OMRON,JP,2021-12-20,112709835,B25J-0009/1676,0.75,positive,GRAY,False,제외:산업용 주변기술(일반제어·진동·경로·측정·교시UI·공정)
18/612719,12569992,Automatic determination of robot settling states,INTRINSIC INNOVATION LLC,INTRINSIC INNOVATION,ALPHABET,US,2024-03-21,112974046,B25J-0009/1638,0.75,positive,GRAY,True,
18/317128,12397424,Method and apparatus for online task planning and robot motion control,OMRON CORPORATION,OMRON,OMRON,JP,2023-05-15,113281230,B25J-0009/1661,0.75,positive,GRAY,True,
18/355914,12576516,Human skill based path generation,FANUC CORPORATION,FANUC,FANUC,JP,2023-07-20,113221959,B25J-0009/161,0.75,positive,GRAY,True,
18/481131,12544928,Interference determination device and path generation device,DENSO CORPORATION,DENSO,DENSO,JP,2023-10-04,113284143,B25J-0009/1666,0.75,positive,GRAY,True,
18/501303,12569991,Variable payload robot,"DEXTERITY, INC.",DEXTERITY,DEXTERITY,US,2023-11-03,113389134,B25J-0009/1638,0.75,positive,GRAY,True,
17/447553,12246449,Device and method for controlling a robotic device,ROBERT BOSCH GMBH,ROBERT BOSCH,ROBERT BOSCH,DE,2021-09-13,113304357,B25J-0009/163,0.75,positive,GRAY,True,
18/042051,12583102,Method and system for handling a load arrangement with a robot gripper,KUKA DEUTSCHLAND GMBH,KUKA DEUTSCHLAND,KUKA,DE,2021-08-12,113416907,B25J-0009/163,0.75,positive,GRAY,True,
18/259519,12583114,"Device for simulating operation of robot, device for controlling robot, and method for simulating operation of robot",FANUC CORPORATION,FANUC,FANUC,JP,2022-01-04,113416919,B25J-0009/1671,0.75,positive,GRAY,True,
18/679288,12564957,Dynamic coordination of multiple robotic manipulator arms,L5 AUTOMATION INC.,L5 AUTOMATION,L5 AUTOMATION,CA,2024-05-30,113501979,B25J-0009/1664,0.75,positive,GRAY,True,
18/547694,12589485,"Teaching point generation device that generates teaching points on basis of output of sensor, and teaching point generation method",FANUC CORPORATION,FANUC,FANUC,JP,2022-02-24,113624291,B25J-0009/0081,0.75,positive,GRAY,True,
18/148548,12403589,Simulating physical interactions for automated systems,NVIDIA CORPORATION,NVIDIA,NVIDIA,US,2022-12-30,113612963,B25J-0009/1605,0.75,positive,GRAY,True,
17/510366,11731262,Robot and method for operating the same,"SAMSUNG ELECTRONICS CO., LTD.",SAMSUNG ELECTRONICS,SAMSUNG,KR,2021-10-25,113637405,B25J-0009/0003,0.75,positive,GRAY,True,
17/924891,12528186,Training and/or utilizing machine learning model(s) for use in natural language based robotic control,GOOGLE LLC,GOOGLE,ALPHABET,US,2021-05-14,113808267,B25J-0009/1656,0.75,positive,GRAY,True,
18/278096,12454060,Control device,FANUC CORPORATION,FANUC,FANUC,JP,2022-03-22,113728807,B25J-0009/1694,0.75,positive,GRAY,False,제외:산업용 주변기술(일반제어·진동·경로·측정·교시UI·공정)
16/832564,11712806,Calibration apparatus for calibrating mechanism error parameter for controlling robot,Fanuc Corporation,FANUC,FANUC,JP,2020-03-27,113805119,B25J-0009/1692,0.75,positive,GRAY,False,제외:산업용 주변기술(일반제어·진동·경로·측정·교시UI·공정)
19/259465,12594674,Multi-agent calibration and motion control,"UT-BATTELLE, LLC",UT-BATTELLE,UT-BATTELLE,US,2025-07-03,113818487,B25J-0009/1692,0.75,positive,GRAY,True,
18/169817,12425101,Robot,"Honda Motor Co., Ltd.",HONDA MOTOR,HONDA,JP,2023-02-15,113901322,B25J-0019/0037,0.75,positive,T1_auto,True,
17/797014,12515327,Robotic device,DYSON TECHNOLOGY LIMITED,DYSON TECHNOLOGY,DYSON TECHNOLOGY,GB,2021-02-19,113920300,B25J-0009/1638,0.75,positive,GRAY,True,
18/443209,12589494,Techniques for controlling robots using dynamic gain tuning,"AUTODESK, INC.",AUTODESK,AUTODESK,US,2024-02-15,114035674,B25J-0009/163,0.75,positive,GRAY,True,
18/037477,12466085,Robot operating device and robot,"CORPORATION, FANUC",FANUC,FANUC,JP,2021-12-21,114356898,B25J-0009/1656,0.75,positive,GRAY,True,
18/201690,12440981,"Robot control method, robot and storage medium","BEIJING XIAOMI ROBOT TECHNOLOGY CO., LTD.",BEIJING XIAOMI ROBOT TECHNOLOGY,BEIJING XIAOMI ROBOT TECHNOLOGY,CN,2023-05-24,113894183,B25J-0009/1664,0.75,positive,T1_auto,True,
18/626511,12605823,Humanoid android,Victoria Hewitt,VICTORIA HEWITT,VICTORIA HEWITT,US,2024-04-04,114262789,B25J-0009/0003,0.75,positive,T1_auto,True,
18/347226,12617081,Mobile manipulator robot and method for using the same,"Hyundai Mobis Co., Ltd.",HYUNDAI MOBIS,HYUNDAI MOTOR GROUP,KR,2023-07-05,114642468,B25J-0009/162,0.75,positive,GRAY,True,
18/277940,12415283,Robot manipulation device and robot,FANUC CORPORATION,FANUC,FANUC,JP,2022-03-11,114738716,B25J-0013/02,0.75,positive,GRAY,True,
18/279941,12617091,Safety features for a robot assembly and method of same,MAGNA POWERTRAIN GMBH & CO KG,MAGNA POWERTRAIN & CO KG,MAGNA POWERTRAIN & CO KG,AT,2022-03-04,115025152,B25J-0009/1666,0.75,positive,GRAY,True,
17/854730,12454050,Reactive interactions for robotic applications and other automated systems,NVIDIA CORPORATION,NVIDIA,NVIDIA,US,2022-06-30,114942285,B25J-0009/1612,0.75,positive,GRAY,True,
18/608971,12629840,"Operation control device, operation control system, operation control method, and storage medium","HONDA MOTOR CO., LTD.",HONDA MOTOR,HONDA,JP,2024-03-19,115040070,B25J-0009/1692,0.75,positive,GRAY,True,
18/696290,12623347,"Method for the safety control, during direct teaching, of a robotised system and relative robotised system",GAIOTTO AUTOMATION S.P.A.,GAIOTTO AUTOMATION,GAIOTTO AUTOMATION,IT,2022-09-29,115217562,B25J-0009/1656,0.75,positive,GRAY,True,
15/618525,10252420,Collaborative robot,"Precise Automation, Inc.",PRECISE AUTOMATION,PRECISE AUTOMATION,US,2017-06-09,115388343,B25J-0009/1676,0.75,positive,GRAY,True,
17/531267,11926054,Robot control method,"PANASONIC INTELLECTUAL PROPERTY MANAGEMENT CO., LTD.",PANASONIC INTELLECTUAL PROPERTY MANAGEMENT,PANASONIC,JP,2021-11-19,115525715,B25J-0009/1641,0.75,positive,GRAY,True,
18/393944,12649230,Method and apparatus for performing robot skill based on skill uncertainty using large language model,ELECTRONICS AND TELECOMMUNICATIONS RESEARCH INSTITUTE,ELECTRONICS AND TELECOMMUNICATIONS RESEARCH INSTITUTE,ELECTRONICS AND TELECOMMUNICATIONS RESEARCH INSTITUTE,KR,2023-12-22,115625278,B25J-0009/163,0.75,positive,GRAY,True,
18/277893,12649238,"Motion plan device, motion plan method, and recording medium",NEC CORPORATION,NEC,NEC,JP,2021-03-24,115625286,B25J-0009/1666,0.75,positive,GRAY,True,
19/001553,12654333,Method and device for obstacle avoidance control for robot and computer-readable storage medium,UBTECH ROBOTICS CORP LTD,UBTECH ROBOTICS,UBTECH,CN,2024-12-26,115806014,B25J-0009/1697,0.75,positive,GRAY,True,
17/553874,12654325,Task impact zone and 4-dimensional safety envelope for robots,INTEL CORPORATION,INTEL,INTEL,US,2021-12-17,115806006,B25J-0005/007,0.75,positive,GRAY,True,
18/495074,12515340,Control method for robot system and robot system,SEIKO EPSON CORPORATION,SEIKO EPSON,SEIKO EPSON,JP,2023-10-26,115878610,B25J-0009/1674,0.75,positive,GRAY,True,
18/141985,12654321,Method of improving a preplanned movement sequence for the control of a robot,SICK AG,SICK,SICK,DE,2023-05-01,115806002,B25J-0009/1666,0.75,positive,GRAY,True,
15/001003,9586315,System and method for flexible human-machine collaboration,THE JOHNS HOPKINS UNIVERSITY,THE JOHNS HOPKINS UNIVERSITY,THE JOHNS HOPKINS UNIVERSITY,US,2016-01-19,115992979,B25J-0009/1664,0.75,positive,GRAY,True,
18/460458,12459125,Simultaneous direct relative measurement and calculated positions of equipment bases,"ASENSUS SURGICAL US, INC.",ASENSUS SURGICAL US,ASENSUS SURGICAL US,US,2023-09-01,116006769,B25J-0009/1676,0.75,positive,GRAY,True,
18/170414,12661788,"Manipulation apparatus, robot system, manipulation apparatus control method, and robot system control method",Canon Kabushiki Kaisha,CANON,CANON,JP,2023-02-16,116020047,B25J-0009/1666,0.75,positive,GRAY,True,
17/083591,11890759,Robot control method,"PANASONIC INTELLECTUAL PROPERTY MANAGEMENT CO., LTD.",PANASONIC INTELLECTUAL PROPERTY MANAGEMENT,PANASONIC,JP,2020-10-29,116135663,B25J-0009/1638,0.75,positive,GRAY,True,
17/052703,12011828,Method for controlling a plurality of robot effectors,SPOON,SPOON,SPOON,FR,2019-04-26,115995090,B25J-0009/0084,0.75,positive,GRAY,True,
17/632810,12661782,"Control device, control system, robot system and controlling method",KAWASAKI JUKOGYO KABUSHIKI KAISHA,KAWASAKI JUKOGYO,KAWASAKI HEAVY INDUSTRIES,JP,2020-05-28,116020041,B25J-0009/1664,0.75,positive,GRAY,True,
17/620236,12233535,System for performing an input on a robotic manipulator,FRANKA EMIKA GMBH,FRANKA EMIKA,FRANKA,DE,2020-06-26,116329643,B25J-0013/085,0.75,positive,GRAY,True,
17/600907,12661791,Robot arm safety system with runtime adaptable safety limits,UNIVERSAL ROBOTS A/S,UNIVERSAL ROBOTS A/S,UNIVERSAL ROBOTS A/S,DK,2020-04-01,116456433,B25J-0009/1674,0.75,positive,GRAY,True,
18/660517,12515331,System and method for robotic planning in partially observable environments using large language models,"Mitsubishi Electric Research Laboratories, Inc.",MITSUBISHI ELECTRIC RESEARCH LABORATORIES,MITSUBISHI ELECTRIC,US,2024-05-10,116399443,B25J-0009/1658,0.75,positive,GRAY,True,
18/547723,12576540,Robot control device,FANUC CORPORATION,FANUC,FANUC,JP,2021-04-30,116260425,B25J-0013/085,0.75,positive,GRAY,True,
14/702014,9889566,Systems and methods for control of robotic manipulation,General Electric Company,GENERAL ELECTRIC,GENERAL ELECTRIC,US,2015-05-01,116474358,B25J-0009/1697,0.75,positive,GRAY,True,
17/434760,11981036,Robot and control system,"RICOH COMPANY, LTD.",RICOH,RICOH,JP,2020-02-28,116558377,B25J-0009/1689,0.75,positive,GRAY,True,
16/919959,11518051,"Dynamic, interactive signaling of safety-related conditions in a monitored environment","VEO ROBOTICS, INC.",VEO ROBOTICS,VEO ROBOTICS,US,2020-07-02,116656555,B25J-0019/061,0.75,positive,GRAY,True,
18/822489,12667971,Robotic control of object placement,KABUSHIKI KAISHA YASKAWA DENKI,YASKAWA DENKI,YASKAWA,JP,2024-09-03,116687833,B25J-0009/1697,0.75,positive,GRAY,True,
18/561397,12415274,"Robot system, control device, diagnosis method, and diagnosis program",FANUC CORPORATION,FANUC,FANUC,JP,2021-08-03,116687869,B25J-0009/1674,0.75,positive,GRAY,True,
17/274549,11465278,Robotic manipulator including pneumatic artificial muscle,OZYEGIN UNIVERSITESI,OZYEGIN UNIVERSITESI,OZYEGIN UNIVERSITESI,TR,2018-09-10,116700165,B25J-0009/1075,0.75,positive,GRAY,True,
18/460612,12679669,Control method and control device for robot,NIDEC INSTRUMENTS CORPORATION,NIDEC INSTRUMENTS,NIDEC INSTRUMENTS,JP,2023-09-04,116710255,B25J-0009/1615,0.75,positive,GRAY,True,
16/716874,11584004,Autonomous object learning by robots triggered by remote operators,X DEVELOPMENT LLC,X DEVELOPMENT,ALPHABET,US,2019-12-17,116709542,B25J-0009/162,0.75,positive,GRAY,True,
14/802418,10016894,Method and apparatus for controlling a robot,KUKA ROBOTER GMBH,KUKA ROBOTER,KUKA,DE,2015-07-17,4979346,B25J-0009/1674,0.7,positive,GRAY,True,
15/248352,9623557,Localization by learning of wave-signal distributions,iRobot Corporation,IROBOT,IROBOT,US,2016-08-26,4844261,B25J-0009/1664,0.7,positive,GRAY,True,
15/766493,10836035,"Operation control device for movable apparatus, operation control system, and method of controlling operations by movable apparatus",OKURA YUSOKI KABUSHIKI KAISHA,OKURA YUSOKI,OKURA YUSOKI,JP,2015-10-07,1050415,B25J-0009/1628,0.7,positive,GRAY,True,
15/208668,10576629,Controlling a compliant-controlled robot,KUKA ROBOTER GMBH,KUKA ROBOTER,KUKA,DE,2016-07-13,5075569,B25J-0009/1633,0.7,positive,GRAY,True,
15/320310,10286547,Robot control system,OMRON CORPORATION,OMRON,OMRON,JP,2015-06-19,5102648,B25J-0009/0084,0.7,positive,GRAY,True,
15/351778,10239207,Control of a robot,KUKA ROBOTER GMBH,KUKA ROBOTER,KUKA,DE,2016-11-15,5110753,B25J-0009/1651,0.7,positive,GRAY,True,
15/221081,10513038,Robot control system,"FUJI XEROX CO., LTD.",FUJI XEROX,FUJI XEROX,JP,2016-07-27,5143288,B25J-0011/0005,0.7,positive,T1_auto,True,
15/883711,11059169,"Method of controlling robot, method of teaching robot, and robot system",CANON KABUSHIKI KAISHA,CANON,CANON,JP,2018-01-30,5242840,B25J-0009/1612,0.7,positive,GRAY,True,
16/489116,11850731,Robot unit having separate actuators and a common counter actuator device for multiple members,SIEMENS AKTIENGESELLSCHAFT,SIEMENS,SIEMENS,DE,2018-02-08,5377457,B25J-0015/0009,0.7,positive,GRAY,True,
16/417790,11318608,Control device and robot system,Seiko Epson Corporation,SEIKO EPSON,SEIKO EPSON,미상,2019-05-21,5379891,B25J-0009/1633,0.7,positive,GRAY,True,
16/268952,11141856,Systems and methods for generating control system solutions for robotics environments,Tata Consultancy Services Limited,TATA CONSULTANCY SERVICES,TATA CONSULTANCY SERVICES,IN,2019-02-06,5390397,B25J-0009/1605,0.7,positive,GRAY,True,
16/459622,11123864,"Motion teaching apparatus, robot system, and motion teaching method",KABUSHIKI KAISHA YASKAWA DENKI,YASKAWA DENKI,YASKAWA,JP,2019-07-02,5394169,B25J-0009/0081,0.7,positive,GRAY,True,
16/448747,11179848,Apparatus system and method of controlling a robotic device,Sony Interactive Entertainment Inc.,SONY INTERACTIVE ENTERTAINMENT,SONY,JP,2019-06-21,5401364,B25J-0009/162,0.7,positive,GRAY,True,
15/733744,11787037,"Behavior estimation apparatus, behavior estimation method, and behavior estimation program",UNIVERSITY OF TSUKUBA,UNIVERSITY OF TSUKUBA,UNIVERSITY OF TSUKUBA,JP,2019-03-20,5518957,B25J-0003/00,0.7,positive,GRAY,True,
17/648869,12059814,Object-based robot control,"Boston Dynamics, Inc.",BOSTON DYNAMICS,HYUNDAI MOTOR GROUP(2021~)/구글·소프트뱅크(이전),US,2022-01-25,5856695,B25J-0009/1689,0.7,positive,GRAY,True,
15/413772,10293484,Robot device and method of controlling the robot device,SONY CORPORATION,SONY,SONY,JP,2017-01-24,16270978,B25J-0009/1666,0.7,positive,GRAY,True,
14/854088,9782898,Robot controller for avoiding problem regarding robot at the time of emergency stop,FANUC CORPORATION,FANUC,FANUC,JP,2015-09-15,16931823,B25J-0009/1676,0.7,positive,GRAY,False,제외:산업용 주변기술(일반제어·진동·경로·측정·교시UI·공정)
14/817247,9895806,Control device for robot that performs work by pressing tool against workpiece,FANUC CORPORATION,FANUC,FANUC,JP,2015-08-04,16910585,B25J-0009/1679,0.7,positive,GRAY,True,
14/990115,9636823,Robot control device for updating rotation angle by plurality of rotation angle detectors,Fanuc Corporation,FANUC,FANUC,JP,2016-01-07,16982409,B25J-0009/1664,0.7,positive,GRAY,False,제외:산업용 주변기술(일반제어·진동·경로·측정·교시UI·공정)
15/463255,10213916,Control apparatus and robot system,Seiko Epson Corporation,SEIKO EPSON,SEIKO EPSON,JP,2017-03-20,17204344,B25J-0009/0084,0.7,positive,GRAY,True,
15/602980,10335950,Robot control apparatus and robot control method,FANUC CORPORATION,FANUC,FANUC,JP,2017-05-23,17233527,B25J-0009/1692,0.7,positive,GRAY,True,
15/635613,10562196,"Robot, control device, and robot system",Seiko Epson Corporation,SEIKO EPSON,SEIKO EPSON,JP,2017-06-28,17247179,B25J-0018/005,0.7,positive,GRAY,True,
15/788171,10792808,Robot and robot system,Seiko Epson Corporation,SEIKO EPSON,SEIKO EPSON,JP,2017-10-19,17312868,B25J-0009/161,0.7,positive,GRAY,False,제외:산업용 주변기술(일반제어·진동·경로·측정·교시UI·공정)
15/905029,10478970,Robot system,FANUC CORPORATION,FANUC,FANUC,JP,2018-02-26,17360670,B25J-0009/1676,0.7,positive,GRAY,True,
15/936490,10549422,"Robot controller, machine learning device and machine learning method",FANUC CORPORATION,FANUC,FANUC,JP,2018-03-27,17382839,B25J-0009/163,0.7,positive,GRAY,True,
15/933930,10864634,Control device and robot system,Seiko Epson Corporation,SEIKO EPSON,SEIKO EPSON,미상,2018-03-23,17382823,B25J-0009/1633,0.7,positive,GRAY,True,
15/954949,10882189,Control device and robot system,Seiko Epson Corporation,SEIKO EPSON,SEIKO EPSON,미상,2018-04-17,17386730,B25J-0009/1692,0.7,positive,GRAY,False,제외:산업용 주변기술(일반제어·진동·경로·측정·교시UI·공정)
16/019713,10946521,"Movement planning apparatus, moving robot, and movement planning program",TOYOTA JIDOSHA KABUSHIKI KAISHA,TOYOTA JIDOSHA,TOYOTA,JP,2018-06-27,17429135,B25J-0009/1666,0.7,positive,GRAY,True,
16/126024,11077553,Robot and offset correction device for force sensor,Seiko Epson Corporation,SEIKO EPSON,SEIKO EPSON,미상,2018-09-10,17452049,B25J-0009/1633,0.7,positive,GRAY,True,
16/140729,11305438,"Robot control device, robot, and robot system",Seiko Epson Corporation,SEIKO EPSON,SEIKO EPSON,미상,2018-09-25,17459234,B25J-0019/0029,0.7,positive,GRAY,False,제외:산업용 주변기술(일반제어·진동·경로·측정·교시UI·공정)
16/142669,10807247,Robot operation apparatus,FANUC CORPORATION,FANUC,FANUC,JP,2018-09-26,17486315,B25J-0013/02,0.7,positive,GRAY,False,제외:산업용 주변기술(일반제어·진동·경로·측정·교시UI·공정)
16/369037,11518023,"Control device, robot, and robot system",SEIKO EPSON CORPORATION,SEIKO EPSON,SEIKO EPSON,JP,2019-03-29,17554762,B25J-0009/161,0.7,positive,GRAY,False,제외:산업용 주변기술(일반제어·진동·경로·측정·교시UI·공정)
16/386350,10987802,Control device,FANUC CORPORATION,FANUC,FANUC,JP,2019-04-17,17566752,B25J-0009/161,0.7,positive,GRAY,False,제외:산업용 주변기술(일반제어·진동·경로·측정·교시UI·공정)
16/458193,11433537,Automatic path generation device,FANUC CORPORATION,FANUC,FANUC,JP,2019-07-01,17598640,B25J-0009/1664,0.7,positive,GRAY,True,
16/460298,11254008,Method and device of controlling robot system,CANON KABUSHIKI KAISHA,CANON,CANON,JP,2019-07-02,17598651,B25J-0009/1697,0.7,positive,GRAY,True,
16/545114,11318609,"Control device, robot system, and robot",Seiko Epson Corporation,SEIKO EPSON,SEIKO EPSON,미상,2019-08-20,17612582,B25J-0009/1633,0.7,positive,GRAY,True,
16/740856,11969876,Robot and control method of robot,"PANASONIC INTELLECTUAL PROPERTY MANAGEMENT CO., LTD.",PANASONIC INTELLECTUAL PROPERTY MANAGEMENT,PANASONIC,JP,2020-01-13,17709569,B25J-0011/0005,0.7,positive,GRAY,True,
16/874750,11465285,"Robot system, control apparatus, and control method for robot",SEIKO EPSON CORPORATION,SEIKO EPSON,SEIKO EPSON,미상,2020-05-15,17737563,B25J-0009/1674,0.7,positive,GRAY,True,
17/166817,11673271,"Trajectory generation apparatus, multi-link system, and trajectory generation method",DENSO CORPORATION,DENSO,DENSO,JP,2021-02-03,17849557,B25J-0009/1666,0.7,positive,GRAY,True,
17/161714,11660742,Teaching method and robot system,SEIKO EPSON CORPORATION,SEIKO EPSON,SEIKO EPSON,JP,2021-01-29,17848569,B25J-0009/0081,0.7,positive,GRAY,True,
17/056163,11820019,Robot control apparatus and robot control method,SONY CORPORATION,SONY,SONY,JP,2019-03-29,17875890,B25J-0009/1661,0.7,positive,GRAY,True,
16/958963,11780084,"Robotic device, control method for robotic device, and program",SONY INTERACTIVE ENTERTAINMENT INC.,SONY INTERACTIVE ENTERTAINMENT,SONY,JP,2018-01-16,20835206,B25J-0009/163,0.7,positive,GRAY,True,
15/219066,10005183,Apparatus for providing robot motion data adaptive to change in work environment and method therefor,ELECTRONICS AND TELECOMMUNICATIONS RESEARCH INSTITUTE,ELECTRONICS AND TELECOMMUNICATIONS RESEARCH INSTITUTE,ELECTRONICS AND TELECOMMUNICATIONS RESEARCH INSTITUTE,KR,2016-07-25,24367693,B25J-0009/1664,0.7,positive,GRAY,True,
15/332312,10124488,Robot control system and method for planning driving path of robot,Korea Institute of Science and Technology,KOREA INSTITUTE OF SCIENCE AND TECHNOLOGY,KOREA INSTITUTE OF SCIENCE AND TECHNOLOGY,KR,2016-10-24,24400359,B25J-0009/1666,0.7,positive,T1_auto,True,
14/713569,9561592,Ground plane compensation for legged robots,"BOSTON DYNAMICS, INC.",BOSTON DYNAMICS,HYUNDAI MOTOR GROUP(2021~)/구글·소프트뱅크(이전),US,2015-05-15,27877981,B25J-0005/00,0.7,positive,GRAY,True,
15/415227,9919416,Methods and systems for providing feedback during teach mode,X Development LLC,X DEVELOPMENT,ALPHABET,US,2017-01-25,27889465,B25J-0009/0081,0.7,positive,GRAY,True,
15/188932,9671777,Training robots to execute actions in physics-based virtual environment,TruPhysics GmbH,TRUPHYSICS,TRUPHYSICS,DE,2016-06-21,27918384,B25J-0009/1671,0.7,positive,GRAY,True,
14/938909,9827679,Specifiable mobility for a robotic device,SIEMENS AKTIENGESELLSCHAFT,SIEMENS,SIEMENS,DE,2015-11-12,27972508,B25J-0009/1689,0.7,positive,GRAY,True,
15/016727,10105845,Modular robot system,"BOSTON DYNAMICS, INC.",BOSTON DYNAMICS,HYUNDAI MOTOR GROUP(2021~)/구글·소프트뱅크(이전),US,2016-02-05,28073667,B25J-0009/14,0.7,positive,GRAY,True,
15/331423,10279480,Sensor fusion,X DEVELOPMENT LLC,X DEVELOPMENT,ALPHABET,US,2016-10-21,28136544,B25J-0009/162,0.7,positive,GRAY,True,
15/589673,10322506,"Systems, devices, articles, and methods for using trained robots",Kindred Systems Inc.,KINDRED SYSTEMS,KINDRED SYSTEMS,CA,2017-05-08,28151904,B25J-0009/1664,0.7,positive,GRAY,True,
15/185241,10377042,Vision-based robot control system,INTEL CORPORATION,INTEL,INTEL,US,2016-06-17,28171590,B25J-0009/1697,0.7,positive,GRAY,True,
15/616038,10632626,Biologically-inspired joints and systems and methods of use thereof,WORCESTER POLYTECHNIC INSTITUTE,WORCESTER POLYTECHNIC INSTITUTE,WORCESTER POLYTECHNIC INSTITUTE,US,2017-06-07,28265800,B25J-0017/00,0.7,positive,GRAY,True,
15/807587,10632614,Motion-controlling method of robot and the robot thereof,UBTECH ROBOTICS CORP.,UBTECH ROBOTICS,UBTECH,CN,2017-11-09,28265795,B25J-0009/16,0.7,positive,GRAY,True,
16/236521,10882184,Servo motion control method and apparatus and robot using the same,UBTECH ROBOTICS CORP.,UBTECH ROBOTICS,UBTECH,CN,2018-12-30,28357266,B25J-0009/1664,0.7,positive,GRAY,True,
15/870613,10926408,Artificial intelligence system for efficiently learning robotic control policies,"Amazon Technologies, Inc.",AMAZON TECHNOLOGIES,AMAZON,US,2018-01-12,28373349,B25J-0009/163,0.7,positive,GRAY,True,
16/231967,11020853,"Robot, method for controlling motion of a robot and non-transitory readable medium",UBTECH ROBOTICS CORP,UBTECH ROBOTICS,UBTECH,CN,2018-12-25,28407988,B25J-0009/1664,0.7,positive,GRAY,True,
16/535108,11110607,Servo output shaft rotational angle calibration method and system and robot using the same,UBTECH ROBOTICS CORP LTD,UBTECH ROBOTICS,UBTECH,CN,2019-08-08,28440907,B25J-0009/1692,0.7,positive,T1_auto,True,
16/530344,11203116,System and method for predicting robotic tasks with deep learning,"TERADYNE, INC.",TERADYNE,TERADYNE,US,2019-08-02,28475727,B25J-0009/163,0.7,positive,GRAY,True,
16/627080,11413748,System and method of direct teaching a robot,ROBERT BOSCH GMBH,ROBERT BOSCH,ROBERT BOSCH,DE,2018-08-09,28554864,B25J-0009/163,0.7,positive,GRAY,True,
16/113320,11465282,System and method for multi-goal path planning,"TERADYNE, INC.",TERADYNE,TERADYNE,US,2018-08-27,28574533,B25J-0009/1666,0.7,positive,GRAY,True,
17/005060,11745345,Planning by work volumes to avoid conflicts,INTRINSIC INNOVATION LLC,INTRINSIC INNOVATION,ALPHABET,US,2020-08-27,28678034,B25J-0009/1666,0.7,positive,GRAY,True,
17/490356,11951629,"Systems, apparatuses, and methods for cost evaluation and motion planning for robotic devices",Brain Corporation,BRAIN,BRAIN,US,2021-09-30,28752664,B25J-0009/1666,0.7,positive,GRAY,True,
17/281506,12030186,"Control device, control method, and non-transitory computer readable storage medium",SONY CORPORATION,SONY,SONY,JP,2019-09-02,28784739,B25J-0009/101,0.7,positive,GRAY,True,
16/326320,11981031,Systems and methods for controlling robotic behaviors,THE TRUSTEES OF THE UNIVERSITY OF PENNSYLVANIA,THE TRUSTEES OF THE UNIVERSITY OF PENNSYLVANIA,THE TRUSTEES OF THE UNIVERSITY OF PENNSYLVANIA,US,2017-08-17,28764895,B25J-0009/1664,0.7,positive,GRAY,True,
17/245709,12011832,Real-time robotics control framework,INTRINSIC INNOVATION LLC,INTRINSIC INNOVATION,ALPHABET,US,2021-04-30,28777213,B25J-0009/1602,0.7,positive,GRAY,True,
17/763015,12138811,Robot control device and direct teaching method for robot,FUJI CORPORATION,FUJI,FUJI,JP,2019-09-30,28827172,B25J-0009/1694,0.7,positive,GRAY,True,
17/560833,11931889,Control method for regenerative brake and robot system,SEIKO EPSON CORPORATION,SEIKO EPSON,SEIKO EPSON,JP,2021-12-23,85712299,B25J-0019/0004,0.7,positive,GRAY,True,
17/058770,11858140,Robot system and supplemental learning method,KAWASAKI JUKOGYO KABUSHIKI KAISHA,KAWASAKI JUKOGYO,KAWASAKI HEAVY INDUSTRIES,JP,2019-05-24,86048240,B25J-0009/163,0.7,positive,GRAY,True,
16/848079,11618166,"Robot operating device, robot, and robot operating method",FANUC CORPORATION,FANUC,FANUC,JP,2020-04-14,86059873,B25J-0009/1689,0.7,positive,GRAY,True,
17/560717,12172308,Method of determining control position of robot and robot system,SEIKO EPSON CORPORATION,SEIKO EPSON,SEIKO EPSON,JP,2021-12-23,86131856,B25J-0009/1602,0.7,positive,GRAY,False,제외:산업용 주변기술(일반제어·진동·경로·측정·교시UI·공정)
16/683675,11376747,Robot controller and robotic system,FANUC CORPORATION,FANUC,FANUC,JP,2019-11-14,86439549,B25J-0015/04,0.7,positive,GRAY,False,제외:산업용 주변기술(일반제어·진동·경로·측정·교시UI·공정)
17/679156,12138799,"Robot control system, robot controller, and robot control method",KABUSHIKI KAISHA YASKAWA DENKI,YASKAWA DENKI,YASKAWA,JP,2022-02-24,86709420,B25J-0009/1656,0.7,positive,GRAY,False,제외:산업용 주변기술(일반제어·진동·경로·측정·교시UI·공정)
17/566726,12179364,"Motion trajectory planning method for robotic manipulator, robotic manipulator and computer-readable storage medium",UBTECH ROBOTICS CORP LTD,UBTECH ROBOTICS,UBTECH,CN,2021-12-31,86617893,B25J-0009/1664,0.7,positive,GRAY,True,
17/275315,12090666,"Path generation device, path generation method, and recording medium storing path generation program",OMRON CORPORATION,OMRON,OMRON,JP,2019-11-27,87332353,B25J-0009/1666,0.7,positive,GRAY,False,제외:산업용 주변기술(일반제어·진동·경로·측정·교시UI·공정)
17/674467,11511414,Robot control device,DAILY COLOR INC.,DAILY COLOR,DAILY COLOR,JP,2022-02-17,87273403,B25J-0009/163,0.7,positive,GRAY,True,
17/580552,12208521,System and method for robot learning from human demonstrations with formal logic,UNIVERSITY OF SOUTHERN CALIFORNIA,UNIVERSITY OF SOUTHERN CALIFORNIA,UNIVERSITY OF SOUTHERN CALIFORNIA,US,2022-01-20,87500079,B25J-0009/163,0.7,positive,GRAY,True,
16/704213,11130224,Parallel link robot,FANUC CORPORATION,FANUC,FANUC,JP,2019-12-05,86338251,B25J-0009/0072,0.7,positive,GRAY,False,제외:산업용 주변기술(일반제어·진동·경로·측정·교시UI·공정)
15/889804,10906182,Method of teaching robot and robot system,Canon Kabushiki Kaisha,CANON,CANON,JP,2018-02-06,87915510,B25J-0009/1692,0.7,positive,GRAY,True,
17/588622,12240116,"Method of adjusting motion parameter, storage medium, and robot system",SEIKO EPSON CORPORATION,SEIKO EPSON,SEIKO EPSON,JP,2022-01-31,87927576,B25J-0009/163,0.7,positive,GRAY,False,제외:산업용 주변기술(일반제어·진동·경로·측정·교시UI·공정)
17/802262,12246451,Robot control,KUKA DEUTSCHLAND GMBH,KUKA DEUTSCHLAND,KUKA,DE,2021-02-24,88111117,B25J-0009/1633,0.7,positive,GRAY,True,
17/263854,12233556,"Control device, control method, and program",SONY CORPORATION,SONY,SONY,JP,2019-07-25,87757056,B25J-0009/1674,0.7,positive,GRAY,True,
18/540156,12275144,Joint structure of robot,TOYOTA JIDOSHA KABUSHIKI KAISHA,TOYOTA JIDOSHA,TOYOTA,JP,2023-12-14,89268891,B25J-0009/106,0.7,positive,T1_auto,True,
17/013971,11679502,Robot control system,FANUC CORPORATION,FANUC,FANUC,JP,2020-09-08,89771451,B25J-0009/1666,0.7,positive,GRAY,False,제외:산업용 주변기술(일반제어·진동·경로·측정·교시UI·공정)
17/064524,11478936,"Image processing apparatus that processes image picked up by image pickup apparatus attached to robot, control method therefor, and storage medium storing control program therefor",CANON KABUSHIKI KAISHA,CANON,CANON,JP,2020-10-06,92352412,B25J-0009/1697,0.7,positive,GRAY,True,
15/512256,10118290,Support structure for an upper half body of a robot,"THK CO., LTD.",THK,THK,JP,2015-09-18,92887245,B25J-0005/00,0.7,positive,T1_auto,True,
17/045727,11717964,Control device for robot that works collaboratively with people,KAWASAKI JUKOGYO KABUSHIKI KAISHA,KAWASAKI JUKOGYO,KAWASAKI HEAVY INDUSTRIES,JP,2019-04-01,92912045,B25J-0009/1664,0.7,positive,GRAY,True,
16/060312,11072077,Robot system and operation method thereof,KAWASAKI JUKOGYO KABUSHIKI KAISHA,KAWASAKI JUKOGYO,KAWASAKI HEAVY INDUSTRIES,JP,2016-12-02,93008746,B25J-0013/003,0.7,positive,GRAY,True,
16/891071,11478922,Robot teaching device and robot system,FANUC CORPORATION,FANUC,FANUC,JP,2020-06-03,100746776,B25J-0009/0081,0.7,positive,GRAY,True,
18/109480,12337482,Path generation device and method,OMRON Corporation,OMRON,OMRON,JP,2023-02-14,101691729,B25J-0009/1664,0.7,positive,GRAY,False,제외:산업용 주변기술(일반제어·진동·경로·측정·교시UI·공정)
17/005442,11897137,Method of identifying robot model automatically and safely,ABB SCHWEIZ AG,ABB SCHWEIZ,ABB,CH,2020-08-28,101939461,B25J-0009/1653,0.7,positive,GRAY,False,제외:산업용 주변기술(일반제어·진동·경로·측정·교시UI·공정)
18/010086,12337487,"Robot control apparatus and method, and robot","GREE ELECTRIC APPLIANCES, INC. OF ZHUHAI",GREE ELECTRIC APPLIANCES OF ZHUHAI,GREE ELECTRIC APPLIANCES OF ZHUHAI,CN,2021-05-17,102277517,B25J-0009/1676,0.7,positive,GRAY,True,
17/907167,12257721,Robot controller,FANUC CORPORATION,FANUC,FANUC,JP,2021-05-06,103765955,B25J-0009/1664,0.7,positive,GRAY,True,
17/090195,11911900,Robot controller and robot control method,FANUC CORPORATION,FANUC,FANUC,JP,2020-11-05,103848947,B25J-0009/1602,0.7,positive,GRAY,False,제외:산업용 주변기술(일반제어·진동·경로·측정·교시UI·공정)
16/270877,11364635,Controlling a robot in an environment,Rolls-Royce plc,ROLLS-ROYCE,ROLLS-ROYCE,GB,2019-02-08,104323413,B25J-0009/1697,0.7,positive,GRAY,True,
16/519870,11338429,Robot,LG ELECTRONICS INC.,LG ELECTRONICS,LG,KR,2019-07-23,105287766,B25J-0009/0003,0.7,positive,GRAY,True,
16/566233,11559902,Robot system and control method of the same,LG ELECTRONICS INC.,LG ELECTRONICS,LG,KR,2019-09-10,105287769,B25J-0013/06,0.7,positive,GRAY,True,
18/002434,12311542,Robot system,FANUC CORPORATION,FANUC,FANUC,JP,2021-07-27,105307113,B25J-0009/10,0.7,positive,GRAY,False,제외:산업용 주변기술(일반제어·진동·경로·측정·교시UI·공정)
16/094392,11230007,Robot having a controller protected for a network failure,FRANKA EMIKA GMBH,FRANKA EMIKA,FRANKA,DE,2017-04-25,104320636,B25J-0009/1674,0.7,positive,GRAY,True,
17/049019,12434384,Method and control system for controlling movement trajectories of a robot,ABB Schweiz AG,ABB SCHWEIZ,ABB,CH,2018-04-25,106181859,B25J-0009/1664,0.7,positive,GRAY,False,제외:산업용 주변기술(일반제어·진동·경로·측정·교시UI·공정)
18/274194,12440982,"Robot control device, robot control method, and robot control program",OMRON CORPORATION,OMRON,OMRON,JP,2022-01-21,106351165,B25J-0009/1656,0.7,positive,GRAY,True,
17/976446,12397443,Robotics control and sensing system and method,11712381 Canada Corporation,11712381 CANADA,11712381 CANADA,미상,2022-10-28,107729021,B25J-0013/081,0.7,positive,GRAY,True,
18/538196,12350834,System for testing and training robot control,ACUMINO,ACUMINO,ACUMINO,US,2023-12-13,108252382,B25J-0009/163,0.7,positive,GRAY,True,
16/909654,11660753,"Control system, control method, robot system, and storage medium",KABUSHIKI KAISHA TOSHIBA | TOSHIBA INFRASTRUCTURE SYSTEMS & SOLUTIONS CORPORATION,TOSHIBA,TOSHIBA,JP,2020-06-23,108054188,B25J-0009/1669,0.7,positive,GRAY,True,
18/327717,12515345,Method of synthesising training datasets for autonomous robotic control,OCADO INNOVATION LIMITED,OCADO INNOVATION,OCADO INNOVATION,GB,2023-06-01,108701525,B25J-0009/1697,0.7,positive,GRAY,True,
18/274144,12515333,"Control device, control method, and storage medium",NEC CORPORATION,NEC,NEC,JP,2021-01-27,108701513,B25J-0009/1661,0.7,positive,GRAY,True,
18/488143,12515335,Device and method for controlling a robot,ROBERT BOSCH GMBH,ROBERT BOSCH,ROBERT BOSCH,DE,2023-10-17,108701515,B25J-0009/1628,0.7,positive,GRAY,True,
17/993779,12521886,Streaming input buffer for real-time robotic control,INTRINSIC INNOVATION LLC,INTRINSIC INNOVATION,ALPHABET,US,2022-11-23,108898718,B25J-0009/16,0.7,positive,GRAY,True,
18/023094,12515339,Methods and systems for improving controlling of a robot,TELEFONAKTIEBOLAGET LM ERICSSON (PUBL),TELEFONAKTIEBOLAGET LM ERICSSON (PUBL),TELEFONAKTIEBOLAGET LM ERICSSON (PUBL),SE,2020-08-26,108701519,B25J-0009/1671,0.7,positive,GRAY,True,
18/566770,12528188,Program generation device and robot control device,FANUC CORPORATION,FANUC,FANUC,JP,2021-06-16,109086079,B25J-0009/1656,0.7,positive,GRAY,True,
18/138913,12515344,Robot control method,"PANASONIC INTELLECTUAL PROPERTY MANAGEMENT CO., LTD.",PANASONIC INTELLECTUAL PROPERTY MANAGEMENT,PANASONIC,JP,2023-04-25,109204759,B25J-0009/1697,0.7,positive,GRAY,True,
16/878701,11673269,Method of identifying dynamic obstacle and robot implementing same,LG ELECTRONICS INC.,LG ELECTRONICS,LG,KR,2020-05-20,109159529,B25J-0009/1666,0.7,positive,GRAY,True,
18/568890,12515326,Method for controlling robot and arm,FUJI CORPORATION,FUJI,FUJI,JP,2021-06-24,109328739,B25J-0009/1633,0.7,positive,GRAY,True,
18/007406,12558793,Numerical control system and robot control method,FANUC CORPORATION,FANUC,FANUC,JP,2021-08-05,112490155,B25J-0013/06,0.7,positive,GRAY,False,제외:오탐사전(밸런서·NC 등)
17/942373,12257705,"Robot, robot control method, and non-transitory computer-readable recording medium","CASIO COMPUTER CO., LTD.",CASIO COMPUTER,CASIO COMPUTER,JP,2022-09-12,112513654,B25J-0009/0003,0.7,positive,GRAY,True,
18/047358,12564946,Device and method for controlling a robot device,ROBERT BOSCH GMBH,ROBERT BOSCH,ROBERT BOSCH,DE,2022-10-18,112709820,B25J-0009/163,0.7,positive,GRAY,True,
17/922144,12564942,"Control device, robot system, and robot control method",OMRON CORPORATION,OMRON,OMRON,JP,2021-05-10,112709816,B25J-0009/1612,0.7,positive,GRAY,True,
18/178536,12569995,Path generation for manual robot teaching,KABUSHIKI KAISHA YASKAWA DENKI,YASKAWA DENKI,YASKAWA,JP,2023-03-06,112974049,B25J-0009/1664,0.7,positive,GRAY,True,
18/023258,12194622,Balancer and robot system,FANUC CORPORATION,FANUC,FANUC,JP,2021-09-13,113069504,B25J-0019/0016,0.7,positive,GRAY,False,제외:오탐사전(밸런서·NC 등)
17/504445,12168300,Nonlinear trajectory optimization for robotic devices,"BOSTON DYNAMICS, INC.",BOSTON DYNAMICS,HYUNDAI MOTOR GROUP(2021~)/구글·소프트뱅크(이전),US,2021-10-18,113050925,B25J-0009/1666,0.7,positive,E_auto,True,
18/296312,12583134,Neck device for absorbing shock and reducing vibration of legged mobile robot,Seoul National University R&DB Foundation,SEOUL NATIONAL UNIVERSITY R&DB FOUNDATION,SEOUL NATIONAL UNIVERSITY R&DB FOUNDATION,KR,2023-04-05,113416939,B25J-0019/0091,0.7,positive,GRAY,True,
18/687299,12600042,Control device and robot system,FANUC CORPORATION,FANUC,FANUC,JP,2021-09-30,114068379,B25J-0005/00,0.7,positive,GRAY,True,
18/390358,12605830,Robot planning for gaps,INTRINSIC INNOVATION LLC,INTRINSIC INNOVATION,ALPHABET,US,2023-12-20,114632960,B25J-0009/1661,0.7,positive,GRAY,True,
15/986952,11084169,System and method for controlling a robotic arm,OLIVER CRISPIN ROBOTICS LIMITED,OLIVER CRISPIN ROBOTICS,OLIVER CRISPIN ROBOTICS,GB,2018-05-23,114621587,B25J-0009/1664,0.7,positive,GRAY,True,
18/200347,12496714,Collision-free motion generation,NVIDIA CORPORATION,NVIDIA,NVIDIA,US,2023-05-22,114634152,B25J-0009/1664,0.7,positive,GRAY,True,
18/278305,12617082,"Learning device, learning method, and recording medium",NEC CORPORATION,NEC,NEC,JP,2021-02-26,114642469,B25J-0009/163,0.7,positive,GRAY,True,
18/302838,12623345,Path generation method of generating path of robot using command from external apparatus and robot control system,SEIKO EPSON CORPORATION,SEIKO EPSON,SEIKO EPSON,JP,2023-04-19,114850760,B25J-0009/1664,0.7,positive,GRAY,False,제외:산업용 주변기술(일반제어·진동·경로·측정·교시UI·공정)
18/018199,12629832,Robot control device,FANUC CORPORATION,FANUC,FANUC,JP,2021-08-18,115040062,B25J-0009/1666,0.7,positive,GRAY,False,제외:산업용 주변기술(일반제어·진동·경로·측정·교시UI·공정)
18/146079,12629833,Trajectory planning systems and methods,INTEL CORPORATION,INTEL,INTEL,US,2022-12-23,115040063,B25J-0009/1666,0.7,positive,GRAY,True,
18/262577,12496732,"Computation device for calculating permissible value of external force acting on robot device or workpiece, and device for controlling robot",FANUC CORPORATION,FANUC,FANUC,JP,2022-03-24,115312536,B25J-0013/085,0.7,positive,GRAY,True,
18/162808,12311541,"Generation method, computer program, and generation system",SEIKO EPSON CORPORATION,SEIKO EPSON,SEIKO EPSON,JP,2023-02-01,115512958,B25J-0009/0081,0.7,positive,GRAY,True,
18/002453,12337480,Robot control system,FANUC CORPORATION,FANUC,FANUC,JP,2021-07-07,115608120,B25J-0009/1656,0.7,positive,GRAY,True,
18/087265,12285863,"Robot control method and apparatus, electronic device, storage medium, and robot","BEIJING XIAOMI ROBOT TECHNOLOGY CO., LTD.",BEIJING XIAOMI ROBOT TECHNOLOGY,BEIJING XIAOMI ROBOT TECHNOLOGY,CN,2022-12-22,115637550,B25J-0009/1602,0.7,positive,T1_auto,True,
18/368578,12661790,"Remote operation method, storage medium, remote operation device, and remote operation system","HONDA MOTOR CO., LTD.",HONDA MOTOR,HONDA,JP,2023-09-15,116020049,B25J-0009/1671,0.7,positive,GRAY,True,
17/361323,11826913,"Control system, robot system and control method",KABUSHIKI KAISHA YASKAWA DENKI,YASKAWA DENKI,YASKAWA,JP,2021-06-29,116721577,B25J-0009/1671,0.7,positive,GRAY,True,
18/603784,12678968,Robot and controlling method thereof,"Samsung Electronics Co., Ltd.",SAMSUNG ELECTRONICS,SAMSUNG,KR,2024-03-13,116709567,B25J-0011/0005,0.7,positive,GRAY,True,
18/179936,12508713,Systems and methods for robotic system with object handling,"MUJIN, INC.",MUJIN,MUJIN,JP,2023-03-07,116797131,B25J-0009/1697,0.7,positive,GRAY,True,
15/446473,10350760,"Robot, robot control system, robot control method, and non-transitory computer-readable recording medium","CASIO COMPUTER CO., LTD.",CASIO COMPUTER,CASIO COMPUTER,JP,2017-03-01,17243385,B25J-0011/0005,0.65,positive,GRAY,True,
17/148663,11752628,"Control method for robot, and robot system",SEIKO EPSON CORPORATION,SEIKO EPSON,SEIKO EPSON,JP,2021-01-14,17839276,B25J-0009/1656,0.65,positive,GRAY,True,
16/904302,11724397,Robot and method for controlling the same,LG ELECTRONICS INC.,LG ELECTRONICS,LG,KR,2020-06-17,24897251,B25J-0009/1666,0.65,positive,GRAY,True,
17/415741,11738451,Control system and control method of control system,OMRON CORPORATION,OMRON,OMRON,JP,2020-01-08,89884520,B25J-0009/0084,0.65,positive,GRAY,True,
15/766925,10618167,Robot arm with input elements,KASTANIENBAUM GMBH,KASTANIENBAUM,FRANKA,DE,2016-10-04,104317772,B25J-0009/1656,0.65,positive,GRAY,True,
18/060953,12515315,"Actuator, actuator device, robot, and series of actuator devices","SUMITOMO HEAVY INDUSTRIES, LTD.",SUMITOMO HEAVY INDUSTRIES,SUMITOMO HEAVY INDUSTRIES,JP,2022-12-01,108701495,B25J-0009/12,0.65,positive,GRAY,True,
17/019546,12070860,Machine learning based decision making for robotic item handling,"INTELLIGRATED HEADQUARTERS, LLC",INTELLIGRATED HEADQUARTERS,INTELLIGRATED HEADQUARTERS,US,2020-09-14,114716078,B25J-0009/161,0.65,positive,GRAY,True,
16/473859,11541538,Robot cleaner and control method thereof,LG ELECTRONICS INC.,LG ELECTRONICS,LG,KR,2017-12-08,1095533,B25J-0009/1664,0.1,easy_negative,E_auto,False,
14/838806,9796088,Robot cleaner and control method thereof,"SAMSUNG ELECTRONICS CO., LTD.",SAMSUNG ELECTRONICS,SAMSUNG,KR,2015-08-28,4687124,B25J-0009/1664,0.1,easy_negative,E_auto,False,
16/754342,11433552,"Method for the adaptive control of a wearable robot, such as an orthesis or a prosthesis, and wearable robot operating according such method",SCUOLA SUPERIORE DI STUDI UNIVERSITARI E DI PERFEZIONAMENTO SANT'ANNA,SCUOLA SUPERIORE DI STUDI UNIVERSITARI E DI PERFEZIONAMENTO SANT'ANNA,SCUOLA SUPERIORE DI STUDI UNIVERSITARI E DI PERFEZIONAMENTO SANT'ANNA,IT,2018-10-10,3112987,B25J-0013/088,0.1,easy_negative,E_auto,False,
14/598084,9427863,Robot cleaner and method of caring for human using the same,LG ELECTRONICS INC.,LG ELECTRONICS,LG,KR,2015-01-15,4926540,B25J-0009/0003,0.1,easy_negative,E_auto,False,
14/678672,9533416,Method for commanding a multi-axis robot and robot for implementing such a method,STAUBLI FAVERGES,STAUBLI FAVERGES,STAUBLI FAVERGES,FR,2015-04-03,4949424,B25J-0009/1651,0.1,easy_negative,GRAY,False,
14/804928,9452534,"Horizontal articulated robot, and method of controlling the same",Seiko Epson Corporation,SEIKO EPSON,SEIKO EPSON,JP,2015-07-21,4655037,B25J-0013/088,0.1,easy_negative,GRAY,False,
16/454232,11376730,Modular robotic system,BLUEPRINT LAB PTY LTD,BLUEPRINT LAB PTY,BLUEPRINT LAB PTY,AU,2019-06-27,1103629,B25J-0009/08,0.1,easy_negative,GRAY,False,
15/617475,9914221,Teleoperation of machines having at least one actuated mechanism and a fault detection and recovery system,ABB Schweiz AG,ABB SCHWEIZ,ABB,CH,2017-06-08,4945999,B25J-0009/1689,0.1,easy_negative,GRAY,False,
15/925099,10792821,Method and device for decelerating a robot axis arrangement,KUKA Deutschland GmbH,KUKA DEUTSCHLAND,KUKA,DE,2018-03-19,4880830,B25J-0019/0004,0.1,easy_negative,GRAY,False,
14/812816,9950429,Robot cleaning system and method of controlling robot cleaner,LG ELECTRONICS INC.,LG ELECTRONICS,LG,KR,2015-07-29,4981856,B25J-0009/1664,0.1,easy_negative,E_auto,False,
14/601233,10005188,"Parallel link robot, hand for parallel link robot, and parallel link robot system",KABUSHIKI KAISHA YASKAWA DENKI,YASKAWA DENKI,YASKAWA,JP,2015-01-21,4927965,B25J-0015/0616,0.1,easy_negative,GRAY,False,
15/082700,10022862,Control-command architecture for a mobile robot using articulated limbs,Alderbaran Robotics | Aldebaran Robotics,ALDERBARAN ROBOTICS,ALDERBARAN ROBOTICS,FR,2016-03-28,4506304,B25J-0009/161,0.1,easy_negative,T1_auto,True,구제:사례매핑 T1/T2 권고(OEM 전건원칙 포함)
14/835725,10525594,"Teaching system, robot system, and teaching method",KABUSHIKI KAISHA YASKAWA DENKI,YASKAWA DENKI,YASKAWA,JP,2015-08-26,4990527,B25J-0009/1676,0.1,easy_negative,GRAY,False,
16/367159,10857680,Self-moving robot and walking method thereof,"ECOVACS ROBOTICS CO., LTD.",ECOVACS ROBOTICS,ECOVACS ROBOTICS,CN,2019-03-27,4918500,B25J-0011/0085,0.1,easy_negative,GRAY,False,
14/728526,9827676,Robot module,LIEBHERR-VERZAHNTECHNIK GMBH,LIEBHERR-VERZAHNTECHNIK,LIEBHERR-VERZAHNTECHNIK,DE,2015-06-02,4964420,B25J-0009/1679,0.1,easy_negative,GRAY,False,
14/831543,9579787,Method of programming an industrial robot and industrial robots,KUKA ROBOTER GMBH,KUKA ROBOTER,KUKA,DE,2015-08-20,4986852,B25J-0009/0081,0.1,easy_negative,GRAY,False,
15/587615,10011012,Semi-autonomous multi-use robot system and method of operation,Battelle Memorial Institute,BATTELLE MEMORIAL INSTITUTE,BATTELLE MEMORIAL INSTITUTE,US,2017-05-05,4655505,B25J-0009/1666,0.1,easy_negative,GRAY,False,
16/932666,11865705,Teleoperated robotic system,"Sarcos, LC",SARCOS LC,SARCOS LC,US,2020-07-17,4795603,B25J-0003/04,0.1,easy_negative,GRAY,False,
15/958518,RE47553,"Robot, robot system, control device, and control method",Seiko Epson Corporation | Tohoku University,SEIKO EPSON,SEIKO EPSON,JP,2018-04-20,4939569,B25J-0009/1612,0.1,easy_negative,GRAY,False,
17/139868,11794345,Unified robotic vehicle systems and methods of control,SARCOS CORP.,SARCOS,SARCOS,US,2020-12-31,1209888,B25J-0009/1682,0.1,easy_negative,GRAY,False,
14/636181,9545722,"Robot system, robot monitoring device, and robot monitoring method",KABUSHIKI KAISHA YASKAWA DENKI,YASKAWA DENKI,YASKAWA,JP,2015-03-03,4939253,B25J-0009/1697,0.1,easy_negative,GRAY,False,
14/637822,9469032,Method and system for robotic assembly parameter optimization,ABB Inc.,ABB,ABB,US,2015-03-04,4402629,B25J-0009/1687,0.1,easy_negative,GRAY,False,
14/933168,10005185,Flexible cycle time-optimized sharing of a working space for robots,KUKA ROBOTER GMBH,KUKA ROBOTER,KUKA,DE,2015-11-05,5007497,B25J-0009/1682,0.1,easy_negative,GRAY,False,
14/805080,9656387,Human augmentation of robotic work,International Electronic Machines Corp.,INTERNATIONAL ELECTRONIC MACHINES,INTERNATIONAL ELECTRONIC MACHINES,US,2015-07-21,4948274,B25J-0009/16,0.1,easy_negative,GRAY,False,
14/935935,10029368,Domestic robotic system and method,F ROBOTICS ACQUISITIONS LTD.,F ROBOTICS ACQUISITIONS,F ROBOTICS ACQUISITIONS,IL,2015-11-09,5007732,B25J-0009/1666,0.1,easy_negative,E_auto,False,
14/959456,9815200,Safe robot with trajectory progress variables,KUKA ROBOTER GMBH,KUKA ROBOTER,KUKA,DE,2015-12-04,5021195,B25J-0009/1664,0.1,easy_negative,GRAY,False,
15/051002,9902065,Altering an initially predetermined robot path,KUKA ROBOTER GMBH,KUKA ROBOTER,KUKA,DE,2016-02-23,5040651,B25J-0009/1664,0.1,easy_negative,GRAY,False,
14/929565,9943968,Method and system for stopping of axes of an industrial robot,KUKA ROBOTER GMBH,KUKA ROBOTER,KUKA,DE,2015-11-02,5007892,B25J-0019/0004,0.1,easy_negative,GRAY,False,
14/930850,9821462,Method for disconnecting a manual control unit from a multi-axis robot and robot for implementing such a method,STAUBLI FAVERGES,STAUBLI FAVERGES,STAUBLI FAVERGES,FR,2015-11-03,5011186,B25J-0009/1674,0.1,easy_negative,GRAY,False,
15/235141,10035267,Robot system and method for controlling a robot system,ABB SCHWEIZ AG,ABB SCHWEIZ,ABB,CH,2016-08-12,5066289,B25J-0009/1676,0.1,easy_negative,GRAY,False,
14/930529,9616564,Event-based redundancy angle configuration for articulated-arm robots,KUKA ROBOTER GMBH,KUKA ROBOTER,KUKA,DE,2015-11-02,5007906,B25J-0009/06,0.1,easy_negative,GRAY,False,
15/068956,10625431,Robot and method for mounting balancer to robot,KABUSHIKI KAISHA YASKAWA DENKI,YASKAWA DENKI,YASKAWA,JP,2016-03-14,5043379,B25J-0019/0012,0.1,easy_negative,GRAY,False,
15/252355,10124490,Autonomous mobile robot,iRobot Corporation,IROBOT,IROBOT,US,2016-08-31,5057935,B25J-0009/1694,0.1,easy_negative,GRAY,False,
15/176676,9999975,"Method and system for operating and/or monitoring a machine, in particular a robot",KUKA ROBOTER GMBH,KUKA ROBOTER,KUKA,DE,2016-06-08,5065788,B25J-0009/1666,0.1,easy_negative,GRAY,False,
15/190343,10350765,Switching a control of a robot into a manual operating mode,KUKA ROBOTER GMBH,KUKA ROBOTER,KUKA,DE,2016-06-23,5069452,B25J-0013/085,0.1,easy_negative,GRAY,False,
15/097639,9981378,Handheld robot operation unit with an adapter device for a mobile terminal device,KUKA ROBOTER GMBH,KUKA ROBOTER,KUKA,DE,2016-04-13,5051105,B25J-0009/161,0.1,easy_negative,GRAY,False,
15/097602,10099383,Handheld robot operation unit and corresponding method,KUKA ROBOTER GMBH,KUKA ROBOTER,KUKA,DE,2016-04-13,5051106,B25J-0013/02,0.1,easy_negative,GRAY,False,
15/275961,10201897,Method for controlling robot and robot system,KABUSHIKI KAISHA YASKAWA DENKI,YASKAWA DENKI,YASKAWA,JP,2016-09-26,5095193,B25J-0009/1682,0.1,easy_negative,GRAY,False,
15/123394,10226869,Haptic virtual fixture tools,UNIVERSITY OF WASHINGTON,UNIVERSITY OF WASHINGTON,UNIVERSITY OF WASHINGTON,US,2015-03-02,5073498,B25J-0009/1689,0.1,easy_negative,GRAY,False,
15/134730,10011011,Information processing method and information processing apparatus,CANON KABUSHIKI KAISHA,CANON,CANON,JP,2016-04-21,5059088,B25J-0009/161,0.1,easy_negative,GRAY,False,
15/307841,10239201,Master-slave system,MUSCLE CORPORATION,MUSCLE,MUSCLE,JP,2015-04-28,5089050,B25J-0003/00,0.1,easy_negative,GRAY,False,
15/309146,10537996,Control of swarming robots,GEORGIA TECH RESEARCH CORPORATION,GEORGIA TECH RESEARCH,GEORGIA TECH RESEARCH,US,2015-05-05,5090899,B25J-0009/1682,0.1,easy_negative,GRAY,False,
14/937061,10052766,Automatic in-situ registration and calibration of robotic arm/sensor/workspace system,"MICROSOFT TECHNOLOGY LICENSING, LLC",MICROSOFT TECHNOLOGY LICENSING,MICROSOFT TECHNOLOGY LICENSING,US,2015-11-10,5104420,B25J-0009/1692,0.1,easy_negative,GRAY,False,
15/005362,9522471,Virtual safety cages for robotic devices,X DEVELOPMENT LLC,X DEVELOPMENT,ALPHABET,US,2016-01-25,5109928,B25J-0009/1676,0.1,easy_negative,GRAY,False,
15/413689,10207406,"Robot trajectory generation method, robot trajectory generation apparatus, product fabrication method, recording medium, program, and robot system",CANON KABUSHIKI KAISHA,CANON,CANON,JP,2017-01-24,5128079,B25J-0009/1666,0.1,easy_negative,GRAY,False,
15/522235,10654174,Universal end of arm robot tool,FESTO SE & CO. KG | FESTO CORPORATION,FESTO & CO KG,FESTO & CO KG,DE,2015-10-28,5123712,B25J-0015/0061,0.1,easy_negative,GRAY,False,
15/289864,9868207,Generating robotic grasping instructions for inventory items,"Amazon Technologies, Inc.",AMAZON TECHNOLOGIES,AMAZON,US,2016-10-10,5153248,B25J-0009/1602,0.1,easy_negative,GRAY,False,
15/443181,10040193,"Motor control system, robot system, and communication method for motor control system",KABUSHIKI KAISHA YASKAWA DENKI,YASKAWA DENKI,YASKAWA,JP,2017-02-27,5138123,B25J-0009/126,0.1,easy_negative,GRAY,False,
16/081763,11338434,Controlling process of robots having a behavior tree architecture,MAGAZINO GMBH,MAGAZINO,MAGAZINO,DE,2017-02-24,5139604,B25J-0009/163,0.1,easy_negative,GRAY,False,
15/535718,10675771,Industrial robot and method for moving a robot arm in a clean room,KUKA ROBOTER GMBH,KUKA ROBOTER,KUKA,DE,2015-12-15,5153098,B25J-0019/0075,0.1,easy_negative,GRAY,False,
15/410763,10335949,System for operating mobile robot based on complex map information and operating method thereof,"YUJIN ROBOT CO., LTD.",YUJIN ROBOT,YUJIN ROBOT,KR,2017-01-19,5128280,B25J-0009/1689,0.1,easy_negative,GRAY,False,
15/474130,10335948,Abnormality determining device and abnormality determining method,TOYOTA JIDOSHA KABUSHIKI KAISHA,TOYOTA JIDOSHA,TOYOTA,JP,2017-03-30,5157478,B25J-0009/1674,0.1,easy_negative,GRAY,False,
15/549889,10766139,Method for avoiding collisions between two robots,ABB SCHWEIZ AG,ABB SCHWEIZ,ABB,CH,2015-02-13,5167996,B25J-0009/1676,0.1,easy_negative,GRAY,False,
15/586339,10500729,Fenceless industrial robot system,OpiFlex Automation AB,OPIFLEX AUTOMATION,OPIFLEX AUTOMATION,SE,2017-05-04,5159338,B25J-0009/1676,0.1,easy_negative,GRAY,False,
15/196510,10118297,Analysis of end effector operations by a robot,The Boeing Company,THE BOEING,THE BOEING,US,2016-06-29,5173942,B25J-0009/1692,0.1,easy_negative,GRAY,False,
15/570581,10780584,Remotely operated manual welding method and welding robot implementing such a method,COMMISSARIAT A L'ENERGIE ATOMIQUE ET AUX ENERGIES ALTERNATIVES,COMMISSARIAT A L'ENERGIE ATOMIQUE ET AUX ENERGIES ALTERNATIVES,COMMISSARIAT A L'ENERGIE ATOMIQUE ET AUX ENERGIES ALTERNATIVES,FR,2016-05-19,5196463,B25J-0009/1689,0.1,easy_negative,GRAY,False,
15/647350,10456913,Method and apparatus for controlling a robot movement of a robot on the basis of a second trajectory,SIEMENS AKTIENGESELLSCHAFT,SIEMENS,SIEMENS,DE,2017-07-12,5179417,B25J-0009/1664,0.1,easy_negative,GRAY,False,
16/323176,11345018,Programmable robot for educational purposes,KUBO ROBOTICS APS,KUBO ROBOTICS,KUBO ROBOTICS,DK,2017-08-11,5184785,B25J-0009/0003,0.1,easy_negative,GRAY,False,
14/660161,9649766,Systems and methods to facilitate human/robot interaction,"AMAZON TECHNOLOGIES, INC.",AMAZON TECHNOLOGIES,AMAZON,US,2015-03-17,5178608,B25J-0009/1666,0.1,easy_negative,GRAY,False,
15/194283,10112310,Food handling gripper,"SOFT ROBOTICS, INC.",SOFT ROBOTICS,SOFT ROBOTICS/OXIPITAL,US,2016-06-27,5207890,B25J-0015/12,0.1,easy_negative,GRAY,False,
15/719243,10786904,"Method for industrial robot commissioning, industrial robot system and control system using the same",ABB Schweiz AG,ABB SCHWEIZ,ABB,CH,2017-09-28,5182355,B25J-0009/1692,0.1,easy_negative,GRAY,False,
15/576657,10279469,Multi-motion-platform parallel robot construction method and parallel robots for same,"HAN, FANYUAN | BEIJING FINE WAY TECHNOLOGY CO., LTD.",HAN FANYUAN,HAN FANYUAN,CN,2016-05-20,5200713,B25J-0009/003,0.1,easy_negative,GRAY,False,
14/807434,10016892,System and method for determining tool offsets,GOOGLE LLC | X DEVELOPMENT LLC,GOOGLE,ALPHABET,US,2015-07-23,5215301,B25J-0009/1005,0.1,easy_negative,GRAY,False,
15/739543,10828777,Method for the redundancy-optimized planning of the operation of a mobile robot,KUKA ROBOTER GMBH,KUKA ROBOTER,KUKA,DE,2016-06-07,5206905,B25J-0009/1664,0.1,easy_negative,GRAY,False,
16/336410,11260537,Machine tool for robot-assisted surface finishing,FERROBOTICS COMPLIANT ROBOT TECHNOLOGY GMBH,FERROBOTICS COMPLIANT ROBOT TECHNOLOGY,FERROBOTICS COMPLIANT ROBOT TECHNOLOGY,AT,2017-09-26,5216523,B25J-0011/0065,0.1,easy_negative,GRAY,False,
15/744173,10828769,"Ascertaining an input command for a robot, said input command being entered by manually exerting a force onto the robot",KUKA ROBOTER GMBH,KUKA ROBOTER,KUKA,DE,2016-07-11,5213308,B25J-0009/0081,0.1,easy_negative,GRAY,False,
15/729953,10456914,System and method for determining a work offset,X Development LLC,X DEVELOPMENT,ALPHABET,US,2017-10-11,5215362,B25J-0009/1664,0.1,easy_negative,GRAY,False,
15/941722,10926406,"Robot, XY table for a robot and linear transport system",BECKHOFF AUTOMATION GMBH,BECKHOFF AUTOMATION,BECKHOFF AUTOMATION,DE,2018-03-30,5231861,B25J-0009/106,0.1,easy_negative,GRAY,False,
15/758756,11312016,Method and system for controlling a robot arrangement,KUKA DEUTSCHLAND GMBH,KUKA DEUTSCHLAND,KUKA,DE,2016-09-05,5229710,B25J-0009/1674,0.1,easy_negative,GRAY,False,
15/771461,10814484,"Method, control system and movement setting means for controlling the movements of articulated arms of an industrial robot",KEBA AG,KEBA,KEBA,AT,2016-10-28,5243763,B25J-0009/1664,0.1,easy_negative,GRAY,False,
15/904772,10695910,Automatic calibration method for robot system,Tyco Electronics (Shanghai) Co. Ltd. | TE Connectivity Corporation,TYCO ELECTRONICS (SHANGHAI),TYCO ELECTRONICS (SHANGHAI),CN,2018-02-26,5226097,B25J-0009/1692,0.1,easy_negative,GRAY,False,
15/864050,10751876,"Moving robot, method of controlling moving robot, and control program",TOYOTA JIDOSHA KABUSHIKI KAISHA,TOYOTA JIDOSHA,TOYOTA,JP,2018-01-08,5237084,B25J-0009/1666,0.1,easy_negative,GRAY,False,
15/780863,10611027,Assembly apparatus and control method therefor,SONY CORPORATION,SONY,SONY,JP,2016-11-29,5256724,B25J-0009/1664,0.1,easy_negative,GRAY,False,
15/361992,10099374,Robotic safety using wearables,BRAGI GmbH,BRAGI,BRAGI,DE,2016-11-28,5255833,B25J-0009/1676,0.1,easy_negative,GRAY,False,
15/844633,10625417,"Control system, setting device, setting method, and storage device",OMRON Corporation,OMRON,OMRON,JP,2017-12-18,5244759,B25J-0009/1666,0.1,easy_negative,GRAY,False,
15/895438,10836039,Control device and robot system,Seiko Epson Corporation,SEIKO EPSON,SEIKO EPSON,JP,2018-02-13,5241208,B25J-0009/1633,0.1,easy_negative,GRAY,False,
15/623304,10625427,Method for controlling location of end effector of robot using location alignment feedback,The Boeing Company,THE BOEING,THE BOEING,US,2017-06-14,5275854,B25J-0013/088,0.1,easy_negative,GRAY,False,
16/033512,10695906,Moving robot and controlling method,LG ELECTRONICS INC.,LG ELECTRONICS,LG,KR,2018-07-12,5284282,B25J-0009/1666,0.1,easy_negative,GRAY,False,
16/083621,11400606,Articulated robot and method of estimating decrease state of gas in gas spring,KAWASAKI JUKOGYO KABUSHIKI KAISHA,KAWASAKI JUKOGYO,KAWASAKI HEAVY INDUSTRIES,JP,2017-03-09,5283595,B25J-0019/0095,0.1,easy_negative,GRAY,False,
16/082777,10946522,Digital method and automated robotic setup for producing variable-density and arbitrary shaped metallic meshes,ETH ZURICH,ETH ZURICH,ETH ZURICH,CH,2017-03-10,5283280,B25J-0009/1669,0.1,easy_negative,GRAY,False,
15/777773,10518413,Industrial robot and method for controlling the robot to automatically select which program code to be executed next,ABB SCHWEIZ AG,ABB SCHWEIZ,ABB,CH,2015-12-11,5255916,B25J-0009/1664,0.1,easy_negative,GRAY,False,
15/936452,11065764,Method of generating robot operation command and robot operation command generation device,KABUSHIKI KAISHA YASKAWA DENKI,YASKAWA DENKI,YASKAWA,JP,2018-03-27,5264578,B25J-0009/1661,0.1,easy_negative,GRAY,False,
15/893680,10875180,Robot system,OMRON Corporation,OMRON,OMRON,JP,2018-02-11,5267841,B25J-0009/1666,0.1,easy_negative,GRAY,False,
16/037911,11020856,Transportation vehicle and method for controlling a robot,Volkswagen AG,VOLKSWAGEN,VOLKSWAGEN,미상,2018-07-17,5290920,B25J-0009/1694,0.1,easy_negative,GRAY,False,
16/033569,10967512,Moving robot and controlling method,LG ELECTRONICS INC.,LG ELECTRONICS,LG,KR,2018-07-12,5284280,B25J-0009/1666,0.1,easy_negative,GRAY,False,
16/777918,11511432,Robot control method,ABB SCHWEIZ AG,ABB SCHWEIZ,ABB,CH,2020-01-31,5289271,B25J-0009/1676,0.1,easy_negative,GRAY,False,
16/012813,10569414,"Robot control apparatus, robot control method, and robot control program",OMRON Corporation,OMRON,OMRON,JP,2018-06-20,5291380,B25J-0009/0093,0.1,easy_negative,E_auto,False,
16/085162,11318606,Controlling an automation assembly,KUKA DEUTSCHLAND GMBH,KUKA DEUTSCHLAND,KUKA,DE,2017-03-13,5285236,B25J-0009/163,0.1,easy_negative,GRAY,False,
16/085783,11498226,"Protective device for an effector of a manipulator, device for manipulating workpieces, and a method for actuating a device for manipulating workpieces",DEUTSCHES ZENTRUM FÜR LUFT- UND RAUMFAHRT E.V.,DEUTSCHES ZENTRUM FÜR LUFT- UND RAUMFAHRT EV,DEUTSCHES ZENTRUM FÜR LUFT- UND RAUMFAHRT EV,DE,2017-03-16,5285274,B25J-0019/0075,0.1,easy_negative,GRAY,False,
16/032615,11376737,"Arrangement comprising an automatic movement machine and a delimiting device, delimiting device for the arrangement, and method for operating the arrangement",SIEMENS AKTIENGESELLSCHAFT,SIEMENS,SIEMENS,DE,2018-07-11,5282696,B25J-0009/1676,0.1,easy_negative,GRAY,False,
16/090534,11780099,Robot-aided grinding apparatus,FERROBOTICS COMPLIANT ROBOT TECHNOLOGY GMBH,FERROBOTICS COMPLIANT ROBOT TECHNOLOGY,FERROBOTICS COMPLIANT ROBOT TECHNOLOGY,AT,2017-04-04,5292042,B25J-0011/0065,0.1,easy_negative,GRAY,False,
16/104296,11148285,Operating a hand-guided robot,SIEMENS HEALTHCARE GMBH,SIEMENS HEALTHCARE,SIEMENS HEALTHCARE,DE,2018-08-17,5293540,B25J-0009/163,0.1,easy_negative,GRAY,False,
16/110563,10899002,"Article movement apparatus, article movement method, and article movement control program",KABUSHIKI KAISHA TOSHIBA | TOSHIBA INFRASTRUCTURE SYSTEMS & SOLUTIONS CORP.,TOSHIBA,TOSHIBA,JP,2018-08-23,5301338,B25J-0009/0093,0.1,easy_negative,GRAY,False,
16/142120,10940595,Robot,Seiko Epson Corporation,SEIKO EPSON,SEIKO EPSON,미상,2018-09-26,5306563,B25J-0019/0075,0.1,easy_negative,GRAY,False,
16/051639,10307911,Robot,"PANASONIC INTTELLECTUAL PROPERTY MANAGEMENT CO., LTD. | Panasonic Intellectual Property Management Co., Ltd.",PANASONIC INTTELLECTUAL PROPERTY MANAGEMENT,PANASONIC,JP,2018-08-01,5300924,B25J-0009/1697,0.1,easy_negative,GRAY,False,
16/143674,10953537,Robot,Seiko Epson Corporation,SEIKO EPSON,SEIKO EPSON,미상,2018-09-27,5306562,B25J-0009/06,0.1,easy_negative,GRAY,False,
16/155994,11090810,Robot system,Seiko Epson Corporation,SEIKO EPSON,SEIKO EPSON,JP,2018-10-10,5312296,B25J-0009/1692,0.1,easy_negative,GRAY,False,
16/124206,11007655,Manipulation unit and robot with manipulated switch,KABUSHIKI KAISHA YASKAWA DENKI,YASKAWA DENKI,YASKAWA,JP,2018-09-07,5306757,B25J-0015/0683,0.1,easy_negative,GRAY,False,
15/825914,10730180,User interface for a teleoperated robot,ABB SCHWEIZ AG,ABB SCHWEIZ,ABB,CH,2017-11-29,5306968,B25J-0009/1689,0.1,easy_negative,GRAY,False,
16/326892,11292123,"Continuum robot, modification method of kinematic model of continuum robot, and control method of continuum robot",CANON KABUSHIKI KAISHA,CANON,CANON,JP,2017-08-10,5332496,B25J-0009/065,0.1,easy_negative,GRAY,False,
15/187582,9868214,Localization of a mobile system,X DEVELOPMENT LLC,X DEVELOPMENT,ALPHABET,US,2016-06-20,5313673,B25J-0009/1676,0.1,easy_negative,GRAY,False,
16/160977,11192244,"Robot system, robot controller, and method for withdrawing robot",KABUSHIKI KAISHA YASKAWA DENKI,YASKAWA DENKI,YASKAWA,JP,2018-10-15,5316177,B25J-0009/1633,0.1,easy_negative,GRAY,False,
15/846038,11331809,Dynamically controlled robotic stiffening element,Sarcos Corp.,SARCOS,SARCOS,US,2017-12-18,5331264,B25J-0013/025,0.1,easy_negative,GRAY,False,
16/311929,11207784,Hand-held robot operating device combination comprising a basic-control position sensor,KUKA DEUTSCHLAND GMBH,KUKA DEUTSCHLAND,KUKA,DE,2017-06-20,5315090,B25J-0013/02,0.1,easy_negative,GRAY,False,
16/333145,10987799,Workpiece processing system,"DMG MORI CO., LTD.",DMG MORI,DMG MORI,JP,2017-06-22,5338967,B25J-0009/0081,0.1,easy_negative,GRAY,False,
15/835280,10843330,Resistance-based joint constraint for a master robotic system,Sarcos Corp.,SARCOS,SARCOS,US,2017-12-07,5328729,B25J-0003/04,0.1,easy_negative,GRAY,False,
16/276547,10913162,Robot system and control method of robot,OMRON Corporation,OMRON,OMRON,JP,2019-02-14,5358113,B25J-0011/0075,0.1,easy_negative,GRAY,False,
16/248802,11400591,Control device of robot and control method of robot,OMRON CORPORATION,OMRON,OMRON,JP,2019-01-16,5358058,B25J-0009/1633,0.1,easy_negative,GRAY,False,
16/314651,11478935,Method for robot to automatically find bending position,"NANJING ESTUN ROBOTICS CO., LTD",NANJING ESTUN ROBOTICS,NANJING ESTUN ROBOTICS,CN,2017-12-14,5335359,B25J-0009/1694,0.1,easy_negative,GRAY,False,
16/324918,11241792,"Method and device for detecting abnormality of encoder, and robot control system","PANASONIC INTELLECTUAL PROPERTY MANAGEMENT CO., LTD.",PANASONIC INTELLECTUAL PROPERTY MANAGEMENT,PANASONIC,JP,2017-09-04,5351454,B25J-0009/1674,0.1,easy_negative,GRAY,False,
15/406944,10369702,Automated work piece moment of inertia (MOI) identification system and method for same,Raytheon Company,RAYTHEON,RAYTHEON,US,2017-01-16,5349458,B25J-0013/085,0.1,easy_negative,GRAY,False,
16/332563, ,Systems for Robotic Harvesting,"ABUNDANT ROBOTS, INC.",ABUNDANT ROBOTS,ABUNDANT ROBOTS,US,2017-09-20,5333009,B25J-0015/0658,0.1,easy_negative,GRAY,False,
16/267388,10919147,Parallel link robot and parallel link robot system,KABUSHIKI KAISHA YASKAWA DENKI,YASKAWA DENKI,YASKAWA,JP,2019-02-05,5358360,B25J-0009/1065,0.1,easy_negative,GRAY,False,
16/316041,10882183,Robot controlling method and welding method,"PANASONIC INTELLECTUAL PROPERTY MANAGEMENT CO., LTD.",PANASONIC INTELLECTUAL PROPERTY MANAGEMENT,PANASONIC,JP,2017-05-09,5345045,B25J-0009/1641,0.1,easy_negative,GRAY,False,
15/755124,11137747,Control system for a production line drive unit,OMRON CORPORATION,OMRON,OMRON,JP,2017-08-16,5338621,B25J-0009/1679,0.1,easy_negative,GRAY,False,
16/275346,11052542,Robot system and control method of robot,OMRON Corporation,OMRON,OMRON,JP,2019-02-14,5358114,B25J-0009/1697,0.1,easy_negative,GRAY,False,
16/468559,11247338,Robot system and cutting blade,"KYORAKU CO., LTD.",KYORAKU,KYORAKU,JP,2017-12-14,5368382,B25J-0009/0096,0.1,easy_negative,GRAY,False,
16/471633,11338446,Machining robot and machining method,SUBARU CORPORATION,SUBARU,SUBARU,JP,2017-10-31,5373597,B25J-0013/085,0.1,easy_negative,GRAY,False,
15/844062,10369704,Base systems for supporting soft robotic actuators,"Soft Robotics, Inc.",SOFT ROBOTICS,SOFT ROBOTICS/OXIPITAL,US,2017-12-15,5368104,B25J-0015/0023,0.1,easy_negative,GRAY,False,
16/939779,11602841,Systems and methods for remote operating and/or monitoring of a robot,Brain Corporation,BRAIN,BRAIN,US,2020-07-27,5361818,B25J-0009/161,0.1,easy_negative,GRAY,False,
16/426571,11161242,Method for controlling robot,"PANASONIC INTELLECTUAL PROPERTY MANAGEMENT CO., LTD.",PANASONIC INTELLECTUAL PROPERTY MANAGEMENT,PANASONIC,JP,2019-05-30,5368426,B25J-0009/1633,0.1,easy_negative,GRAY,False,
16/406182,11584012,"Method, apparatus, computer-readable storage media for robotic programming",SIEMENS AKTIENGESELLSCHAFT,SIEMENS,SIEMENS,DE,2019-05-08,5375448,B25J-0009/1671,0.1,easy_negative,GRAY,False,
16/406172,11607808,"Method, apparatus and system for robotic programming",SIEMENS AKTIENGESELLSCHAFT,SIEMENS,SIEMENS,DE,2019-05-08,5375447,B25J-0009/1664,0.1,easy_negative,GRAY,False,
15/424058,10661442,Calibration article for a 3D vision robotic system,ABB SCHWEIZ AG,ABB SCHWEIZ,ABB,CH,2017-02-03,5383282,B25J-0009/1692,0.1,easy_negative,GRAY,False,
15/423442,10377040,Systems and methods for assisting a robotic apparatus,BRAIN CORPORATION,BRAIN,BRAIN,US,2017-02-02,5383026,B25J-0009/1666,0.1,easy_negative,GRAY,False,
16/583429,11446827,"End effector with movable protective sleeve for machining workpieces, and robot system comprising an end effector",ABB Schweiz AG,ABB SCHWEIZ,ABB,CH,2019-09-26,5398339,B25J-0015/0019,0.1,easy_negative,GRAY,False,
16/486950,11413772,Industrial robot system with supervision sensor,ABB Schweiz AG,ABB SCHWEIZ,ABB,CH,2017-02-22,5387770,B25J-0019/0066,0.1,easy_negative,GRAY,False,
16/482600,11364630,Method for controlling an industrial robot during lead-through programming of the robot and an industrial robot,ABB SCHWEIZ AG,ABB SCHWEIZ,ABB,CH,2017-02-17,5386133,B25J-0009/1664,0.1,easy_negative,GRAY,False,
16/488606,11230015,Robot system,FUJI CORPORATION,FUJI,FUJI,JP,2017-03-23,5397797,B25J-0009/1697,0.1,easy_negative,GRAY,False,
16/351390,11014235,Systems and methods for semantic knowledge based dynamic utility calculation,Tata Consultancy Services Limited,TATA CONSULTANCY SERVICES,TATA CONSULTANCY SERVICES,IN,2019-03-12,5401339,B25J-0009/1661,0.1,easy_negative,GRAY,False,
16/641087,11465292,Modular movable robot,LG ELECTRONICS INC.,LG ELECTRONICS,LG,KR,2019-05-20,5405412,B25J-0011/008,0.1,easy_negative,GRAY,False,
16/555615,11279504,Robot system and control method thereof,"HITACHI TRANSPORT SYSTEM, LTD.",HITACHI TRANSPORT SYSTEM,HITACHI TRANSPORT SYSTEM,JP,2019-08-29,5411769,B25J-0009/1687,0.1,easy_negative,GRAY,False,
15/891344,10814486,"Information processing device, information processing method, and non-transitory computer-readable recording medium",OMRON Corporation,OMRON,OMRON,JP,2018-02-07,5292777,B25J-0009/1671,0.1,easy_negative,GRAY,False,
16/611602,11420323,Method and control system for controlling movement sequences of a robot,ABB SCHWEIZ AG,ABB SCHWEIZ,ABB,CH,2017-05-16,5413945,B25J-0009/0093,0.1,easy_negative,GRAY,False,
16/614510,11167416,Speed reducer angular transmission error identification system and speed reducer angular transmission error identification method,KAWASAKI JUKOGYO KABUSHIKI KAISHA,KAWASAKI JUKOGYO,KAWASAKI HEAVY INDUSTRIES,JP,2018-05-17,5415154,B25J-0009/1653,0.1,easy_negative,GRAY,False,
16/617790,11839985,Control of a robot assembly,KUKA DEUTSCHLAND GMBH,KUKA DEUTSCHLAND,KUKA,DE,2018-05-17,5418179,B25J-0009/1697,0.1,easy_negative,GRAY,False,
16/489218,11458643,Robot controller,KAWASAKI JUKOGYO KABUSHIKI KAISHA,KAWASAKI JUKOGYO,KAWASAKI HEAVY INDUSTRIES,JP,2018-02-26,5389061,B25J-0019/00,0.1,easy_negative,GRAY,False,
16/617596,11413749,"Drive unit of an automation component, in particular a gripping, clamping, and changing or pivoting unit",SCHUNK GMBH & CO. KG SPANN-UND GREIFTECHNIK,SCHUNK & CO KG SPANN-UND GREIFTECHNIK,SCHUNK & CO KG SPANN-UND GREIFTECHNIK,DE,2018-05-23,5418186,B25J-0009/1643,0.1,easy_negative,GRAY,False,
16/629995,11148298,Arrangement for an articulated arm robot and method for determining the positioning of a mount for an end effector of an articulated arm robot,Alina Grädener | Leo Rokeach,ALINA GRÄDENER,ALINA GRÄDENER,DE,2018-07-11,5432514,B25J-0013/088,0.1,easy_negative,GRAY,False,
16/420852,11285611,Robot and method of controlling thereof,LG ELECTRONICS INC.,LG ELECTRONICS,LG,KR,2019-05-23,5424390,B25J-0009/1697,0.1,easy_negative,GRAY,False,
16/636497,11478932,"Handling assembly comprising a handling device for carrying out at least one work step, method, and computer program",ROBERT BOSCH GMBH,ROBERT BOSCH,ROBERT BOSCH,DE,2018-06-18,5440681,B25J-0009/1671,0.1,easy_negative,GRAY,False,
16/031981,10723025,Computer-implemented methods and systems for generating material processing robotic tool paths,"HYPERTHERM, INC.",HYPERTHERM,HYPERTHERM,US,2018-07-10,5432506,B25J-0009/1643,0.1,easy_negative,GRAY,False,
16/551818,11491652,Method for programming robots and computing device and computer program,Volkswagen Aktiengesellschaft,VOLKSWAGEN,VOLKSWAGEN,미상,2019-08-27,5411256,B25J-0009/1656,0.1,easy_negative,GRAY,False,
16/831280,11358280,"Method, device, and program for processing signals","HANWHA CO., LTD.",HANWHA,HANWHA,KR,2020-03-26,5456954,B25J-0009/1689,0.1,easy_negative,GRAY,False,
17/299202,12070866,Articulated-arm robot,SIEMENS AKTIENGESELLSCHAFT,SIEMENS,SIEMENS,DE,2019-11-14,5438312,B25J-0009/1674,0.1,easy_negative,GRAY,False,
16/762393,11633858,Method and system for simulating a braking operation of a robot,KUKA DEUTSCHLAND GMBH,KUKA DEUTSCHLAND,KUKA,DE,2018-10-24,5470490,B25J-0009/1602,0.1,easy_negative,GRAY,False,
16/662287,11602854,Method and apparatus for controlling behavior of service robot,"Samsung Electronics Co., Ltd.",SAMSUNG ELECTRONICS,SAMSUNG,KR,2019-10-24,5445675,B25J-0009/1679,0.1,easy_negative,E_auto,False,
16/214982,10976728,Automatic process planning for robotic deburring operations,RAYTHEON TECHNOLOGIES CORPORATION,RAYTHEON TECHNOLOGIES,RAYTHEON TECHNOLOGIES,US,2018-12-10,5442672,B25J-0013/085,0.1,easy_negative,GRAY,False,
16/131016,10940588,Hybrid delta robot,Neil Ludban,NEIL LUDBAN,NEIL LUDBAN,US,2018-09-13,5464741,B25J-0009/1664,0.1,easy_negative,GRAY,False,
16/905904,11325249,Modular robot control method and system,"Beijing KEYi Technology Co., Ltd.",BEIJING KEYI TECHNOLOGY,BEIJING KEYI TECHNOLOGY,CN,2020-06-18,5483869,B25J-0009/1617,0.1,easy_negative,GRAY,False,
16/762338,11584018,User interactive electronic system and method for controlling a robotic arm,TEENAGE ENGINEERING AB,TEENAGE ENGINEERING,TEENAGE ENGINEERING,SE,2018-11-07,5471145,B25J-0011/003,0.1,easy_negative,GRAY,False,
15/860377,10913154,Systems and method for robotic learning of industrial tasks based on human demonstration,GENERAL ELECTRIC COMPANY,GENERAL ELECTRIC,GENERAL ELECTRIC,US,2018-01-02,5487359,B25J-0009/1664,0.1,easy_negative,GRAY,False,
15/827334,10828778,Method for operating a robot,ABB SCHWEIZ AG,ABB SCHWEIZ,ABB,CH,2017-11-30,5476076,B25J-0009/1671,0.1,easy_negative,GRAY,False,
16/761059,11826912,Method and control means for controlling a robot assembly,KUKA DEUTSCHLAND GMBH,KUKA DEUTSCHLAND,KUKA,DE,2018-10-26,5466283,B25J-0009/1664,0.1,easy_negative,GRAY,False,
15/947714,11633863,Condition-based robot audio techniques,"DIGITAL DREAM LABS, INC.",DIGITAL DREAM LABS,DIGITAL DREAM LABS,US,2018-04-06,5504380,B25J-0011/001,0.1,easy_negative,GRAY,False,
15/930473,11193755,"Measurement system, measurement device, measurement method, and measurement program",OMRON CORPORATION,OMRON,OMRON,JP,2020-05-13,5490334,B25J-0009/1697,0.1,easy_negative,GRAY,False,
17/029064,11110609,Method for controlling a robot arm,ABB SCHWEIZ AG,ABB SCHWEIZ,ABB,CH,2020-09-23,5517793,B25J-0009/1697,0.1,easy_negative,GRAY,False,
17/046801,11850739,"Robot control device, maintenance management method, and maintenance management program",OMRON CORPORATION,OMRON,OMRON,JP,2019-02-22,5525164,B25J-0019/0066,0.1,easy_negative,GRAY,False,
17/046833,11938624,Parallel kinematic robot,ABB SCHWEIZ AG,ABB SCHWEIZ,ABB,CH,2018-04-24,5519787,B25J-0009/0051,0.1,easy_negative,GRAY,False,
17/096180,11759953,"Encoder abnormality detecting method, operation control device, robot, and robot system","PANASONIC INTELLECTUAL PROPERTY MANAGEMENT CO., LTD.",PANASONIC INTELLECTUAL PROPERTY MANAGEMENT,PANASONIC,JP,2020-11-12,5527169,B25J-0009/1674,0.1,easy_negative,GRAY,False,
17/096999,11458629,Robot system and method of operating the same,KAWASAKI JUKOGYO KABUSHIKI KAISHA,KAWASAKI JUKOGYO,KAWASAKI HEAVY INDUSTRIES,JP,2020-11-13,5527141,B25J-0009/0087,0.1,easy_negative,GRAY,False,
16/552070,11654561,Automated construction robot systems and methods,ASCEND ROBOTICS LLC,ASCEND ROBOTICS,ASCEND ROBOTICS,US,2019-08-27,5560944,B25J-0009/1669,0.1,easy_negative,GRAY,False,
17/054344,11820007,Abnormality detection device and abnormality detection method,"NISSAN MOTOR CO., LTD.",NISSAN MOTOR,NISSAN MOTOR,JP,2018-05-11,5524055,B25J-0009/1674,0.1,easy_negative,GRAY,False,
17/172098,11833697,Method of programming an industrial robot,ABB Schweiz AG,ABB SCHWEIZ,ABB,CH,2021-02-10,5555052,B25J-0009/1671,0.1,easy_negative,GRAY,False,
16/137744,11241795,"Soft package, robot system for processing the same, and method thereof","Beijing Jingdong Shangke Information Technology Co., Ltd. | JD.com American Technologies Corporation",BEIJING JINGDONG SHANGKE INFORMATION TECHNOLOGY,BEIJING JINGDONG SHANGKE INFORMATION TECHNOLOGY,CN,2018-09-21,5566764,B25J-0009/1697,0.1,easy_negative,GRAY,False,
17/272974,11945113,"Parameter adjustment device, parameter adjustment method, and program",OMRON CORPORATION,OMRON,OMRON,JP,2019-03-15,5551873,B25J-0009/1612,0.1,easy_negative,GRAY,False,
16/972449,11992953,Abnormality determination device and abnormality determination method,"NISSAN MOTOR CO., LTD.",NISSAN MOTOR,NISSAN MOTOR,JP,2018-06-04,5531216,B25J-0009/1674,0.1,easy_negative,GRAY,False,
16/905881,11654548,Subunit module for constructing modular robot,"BEIJING KEYI TECHNOLOGY CO., LTD.",BEIJING KEYI TECHNOLOGY,BEIJING KEYI TECHNOLOGY,CN,2020-06-18,5548182,B25J-0009/08,0.1,easy_negative,GRAY,False,
16/541149,11648681,Axis-invariant based multi-axis robot system inverse kinematics modeling and solving methods,Hehua Ju,HEHUA JU,HEHUA JU,CN,2019-08-15,5555101,B25J-0009/1607,0.1,easy_negative,GRAY,False,
16/831459,11318610,Robotic gripper for writing and object creation,Tata Consultancy Services Limited,TATA CONSULTANCY SERVICES,TATA CONSULTANCY SERVICES,IN,2020-03-26,5567212,B25J-0009/1633,0.1,easy_negative,GRAY,False,
17/192737,11992960,"Robot system, control apparatus of robot system, control method of robot system, imaging apparatus, and storage medium",Canon Kabushiki Kaisha,CANON,CANON,JP,2021-03-04,5564500,B25J-0009/1697,0.1,easy_negative,GRAY,False,
16/159383,11192253,Systems and methods for conditional robotic teleoperation,"TOYOTA RESEARCH INSTITUTE, INC.",TOYOTA RESEARCH INSTITUTE,TOYOTA,US,2018-10-12,5573330,B25J-0009/1689,0.1,easy_negative,GRAY,False,
17/278879,11926036,Information processing device and scheduling method,SONY CORPORATION,SONY,SONY,JP,2019-09-26,5571668,B25J-0011/0045,0.1,easy_negative,GRAY,False,
17/162191,11787043,"Robot, vehicle for mounting robot, and mobile robot",SEIKO EPSON CORPORATION,SEIKO EPSON,SEIKO EPSON,미상,2021-01-29,5570259,B25J-0009/12,0.1,easy_negative,GRAY,False,
17/278321,12109693,Control system and control method,OMRON CORPORATION,OMRON,OMRON,JP,2019-10-08,5573691,B25J-0009/0084,0.1,easy_negative,GRAY,False,
17/190411,11878429,"Robot control apparatus, robot control system, and robot control method",KABUSHIKI KAISHA YASKAWA DENKI,YASKAWA DENKI,YASKAWA,JP,2021-03-03,5585586,B25J-0009/1674,0.1,easy_negative,GRAY,False,
17/360676,11707841,Automated fiber bundle placement apparatus,TSUDAKOMA KOGYO KABUSHIKI KAISHA,TSUDAKOMA KOGYO,TSUDAKOMA KOGYO,JP,2021-06-28,5621799,B25J-0009/1633,0.1,easy_negative,GRAY,False,
17/213285,11712803,Teaching method,SEIKO EPSON CORPORATION,SEIKO EPSON,SEIKO EPSON,미상,2021-03-26,5587859,B25J-0009/1656,0.1,easy_negative,GRAY,False,
16/297030,11613018,Robotic manipulation intelligence systems and methods for automatic restocking of items in retail store environments,ABB SCHWEIZ AG,ABB SCHWEIZ,ABB,CH,2019-03-08,5620829,B25J-0009/1669,0.1,easy_negative,GRAY,False,
17/424017,11992957,Mounting-related device and rail device,FUJI CORPORATION,FUJI,FUJI,JP,2019-02-05,5611040,B25J-0009/1682,0.1,easy_negative,GRAY,False,
16/750855,11511425,Robot stopping parallel to installed object and method of stopping the same,LG ELECTRONICS INC.,LG ELECTRONICS,LG,KR,2020-01-23,5624603,B25J-0009/1666,0.1,easy_negative,GRAY,False,
17/209436,11639002,"Control system, control method, and program",TOYOTA JIDOSHA KABUSHIKI KAISHA,TOYOTA JIDOSHA,TOYOTA,JP,2021-03-23,5590592,B25J-0013/006,0.1,easy_negative,GRAY,False,
16/997945,11745340,Robot controller,KABUSHIKI KAISHA YASKAWA DENKI,YASKAWA DENKI,YASKAWA,JP,2020-08-20,5519644,B25J-0009/1633,0.1,easy_negative,GRAY,False,
17/594512,11426873,"Sorting system, mobile robot, method for operating a sorting system, computer program product and computer-readable medium",BYSTRONIC LASER AG,BYSTRONIC LASER,BYSTRONIC LASER,CH,2020-06-05,5641550,B25J-0009/1669,0.1,easy_negative,GRAY,False,
16/527076,11633848,Independent pan of coaxial robotic arm and perception housing,X Development LLC,X DEVELOPMENT,ALPHABET,US,2019-07-31,5646127,B25J-0009/102,0.1,easy_negative,GRAY,False,
17/617673,11820024,"Coordinate system calibration method, device, and computer readable medium","SIEMENS LTD., CHINA",SIEMENS CHINA,SIEMENS CHINA,CN,2019-06-17,5640840,B25J-0009/1692,0.1,easy_negative,GRAY,False,
17/615676,12090634,Robot cell for machine tool or assembly machine,INDUSTRIE-PARTNER GMBH RADEBEUL-COSWIG,INDUSTRIE-PARTNER RADEBEUL-COSWIG,INDUSTRIE-PARTNER RADEBEUL-COSWIG,DE,2020-07-03,5665426,B25J-0013/089,0.1,easy_negative,GRAY,False,
17/206426,11433530,Mobile robotic manipulator with telepresence system,TATA CONSULTANCY SERVICES LIMITED,TATA CONSULTANCY SERVICES,TATA CONSULTANCY SERVICES,IN,2021-03-19,5674438,B25J-0009/0009,0.1,easy_negative,GRAY,False,
16/541541,11235459,Inverse kinematic solver for wrist offset robots,INTRINSIC INNOVATION LLC,INTRINSIC INNOVATION,ALPHABET,US,2019-08-15,5657643,B25J-0009/1607,0.1,easy_negative,GRAY,False,
17/490363,11878430,Handling appliance having an adaptive collision protection system,ROBERT BOSCH GMBH,ROBERT BOSCH,ROBERT BOSCH,DE,2021-09-30,5651490,B25J-0009/1676,0.1,easy_negative,GRAY,False,
17/783650,12090630,Robot system,KAWASAKI JUKOGYO KABUSHIKI KAISHA,KAWASAKI JUKOGYO,KAWASAKI HEAVY INDUSTRIES,JP,2020-12-11,5713803,B25J-0013/02,0.1,easy_negative,GRAY,False,
17/199182,11794347,Navigation of tele-robot in dynamic environment using in-situ intelligence,TATA CONSULTANCY SERVICES LIMITED,TATA CONSULTANCY SERVICES,TATA CONSULTANCY SERVICES,IN,2021-03-11,5682241,B25J-0009/1689,0.1,easy_negative,GRAY,False,
17/753630,11820006,Apparatus and method for calibrating laser displacement sensor for use with robot,ABB SCHWEIZ AG,ABB SCHWEIZ,ABB,CH,2019-09-27,5686886,B25J-0019/022,0.1,easy_negative,GRAY,False,
17/775997,12115680,Computerized engineering tool and methodology to develop neural skills for a robotics system,SIEMENS AKTIENGESELLSCHAFT,SIEMENS,SIEMENS,DE,2019-12-03,5698269,B25J-0009/1671,0.1,easy_negative,GRAY,False,
17/194978,11820004,Transportation apparatus and transportation robot provided with transportation apparatus,"HAI ROBOTICS CO., LTD.",HAI ROBOTICS,HAI ROBOTICS,CN,2021-03-08,5689226,B25J-0018/025,0.1,easy_negative,GRAY,False,
17/702904,12053895,Capturing environmental scans using automated transporter robot,"FARO TECHNOLOGIES, INC.",FARO TECHNOLOGIES,FARO TECHNOLOGIES,US,2022-03-24,5738162,B25J-0009/1697,0.1,easy_negative,GRAY,False,
17/992349,11964388,Continuum arm robot,ROLLS-ROYCE plc,ROLLS-ROYCE,ROLLS-ROYCE,GB,2022-11-22,5802245,B25J-0009/065,0.1,easy_negative,GRAY,False,
14/662696,9545721,"Robotic device, method for controlling robotic device, and computer program",Seiko Epson Corporation,SEIKO EPSON,SEIKO EPSON,JP,2015-03-19,16111459,B25J-0009/1694,0.1,easy_negative,GRAY,False,
16/935810,11597077,Cable suspended robot for industrial plants,SAUDI ARABIAN OIL COMPANY,SAUDI ARABIAN OIL,SAUDI ARABIAN OIL,SA,2020-07-22,8894483,B25J-0009/0078,0.1,easy_negative,GRAY,False,
15/193715,9950425,Robot control apparatus and robot system,Seiko Epson Corporation,SEIKO EPSON,SEIKO EPSON,JP,2016-06-27,16341691,B25J-0009/1602,0.1,easy_negative,GRAY,False,
17/788772,12097627,"Control apparatus for robotic system, control method for robotic system, computer-readable storage medium storing a computer control program, and robotic system",OMRON CORPORATION,OMRON,OMRON,JP,2020-12-21,5727309,B25J-0009/1697,0.1,easy_negative,GRAY,False,
18/012061,11865706,Robot,DAILY COLOR INC.,DAILY COLOR,DAILY COLOR,JP,2021-07-02,5784220,B25J-0005/00,0.1,easy_negative,GRAY,False,
14/672291,9527214,"Robot apparatus, method for controlling the same, and computer program",Sony Corporation,SONY,SONY,JP,2015-03-30,16436646,B25J-0009/1697,0.1,easy_negative,GRAY,False,
14/623044,9604360,Robot system for preventing accidental dropping of conveyed objects,Fanuc Corporation,FANUC,FANUC,JP,2015-02-16,16813487,B25J-0009/163,0.1,easy_negative,GRAY,False,
14/807643,10239204,Method of controlling robot and robot,Seiko Epson Corporation,SEIKO EPSON,SEIKO EPSON,JP,2015-07-23,16406535,B25J-0009/1607,0.1,easy_negative,GRAY,False,
14/667301,9701017,Process application robot system having function for managing process condition,FANUC CORPORATION,FANUC,FANUC,JP,2015-03-24,16844301,B25J-0009/1656,0.1,easy_negative,GRAY,False,
14/639209,9302398,Robot system for determining operator by biometric authentication,FANUC CORPORATION,FANUC,FANUC,JP,2015-03-05,16844318,B25J-0019/06,0.1,easy_negative,GRAY,False,
14/618184,9327399,Movement control method for mobile robot,TOYOTA JIDOSHA KABUSHIKI KAISHA,TOYOTA JIDOSHA,TOYOTA,JP,2015-02-10,16813505,B25J-0009/1605,0.1,easy_negative,GRAY,False,
14/708005,9604364,Picking apparatus and picking method,TOSHIBA KIKAI KABUSHIKI KAISHA,TOSHIBA KIKAI,TOSHIBA KIKAI,JP,2015-05-08,16864752,B25J-0009/1697,0.1,easy_negative,GRAY,False,
14/644829,9481091,Robot system for taking out bulk stacked workpieces and judgment method for judging workpiece gripping state,Fanuc Corporation,FANUC,FANUC,JP,2015-03-11,16830167,B25J-0009/1697,0.1,easy_negative,GRAY,False,
14/734458,9908242,Robot control device provided with function of reflecting points of difference of setting data compared with,FANUC CORPORATION,FANUC,FANUC,JP,2015-06-09,16879531,B25J-0013/06,0.1,easy_negative,GRAY,False,
14/708411,10471603,System for conveying workpiece having external force monitoring function,FANUC CORPORATION,FANUC,FANUC,JP,2015-05-11,16868945,B25J-0013/085,0.1,easy_negative,GRAY,False,
14/686931,10005186,Workpiece conveying device having positioning structure,Fanuc Corporation,FANUC,FANUC,JP,2015-04-15,16857836,B25J-0015/0028,0.1,easy_negative,GRAY,False,
14/794396,9682475,Robot program modification system,FANUC CORPORATION,FANUC,FANUC,JP,2015-07-08,16896197,B25J-0009/163,0.1,easy_negative,GRAY,False,
14/726992,9802319,"Robot, robot system, and control method",Seiko Epson Corporation,SEIKO EPSON,SEIKO EPSON,JP,2015-06-01,16875645,B25J-0009/1697,0.1,easy_negative,GRAY,False,
14/797926,10427302,Robot control apparatus capable of transferring workpiece having parameter exceeding rated workpiece parameter,FANUC CORPORATION,FANUC,FANUC,JP,2015-07-13,16896983,B25J-0009/1674,0.1,easy_negative,GRAY,False,
14/833541,10265860,Method and apparatus for controlling operations of robot,DENSO WAVE INCORPORATED,DENSO WAVE,DENSO,JP,2015-08-24,16914478,B25J-0013/088,0.1,easy_negative,GRAY,False,
14/810964,9492921,Robot controller having detachable teaching pendant,FANUC CORPORATION,FANUC,FANUC,JP,2015-07-28,16904824,B25J-0009/0081,0.1,easy_negative,GRAY,False,
14/851476,9694499,Article pickup apparatus for picking up randomly piled articles,Fanuc Corporation,FANUC,FANUC,JP,2015-09-11,16928758,B25J-0009/1697,0.1,easy_negative,GRAY,False,
14/858287,9908237,Compliant motion control for robot,Seiko Epson Corporation | Tahoku University | Tohoku University,SEIKO EPSON,SEIKO EPSON,JP,2015-09-18,16934620,B25J-0009/1633,0.1,easy_negative,GRAY,False,
14/843523,10065306,"Traveling robot, motion planning method for traveling robot, and storage medium storing program for traveling robot",TOYOTA JIDOSHA KABUSHIKI KAISHA,TOYOTA JIDOSHA,TOYOTA,JP,2015-09-02,16919912,B25J-0005/007,0.1,easy_negative,GRAY,False,
14/809694,10618169,Robot,"JANOME SEWING MACHINE CO., LTD.",JANOME SEWING MACHINE,JANOME SEWING MACHINE,JP,2015-07-27,16991240,B25J-0009/1674,0.1,easy_negative,GRAY,False,
14/862249,9636827,Robot system for performing force control,FANUC CORPORATION,FANUC,FANUC,JP,2015-09-23,16934119,B25J-0011/005,0.1,easy_negative,GRAY,False,
14/988129,10173321,Robot system provided with a plurality of controllers which operate a plurality of industrial robots,DENSO WAVE INCORPORATED,DENSO WAVE,DENSO,JP,2016-01-05,16982441,B25J-0009/1674,0.1,easy_negative,GRAY,False,
15/043621,9902070,Robot system and robot control method for adjusting position of coolant nozzle,FANUC CORPORATION,FANUC,FANUC,JP,2016-02-15,17002084,B25J-0009/1697,0.1,easy_negative,GRAY,False,
15/450402,10173326,Industrial robot teaching method with calculating a position,NIDEC SANKYO CORPORATION,NIDEC SANKYO,NIDEC SANKYO,JP,2017-03-06,16969943,B25J-0009/1697,0.1,easy_negative,GRAY,False,
14/874575,9718189,Robot teaching device for teaching robot offline,FANUC CORPORATION,FANUC,FANUC,JP,2015-10-05,16939887,B25J-0009/1687,0.1,easy_negative,GRAY,False,
14/991220,9884424,Display control apparatus and method for same,CANON KABUSHIKI KAISHA,CANON,CANON,JP,2016-01-08,16985154,B25J-0009/1697,0.1,easy_negative,GRAY,False,
15/056301,9808934,Robot control apparatus judging restart of operation program,FANUC CORPORATION,FANUC,FANUC,JP,2016-02-29,17013008,B25J-0009/1676,0.1,easy_negative,GRAY,False,
14/937883,10052765,Robot system having augmented reality-compatible display,FANUC CORPORATION,FANUC,FANUC,JP,2015-11-11,16969941,B25J-0009/1671,0.1,easy_negative,GRAY,False,
14/854792,10759064,Robot and method for designing robot shape,DENSO WAVE INCORPORATED | DENSO CORPORATION,DENSO WAVE,DENSO,JP,2015-09-15,16945902,B25J-0019/007,0.1,easy_negative,GRAY,False,
15/087592,10076840,"Information processing apparatus, information processing method, and program",CANON KABUSHIKI KAISHA,CANON,CANON,JP,2016-03-31,17038116,B25J-0009/1666,0.1,easy_negative,GRAY,False,
15/014689,9764475,"Workpiece taking out robot system having conversion-calculation function of position and orientation, and workpiece taking out method",FANUC CORPORATION,FANUC,FANUC,JP,2016-02-03,16999288,B25J-0009/1697,0.1,easy_negative,GRAY,False,
15/157658,10099380,"Robot, robot control device, and robot system",Seiko Epson Corporation,SEIKO EPSON,SEIKO EPSON,JP,2016-05-18,17058008,B25J-0009/1697,0.1,easy_negative,GRAY,False,
15/092749,9925668,"Robot, control unit, and control method",SEIKO EPSON CORPORATION | TOHOKU UNIVERSITY,SEIKO EPSON,SEIKO EPSON,JP,2016-04-07,17039140,B25J-0009/1664,0.1,easy_negative,GRAY,False,
15/175039,9889561,Robot controller having function for displaying robot and force,FANUC CORPORATION,FANUC,FANUC,JP,2016-06-07,17062686,B25J-0009/1633,0.1,easy_negative,GRAY,False,
15/546250,10500733,"Displacement detecting apparatus, torque detecting apparatus, robot apparatus and displacement detecting method",CANON KABUSHIKI KAISHA,CANON,CANON,JP,2016-03-23,17037900,B25J-0013/085,0.1,easy_negative,GRAY,False,
15/194629,9862094,Interference check system for machine tool and robot,FANUC CORPORATION,FANUC,FANUC,JP,2016-06-28,17075134,B25J-0009/1666,0.1,easy_negative,GRAY,False,
15/179419,9925666,Operation system of robot arm,DENSO WAVE INCORPORATED,DENSO WAVE,DENSO,JP,2016-06-10,17072635,B25J-0009/1633,0.1,easy_negative,GRAY,False,
15/196046,10016898,Robot system using a vision sensor,FANUC CORPORATION,FANUC,FANUC,JP,2016-06-29,17072640,B25J-0009/1697,0.1,easy_negative,GRAY,False,
15/183978,10052767,"Robot, control device, and control method",Seiko Epson Corporation,SEIKO EPSON,SEIKO EPSON,JP,2016-06-16,17067534,B25J-0009/1697,0.1,easy_negative,GRAY,False,
15/203848,9724825,Robot controller for robot which sets two objects in combined state,FANUC CORPORATION,FANUC,FANUC,JP,2016-07-07,17077237,B25J-0009/1633,0.1,easy_negative,GRAY,False,
15/221769,10155311,Method for processing specimen and specimen processing system,KABUSHIKI KAISHA YASKAWA DENKI,YASKAWA DENKI,YASKAWA,JP,2016-07-28,17086145,B25J-0009/1633,0.1,easy_negative,GRAY,False,
15/066202,10173325,"Robot, robot control apparatus and robot system",Seiko Epson Corporation,SEIKO EPSON,SEIKO EPSON,JP,2016-03-10,17031086,B25J-0009/1697,0.1,easy_negative,GRAY,False,
15/755779,10814483,"Data conversion apparatus, robot, program, and information processing method",DENTSU GROUP INC.,DENTSU GROUP,DENTSU GROUP,JP,2016-10-27,17096353,B25J-0009/1664,0.1,easy_negative,GRAY,False,
15/244106,10369703,"Robot, control device, and robot system",Seiko Epson Corporation,SEIKO EPSON,SEIKO EPSON,JP,2016-08-23,17100245,B25J-0013/089,0.1,easy_negative,GRAY,False,
15/188989,10011017,Industrial robot system and control method thereof,FANUC CORPORATION,FANUC,FANUC,JP,2016-06-22,17086131,B25J-0013/085,0.1,easy_negative,GRAY,False,
15/200385,10259121,"Robot apparatus, and measuring method of rotation driving apparatus",CANON KABUSHIKI KAISHA,CANON,CANON,JP,2016-07-01,17077276,B25J-0013/088,0.1,easy_negative,GRAY,False,
15/201924,10286563,Robot system and cable,Seiko Epson Corporation,SEIKO EPSON,SEIKO EPSON,JP,2016-07-05,17081161,B25J-0019/0025,0.1,easy_negative,GRAY,False,
15/257025,9956686,Deflection measurement system for measuring deflection of articulated robot,FANUC CORPORATION,FANUC,FANUC,JP,2016-09-06,17107437,B25J-0009/1638,0.1,easy_negative,GRAY,False,
15/227146,9827673,Robot controller inhibiting shaking of tool tip in robot equipped with travel axis,FANUC CORPORATION,FANUC,FANUC,JP,2016-08-03,17090761,B25J-0009/1641,0.1,easy_negative,GRAY,False,
15/292524,10449667,Robot pedestal having support structure for controller,FANUC CORPORATION,FANUC,FANUC,JP,2016-10-13,17121857,B25J-0009/0009,0.1,easy_negative,GRAY,False,
15/298808,10189161,Calibration system and calibration method calibrating mechanical parameters of wrist part of robot,FANUC CORPORATION,FANUC,FANUC,JP,2016-10-20,17124150,B25J-0009/1692,0.1,easy_negative,GRAY,False,
15/281084,9937620,Robot system having function to calculate position and orientation of sensor,FANUC CORPORATION,FANUC,FANUC,JP,2016-09-30,17121852,B25J-0009/1651,0.1,easy_negative,GRAY,False,
15/281091,9969090,Robot system equipped with camera for capturing image of target mark,FANUC CORPORATION,FANUC,FANUC,JP,2016-09-30,17119047,B25J-0009/1697,0.1,easy_negative,GRAY,False,
15/290286,10105840,Robot system including plurality of controllers connected via network,FANUC CORPORATION,FANUC,FANUC,JP,2016-10-11,17124147,B25J-0009/0084,0.1,easy_negative,GRAY,False,
15/293414,10118295,Manual feed apparatus of robot for calculating operable range of robot,FANUC CORPORATION,FANUC,FANUC,JP,2016-10-14,17137882,B25J-0009/163,0.1,easy_negative,GRAY,False,
15/364807,10071481,Safety system for industrial robots,DENSO WAVE INCORPORATED,DENSO WAVE,DENSO,JP,2016-11-30,17142496,B25J-0009/1676,0.1,easy_negative,GRAY,False,
15/360851,10259118,Robot system having function of simplifying teaching operation and improving operating performance by learning,FANUC CORPORATION,FANUC,FANUC,JP,2016-11-23,17137887,B25J-0009/1679,0.1,easy_negative,GRAY,False,
15/358265,10252413,Robot and robot system,SEIKO EPSON CORPORATION,SEIKO EPSON,SEIKO EPSON,JP,2016-11-22,17142497,B25J-0009/0027,0.1,easy_negative,GRAY,False,
15/422692,10384349,Processing robot system in which processing device is connected to robot to perform processing,FANUC CORPORATION,FANUC,FANUC,JP,2017-02-02,17174431,B25J-0011/005,0.1,easy_negative,GRAY,False,
15/453556,10807252,Rotation axis module and articulated robot,FANUC CORPORATION,FANUC,FANUC,JP,2017-03-08,17189568,B25J-0019/0029,0.1,easy_negative,GRAY,False,
15/209489,10335951,"Information processing apparatus, information processing method, robot control apparatus, and robot system",Canon Kabushiki Kaisha,CANON,CANON,JP,2016-07-13,17171340,B25J-0009/1697,0.1,easy_negative,GRAY,False,
15/372733,10300605,"Robot, controller, and robot system",Seiko Epson Corporation,SEIKO EPSON,SEIKO EPSON,JP,2016-12-08,17146171,B25J-0009/1694,0.1,easy_negative,GRAY,False,
15/470049,10252425,System for determining robot position having an imaging element to image the mark on a rotatable arm,Seiko Epson Corporation,SEIKO EPSON,SEIKO EPSON,JP,2017-03-27,17204267,B25J-0013/089,0.1,easy_negative,GRAY,False,
15/467434,10525598,Positioning system using robot,FANUC CORPORATION,FANUC,FANUC,JP,2017-03-23,17198672,B25J-0009/1697,0.1,easy_negative,GRAY,False,
15/194017,10076845,"Robot system, instruction input device, non-transitory computer-readable recording medium, and control method for robot system","PANASONIC INTELLECTUAL PROPERTY MANAGEMENT CO., LTD.",PANASONIC INTELLECTUAL PROPERTY MANAGEMENT,PANASONIC,JP,2016-06-27,17211201,B25J-0019/06,0.1,easy_negative,GRAY,False,
15/274118,10040197,Control device for mobile robot,"HONDA MOTOR CO., LTD",HONDA MOTOR,HONDA,JP,2016-09-23,17149538,B25J-0009/1669,0.1,easy_negative,T1_auto,True,구제:사례매핑 T1/T2 권고(OEM 전건원칙 포함)
15/432096,10293494,Bulk workpiece picking system and method,FANUC CORPORATION,FANUC,FANUC,JP,2017-02-14,17185231,B25J-0015/0608,0.1,easy_negative,GRAY,False,
15/347882,10245733,"Robot, method for controlling robot, and recording medium","PANASONIC INTELLECTUAL PROPERTY MANAGEMENT CO., LTD.",PANASONIC INTELLECTUAL PROPERTY MANAGEMENT,PANASONIC,JP,2016-11-10,17146209,B25J-0011/009,0.1,easy_negative,GRAY,False,
15/440367,10857675,"Control device, robot, and robot system",Seiko Epson Corporation,SEIKO EPSON,SEIKO EPSON,미상,2017-02-23,17181001,B25J-0009/1679,0.1,easy_negative,GRAY,False,
15/450309,10160119,Robot system,Fanuc Corporation,FANUC,FANUC,JP,2017-03-06,17204302,B25J-0015/0491,0.1,easy_negative,GRAY,False,
15/292132,9902067,Offline robot programming device,FANUC CORPORATION,FANUC,FANUC,JP,2016-10-13,17131838,B25J-0009/1666,0.1,easy_negative,GRAY,False,
15/494899,10532461,Robot and robot system,Seiko Epson Corporation,SEIKO EPSON,SEIKO EPSON,JP,2017-04-24,17220202,B25J-0009/1633,0.1,easy_negative,GRAY,False,
15/484634,10300598,Robot with daisy-chainable robot arm,FANUC CORPORATION,FANUC,FANUC,JP,2017-04-11,17214731,B25J-0009/12,0.1,easy_negative,GRAY,False,
15/497860,10427299,"Device for robot, robot control device, and robot system",Seiko Epson Corporation,SEIKO EPSON,SEIKO EPSON,JP,2017-04-26,17220210,B25J-0009/163,0.1,easy_negative,GRAY,False,
16/846517,11090815,"Robot, control device, and robot system",Seiko Epson Corporation,SEIKO EPSON,SEIKO EPSON,미상,2020-04-13,17227173,B25J-0013/085,0.1,easy_negative,GRAY,False,
15/622430,10343285,"Robot, control device, and robot system",Seiko Epson Corporation,SEIKO EPSON,SEIKO EPSON,JP,2017-06-14,17240267,B25J-0011/0075,0.1,easy_negative,GRAY,False,
15/490044,10618175,"Vibration measurement method for moving part, vibration measurement method for robot, and control device",Seiko Epson Corporation,SEIKO EPSON,SEIKO EPSON,JP,2017-04-18,17220201,B25J-0009/1694,0.1,easy_negative,GRAY,False,
15/601136,10919145,Horizontally articulated robot,Seiko Epson Corporation,SEIKO EPSON,SEIKO EPSON,미상,2017-05-22,17233528,B25J-0009/04,0.1,easy_negative,GRAY,False,
15/497205,10315305,Robot control apparatus which displays operation program including state of additional axis,FANUC CORPORATION,FANUC,FANUC,JP,2017-04-26,17220217,B25J-0009/00,0.1,easy_negative,GRAY,False,
15/620803,10583564,Robot and method used in robot,"PANASONIC INTELLECTUAL PROPERTY MANAGEMENT CO., LTD.",PANASONIC INTELLECTUAL PROPERTY MANAGEMENT,PANASONIC,JP,2017-06-12,17252991,B25J-0013/085,0.1,easy_negative,GRAY,False,
15/447947,10556339,"Mobile robot, movement control system, and movement control method","FUJI XEROX CO., LTD.",FUJI XEROX,FUJI XEROX,JP,2017-03-02,17250977,B25J-0009/1664,0.1,easy_negative,GRAY,False,
15/453252,10576618,"Robot having communication with human, robot control method, and non-transitory recording medium","CASIO COMPUTER CO., LTD.",CASIO COMPUTER,CASIO COMPUTER,JP,2017-03-08,17243382,B25J-0009/0003,0.1,easy_negative,GRAY,False,
15/672056,10350758,Robot control unit for assembly robot,FANUC CORPORATION,FANUC,FANUC,JP,2017-08-08,17265584,B25J-0009/1687,0.1,easy_negative,GRAY,False,
15/677140,10464215,Voice interaction device and control method therefor,TOYOTA JIDOSHA KABUSHIKI KAISHA,TOYOTA JIDOSHA,TOYOTA,JP,2017-08-15,17292439,B25J-0011/0015,0.1,easy_negative,GRAY,False,
15/709613,10549425,Carrier device for taking out objects one by one by optimal route,FANUC CORPORATION,FANUC,FANUC,JP,2017-09-20,17287488,B25J-0009/1664,0.1,easy_negative,GRAY,False,
15/687806,10583565,"Control apparatus, robot and robot system",Seiko Epson Corporation,SEIKO EPSON,SEIKO EPSON,JP,2017-08-28,17273465,B25J-0013/085,0.1,easy_negative,GRAY,False,
15/700302,10702987,Robot system having teach pendant communicating with robot controller,FANUC CORPORATION,FANUC,FANUC,JP,2017-09-11,17280790,B25J-0009/161,0.1,easy_negative,GRAY,False,
15/613984,10639791,Dynamic laser touch-sensing with multiple robot dynamic user frame,FANUC CORPORATION,FANUC,FANUC,US,2017-06-05,17256122,B25J-0009/163,0.1,easy_negative,GRAY,False,
15/714201,11090803,Horizontal articulated robot,Seiko Epson Corporation,SEIKO EPSON,SEIKO EPSON,미상,2017-09-25,17287510,B25J-0009/161,0.1,easy_negative,GRAY,False,
15/709601,10442085,Production system for performing cooperative work by operator and robot,FANUC CORPORATION,FANUC,FANUC,JP,2017-09-20,17287533,B25J-0009/1676,0.1,easy_negative,GRAY,False,
15/787571,10974395,Method and system for controlling indoor autonomous robot,NAVER LABS CORPORATION,NAVER LABS,NAVER LABS,KR,2017-10-18,17300013,B25J-0013/089,0.1,easy_negative,E_auto,False,
15/845452,10668620,Method and apparatus for correcting motions of robot,DENSO WAVE INCORPORATED,DENSO WAVE,DENSO,JP,2017-12-18,17325950,B25J-0009/1641,0.1,easy_negative,GRAY,False,
15/466378,10286551,"Robot system that controls robot including multiple mechanical units, the mechanical units, and robot control device",FANUC CORPORATION,FANUC,FANUC,JP,2017-03-22,17198657,B25J-0009/163,0.1,easy_negative,GRAY,False,
15/831490,10350762,"Autonomously moving body, movement controlling method, and recording medium storing movement controlling program",PANASONIC INTELLECTUAL PROPERTY CORPORATION OF AMERICA,PANASONIC INTELLECTUAL PROPERTY OF AMERICA,PANASONIC,US,2017-12-05,17331210,B25J-0011/0085,0.1,easy_negative,E_auto,False,
15/828599,10456917,"Robot system including a plurality of robots, robot controller and robot control method",FANUC CORPORARATION | FANUC CORPORATION,FANUC CORPORARATION,FANUC,JP,2017-12-01,17321633,B25J-0009/1669,0.1,easy_negative,GRAY,False,
15/828484,10456932,Conduction path structure of robot,FANUC CORPORATION,FANUC,FANUC,JP,2017-12-01,17317727,B25J-0019/0075,0.1,easy_negative,GRAY,False,
15/838563,10513039,Teach pendant and robot system provided with the same,FANUC CORPORATION,FANUC,FANUC,JP,2017-12-12,17321682,B25J-0013/06,0.1,easy_negative,GRAY,False,
15/880685,10792812,Control device and robot system,Seiko Epson Corporation,SEIKO EPSON,SEIKO EPSON,JP,2018-01-26,17340356,B25J-0009/1633,0.1,easy_negative,GRAY,False,
15/856315,10421187,"Robot program modification device, robot control device, robot simulation device, and robot program modification method",FANUC CORPORATION,FANUC,FANUC,JP,2017-12-28,17340346,B25J-0009/1676,0.1,easy_negative,GRAY,False,
15/868754,10618170,Robot system,FANUC CORPORATION,FANUC,FANUC,JP,2018-01-11,17350392,B25J-0009/1674,0.1,easy_negative,GRAY,False,
15/867360,10239215,Transfer tool,Fanuc Corporation,FANUC,FANUC,JP,2018-01-10,17350361,B25J-0015/0014,0.1,easy_negative,GRAY,False,
15/897848,10434649,Workpiece pick up system,Fanuc Corporation,FANUC,FANUC,JP,2018-02-15,17353587,B25J-0009/1669,0.1,easy_negative,GRAY,False,
15/897208,10427297,"Robot operation command system, tablet terminal and control method of tablet terminal",FANUC CORPORATION,FANUC,FANUC,JP,2018-02-15,17350384,B25J-0009/161,0.1,easy_negative,GRAY,False,
15/876857,10434662,Gripping device for linear actuation,INTERSCIENCE,INTERSCIENCE,INTERSCIENCE,FR,2018-01-22,17340362,B25J-0015/0226,0.1,easy_negative,GRAY,False,
16/926029,10906179,Mobile robot and method of tracking mobile robot,PANASONIC CORPORATION,PANASONIC,PANASONIC,JP,2020-07-10,17363561,B25J-0009/1664,0.1,easy_negative,GRAY,False,
15/926192,10800035,Center-of-gravity-of-load position calculator for robot and method thereof,DENSO WAVE INCORPORATED,DENSO WAVE,DENSO,JP,2018-03-20,17372238,B25J-0009/1638,0.1,easy_negative,GRAY,False,
15/935627,11040451,Teaching device and teaching method,Seiko Epson Corporation,SEIKO EPSON,SEIKO EPSON,미상,2018-03-26,17379232,B25J-0009/1697,0.1,easy_negative,GRAY,False,
16/861694,11110613,"Holding mechanism, transfer device, handling robot system, and robot handling method",Kabushiki Kaisha Toshiba,TOSHIBA,TOSHIBA,JP,2020-04-29,17368556,B25J-0015/026,0.1,easy_negative,GRAY,False,
15/922590,11235475,"Robotic apparatus, interchangeable tool, and method for controlling robotic apparatus",Canon Kabushiki Kaisha,CANON,CANON,JP,2018-03-15,17372227,B25J-0015/0475,0.1,easy_negative,GRAY,False,
15/925448,11345019,Robot teaching apparatus,FANUC CORPORATION,FANUC,FANUC,JP,2018-03-19,17386628,B25J-0009/0081,0.1,easy_negative,GRAY,False,
15/892544,10144130,Autonomous mobile system,"HONDA MOTOR CO., LTD.",HONDA MOTOR,HONDA,JP,2018-02-09,17381465,B25J-0009/1666,0.1,easy_negative,T1_auto,True,구제:사례매핑 T1/T2 권고(OEM 전건원칙 포함)
15/950569,10442088,Hand-held robot teaching device,FANUC CORPORATION,FANUC,FANUC,JP,2018-04-11,17386691,B25J-0013/06,0.1,easy_negative,GRAY,False,
15/958602,10828773,Voice interactive robot and voice interaction system,TOYOTA JIDOSHA KABUSHIKI KAISHA,TOYOTA JIDOSHA,TOYOTA,JP,2018-04-20,17393144,B25J-0009/1602,0.1,easy_negative,GRAY,False,
15/910492,10478965,Robot system,Fanuc Corporation,FANUC,FANUC,JP,2018-03-02,17382837,B25J-0009/0081,0.1,easy_negative,GRAY,False,
15/701913,10537995,"Controller and control method of robot, and robot system",Seiko Epson Corporation,SEIKO EPSON,SEIKO EPSON,JP,2017-09-12,17396084,B25J-0009/163,0.1,easy_negative,GRAY,False,
15/976082,11059172,Control apparatus and robot system,Seiko Epson Corporation,SEIKO EPSON,SEIKO EPSON,미상,2018-05-10,17399959,B25J-0009/1664,0.1,easy_negative,GRAY,False,
15/925883,10434652,Workpiece picking system,Fanuc Corporation,FANUC,FANUC,JP,2018-03-20,17399993,B25J-0009/1684,0.1,easy_negative,GRAY,False,
15/918486,10889001,Service provision system,"HITACHI, LTD.",HITACHI,HITACHI,JP,2018-03-12,17398873,B25J-0013/006,0.1,easy_negative,GRAY,False,
15/984467,10773383,Robot high frequency position streaming,FANUC AMERICA CORPORATION,FANUC AMERICA,FANUC,US,2018-05-21,17413010,B25J-0009/1664,0.1,easy_negative,GRAY,False,
15/987935,10427298,Robot system displaying information for teaching robot,FANUC CORPORATION,FANUC,FANUC,JP,2018-05-24,17407819,B25J-0009/161,0.1,easy_negative,GRAY,False,
15/993779,10532460,Robot teaching device that sets teaching point based on motion image of workpiece,FANUC CORPORATION,FANUC,FANUC,JP,2018-05-31,17407871,B25J-0009/163,0.1,easy_negative,GRAY,False,
16/013089,10589419,Robot and robot system,Seiko Epson Corporation,SEIKO EPSON,SEIKO EPSON,JP,2018-06-20,17416942,B25J-0009/0009,0.1,easy_negative,GRAY,False,
16/004464,10899010,Cable damage detection assistance apparatus and cable damage detection assistance method in robot mechanism,FANUC CORPORATION,FANUC,FANUC,JP,2018-06-11,17412959,B25J-0009/1674,0.1,easy_negative,GRAY,False,
16/003800,10625415,Robot system,FANUC CORPORATION,FANUC,FANUC,JP,2018-06-08,17416974,B25J-0018/04,0.1,easy_negative,E_auto,False,
15/997855,10759049,"Service providing system, database, and service providing device","HONDA MOTOR CO., LTD.",HONDA MOTOR,HONDA,JP,2018-06-05,17407894,B25J-0009/1661,0.1,easy_negative,GRAY,False,
16/003773,10870199,Robot system and robot teaching method,FANUC CORPORATION,FANUC,FANUC,JP,2018-06-08,17426984,B25J-0009/0081,0.1,easy_negative,GRAY,False,
15/992444,10343281,Powerline-controlled electric drive inverters,Infineon Technologies Austria AG,INFINEON TECHNOLOGIES AUSTRIA,INFINEON TECHNOLOGIES AUSTRIA,AT,2018-05-30,17412220,B25J-0009/1674,0.1,easy_negative,GRAY,False,
15/953034,11084166,Continuum robot control system and continuum robot control method,CANON KABUSHIKI KAISHA,CANON,CANON,JP,2018-04-13,17386732,B25J-0009/104,0.1,easy_negative,GRAY,False,
16/039338,10888992,Robot system and method for controlling robot system,KABUSHIKI KAISHA YASKAWA DENKI,YASKAWA DENKI,YASKAWA,JP,2018-07-19,17427042,B25J-0009/0096,0.1,easy_negative,GRAY,False,
16/003533,10611031,Robot system,Fanuc Corporation,FANUC,FANUC,JP,2018-06-08,17423492,B25J-0009/1692,0.1,easy_negative,GRAY,False,
16/046474,10759056,Control unit for articulated robot,FANUC CORPORATION,FANUC,FANUC,JP,2018-07-26,17432754,B25J-0009/1697,0.1,easy_negative,GRAY,False,
16/019699,10493626,"Robot arm, method of estimating amount of iron powder contained in lubricant of connecting part of robot arm, and abnormality sign determination system",TOYOTA JIDOSHA KABUSHIKI KAISHA,TOYOTA JIDOSHA,TOYOTA,JP,2018-06-27,17432766,B25J-0009/1674,0.1,easy_negative,GRAY,False,
16/047003,10675767,Robot system and robot controller,FANUC CORPORATION,FANUC,FANUC,JP,2018-07-27,17432771,B25J-0013/084,0.1,easy_negative,GRAY,False,
16/050405,10556343,Simulation device and simulation method for robot system,FANUC CORPORATION,FANUC,FANUC,JP,2018-07-31,17432781,B25J-0009/1671,0.1,easy_negative,GRAY,False,
16/127788,10946513,Robot and robot system,Seiko Epson Corporation,SEIKO EPSON,SEIKO EPSON,미상,2018-09-11,17451299,B25J-0009/0078,0.1,easy_negative,GRAY,False,
16/104682,11084168,Article stacking apparatus and machine learning apparatus,FANUC CORPORATION,FANUC,FANUC,JP,2018-08-17,17442692,B25J-0009/163,0.1,easy_negative,GRAY,False,
16/636139,11865697,Robot system and method for operating same,KAWASAKI JUKOGYO KABUSHIKI KAISHA,KAWASAKI JUKOGYO,KAWASAKI HEAVY INDUSTRIES,JP,2018-07-27,17432769,B25J-0013/06,0.1,easy_negative,GRAY,False,
16/643767,11370105,Robot system and method for operating same,KAWASAKI JUKOGYO KABUSHIKI KAISHA,KAWASAKI JUKOGYO,KAWASAKI HEAVY INDUSTRIES,JP,2018-08-27,17446687,B25J-0003/00,0.1,easy_negative,GRAY,False,
16/115562,10569418,"Robot controller for executing calibration, measurement system and calibration method",FANUC CORPORATION,FANUC,FANUC,JP,2018-08-29,17456526,B25J-0009/1692,0.1,easy_negative,GRAY,False,
16/200500,11198221,Autonomously acting robot that wears clothes,"GROOVE X, INC.",GROOVE X,GROOVE X,JP,2018-11-26,17430822,B25J-0011/001,0.1,easy_negative,GRAY,False,
16/057105,10786906,Robot system,FANUC CORPORATION,FANUC,FANUC,JP,2018-08-07,17442711,B25J-0013/06,0.1,easy_negative,GRAY,False,
15/904472,10821609,"Robot control apparatus, system and method","HITACHI, LTD.",HITACHI,HITACHI,JP,2018-02-26,17455749,B25J-0013/006,0.1,easy_negative,GRAY,False,
16/101638,10870205,Robot system,FANUC CORPORATION,FANUC,FANUC,JP,2018-08-13,17459224,B25J-0009/1697,0.1,easy_negative,GRAY,False,
16/143952,10836033,Robot,Seiko Epson Corporation,SEIKO EPSON,SEIKO EPSON,JP,2018-09-27,17463219,B25J-0009/161,0.1,easy_negative,GRAY,False,
15/889644,10661445,"Holding mechanism, manipulator, and handling robot system",Kabushiki Kaisha Toshiba,TOSHIBA,TOSHIBA,JP,2018-02-06,17453523,B25J-0015/0023,0.1,easy_negative,GRAY,False,
16/143763,11351672,"Robot, control device, and robot system",Seiko Epson Corporation,SEIKO EPSON,SEIKO EPSON,미상,2018-09-27,17463200,B25J-0009/1697,0.1,easy_negative,GRAY,False,
16/170495,10870201,SCARA robot,Seiko Epson Corporation,SEIKO EPSON,SEIKO EPSON,JP,2018-10-25,17473289,B25J-0009/1602,0.1,easy_negative,GRAY,False,
16/131030,10850396,Controller for monitoring movement direction of operation tool,FANUC CORPORATION,FANUC,FANUC,JP,2018-09-14,17467620,B25J-0009/1666,0.1,easy_negative,GRAY,False,
16/117612,11845194,Robot system and workpiece picking method,"FANUC CORPORATION | PREFERRED NETWORKS, INC.",FANUC,FANUC,JP,2018-08-30,17459206,B25J-0009/1697,0.1,easy_negative,GRAY,False,
16/029461,11007641,Continuum robot control methods and apparatus,CANON USA INC.,CANON USA,CANON,US,2018-07-06,17459049,B25J-0009/1625,0.1,easy_negative,GRAY,False,
16/116911,10618173,Processing system and method for controlling processing machine,FANUC CORPORATION,FANUC,FANUC,JP,2018-08-30,17465843,B25J-0009/1692,0.1,easy_negative,GRAY,False,
16/652484,11534907,Management system and control method,OKAMURA CORPORATION,OKAMURA,OKAMURA,JP,2018-10-01,17463233,B25J-0003/00,0.1,easy_negative,GRAY,False,
16/185400,11407108,Horizontal articulated robot and return-to-origin method thereof,NIDEC SANKYO CORPORATION,NIDEC SANKYO,NIDEC SANKYO,JP,2018-11-09,17479278,B25J-0009/1664,0.1,easy_negative,GRAY,False,
16/172136,11097419,Robot system,FANUC CORPORATION,FANUC,FANUC,JP,2018-10-26,17476657,B25J-0009/1664,0.1,easy_negative,GRAY,False,
16/194699,10800048,Robot,Seiko Epson Corporation,SEIKO EPSON,SEIKO EPSON,JP,2018-11-19,17486242,B25J-0019/0004,0.1,easy_negative,GRAY,False,
16/201550,10994422,Robot system for adjusting operation parameters,FANUC CORPORATION,FANUC,FANUC,JP,2018-11-27,17495340,B25J-0009/1656,0.1,easy_negative,GRAY,False,
16/180358,10807240,Robot control device for setting jog coordinate system,FANUC CORPORATION,FANUC,FANUC,JP,2018-11-05,17486274,B25J-0009/1664,0.1,easy_negative,GRAY,False,
16/197358,11034022,"Robot teaching system, controller and hand guide unit",FANUC CORPORATION,FANUC,FANUC,JP,2018-11-21,17486312,B25J-0009/1664,0.1,easy_negative,GRAY,False,
16/177432,11173601,Teaching device for performing robot teaching operations and teaching method,FANUC CORPORATION,FANUC,FANUC,JP,2018-11-01,17486271,B25J-0009/163,0.1,easy_negative,GRAY,False,
16/226906,11052545,Method of attaching tip to pipette,KAWASAKI JUKOGYO KABUSHIKI KAISHA | SYSMEX CORPORATION | MEDICAROID CORPORATION,KAWASAKI JUKOGYO,KAWASAKI HEAVY INDUSTRIES,JP,2018-12-20,17504525,B25J-0011/005,0.1,easy_negative,GRAY,False,
16/185599,11084171,Tool posture control apparatus,FANUC CORPORATION,FANUC,FANUC,JP,2018-11-09,17486317,B25J-0009/1694,0.1,easy_negative,GRAY,False,
16/181691,11358287,Input device and robot control system,FANUC CORPORATION,FANUC,FANUC,JP,2018-11-06,17490439,B25J-0013/088,0.1,easy_negative,GRAY,False,
16/241148,11141855,"Robot system, method of controlling robot arm, recording medium, and method of manufacturing an article",CANON KABUSHIKI KAISHA,CANON,CANON,JP,2019-01-07,17510446,B25J-0009/102,0.1,easy_negative,GRAY,False,
16/194391,10940585,Vibration suppression device,FANUC CORPORATION,FANUC,FANUC,JP,2018-11-19,17490453,B25J-0009/163,0.1,easy_negative,GRAY,False,
16/245261,11285614,Autonomously acting robot that understands physical contact,"GROOVE X, INC.",GROOVE X,GROOVE X,JP,2019-01-11,17469727,B25J-0011/0005,0.1,easy_negative,GRAY,False,
16/143469,10786899,Device for calculating stowage pattern and robot controller,FANUC CORPORATION,FANUC,FANUC,JP,2018-09-27,17482967,B25J-0009/163,0.1,easy_negative,E_auto,False,
16/223891,11130232,Robot system,NIDEC SANKYO CORPORATION,NIDEC SANKYO,NIDEC SANKYO,JP,2018-12-18,17498197,B25J-0009/1656,0.1,easy_negative,GRAY,False,
16/174611,11565421,Robot and robot system,FANUC CORPORATION,FANUC,FANUC,JP,2018-10-30,17486309,B25J-0009/1697,0.1,easy_negative,GRAY,False,
16/223909,11014252,Robot system,NIDEC SANKYO CORPORATION,NIDEC SANKYO,NIDEC SANKYO,JP,2018-12-18,17498198,B25J-0019/06,0.1,easy_negative,GRAY,False,
16/271321,10807249,Robot,FANUC CORPORATION,FANUC,FANUC,JP,2019-02-08,17525912,B25J-0015/0019,0.1,easy_negative,GRAY,False,
16/194767,10894327,Robot,Seiko Epson Corporation,SEIKO EPSON,SEIKO EPSON,미상,2018-11-19,17486244,B25J-0019/0029,0.1,easy_negative,GRAY,False,
16/247862,10391639,Transfer tool and robot,Fanuc Corporation,FANUC,FANUC,JP,2019-01-15,17513550,B25J-0015/0014,0.1,easy_negative,GRAY,False,
16/220594,10814482,Robot controller,Fanuc Corporation,FANUC,FANUC,JP,2018-12-14,17510435,B25J-0009/1651,0.1,easy_negative,GRAY,False,
16/268114,10960549,Vibration analyzer and vibration analysis method,FANUC CORPORATION,FANUC,FANUC,JP,2019-02-05,17525908,B25J-0009/1694,0.1,easy_negative,GRAY,False,
16/352112,10611035,"Apparatus for supporting workpiece, method of supporting workpiece, and robot arm",Toyota Jidosha Kabushiki Kaisha,TOYOTA JIDOSHA,TOYOTA,JP,2019-03-13,17536714,B25J-0015/0076,0.1,easy_negative,GRAY,False,
16/245573,10780579,Work robot system,FANUC CORPORATION,FANUC,FANUC,JP,2019-01-11,17516851,B25J-0009/1633,0.1,easy_negative,GRAY,False,
16/288364,10882188,Controller and control method for collaborative robot,Fanuc Corporation,FANUC,FANUC,JP,2019-02-28,17536694,B25J-0009/1666,0.1,easy_negative,GRAY,False,
16/283819,11376740,Autonomously acting robot that recognizes direction of sound source,"GROOVE X, INC.",GROOVE X,GROOVE X,JP,2019-02-25,17542811,B25J-0009/1694,0.1,easy_negative,GRAY,False,
16/369349,11534910,Control device for displaying a relationship between robot output and device input,SEIKO EPSON CORPORATION,SEIKO EPSON,SEIKO EPSON,미상,2019-03-29,17554769,B25J-0009/161,0.1,easy_negative,GRAY,False,
16/360943,10994427,Robot with safety fence and robot system,FANUC CORPORATION,FANUC,FANUC,JP,2019-03-21,17558237,B25J-0019/06,0.1,easy_negative,GRAY,False,
16/369009,11273554,Method and device for evaluating calibration precision,NIDEC CORPORATION,NIDEC,NIDEC,JP,2019-03-29,17554789,B25J-0009/1692,0.1,easy_negative,GRAY,False,
16/360249,11433540,"Robot control apparatus, and method and program for obtaining angle of joint of robot",NIDEC CORPORATION,NIDEC,NIDEC,JM,2019-03-21,17554775,B25J-0009/046,0.1,easy_negative,GRAY,False,
16/384927,11027426,Robot system and control method of robot system for taking out workpieces loaded in bulk,FANUC CORPORATION,FANUC,FANUC,JP,2019-04-16,17571961,B25J-0009/1666,0.1,easy_negative,GRAY,False,
16/394593,11059181,"Control apparatus, robot, and robot system",SEIKO EPSON CORPORATION,SEIKO EPSON,SEIKO EPSON,JP,2019-04-25,17564117,B25J-0013/06,0.1,easy_negative,GRAY,False,
16/377252,11220002,Robot simulation device,FANUC CORPORATION,FANUC,FANUC,JP,2019-04-08,17564110,B25J-0009/1605,0.1,easy_negative,GRAY,False,
17/051030,11534914,Method and system for teaching robot,KAWASAKI JUKOGYO KABUSHIKI KAISHA,KAWASAKI JUKOGYO,KAWASAKI HEAVY INDUSTRIES,JP,2019-04-26,17564150,B25J-0009/163,0.1,easy_negative,GRAY,False,
16/420308,11254001,"Controller, control system and ladder program",FANUC CORPORATION,FANUC,FANUC,JP,2019-05-23,17582511,B25J-0009/1658,0.1,easy_negative,GRAY,False,
16/439573,11338442,"Robot apparatus, control method for robot apparatus, article manufacturing method using robot apparatus, and storage medium",Canon Kabushiki Kaisha,CANON,CANON,JP,2019-06-12,17586669,B25J-0009/1687,0.1,easy_negative,GRAY,False,
16/381022,11541542,"Service providing system, information processing apparatus, and method of controlling service providing system","HITACHI, LTD.",HITACHI,HITACHI,JP,2019-04-11,17567023,B25J-0009/1671,0.1,easy_negative,GRAY,False,
16/432175,11707855,Cover for robots and detection system,DENSO WAVE INCORPORATED,DENSO WAVE,DENSO,JP,2019-06-05,17580239,B25J-0019/0075,0.1,easy_negative,GRAY,False,
16/453628,11130241,Robot,FANUC CORPORATION,FANUC,FANUC,JP,2019-06-26,17594727,B25J-0013/06,0.1,easy_negative,GRAY,False,
16/422812,11826909,"Driving mechanism, robot apparatus, method for controlling driving mechanism, method of manufacturing an article using robot arm, and storage medium",Canon Kabushiki Kaisha,CANON,CANON,JP,2019-05-24,17580215,B25J-0009/126,0.1,easy_negative,GRAY,False,
16/451374,11548160,"Three-dimensional measuring device, controller, and robot system",SEIKO EPSON CORPORATION,SEIKO EPSON,SEIKO EPSON,JP,2019-06-25,17592118,B25J-0009/1697,0.1,easy_negative,GRAY,False,
16/516488,11167415,"Control apparatus, horizontal articulated robot and robot system",Seiko Epson Corporation,SEIKO EPSON,SEIKO EPSON,미상,2019-07-19,17598671,B25J-0009/1641,0.1,easy_negative,GRAY,False,
14/835351,10046461,Link structure and assembly including cable guide system for robotic mechanical manipulator structure,Paul Ekas,PAUL EKAS,PAUL EKAS,US,2015-08-25,17598681,B25J-0015/0009,0.1,easy_negative,GRAY,False,
17/265007,11964391,Robot system,KAWASAKI JUKOGYO KABUSHIKI KAISHA,KAWASAKI JUKOGYO,KAWASAKI HEAVY INDUSTRIES,JP,2019-07-30,17604866,B25J-0009/1656,0.1,easy_negative,GRAY,False,
16/545109,11389958,"Robot system, robot, and control method",SEIKO EPSON CORPORATION,SEIKO EPSON,SEIKO EPSON,JP,2019-08-20,17612583,B25J-0009/1633,0.1,easy_negative,GRAY,False,
16/517999,11338440,Robot system and calibration method,FANUC CORPORATION,FANUC,FANUC,JP,2019-07-22,17604857,B25J-0009/1692,0.1,easy_negative,GRAY,False,
16/525710,11179858,Robot arm,TOYOTA JIDOSHA KABUSHIKI KAISHA,TOYOTA JIDOSHA,TOYOTA,JP,2019-07-30,17622536,B25J-0019/0062,0.1,easy_negative,GRAY,False,
16/555334,11192247,Robot controller for controlling arc motion of robot,FANUC CORPORATION,FANUC,FANUC,JP,2019-08-29,17629114,B25J-0009/1664,0.1,easy_negative,GRAY,False,
16/503793,11897135,Human-cooperative robot system,FANUC CORPORATION,FANUC,FANUC,JP,2019-07-05,17615467,B25J-0009/1633,0.1,easy_negative,GRAY,False,
16/296571,10953543,"Operation program setting apparatus for robot, robot, and method of controlling robot",FANUC CORPORATION,FANUC,FANUC,JP,2019-03-08,17545800,B25J-0009/1664,0.1,easy_negative,GRAY,False,
17/272255,11986957,"Moving robot, moving robot control method and program therefor",NIPPON TELEGRAPH AND TELEPHONE CORPORATION,NIPPON TELEGRAPH AND TELEPHONE,NIPPON TELEGRAPH AND TELEPHONE,JP,2019-08-08,17617650,B25J-0009/1617,0.1,easy_negative,GRAY,False,
16/585198,11052543,"Control device, robot system, and robot",SEIKO EPSON CORPORATION,SEIKO EPSON,SEIKO EPSON,JP,2019-09-27,17629144,B25J-0009/1697,0.1,easy_negative,GRAY,False,
16/540660,10967528,Maintenance jig for balancer of robot,FANUC CORPORATION,FANUC,FANUC,JP,2019-08-14,17619185,B25J-0019/0066,0.1,easy_negative,GRAY,False,
16/585005,10751889,Robot,Seiko Epson Corporation,SEIKO EPSON,SEIKO EPSON,JP,2019-09-27,17629120,B25J-0019/0054,0.1,easy_negative,GRAY,False,
16/570893,11285606,"Control device, robot, control method, and non-transitory computer-readable recording medium","CASIO COMPUTER CO., LTD.",CASIO COMPUTER,CASIO COMPUTER,JP,2019-09-13,17633651,B25J-0009/1676,0.1,easy_negative,GRAY,False,
16/585076,11541552,Control device controlling robot and robot system,SEIKO EPSON CORPORATION,SEIKO EPSON,SEIKO EPSON,미상,2019-09-27,17629116,B25J-0009/1674,0.1,easy_negative,GRAY,False,
16/597876,11254005,Robot control device,FANUC CORPORATION,FANUC,FANUC,JP,2019-10-10,17636746,B25J-0009/1676,0.1,easy_negative,GRAY,False,
16/782085,11045948,"Control apparatus, work robot, non-transitory computer-readable medium, and control method","MUJIN, INC.",MUJIN,MUJIN,JP,2020-02-05,17639462,B25J-0009/163,0.1,easy_negative,GRAY,False,
16/139902,10913156,Robot system with end tool metrology position coordinates determination system,Mitutoyo Corporation,MITUTOYO,MITUTOYO,JP,2018-09-24,17636751,B25J-0009/1664,0.1,easy_negative,GRAY,False,
16/589186,11724388,Robot controller and display device using augmented reality and mixed reality,FANUC CORPORATION,FANUC,FANUC,JP,2019-10-01,17633644,B25J-0009/161,0.1,easy_negative,GRAY,False,
17/281762,11897138,"Injection apparatus, injection method, and injection program",SONY CORPORATION,SONY,SONY,JP,2019-09-30,17636742,B25J-0009/1653,0.1,easy_negative,GRAY,False,
16/659835,11491661,Communication robot and control program of communication robot,TOYOTA JIDOSHA KABUSHIKI KAISHA,TOYOTA JIDOSHA,TOYOTA,JP,2019-10-22,17643665,B25J-0011/0015,0.1,easy_negative,GRAY,False,
16/661481,11485022,Dialogue apparatus and control program for dialogue apparatus,TOYOTA JIDOSHA KABUSHIKI KAISHA,TOYOTA JIDOSHA,TOYOTA,JP,2019-10-23,17643736,B25J-0011/0005,0.1,easy_negative,GRAY,False,
16/589441,11254007,Machine tool,OKUMA CORPORATION,OKUMA,OKUMA,JP,2019-10-01,17636702,B25J-0009/1628,0.1,easy_negative,GRAY,False,
16/598193,11325257,Operation program creation device,FANUC CORPORATION,FANUC,FANUC,JP,2019-10-10,17654211,B25J-0009/1671,0.1,easy_negative,GRAY,False,
16/684303,11707842,Robot system and coordinate conversion method,FANUC CORPORATION,FANUC,FANUC,JP,2019-11-14,17661120,B25J-0009/1664,0.1,easy_negative,GRAY,False,
16/715666,11254000,"Machine teaching terminal, machine, non-transitory computer readable medium storing a program, and safety confirmation method for teaching machine",Fanuc Corporation,FANUC,FANUC,JP,2019-12-16,17677151,B25J-0009/163,0.1,easy_negative,GRAY,False,
16/689391,11325259,Monitor system for robot and robot system,FANUC CORPORATION,FANUC,FANUC,JP,2019-11-20,17654304,B25J-0009/1676,0.1,easy_negative,GRAY,False,
16/704639,11440206,Robot device and thermal displacement amount estimation device,FANUC CORPORATION,FANUC,FANUC,JP,2019-12-05,17681309,B25J-0019/0054,0.1,easy_negative,GRAY,False,
16/774183,11745339,Horizontal articulated robot,SEIKO EPSON CORPORATION,SEIKO EPSON,SEIKO EPSON,JP,2020-01-28,17685148,B25J-0009/1633,0.1,easy_negative,GRAY,False,
17/299785,11865721,Work determination apparatus and work determination method,MITSUBISHI ELECTRIC CORPORATION,MITSUBISHI ELECTRIC,MITSUBISHI ELECTRIC,JP,2019-12-19,17687763,B25J-0009/1653,0.1,easy_negative,GRAY,False,
16/775494,11383389,"Robot, robot system, and robot control apparatus",SEIKO EPSON CORPORATION,SEIKO EPSON,SEIKO EPSON,JP,2020-01-29,17685160,B25J-0013/00,0.1,easy_negative,GRAY,False,
16/748820,11577399,"Robot system, method for controlling robot, robot controller, and non-transitory computer-readable storage medium",KABUSHIKI KAISHA YASKAWA DENKI,YASKAWA DENKI,YASKAWA,JP,2020-01-22,17685169,B25J-0009/1697,0.1,easy_negative,GRAY,False,
16/751222,11267132,Robot system,FANUC CORPORATION,FANUC,FANUC,JP,2020-01-24,17685152,B25J-0013/00,0.1,easy_negative,GRAY,False,
16/797812,11833664,"Robot apparatus, control method for robot apparatus, method of manufacturing article using robot apparatus, communication device, communication method, control program, and recording medium",Canon Kabushiki Kaisha,CANON,CANON,JP,2020-02-21,17702438,B25J-0013/006,0.1,easy_negative,GRAY,False,
16/824738,12005569,Moisture intrusion detection system and moisture intrusion detection method,OKUMA CORPORATION,OKUMA,OKUMA,JP,2020-03-20,17710180,B25J-0013/087,0.1,easy_negative,GRAY,False,
16/809708,11660746,"Separate moving and positioning modes for a robot, method providing separate moving and positioning modes for the robot, method of manufacturing a product, and a recording medium",Canon Kabushiki Kaisha,CANON,CANON,JP,2020-03-05,17702426,B25J-0009/1633,0.1,easy_negative,GRAY,False,
16/823597,11858133,"Articulated robot system, and driving method and control apparatus for articulate arm thereof",DENSO WAVE INCORPORATED,DENSO WAVE,DENSO,JP,2020-03-19,17710155,B25J-0009/06,0.1,easy_negative,GRAY,False,
16/596792,11597079,"Robot apparatus, robot system, robot control method, and storage medium","HONDA MOTOR CO., LTD.",HONDA MOTOR,HONDA,JP,2019-10-09,17654240,B25J-0009/163,0.1,easy_negative,GRAY,False,
16/814364,11325261,Transfer device and delivery system,FANUC CORPORATION,FANUC,FANUC,JP,2020-03-10,17720140,B25J-0009/1697,0.1,easy_negative,GRAY,False,
16/857240,11639003,Teaching device and robot system,SEIKO EPSON CORPORATION,SEIKO EPSON,SEIKO EPSON,미상,2020-04-24,17732677,B25J-0013/06,0.1,easy_negative,GRAY,False,
16/709725,11597083,"Robot apparatus, robot system, control method of robot apparatus, product manufacturing method using robot apparatus, and storage medium",Canon Kabushiki Kaisha,CANON,CANON,JP,2019-12-10,17666763,B25J-0009/1664,0.1,easy_negative,GRAY,False,
16/856115,11787044,Display method,SEIKO EPSON CORPORATION,SEIKO EPSON,SEIKO EPSON,미상,2020-04-23,17732667,B25J-0009/1605,0.1,easy_negative,GRAY,False,
16/857224,11358281,Control method by robot system and robot system,Seiko Epson Corporation,SEIKO EPSON,SEIKO EPSON,미상,2020-04-24,17732678,B25J-0009/1689,0.1,easy_negative,GRAY,False,
16/826530,11628573,Unmanned transfer robot system,FANUC CORPORATION,FANUC,FANUC,JP,2020-03-23,17734406,B25J-0009/162,0.1,easy_negative,GRAY,False,
16/859087,11529730,Robot system,NIDEC SANKYO CORPORATION,NIDEC SANKYO,NIDEC SANKYO,JP,2020-04-27,17732710,B25J-0009/08,0.1,easy_negative,GRAY,False,
17/606333,12005587,Robot system and operation authority setting program,DENSO WAVE INCORPORATED,DENSO WAVE,DENSO,JP,2020-04-23,17732686,B25J-0009/1676,0.1,easy_negative,GRAY,False,
17/608849,12005576,Teaching system,KAWASAKI JUKOGYO KABUSHIKI KAISHA,KAWASAKI JUKOGYO,KAWASAKI HEAVY INDUSTRIES,JP,2020-05-20,17740490,B25J-0009/1602,0.1,easy_negative,GRAY,False,
16/825300,12064885,Robot hand controller,DENSO WAVE INCORPORATED,DENSO WAVE,DENSO,JP,2020-03-20,17710184,B25J-0009/1694,0.1,easy_negative,GRAY,False,
16/821743,11376736,"Activity area restriction method, robot control apparatus, and notifier","HONDA MOTOR CO., LTD.",HONDA MOTOR,HONDA,JP,2020-03-17,17720116,B25J-0009/1666,0.1,easy_negative,GRAY,False,
16/879974,11565418,Robot system,SEIKO EPSON CORPORATION,SEIKO EPSON,SEIKO EPSON,미상,2020-05-21,17740469,B25J-0009/1676,0.1,easy_negative,GRAY,False,
16/889807,11285602,Adjustment support device,FANUC CORPORATION,FANUC,FANUC,JP,2020-06-02,17753658,B25J-0009/163,0.1,easy_negative,GRAY,False,
16/887028,11577402,Robot system and portable teaching device,SEIKO EPSON CORPORATION,SEIKO EPSON,SEIKO EPSON,미상,2020-05-29,17743045,B25J-0013/06,0.1,easy_negative,GRAY,False,
16/837123,11420345,Robot,FANUC CORPORATION,FANUC,FANUC,JP,2020-04-01,17743016,B25J-0019/06,0.1,easy_negative,GRAY,False,
16/860139,11345027,Simulation device,FANUC CORPORATION,FANUC,FANUC,JP,2020-04-28,17748542,B25J-0009/1605,0.1,easy_negative,E_auto,False,
16/879975,11331815,Rotary shaft structure and robot,FANUC CORPORATION,FANUC,FANUC,JP,2020-05-21,17755993,B25J-0017/00,0.1,easy_negative,GRAY,False,
16/844529,12030188,Collaborative robot system,FANUC CORPORATION,FANUC,FANUC,JP,2020-04-09,17747095,B25J-0009/1666,0.1,easy_negative,GRAY,False,
17/067646,11400584,Teaching method,SEIKO EPSON CORPORATION,SEIKO EPSON,SEIKO EPSON,JP,2020-10-10,17803105,B25J-0009/0081,0.1,easy_negative,GRAY,False,
16/886922,11667031,Teaching method,SEIKO EPSON CORPORATION,SEIKO EPSON,SEIKO EPSON,미상,2020-05-29,17745747,B25J-0009/163,0.1,easy_negative,GRAY,False,
16/883461,11813740,Camera and robot system,"I-PRO CO., LTD.",I-PRO,I-PRO,JP,2020-05-26,17745799,B25J-0019/023,0.1,easy_negative,GRAY,False,
16/991264,12097607,Robot controller,FANUC CORPORATION,FANUC,FANUC,JP,2020-08-12,17786653,B25J-0013/006,0.1,easy_negative,GRAY,False,
17/070847,11945096,Product conveyance robot,TOYOTA JIDOSHA KABUSHIKI KAISHA,TOYOTA JIDOSHA,TOYOTA,JP,2020-10-14,17804575,B25J-0011/008,0.1,easy_negative,GRAY,False,
17/084838,11833686,Control method and calculation device,SEIKO EPSON CORPORATION,SEIKO EPSON,SEIKO EPSON,미상,2020-10-30,17809510,B25J-0009/162,0.1,easy_negative,GRAY,False,
16/667170,11370121,Method and system for determining poses for camera calibration,"MUJIN, INC.",MUJIN,MUJIN,JP,2019-10-29,17809547,B25J-0009/1692,0.1,easy_negative,GRAY,False,
16/985683,12042937,Robot programming device and robot programming method,FANUC CORPORATION,FANUC,FANUC,JP,2020-08-05,17777788,B25J-0009/1658,0.1,easy_negative,GRAY,False,
17/001743,11554501,Robot system and control method,SEIKO EPSON CORPORATION,SEIKO EPSON,SEIKO EPSON,미상,2020-08-25,17777765,B25J-0005/007,0.1,easy_negative,GRAY,False,
17/064006,11642791,Autonomous mobile robot and control program for autonomous mobile robot,NATIONAL UNIVERSITY CORPORATION SHIZUOKA UNIVERSITY | NATIONAL UNIVERSITY CORPORATION IWATE UNIVERSITY | TOYOTA JIDOSHA KABUSHIKI KAISHA,NATIONAL UNIVERSITY SHIZUOKA UNIVERSITY,NATIONAL UNIVERSITY SHIZUOKA UNIVERSITY,JP,2020-10-06,17801948,B25J-0009/1676,0.1,easy_negative,GRAY,False,
17/104724,11577381,"Teaching apparatus, robot system, and teaching program",SEIKO EPSON CORPORATION,SEIKO EPSON,SEIKO EPSON,미상,2020-11-25,17820551,B25J-0009/0081,0.1,easy_negative,GRAY,False,
17/081171,11224979,Parallel link robot,FANUC CORPORATION,FANUC,FANUC,JP,2020-10-27,17820544,B25J-0009/0051,0.1,easy_negative,GRAY,False,
17/092454,11590654,"Conveyance robot system, method of controlling a conveyance robot and non-transitory computer readable storage medium storing a robot control program",TOYOTA JIDOSHA KABUSHIKI KAISHA,TOYOTA JIDOSHA,TOYOTA,JP,2020-11-09,17826150,B25J-0009/1674,0.1,easy_negative,E_auto,False,
17/117126,11213959,"Identification number setting system, identification number setting method, and robot system",SEIKO EPSON CORPORATION,SEIKO EPSON,SEIKO EPSON,JP,2020-12-10,17826166,B25J-0019/0029,0.1,easy_negative,GRAY,False,
17/084787,11518026,Control method and calculation device,SEIKO EPSON CORPORATION,SEIKO EPSON,SEIKO EPSON,미상,2020-10-30,17809511,B25J-0009/162,0.1,easy_negative,GRAY,False,
17/118759,11485012,Control method and robot system,SEIKO EPSON CORPORATION,SEIKO EPSON,SEIKO EPSON,미상,2020-12-11,17826179,B25J-0009/1633,0.1,easy_negative,GRAY,False,
17/639542,11806869,Driving force transmission device and robot hand,KAMOSEIKO KABUSHIKI KAISHA,KAMOSEIKO,KAMOSEIKO,JP,2020-09-07,17827173,B25J-0009/102,0.1,easy_negative,GRAY,False,
17/118910,11628563,Control method and robot system,SEIKO EPSON CORPORATION,SEIKO EPSON,SEIKO EPSON,미상,2020-12-11,17828969,B25J-0009/163,0.1,easy_negative,GRAY,False,
17/102717,11969900,"Teaching apparatus, control method, and teaching program",SEIKO EPSON CORPORATION,SEIKO EPSON,SEIKO EPSON,JP,2020-11-24,17820486,B25J-0009/1671,0.1,easy_negative,GRAY,False,
17/097476,11584017,"Conveyance system, trained model generation method, trained model, control method, and program",TOYOTA JIDOSHA KABUSHIKI KAISHA,TOYOTA JIDOSHA,TOYOTA,JP,2020-11-13,17822348,B25J-0009/1697,0.1,easy_negative,GRAY,False,
17/090947,11623343,Controller,FANUC CORPORATION,FANUC,FANUC,JP,2020-11-06,17825092,B25J-0009/1602,0.1,easy_negative,GRAY,False,
17/094839,11590652,Measuring device,KEYENCE CORPORATION,KEYENCE,KEYENCE,JP,2020-11-11,17826174,B25J-0009/1664,0.1,easy_negative,GRAY,False,
17/186038,11691290,Robot control method and robot system,SEIKO EPSON CORPORATION,SEIKO EPSON,SEIKO EPSON,미상,2021-02-26,17858396,B25J-0009/1697,0.1,easy_negative,GRAY,False,
17/004420,11850748,"Picking robot, picking method, and computer program product",KABUSHIKI KAISHA TOSHIBA,TOSHIBA,TOSHIBA,JP,2020-08-27,17826157,B25J-0009/1612,0.1,easy_negative,GRAY,False,
17/155259,11701780,Control method for mobile robot,SEIKO EPSON CORPORATION,SEIKO EPSON,SEIKO EPSON,미상,2021-01-22,17844516,B25J-0009/1692,0.1,easy_negative,GRAY,False,
17/204979,11759955,Calibration method,SEIKO EPSON CORPORATION,SEIKO EPSON,SEIKO EPSON,미상,2021-03-18,17869330,B25J-0009/1692,0.1,easy_negative,GRAY,False,
17/161749,11951632,Robotic system and control device,SEIKO EPSON CORPORATION,SEIKO EPSON,SEIKO EPSON,JP,2021-01-29,17847387,B25J-0009/1674,0.1,easy_negative,GRAY,False,
17/235978,11731276,Robot system and control method for robot,SEIKO EPSON CORPORATION,SEIKO EPSON,SEIKO EPSON,미상,2021-04-21,17889548,B25J-0009/1674,0.1,easy_negative,GRAY,False,
17/349443,11964828,Method and device for controlling workpiece suction-gripping actions of robot,DENSO WAVE INCORPORATED,DENSO WAVE,DENSO,JP,2021-06-16,17906162,B25J-0015/0616,0.1,easy_negative,GRAY,False,
17/243883,11731275,"Robot control system, robot control method, and computer-readable storage medium",TOYOTA JIDOSHA KABICHIKI KAISHA | TOYOTA JIDOSHA KABUSHIKI KAISHA,TOYOTA JIDOSHA KABICHIKI KAISHA,TOYOTA,JP,2021-04-29,17906145,B25J-0009/1669,0.1,easy_negative,GRAY,False,
17/377547,11820015,Overshoot amount detection method and robot system,SEIKO EPSON CORPORATION,SEIKO EPSON,SEIKO EPSON,미상,2021-07-16,17919268,B25J-0009/1638,0.1,easy_negative,GRAY,False,
17/386566,11858146,Working method and robot system,SEIKO EPSON CORPORATION,SEIKO EPSON,SEIKO EPSON,JP,2021-07-28,17923295,B25J-0009/1679,0.1,easy_negative,GRAY,False,
17/381365,11839971,"Teaching control method for robot, robot system, and computer program",SEIKO EPSON CORPORATION,SEIKO EPSON,SEIKO EPSON,미상,2021-07-21,17920767,B25J-0009/0081,0.1,easy_negative,GRAY,False,
17/381224,11833679,Teaching control method for robot and robot system,SEIKO EPSON CORPORATION,SEIKO EPSON,SEIKO EPSON,JP,2021-07-21,17920768,B25J-0009/0081,0.1,easy_negative,GRAY,False,
17/381787,11850759,Control method and system for robot,NAVER LABS CORPORATION,NAVER LABS,NAVER LABS,KR,2021-07-21,17934264,B25J-0009/1697,0.1,easy_negative,GRAY,False,
17/529301,11370119,Distributed congestion control method and robot,"SYRIUS ROBOTICS CO., LTD.",SYRIUS ROBOTICS,SYRIUS ROBOTICS,CN,2021-11-18,17965753,B25J-0009/1682,0.1,easy_negative,GRAY,False,
17/524727,11964402,"Robot control system, robot control method, and control program",TOYOTA JIDOSHA KABUSHIKI KAISHA,TOYOTA JIDOSHA,TOYOTA,JP,2021-11-11,17994236,B25J-0009/1697,0.1,easy_negative,GRAY,False,
17/141186,11833690,Robotic system with dynamic motion adjustment mechanism and methods of operating same,"MUJIN, INC.",MUJIN,MUJIN,JP,2021-01-04,18024995,B25J-0009/1664,0.1,easy_negative,GRAY,False,
17/554225,11766789,"Shooting system, shooting method therefor, and program",TOYOTA JIDOSHA KABUSHIKI KAISHA,TOYOTA JIDOSHA,TOYOTA,JP,2021-12-17,17977485,B25J-0019/023,0.1,easy_negative,GRAY,False,
17/655458,11969906,Collaborative robot system and assembly set thereof,TOYOTA JIDOSHA KABUSHIKI KAISHA,TOYOTA JIDOSHA,TOYOTA,JP,2022-03-18,18024412,B25J-0009/1674,0.1,easy_negative,GRAY,False,
17/221377,11806866,Robotic systems with routing stability mechanisms,"MUJIN, INC.",MUJIN,MUJIN,JP,2021-04-02,17986516,B25J-0019/0025,0.1,easy_negative,GRAY,False,
17/584413,12138798,Control method for robot system and robot system,SEIKO EPSON CORPORATION,SEIKO EPSON,SEIKO EPSON,JP,2022-01-26,17989848,B25J-0009/1653,0.1,easy_negative,E_auto,False,
17/375334,11969897,"Method, system, and non-transitory computer-readable recording medium for controlling a serving robot","Bear Robotics, Inc.",BEAR ROBOTICS,BEAR ROBOTICS,US,2021-07-14,18057760,B25J-0009/1664,0.1,easy_negative,GRAY,False,
15/579941,10421185,Follow-up control device for an exoskeleton robot,"HANGZHOU QISU TECHNOLOGY CO., LTD.",HANGZHOU QISU TECHNOLOGY,HANGZHOU QISU TECHNOLOGY,CN,2016-06-07,20671780,B25J-0009/101,0.1,easy_negative,GRAY,False,
16/687838,11292131,"Localization method and apparatus, and robot and computer readable storage medium","CLOUDMINDS (SHANGHAI) ROBOTICS SYSTEMS CO., LTD.",CLOUDMINDS (SHANGHAI) ROBOTICS SYSTEMS,CLOUDMINDS (SHANGHAI) ROBOTICS SYSTEMS,CN,2019-11-19,20677459,B25J-0009/1666,0.1,easy_negative,GRAY,False,
15/455517,10118291,Robotic systems for supporting a user,MASSACHUSETTS INSTITUTE OF TECHNOLOGY,MASSACHUSETTS INSTITUTE OF TECHNOLOGY,MASSACHUSETTS INSTITUTE OF TECHNOLOGY,US,2017-03-10,20671317,B25J-0009/0006,0.1,easy_negative,GRAY,False,
16/566608,11400594,Zero teach for robotic continuous path,FANUC AMERICA CORPORATION,FANUC AMERICA,FANUC,US,2019-09-10,20681923,B25J-0009/1671,0.1,easy_negative,GRAY,False,
16/705621,11442429,Systems and methods for advance anomaly detection in a discrete manufacturing process with a task performed by a human-robot team,"Mitsubishi Electric Research Laboratories, Inc.",MITSUBISHI ELECTRIC RESEARCH LABORATORIES,MITSUBISHI ELECTRIC,US,2019-12-06,20685547,B25J-0009/1674,0.1,easy_negative,GRAY,False,
16/296188,11548166,Collaborative task execution with humans and robotic vehicles,"SKYLLA TECHNOLOGIES, INC.",SKYLLA TECHNOLOGIES,SKYLLA TECHNOLOGIES,US,2019-03-07,20683766,B25J-0013/085,0.1,easy_negative,GRAY,False,
15/758540,10688665,"Robot system, and control method",HITACHI LTD.,HITACHI,HITACHI,JP,2016-01-06,20801683,B25J-0009/1612,0.1,easy_negative,GRAY,False,
16/314454,11110612,"Processing device, system, and control method",SONY CORPORATION,SONY,SONY,JP,2017-05-22,20814356,B25J-0013/006,0.1,easy_negative,GRAY,False,
16/334726,11173612,"Robot system, robot controller, robot control method, and robot program",YAMAHA HATSUDOKI KABUSHIKI KAISHA,YAMAHA HATSUDOKI,YAMAHA HATSUDOKI,JP,2016-09-23,20813875,B25J-0009/1656,0.1,easy_negative,GRAY,False,
16/640252,11376739,Workpiece transport robot,FUJI CORPORATION,FUJI,FUJI,JP,2017-09-06,20823331,B25J-0009/1692,0.1,easy_negative,GRAY,False,
17/541729,11731268,Hyper elastic soft growing robot,KOREA ADVANCED INSTITUTE OF SCIENCE AND TECHNOLOGY,KOREA ADVANCED INSTITUTE OF SCIENCE AND TECHNOLOGY,KOREA ADVANCED INSTITUTE OF SCIENCE AND TECHNOLOGY,KR,2021-12-03,20695484,B25J-0009/142,0.1,easy_negative,GRAY,False,
15/955702,10894320,Robot system and robot control method,KABUSHIKI KAISHA YASKAWA DENKI,YASKAWA DENKI,YASKAWA,JP,2018-04-18,20804715,B25J-0009/163,0.1,easy_negative,GRAY,False,
16/780867,11446823,Method for transmitting information in controller and method for detecting abnormality in encoder,"PANASONIC INTELLECTUAL PROPERTY MANAGEMENT CO., LTD.",PANASONIC INTELLECTUAL PROPERTY MANAGEMENT,PANASONIC,JP,2020-02-03,20830061,B25J-0009/1674,0.1,easy_negative,GRAY,False,
16/478582,11400601,"Speech and behavior control device, robot, storage medium storing control program, and control method for speech and behavior control device",SHARP KABUSHIKI KAISHA,SHARP,SHARP,JP,2017-12-27,20820163,B25J-0013/003,0.1,easy_negative,GRAY,False,
17/053523,11926057,Robot system,YAMAHA HATSUDOKI KABUSHIKI KAISHA,YAMAHA HATSUDOKI,YAMAHA HATSUDOKI,JP,2018-06-14,20838044,B25J-0009/1669,0.1,easy_negative,GRAY,False,
16/621381,11613021,Operation system,KAWASAKI JUKOGYO KABUSHIKI KAISHA,KAWASAKI JUKOGYO,KAWASAKI HEAVY INDUSTRIES,JP,2018-06-11,20827092,B25J-0009/1697,0.1,easy_negative,GRAY,False,
17/413635,12030192,"Motion model calculation device, control device, joint mechanism, and motion model calculation method",NEC CORPORATION,NEC,NEC,JP,2019-02-08,20849857,B25J-0009/163,0.1,easy_negative,GRAY,False,
17/716544,11999069,"End effector, and control device for controlling end effector","PANASONIC INTELLECTUAL PROPERTY MANAGEMENT CO., LTD.",PANASONIC INTELLECTUAL PROPERTY MANAGEMENT,PANASONIC,JP,2022-04-08,21122732,B25J-0009/1697,0.1,easy_negative,GRAY,False,
17/417585,11986964,"Path determination device, robot, and path determination method","HONDA MOTOR CO., LTD.",HONDA MOTOR,HONDA,JP,2019-08-07,20846271,B25J-0009/1666,0.1,easy_negative,GRAY,False,
17/137116,11738445,Remote control system,JAPAN SCIENCE AND TECHNOLOGY AGENCY,JAPAN SCIENCE AND TECHNOLOGY AGENCY,JAPAN SCIENCE AND TECHNOLOGY AGENCY,JP,2020-12-29,20842227,B25J-0003/04,0.1,easy_negative,GRAY,False,
17/911142,11691282,"Friction compensation device, and robot control device",MITSUBISHI ELECTRIC CORPORATION,MITSUBISHI ELECTRIC,MITSUBISHI ELECTRIC,JP,2020-03-26,21118162,B25J-0009/1641,0.1,easy_negative,GRAY,False,
17/904701,12090633,Robot control device,FANUC CORPORATION,FANUC,FANUC,JP,2021-03-03,21127051,B25J-0013/085,0.1,easy_negative,GRAY,False,
15/308404,10369695,Device for planning path of mobile robot and method for planning path of mobile robot,"HANWHA LAND SYSTEMS CO., LTD. | HANWHA DEFENSE CO., LTD.",HANWHA LAND SYSTEMS,HANWHA LAND SYSTEMS,KR,2015-04-28,24209640,B25J-0009/1666,0.1,easy_negative,GRAY,False,
16/168846,10967515,Apparatus for remotely controlling robots and control method thereof,DAEGU GYEONGBUK INSTITUTE OF SCIENCE AND TECHNOLOGY,DAEGU GYEONGBUK INSTITUTE OF SCIENCE AND TECHNOLOGY,DAEGU GYEONGBUK INSTITUTE OF SCIENCE AND TECHNOLOGY,KR,2018-10-24,24283003,B25J-0009/1682,0.1,easy_negative,GRAY,False,
15/183144,10086513,Wearable robot device and method of controlling the wearable robot device,HYUNDAI MOTOR COMPANY,HYUNDAI MOTOR,HYUNDAI MOTOR GROUP,KR,2016-06-15,24419201,B25J-0009/1633,0.1,easy_negative,E_auto,False,
15/177929,10179408,Cooperation robot for vehicle production system and method for controlling the same,Kia Motors Corporation,KIA MOTORS,HYUNDAI MOTOR GROUP,KR,2016-06-09,24391096,B25J-0013/085,0.1,easy_negative,GRAY,False,
14/941143,9950428,Method and system for controlling wearable robot,HYUNDAI MOTOR COMPANY,HYUNDAI MOTOR,HYUNDAI MOTOR GROUP,KR,2015-11-13,24372597,B25J-0009/1633,0.1,easy_negative,GRAY,False,
17/666600,11820009,Robot system,SEIKO EPSON CORPORATION,SEIKO EPSON,SEIKO EPSON,JP,2022-02-08,17994718,B25J-0009/0084,0.1,easy_negative,GRAY,False,
15/371857,10507575,Attitude-supporting apparatus of wearable robot and attitude-supporting method using the same,Hyundai Motor Company,HYUNDAI MOTOR,HYUNDAI MOTOR GROUP,KR,2016-12-07,24506252,B25J-0009/0006,0.1,easy_negative,GRAY,False,
15/342336,10118298,Lower body supporting robot system and control method thereof,HYUNDAI MOTOR COMPANY,HYUNDAI MOTOR,HYUNDAI MOTOR GROUP,KR,2016-11-03,24459499,B25J-0013/089,0.1,easy_negative,GRAY,False,
14/670278,9662782,Mobile robot for detecting and repairing damages of hull,Mokpo National Maritime University Industry-Academic Cooperation Foundation,MOKPO NATIONAL MARITIME UNIVERSITY INDUSTRY-ACADEMIC COOPERATION FOUNDATION,MOKPO NATIONAL MARITIME UNIVERSITY INDUSTRY-ACADEMIC COOPERATION FOUNDATION,KR,2015-03-26,24197336,B25J-0005/007,0.1,easy_negative,GRAY,False,
15/775764,10723016,Wearable hand robot,NATIONAL REHABILITATION CENTER,NATIONAL REHABILITATION CENTER,NATIONAL REHABILITATION CENTER,KR,2016-11-10,24406597,B25J-0009/0006,0.1,easy_negative,GRAY,False,
14/953536,9815195,"Detachable device for loading unit of robot, robot, and controlling method of robot using the same",KOREA INSTITUTE OF MACHINERY & MATERIALS,KOREA INSTITUTE OF MACHINERY & MATERIALS,KOREA INSTITUTE OF MACHINERY & MATERIALS,KR,2015-11-30,24373799,B25J-0009/1612,0.1,easy_negative,GRAY,False,
15/824710,10220524,Robot arm for die casting,Hyundai Motor Company | Kia Motors Corporation,HYUNDAI MOTOR,HYUNDAI MOTOR GROUP,KR,2017-11-28,24620625,B25J-0019/0054,0.1,easy_negative,GRAY,False,
15/603559,10471601,Apparatus and method of controlling robot arm,"HANWHA PRECISION MACHINERY CO., LTD.",HANWHA PRECISION MACHINERY,HANWHA PRECISION MACHINERY,KR,2017-05-24,24535952,B25J-0009/1692,0.1,easy_negative,GRAY,False,
15/494767,10556337,Method of and apparatus for managing behavior of robot,"HANWHA PRECISION MACHINERY CO., LTD.",HANWHA PRECISION MACHINERY,HANWHA PRECISION MACHINERY,KR,2017-04-24,24540666,B25J-0009/161,0.1,easy_negative,GRAY,False,
16/760257,11931896,Robot system for controlling load of machine depending on tool wear and method for controlling load of machine using the same,KOREA INSTITUTE OF INDUSTRIAL TECHNOLOGY,KOREA INSTITUTE OF INDUSTRIAL TECHNOLOGY,KOREA INSTITUTE OF INDUSTRIAL TECHNOLOGY,KR,2018-10-30,24644257,B25J-0009/1633,0.1,easy_negative,GRAY,False,
16/482350,11161250,Moving robot and control method therefor,LG ELECTRONICS INC.,LG ELECTRONICS,LG,KR,2017-03-22,24563181,B25J-0011/008,0.1,easy_negative,GRAY,False,
16/728385,11485029,Working robot,INDUSTRY-UNIVERSITY COOPERATION FOUNDATION HANYANG UNIVERSITY ERICA CAMPUS,INDUSTRY-UNIVERSITY COOPERATION FOUNDATION HANYANG UNIVERSITY ERICA CAMPUS,INDUSTRY-UNIVERSITY COOPERATION FOUNDATION HANYANG UNIVERSITY ERICA CAMPUS,KR,2018-06-29,24606101,B25J-0018/04,0.1,easy_negative,GRAY,False,
16/556150,11511422,Artificial intelligence server for determining route of robot and method for the same,LG ELECTRONICS INC.,LG ELECTRONICS,LG,KR,2019-08-29,24686099,B25J-0009/1664,0.1,easy_negative,GRAY,False,
15/460763,10377041,Apparatus for and method of setting boundary plane,"HANWHA PRECISION MACHINERY CO., LTD.",HANWHA PRECISION MACHINERY,HANWHA PRECISION MACHINERY,KR,2017-03-16,24540665,B25J-0009/1666,0.1,easy_negative,GRAY,False,
16/881740,11565399,Wearable hand robot,REPUBLIC OF KOREA (NATIONAL REHABILITATION CENTER),REPUBLIC OF KOREA (NATIONAL REHABILITATION CENTER),REPUBLIC OF KOREA (NATIONAL REHABILITATION CENTER),KR,2020-05-22,24654320,B25J-0009/0006,0.1,easy_negative,GRAY,False,
16/490309,11400599,Stock management robot,LG ELECTRONICS INC.,LG ELECTRONICS,LG,KR,2019-01-30,24693242,B25J-0005/007,0.1,easy_negative,GRAY,False,
16/490207,11511410,Artificial intelligence (AI) robot and control method thereof,LG ELECTRONICS INC.,LG ELECTRONICS,LG,KR,2019-06-17,24695076,B25J-0009/0003,0.1,easy_negative,GRAY,False,
16/582764,11679512,Tool changer and tool change system including the same,LG ELECTRONICS INC.,LG ELECTRONICS,LG,KR,2019-09-25,24695057,B25J-0015/0408,0.1,easy_negative,GRAY,False,
16/598565,11213956,Robot system and method for controlling the same,LG ELECTRONICS INC.,LG ELECTRONICS,LG,KR,2019-10-10,24701107,B25J-0013/081,0.1,easy_negative,GRAY,False,
16/616405,11554487,Robot navigating through waypoints based on obstacle avoidance and method of robot's navigation,LG ELECTRONICS INC.,LG ELECTRONICS,LG,KR,2019-05-07,24726817,B25J-0009/1666,0.1,easy_negative,GRAY,False,
16/168048,10946516,"Computed-torque based controller, parameter determination method thereof and performance analysis method thereof",Korea Institute of Science and Technology,KOREA INSTITUTE OF SCIENCE AND TECHNOLOGY,KOREA INSTITUTE OF SCIENCE AND TECHNOLOGY,KR,2018-10-23,24708343,B25J-0009/163,0.1,easy_negative,GRAY,False,
16/438627,11325260,Method for operating moving robot,LG ELECTRONICS INC.,LG ELECTRONICS,LG,KR,2019-06-12,24725569,B25J-0009/1697,0.1,easy_negative,GRAY,False,
16/570149,11435753,Robot having cleaning function for securing camera vision and method of controlling the same,LG ELECTRONICS INC.,LG ELECTRONICS,LG,KR,2019-09-13,24690572,B25J-0019/023,0.1,easy_negative,GRAY,False,
16/503811,11498204,Robot,LG ELECTRONICS INC.,LG ELECTRONICS,LG,KR,2019-07-05,24738074,B25J-0009/0009,0.1,easy_negative,GRAY,False,
16/866394,11766779,Mobile robot for recognizing queue and operating method of mobile robot,LG ELECTRONICS INC.,LG ELECTRONICS,LG,KR,2020-05-04,24710950,B25J-0009/1669,0.1,easy_negative,GRAY,False,
16/526283,11654575,Robot,LG ELECTRONICS INC.,LG ELECTRONICS,LG,KR,2019-07-30,24804415,B25J-0013/003,0.1,easy_negative,GRAY,False,
17/288276,12145256,Healthcare robot and control method therefor,"SAMSUNG ELECTRONICS CO., LTD.",SAMSUNG ELECTRONICS,SAMSUNG,KR,2019-11-22,24804765,B25J-0011/008,0.1,easy_negative,GRAY,False,
16/754299,11597096,Modular mobile robot comprising porter module,LG ELECTRONICS INC.,LG ELECTRONICS,LG,KR,2019-05-20,24726837,B25J-0011/008,0.1,easy_negative,GRAY,False,
16/656298,11123880,Robot and operating method thereof,LG ELECTRONICS INC.,LG ELECTRONICS,LG,KR,2019-10-17,24881491,B25J-0015/0616,0.1,easy_negative,GRAY,False,
16/754874,11279047,Robot arm with a robot-hand drive device,KUKA DEUTSCHLAND GMBH,KUKA DEUTSCHLAND,KUKA,DE,2018-10-04,24778336,B25J-0018/00,0.1,easy_negative,GRAY,False,
16/498324,11376742,Robot and method of controlling the same,LG ELECTRONICS INC.,LG ELECTRONICS,LG,KR,2019-05-15,24845727,B25J-0011/001,0.1,easy_negative,GRAY,False,
17/088906,11485023,Robot controlling method using portable device including touchscreen,"AJINEXTEK CO., LTD.",AJINEXTEK,AJINEXTEK,KR,2020-11-04,24782420,B25J-0013/06,0.1,easy_negative,GRAY,False,
17/777078,12145279,Method and apparatus for calibrating position of robot using 3D scanner,CMES INC.,CMES,CMES,KR,2020-11-16,24910068,B25J-0009/1692,0.1,easy_negative,GRAY,False,
16/804651,11292124,Echinoderm inspired variable stiffness soft actuator connected ossicle structure and robot apparatus comprising the same,KOREA ADVANCED INSTITUTE OF SCIENCE AND TECHNOLOGY,KOREA ADVANCED INSTITUTE OF SCIENCE AND TECHNOLOGY,KOREA ADVANCED INSTITUTE OF SCIENCE AND TECHNOLOGY,KR,2020-02-28,24830093,B25J-0009/1005,0.1,easy_negative,GRAY,False,
17/370034,12090627,Method and system for controlling robot arm for performing coffee drip,"XYZ, INC.",XYZ,XYZ,KR,2021-07-08,24854712,B25J-0011/0045,0.1,easy_negative,GRAY,False,
17/736471,12134188,Module and method for linking driving units of robot system,"ROBOTIS CO., LTD.",ROBOTIS,ROBOTIS,KR,2022-05-04,24874411,B25J-0009/08,0.1,easy_negative,GRAY,False,
16/875260,11524413,Emergency stop of robot,LG ELECTRONICS INC.,LG ELECTRONICS,LG,KR,2020-05-15,24917109,B25J-0009/1674,0.1,easy_negative,E_auto,False,
16/748348,11738470,Tool changer and tool change system having the same,LG ELECTRONICS INC.,LG ELECTRONICS,LG,KR,2020-01-21,24892583,B25J-0015/0608,0.1,easy_negative,GRAY,False,
16/787646,11207785,Tool changer and tool change system,LG ELECTRONICS INC.,LG ELECTRONICS,LG,KR,2020-02-11,24886330,B25J-0015/0441,0.1,easy_negative,GRAY,False,
16/628447,11285608,Server and robot system including the same,LG ELECTRONICS INC.,LG ELECTRONICS,LG,KR,2019-01-03,24944489,B25J-0009/1689,0.1,easy_negative,GRAY,False,
17/426920,12145261,String actuator-based exoskeleton robot,KOREA ADVANCED INSTITUTE OF SCIENCE AND TECHNOLOGY,KOREA ADVANCED INSTITUTE OF SCIENCE AND TECHNOLOGY,KOREA ADVANCED INSTITUTE OF SCIENCE AND TECHNOLOGY,KR,2021-05-26,24982456,B25J-0009/0006,0.1,easy_negative,GRAY,False,
17/101551,11318622,Wearable robot hand device removable from hand structure,KOREA INSTITUTE OF SCIENCE AND TECHNOLOGY,KOREA INSTITUTE OF SCIENCE AND TECHNOLOGY,KOREA INSTITUTE OF SCIENCE AND TECHNOLOGY,KR,2020-11-23,25018474,B25J-0009/104,0.1,easy_negative,GRAY,False,
17/423756,11865717,Method of controlling movement of cart robot in response to change in travel surface using artificial intelligence and cart robot implementing the same,LG ELECTRONICS INC.,LG ELECTRONICS,LG,KR,2019-04-08,24910100,B25J-0009/1633,0.1,easy_negative,GRAY,False,
17/847508,12128544,Service robot system and method for operating the same,HYUNDAI MOTOR COMPANY | KIA CORPORATION,HYUNDAI MOTOR,HYUNDAI MOTOR GROUP,KR,2022-06-23,25205209,B25J-0011/008,0.1,easy_negative,GRAY,False,
15/178858,9987751,Geometrically appropriate tool selection assistance for determined work site dimensions,"Intuitive Surgical Operations, Inc.",INTUITIVE SURGICAL OPERATIONS,INTUITIVE SURGICAL OPERATIONS,US,2016-06-10,27806564,B25J-0009/1697,0.1,easy_negative,GRAY,False,
14/719196,9457468,Human and robotic distributed operating system (HaRD-OS),"INVIA ROBOTICS, INC.",INVIA ROBOTICS,INVIA ROBOTICS,US,2015-05-21,27685719,B25J-0009/163,0.1,easy_negative,GRAY,False,
18/535621,12017366,Palletizing system,"BRILS Co., Ltd.",BRILS,BRILS,KR,2023-12-11,25167682,B25J-0009/1676,0.1,easy_negative,GRAY,False,
17/588426,11541530,Compliant mechanism for improving axial load sensing in robotic actuators,"Harmonic Bionics, Inc.",HARMONIC BIONICS,HARMONIC BIONICS,US,2022-01-31,25323776,B25J-0009/0006,0.1,easy_negative,GRAY,False,
15/704782,10486305,"Method, computer program and system for controlling a plurality of robots, and computer-readable storage medium",ROBERT BOSCH GMBH,ROBERT BOSCH,ROBERT BOSCH,DE,2017-09-14,24625214,B25J-0009/0084,0.1,easy_negative,GRAY,False,
14/602700,9561589,Methods and systems for selecting a velocity profile for controlling a robotic device,X DEVELOPMENT LLC,X DEVELOPMENT,ALPHABET,US,2015-01-22,27655637,B25J-0009/1651,0.1,easy_negative,GRAY,False,
14/738162,9358688,Machine for aligning items in a pattern and a method of use,Gary Lee Drew,GARY LEE DREW,GARY LEE DREW,US,2015-06-12,27694539,B25J-0009/1687,0.1,easy_negative,GRAY,False,
15/946917,10864629,System and method for controlling a position of an articulated robotic arm,"CORINDUS, INC.",CORINDUS,CORINDUS,US,2018-04-06,27693018,B25J-0009/161,0.1,easy_negative,GRAY,False,
15/492517,10265851,Apparatus and method for enabling rapid configuration and reconfiguration of a robotic assemblage,Richard A. Skrinde,RICHARD A SKRINDE,RICHARD A SKRINDE,US,2017-04-20,27594699,B25J-0009/163,0.1,easy_negative,GRAY,False,
15/075569,9914217,Transferable intelligent control device,iRobot Corporation,IROBOT,IROBOT,US,2016-03-21,27781292,B25J-0009/1658,0.1,easy_negative,GRAY,False,
14/656676,9757855,Multimodal dynamic robotic systems,THE REGENTS OF THE UNIVERSITY OF CALIFORNIA,THE REGENTS OF THE UNIVERSITY OF CALIFORNIA,THE REGENTS OF THE UNIVERSITY OF CALIFORNIA,US,2015-03-12,27673899,B25J-0005/007,0.1,easy_negative,GRAY,False,
14/595873,9381642,Wearable robot assisting manual tasks,MASSACHUSETTS INSTITUTE OF TECHNOLOGY,MASSACHUSETTS INSTITUTE OF TECHNOLOGY,MASSACHUSETTS INSTITUTE OF TECHNOLOGY,US,2015-01-13,27808773,B25J-0009/0006,0.1,easy_negative,GRAY,False,
14/703050,9280159,Shutdown method by using local control board,Google Inc.,GOOGLE,ALPHABET,US,2015-05-04,27770506,B25J-0009/1674,0.1,easy_negative,T1_auto,True,구제:사례매핑 T1/T2 권고(OEM 전건원칙 포함)
14/613054,9302393,Intelligent auditory humanoid robot and computerized verbalization system programmed to perform auditory and verbal artificial intelligence processes,Alan Rosen | David B. Rosen,ALAN ROSEN,ALAN ROSEN,US,2015-02-03,27778873,B25J-0009/1694,0.1,easy_negative,T1_auto,False,
14/617036,9475193,Unmanned ground vehicle stability control,Harris Corporation,HARRIS,HARRIS,US,2015-02-09,27843931,B25J-0009/1674,0.1,easy_negative,GRAY,False,
14/595163,9821457,Adaptive robotic interface apparatus and methods,Brain Corporation,BRAIN,BRAIN,US,2015-01-12,27756796,B25J-0009/161,0.1,easy_negative,GRAY,False,
15/372126,10052763,Distributed system for management and analytics of robotic devices,X DEVELOPMENT LLC,X DEVELOPMENT,ALPHABET,US,2016-12-07,27877980,B25J-0009/1661,0.1,easy_negative,GRAY,False,
14/925992,9579805,Brake device of robot arm,QUANTA STORAGE INC.,QUANTA STORAGE,QUANTA STORAGE,TW,2015-10-29,27884851,B25J-0019/0004,0.1,easy_negative,GRAY,False,
14/634523,9586318,Modular robot with smart device,"Toyota Motor Engineering & Manufacturing North America, Inc.",TOYOTA MOTOR ENGINEERING & MANUFACTURING NORTH AMERICA,TOYOTA,US,2015-02-27,27887274,B25J-0009/161,0.1,easy_negative,GRAY,False,
15/007558,9744665,Optimization of observer robot locations,X DEVELOPMENT LLC,X DEVELOPMENT,ALPHABET,US,2016-01-27,27865561,B25J-0005/007,0.1,easy_negative,GRAY,False,
15/484929,10780588,End effector for a robotic arm,Sarcos LC,SARCOS LC,SARCOS LC,US,2017-04-11,27898377,B25J-0013/086,0.1,easy_negative,GRAY,False,
15/676902,10800038,System and method for confinement of a robotic device,Al Incorporated | Bobsweep Inc.,AL,AL,CA,2017-08-14,27949753,B25J-0009/1666,0.1,easy_negative,GRAY,False,
14/638973,9643314,"Robot control, training and collaboration in an immersive virtual reality environment",THE JOHNS HOPKINS UNIVERSITY,THE JOHNS HOPKINS UNIVERSITY,THE JOHNS HOPKINS UNIVERSITY,US,2015-03-04,27908388,B25J-0009/1605,0.1,easy_negative,GRAY,False,
15/586377,10328572,Systems and methods for robotic device authentication,GOOGLE LLC,GOOGLE,ALPHABET,US,2017-05-04,27920202,B25J-0009/161,0.1,easy_negative,GRAY,False,
14/837046,9796085,Mobile device for manipulating objects,"HANDHABUNGS-, AUTOMATISIERUNGS- UND PRAEZISIONSTECHNIK GMBH",HANDHABUNGS- AUTOMATISIERUNGS- UND PRAEZISIONSTECHNIK,HANDHABUNGS- AUTOMATISIERUNGS- UND PRAEZISIONSTECHNIK,DE,2015-08-27,27961005,B25J-0009/162,0.1,easy_negative,GRAY,False,
14/820337,9844880,Unmanned vehicle retrofitting applique assembly,"KAIROS AUTONOMI, INC.",KAIROS AUTONOMI,KAIROS AUTONOMI,US,2015-08-06,27978694,B25J-0009/1679,0.1,easy_negative,GRAY,False,
15/670404,10632616,Smart robot part,"Boston Dymanics, Inc. | Boston Dynamics, Inc.",BOSTON DYMANICS,BOSTON DYMANICS,US,2017-08-07,27944984,B25J-0009/1602,0.1,easy_negative,GRAY,False,
15/062478,9833906,Method of path planning for array-based pick-and-place performed with robotic arm and compensator for use with the method,HIWIN TECHNOLOGIES CORP.,HIWIN TECHNOLOGIES,HIWIN TECHNOLOGIES,TW,2016-03-07,27974797,B25J-0009/1692,0.1,easy_negative,GRAY,False,
14/810171,9707681,Anti-collision management of overlapping robotic movements,SIEMENS INDUSTRY SOFTWARE LTD.,SIEMENS INDUSTRY SOFTWARE,SIEMENS INDUSTRY SOFTWARE,IL,2015-07-27,27931697,B25J-0009/1682,0.1,easy_negative,GRAY,False,
14/746392,9833907,Proximity-based binding,X DEVELOPMENT LLC,X DEVELOPMENT,ALPHABET,US,2015-06-22,27974798,B25J-0013/065,0.1,easy_negative,GRAY,False,
15/016578,9849595,Contact force limiting with haptic feedback for a tele-operated robot,ABB SCHWEIZ AG,ABB SCHWEIZ,ABB,CH,2016-02-05,27980573,B25J-0013/025,0.1,easy_negative,GRAY,False,
15/073651,9855658,Drone assisted adaptive robot control,Rahul Babu,RAHUL BABU,RAHUL BABU,US,2016-03-18,27982825,B25J-0011/0075,0.1,easy_negative,GRAY,False,
15/788391,10160114,Trajectory planning with droppable objects,X Development LLC,X DEVELOPMENT,ALPHABET,US,2017-10-19,27970272,B25J-0009/163,0.1,easy_negative,GRAY,False,
15/879190,10514348,Impedance signature analyzer to control automated actions,TEXAS INSTRUMENTS INCORPORATED,TEXAS INSTRUMENTS,TEXAS INSTRUMENTS,US,2018-01-24,27999520,B25J-0009/1679,0.1,easy_negative,GRAY,False,
14/831549,9895809,Visual annotations in robot control interfaces,X DEVELOPMENT LLC,X DEVELOPMENT,ALPHABET,US,2015-08-20,27997207,B25J-0009/1689,0.1,easy_negative,GRAY,False,
15/099895,9919421,Method and apparatus for robot path teaching,ABB SCHWEIZ AG,ABB SCHWEIZ,ABB,CH,2016-04-15,28005934,B25J-0013/025,0.1,easy_negative,GRAY,False,
15/137735,9943959,Map localizing with partially obstructed ranging devices for autonomous robots and vehicles,"Disney Enterprises, Inc.",DISNEY ENTERPRISES,DISNEY ENTERPRISES,US,2016-04-25,28014868,B25J-0009/1664,0.1,easy_negative,GRAY,False,
15/099314,9931749,Remote presence robotic system,John C. Nappo | Daleroy Sibanda | Emre Tanirgan | Peter A. Zachares,JOHN C NAPPO,JOHN C NAPPO,US,2016-04-14,28010472,B25J-0009/161,0.1,easy_negative,GRAY,False,
14/958440,9975241,Machine object determination based on human interaction,Intel Corporation,INTEL,INTEL,US,2015-12-03,28026075,B25J-0009/161,0.1,easy_negative,GRAY,False,
15/086493,10350757,Service robot assessment and operation,Avaya Inc.,AVAYA,AVAYA,US,2016-03-31,28026076,B25J-0009/1679,0.1,easy_negative,GRAY,False,
14/723349,9687982,Adapting programming of a robot and/or control of the robot based on one or more parameters of an end effector of the robot,X DEVELOPMENT LLC,X DEVELOPMENT,ALPHABET,US,2015-05-27,27924590,B25J-0009/1612,0.1,easy_negative,GRAY,False,
14/795554,9975258,Air flow cooling system and self balancing robot incorporating the same,"FACEBOOK, INC.",FACEBOOK,FACEBOOK,US,2015-07-09,28026080,B25J-0019/0054,0.1,easy_negative,GRAY,False,
14/988390,9969082,Robotic systems and methods for task scoring and selection,"BOSTON DYNAMICS, INC.",BOSTON DYNAMICS,HYUNDAI MOTOR GROUP(2021~)/구글·소프트뱅크(이전),US,2016-01-05,28024005,B25J-0009/1661,0.1,easy_negative,GRAY,False,
15/151852,10011016,Surface markers and methods for use,X DEVELOPMENT LLC,X DEVELOPMENT,ALPHABET,US,2016-05-11,28039081,B25J-0011/0085,0.1,easy_negative,GRAY,False,
14/868320,10039219,Method and devices for picking and placing workpieces into devices under manufacture using dual robots,"WESTERN DIGITAL TECHNOLOGIES, INC.",WESTERN DIGITAL TECHNOLOGIES,WESTERN DIGITAL TECHNOLOGIES,US,2015-09-28,28048988,B25J-0009/023,0.1,easy_negative,GRAY,False,
16/020667,10239203,Movable closed-chain linkage for robot arm of media element storage library,Oracle International Corporation,ORACLE INTERNATIONAL,ORACLE INTERNATIONAL,US,2018-06-27,28045733,B25J-0009/106,0.1,easy_negative,GRAY,False,
15/341985,10035263,System and method for inspection and maintenance of hazardous spaces,"VEOLIA NUCLEAR SOLUTIONS, INC.",VEOLIA NUCLEAR SOLUTIONS,VEOLIA NUCLEAR SOLUTIONS,US,2016-11-02,28047822,B25J-0009/162,0.1,easy_negative,GRAY,False,
15/096896,9956688,System and method for predicting robotic power disconnection,"Fetch Robotius, Inc. | Fetch Robotics, Inc.",FETCH ROBOTIUS,FETCH ROBOTIUS,US,2016-04-12,28019334,B25J-0019/027,0.1,easy_negative,GRAY,False,
14/608309,10040194,Order picking method and mechanism,"VECNA TECHNOLOGIES, INC.",VECNA TECHNOLOGIES,VECNA TECHNOLOGIES,US,2015-01-29,28049671,B25J-0005/007,0.1,easy_negative,GRAY,False,
15/188021,10040195,Recognizing a location of a robot shared in multiple data centers,International Business Machines Corporation,INTERNATIONAL BUSINESS MACHINES,INTERNATIONAL BUSINESS MACHINES,US,2016-06-21,28049672,B25J-0009/1664,0.1,easy_negative,GRAY,False,
15/184869,10052764,Automated and adjustable platform surface,"TOYOTA MOTOR ENGINEERING & MANUFACUTRING NORTH AMERICA, INC. | Toyota Motor Engineering & Manufacturing North America, Inc.",TOYOTA MOTOR ENGINEERING & MANUFACUTRING NORTH AMERICA,TOYOTA,US,2016-06-16,28054332,B25J-0009/1664,0.1,easy_negative,GRAY,False,
15/009621,10059003,Multi-resolution localization system,X DEVELOPMENT LLC,X DEVELOPMENT,ALPHABET,US,2016-01-28,28056692,B25J-0009/1697,0.1,easy_negative,GRAY,False,
15/204768,10040196,System and method for in-flight robotic arm retargeting,Technologies Holding Corp. | Technologies Holdings Corp.,TECHNOLOGIES,TECHNOLOGIES,US,2016-07-07,28049673,B25J-0009/1664,0.1,easy_negative,GRAY,False,
14/980196,10052768,Determining null bias of a hydraulic valve of a robot,"BOSTON DYNAMICS, INC.",BOSTON DYNAMICS,HYUNDAI MOTOR GROUP(2021~)/구글·소프트뱅크(이전),US,2015-12-28,28054333,B25J-0009/20,0.1,easy_negative,GRAY,False,
15/184725,10058997,Space extrapolation for robot task performance,X DEVELOPMENT LLC,X DEVELOPMENT,ALPHABET,US,2016-06-16,28056690,B25J-0009/1661,0.1,easy_negative,GRAY,False,
14/705493,10071487,Systems and methods for compiling robotic assemblies,Massachusetts Institute of Technology,MASSACHUSETTS INSTITUTE OF TECHNOLOGY,MASSACHUSETTS INSTITUTE OF TECHNOLOGY,US,2015-05-06,28061421,B25J-0019/007,0.1,easy_negative,GRAY,False,
15/189292,10059005,Method for teaching a robotic arm to pick or place an object,QUANTA STORAGE INC.,QUANTA STORAGE,QUANTA STORAGE,TW,2016-06-22,28056693,B25J-0009/1697,0.1,easy_negative,GRAY,False,
15/726089,10105853,Flexible robot end-effector for assembling door closure,GM Global Technology Operations LLC,GM GLOBAL TECHNOLOGY OPERATIONS,GM,US,2017-10-05,28073670,B25J-0015/0052,0.1,easy_negative,GRAY,False,
15/374160,10086512,"Protection apparatus for a manipulation device on a handling device, as well as handling device",ROBERT BOSCH GMBH,ROBERT BOSCH,ROBERT BOSCH,DE,2016-12-09,28066733,B25J-0009/101,0.1,easy_negative,GRAY,False,
14/850888,10118296,Tagged robot sensor data,X DEVELOPMENT LLC,X DEVELOPMENT,ALPHABET,US,2015-09-10,28078280,B25J-0009/1656,0.1,easy_negative,GRAY,False,
15/384176,10160115,Dynamic byte order determination and conversion for robotic component,"AMAZON TECHNOLOGIES, INC.",AMAZON TECHNOLOGIES,AMAZON,US,2016-12-19,28093449,B25J-0009/1643,0.1,easy_negative,GRAY,False,
15/644531,10086510,Dual robotic case packing system for standup product,"Fallas Automation, Inc.",FALLAS AUTOMATION,FALLAS AUTOMATION,US,2017-07-07,28066732,B25J-0009/0093,0.1,easy_negative,E_auto,False,
14/679286,10189159,Methods and systems for detecting states of operation of a robotic device,X DEVELOPMENT LLC,X DEVELOPMENT,ALPHABET,US,2015-04-06,28104222,B25J-0009/1653,0.1,easy_negative,GRAY,False,
15/221555,10150213,Guide placement by a robotic device,X DEVELOPMENT LLC,X DEVELOPMENT,ALPHABET,US,2016-07-27,28089821,B25J-0009/0084,0.1,easy_negative,GRAY,False,
16/241934,11077555,Method to minimize collisions of mobile robotic device,AI Incorporated,AI,AI,CA,2019-01-07,28110456,B25J-0009/1666,0.1,easy_negative,GRAY,False,
14/920592,10201903,Punch-in / punch-out smoothing for takeover of automated movement with haptic controller,VERILY LIFE SCIENCES LLC,VERILY LIFE SCIENCES,ALPHABET,US,2015-10-22,28108437,B25J-0013/084,0.1,easy_negative,GRAY,False,
15/828414,10207403,Robotic platform and assembly,"FACEBOOK, INC.",FACEBOOK,FACEBOOK,US,2017-11-30,28110454,B25J-0009/162,0.1,easy_negative,GRAY,False,
15/663704,10143933,Robot,UBTECH ROBOTICS CORP.,UBTECH ROBOTICS,UBTECH,CN,2017-07-29,28087536,B25J-0009/0006,0.1,easy_negative,GRAY,False,
15/583028,10286564,System for locally generating electricity on a robotic device,"LINCOLN GLOBAL, INC.",LINCOLN GLOBAL,LINCOLN GLOBAL,US,2017-05-01,28139055,B25J-0019/005,0.1,easy_negative,GRAY,False,
14/941879,10179407,Dynamic multi-sensor and multi-robot interface system,ROBOLOGICS LTD.,ROBOLOGICS,ROBOLOGICS,IL,2015-11-16,28100493,B25J-0009/1692,0.1,easy_negative,GRAY,False,
15/226259,10259117,On-demand robot virtualization,"AT&T Intellectual Property I, L.P.",AT&T INTELLECTUAL PROPERTY I LP,AT&T INTELLECTUAL PROPERTY I LP,US,2016-08-02,28129116,B25J-0009/1661,0.1,easy_negative,GRAY,False,
15/437292,10293491,Automated bin packing tool,"SOUTHERN FABRICATION WORKS, LLC",SOUTHERN FABRICATION WORKS,SOUTHERN FABRICATION WORKS,US,2017-02-20,28141566,B25J-0015/0014,0.1,easy_negative,GRAY,False,
15/668684,10300611,End effector assembly and method of operation to grasp non-planar articles,MGS Machine Corporation,MGS MACHINE,MGS MACHINE,US,2017-08-03,28144118,B25J-0015/0616,0.1,easy_negative,GRAY,False,
15/181207,10286565,Skin replacement for robotic manipulator,"Amazon Technologies, Inc.",AMAZON TECHNOLOGIES,AMAZON,US,2016-06-13,28139056,B25J-0009/142,0.1,easy_negative,GRAY,False,
15/799774,10702994,Finger assembly having a talon and spin paddle actuation,"Amazon Technologies, Inc.",AMAZON TECHNOLOGIES,AMAZON,US,2017-10-31,28141567,B25J-0015/0028,0.1,easy_negative,GRAY,False,
15/739054,10279477,Automated smart book inventory and shelving robot based on RFID technology,NANJING UNIVERSITY,NANJING UNIVERSITY,NANJING UNIVERSITY,CN,2016-06-29,28136543,B25J-0009/1669,0.1,easy_negative,GRAY,False,
15/135189,9744667,System and method for promoting safety of a robotic appendage,"Fetch Robotics, Inc.",FETCH ROBOTICS,FETCH ROBOTICS,US,2016-04-21,27865562,B25J-0009/1653,0.1,easy_negative,GRAY,False,
15/348013,10369693,Cable suspended robotic system,X DEVELOPMENT LLC,X DEVELOPMENT,ALPHABET,US,2016-11-10,28168931,B25J-0009/104,0.1,easy_negative,GRAY,False,
15/883426,10239218,Structural frame for covered and animated segments of a robotic figure,"DISNEY ENTERPRISES, INC.",DISNEY ENTERPRISES,DISNEY ENTERPRISES,US,2018-01-30,28121905,B25J-0018/06,0.1,easy_negative,GRAY,False,
15/219459,10350766,Extended-reach assist device for performing assembly tasks,GM Global Technology Operations LLC | Universite Laval,GM GLOBAL TECHNOLOGY OPERATIONS,GM,US,2016-07-26,28162242,B25J-0013/085,0.1,easy_negative,GRAY,False,
15/496062,10335957,Magnetically activated tool changer,"ATI Industrial Automation, Inc.",ATI INDUSTRIAL AUTOMATION,ATI INDUSTRIAL AUTOMATION,US,2017-04-25,28156878,B25J-0015/0416,0.1,easy_negative,GRAY,False,
16/137705,10369709,"Flexible suction device, robot system and method using the same","Beijing Jingdong Shangke Information Technology Co., Ltd. | JD.com American Technologies Corporation",BEIJING JINGDONG SHANGKE INFORMATION TECHNOLOGY,BEIJING JINGDONG SHANGKE INFORMATION TECHNOLOGY,CN,2018-09-21,28168932,B25J-0018/06,0.1,easy_negative,GRAY,False,
15/409232,10335952,Monitoring and controlling the movement of mobile robots,INTERNATIONAL BUSINESS MACHINES CORPORATION,INTERNATIONAL BUSINESS MACHINES,INTERNATIONAL BUSINESS MACHINES,US,2017-01-18,28156877,B25J-0009/1697,0.1,easy_negative,E_auto,False,
15/060528,10363659,System and method for load balancing of robots to create more equivalent task loads across task servers,"Fetch Robotics, Inc.",FETCH ROBOTICS,FETCH ROBOTICS,US,2016-03-03,28166653,B25J-0009/1669,0.1,easy_negative,GRAY,False,
16/433684,10675766,System for introducing physical experiences into virtual reality (VR) worlds,"DISNEY ENTERPRISES, INC.",DISNEY ENTERPRISES,DISNEY ENTERPRISES,US,2019-06-06,28165884,B25J-0011/003,0.1,easy_negative,GRAY,False,
14/749944,10363656,Multi-robot gradient based adaptive navigation system,Santa Clara University,SANTA CLARA UNIVERSITY,SANTA CLARA UNIVERSITY,US,2015-06-25,28166652,B25J-0009/0084,0.1,easy_negative,GRAY,False,
16/351458,10449677,Robotic gripping assist,United Arab Emirates University,UNITED ARAB EMIRATES UNIVERSITY,UNITED ARAB EMIRATES UNIVERSITY,AE,2019-03-12,28198876,B25J-0009/0006,0.1,easy_negative,GRAY,False,
15/874571,10414040,Robotic dolly transfer systems having floating couplings,"Toyota Motor Engineering & Manufacturing North America, Inc.",TOYOTA MOTOR ENGINEERING & MANUFACTURING NORTH AMERICA,TOYOTA,US,2018-01-18,28185353,B25J-0005/02,0.1,easy_negative,GRAY,False,
15/909869,10335962,Comprehensive fault detection and diagnosis of robots,KNOWLEDGE INITIATIVES LLC,KNOWLEDGE INITIATIVES,KNOWLEDGE INITIATIVES,US,2018-03-01,28156880,B25J-0019/0095,0.1,easy_negative,GRAY,False,
16/102434,10456929,Negative pressure actuated soft bending actuator,SCHLUMBERGER TECHNOLOGY CORPORATION,SCHLUMBERGER TECHNOLOGY,SCHLUMBERGER TECHNOLOGY,US,2018-08-13,28201573,B25J-0015/0616,0.1,easy_negative,GRAY,False,
15/458976,10464208,"Computer-implemented method for setting device identification, main control circuit, and robot",UBTECH ROBOTICS CORP.,UBTECH ROBOTICS,UBTECH,CN,2017-03-15,28204388,B25J-0009/16,0.1,easy_negative,GRAY,False,
15/458982, ,Modular Snake Arm with Articulated Drive Shaft,Lon Radin,LON RADIN,LON RADIN,US,2017-03-15,28149274,B25J-0009/08,0.1,easy_negative,GRAY,False,
15/321728,10478967,Servo control system and robot,UBTECH ROBOTICS CORP.,UBTECH ROBOTICS,UBTECH,CN,2016-10-28,28209936,B25J-0009/126,0.1,easy_negative,GRAY,False,
15/800847,10471597,Adaptive perception for industrial robotic systems,"Amazon Technologies, Inc.",AMAZON TECHNOLOGIES,AMAZON,US,2017-11-01,28207206,B25J-0009/1674,0.1,easy_negative,GRAY,False,
15/446685,10434659,"Systems, devices, articles, and methods for user input",Kindred Systems Inc.,KINDRED SYSTEMS,KINDRED SYSTEMS,US,2017-03-01,28193161,B25J-0013/025,0.1,easy_negative,GRAY,False,
15/095366,10478975,Fabrication of robotic mechanisms and systems from planar substrates,WORCESTER POLYTECHNIC INSTITUTE,WORCESTER POLYTECHNIC INSTITUTE,WORCESTER POLYTECHNIC INSTITUTE,US,2016-04-11,28209938,B25J-0019/007,0.1,easy_negative,GRAY,False,
15/471944,10464212,Method and system for tele-operated inventory management system,"AMAZON TECHNOLOGIES, INC.",AMAZON TECHNOLOGIES,AMAZON,US,2017-03-28,28204389,B25J-0009/1689,0.1,easy_negative,GRAY,False,
15/339201,10220517,"System, method and computer program product for controlling a mission-oriented robot based on a user's emotional state",INTERNATIONAL BUSINESS MACHINES CORPORATION,INTERNATIONAL BUSINESS MACHINES,INTERNATIONAL BUSINESS MACHINES,US,2016-10-31,28115313,B25J-0009/1694,0.1,easy_negative,GRAY,False,
15/389699,10493624,Mobile robot,X Development LLC,X DEVELOPMENT,ALPHABET,US,2016-12-23,28215384,B25J-0009/1633,0.1,easy_negative,GRAY,False,
15/668804,10513032,"Method of controlling robotic arm with human computer interaction, and terminal and system for same","Shenzhen XiaoR Geek Technology Co., Ltd",SHENZHEN XIAOR GEEK TECHNOLOGY,SHENZHEN XIAOR GEEK TECHNOLOGY,CN,2017-08-04,28222565,B25J-0009/1664,0.1,easy_negative,GRAY,False,
15/492619,10500726,Facilitating device control,KINDRED SYSTEMS INC.,KINDRED SYSTEMS,KINDRED SYSTEMS,US,2017-04-20,28218014,B25J-0009/1664,0.1,easy_negative,GRAY,False,
14/951866,10322508,Robotic devices and methods of operating robotic devices,SIEMENS HEALTHCARE GMBH | KUKA ROBOTER GMHB,SIEMENS HEALTHCARE,SIEMENS HEALTHCARE,DE,2015-11-25,28151905,B25J-0009/1653,0.1,easy_negative,GRAY,False,
15/679472,10537993,Apparatus and method for surface finishing,Matthew S. Ulliman | Jeff Martin,MATTHEW S ULLIMAN,MATTHEW S ULLIMAN,US,2017-08-17,28231458,B25J-0009/106,0.1,easy_negative,GRAY,False,
14/729770,10525600,Robotic system with haptic cutting tool,"L3HARRIS TECHNOLOGIES, INC.",L3HARRIS TECHNOLOGIES,L3HARRIS TECHNOLOGIES,US,2015-06-03,28227170,B25J-0013/025,0.1,easy_negative,GRAY,False,
16/027247,10596712,Brake triggering device for a robot arm,QUANTA STORAGE INC.,QUANTA STORAGE,QUANTA STORAGE,TW,2018-07-03,28252716,B25J-0019/0004,0.1,easy_negative,GRAY,False,
15/472662,10576620,Robotic mobility device and control,IKUTUKI,IKUTUKI,IKUTUKI,US,2017-03-29,28245363,B25J-0009/0006,0.1,easy_negative,GRAY,False,
14/872531,10589428,Automatic distribution of control functions between multiple knob controllers based on proximity and relative positioning of the knobs,VERILY LIFE SCIENCES LLC,VERILY LIFE SCIENCES,ALPHABET,US,2015-10-01,28250061,B25J-0009/161,0.1,easy_negative,GRAY,False,
16/502862,10596704,"Generate, simulate, and execute a reusable robotics solution recipe to execute a robotic solution","RAPYUTA ROBOTICS, CO., LTD.",RAPYUTA ROBOTICS,RAPYUTA ROBOTICS,JP,2019-07-03,28252714,B25J-0009/1656,0.1,easy_negative,E_auto,False,
15/391836,10596702,Reconfigurable mobile cable robot,INSTITUT DE RECHERCHE TECHNOLOGIQUE JULES VERNE,INSTITUT DE RECHERCHE TECHNOLOGIQUE JULES VERNE,INSTITUT DE RECHERCHE TECHNOLOGIQUE JULES VERNE,FR,2016-12-27,28252712,B25J-0009/1666,0.1,easy_negative,GRAY,False,
16/009905,10611037,Concentric suction cup array for end-of-arm tool,"Amazon Technologies, Inc.",AMAZON TECHNOLOGIES,AMAZON,US,2018-06-15,28257913,B25J-0015/0683,0.1,easy_negative,GRAY,False,
16/010629,10589423,"Robot vision super visor for hybrid homing, positioning and workspace UFO detection enabling industrial robot use for consumer applications",Shambhu Nath Roy,SHAMBHU NATH ROY,SHAMBHU NATH ROY,US,2018-06-18,28250059,B25J-0009/1666,0.1,easy_negative,GRAY,False,
15/569363,10603789,Manually taught robot and method for manually teaching robot,"SUZHOU AMTF ROBOTS CO., LTD",SUZHOU AMTF ROBOTS,SUZHOU AMTF ROBOTS,CN,2016-05-24,28255285,B25J-0009/163,0.1,easy_negative,GRAY,False,
15/799741,10654176,Finger assembly having a talon and barrel cam actuation,"Amazon Technologies, Inc.",AMAZON TECHNOLOGIES,AMAZON,US,2017-10-31,28273558,B25J-0015/028,0.1,easy_negative,GRAY,False,
16/082738,10668615,Service robot and method for controlling same,GOERTEK INC.,GOERTEK,GOERTEK,CN,2017-04-28,28278657,B25J-0005/007,0.1,easy_negative,GRAY,False,
15/472740,10562180,Fluidic robotic actuator system and method,"OTHER LAB, LLC",OTHER LAB,OTHER LAB,US,2017-03-29,28240207,B25J-0009/142,0.1,easy_negative,GRAY,False,
15/785040,10675761,Mode architecture for general purpose robotics,"MAGIC LEAP, INC.",MAGIC LEAP,MAGIC LEAP,US,2017-10-16,28281188,B25J-0009/1682,0.1,easy_negative,E_auto,False,
16/538728,10639790,Robotic gripper,Aaron Thomas Bacon | Aerick William Bacon | Thomas Dell Bacon,AARON THOMAS BACON,AARON THOMAS BACON,US,2019-08-12,28268443,B25J-0009/1612,0.1,easy_negative,GRAY,False,
15/169517,10668623,Method and system for robotic adaptive production,ABB SCHWEIZ AG | FORD MOTOR COMPANY,ABB SCHWEIZ,ABB,CH,2016-05-31,28278659,B25J-0009/1679,0.1,easy_negative,GRAY,False,
15/828423,10678242,Differential drive robotic platform and assembly,"FACEBOOK, INC.",FACEBOOK,FACEBOOK,US,2017-11-30,28281753,B25J-0009/162,0.1,easy_negative,GRAY,False,
15/496565,10646994,Robot virtualization leveraging Geo analytics and augmented reality,"AT&T Intellectual Property I, L.P.",AT&T INTELLECTUAL PROPERTY I LP,AT&T INTELLECTUAL PROPERTY I LP,US,2017-04-25,28271115,B25J-0009/1602,0.1,easy_negative,GRAY,False,
16/994933,11053618,Unwrinkling systems and methods,"SOFTWEAR AUTOMATION, INC.",SOFTWEAR AUTOMATION,SOFTWEAR AUTOMATION,US,2020-08-17,28306400,B25J-0009/1697,0.1,easy_negative,GRAY,False,
16/517587,11845180,Wireless quick change end effector system for use with a robot,ZEBRA TECHNOLOGIES CORPORATION,ZEBRA TECHNOLOGIES,ZEBRA TECHNOLOGIES,US,2019-07-20,28285834,B25J-0015/0441,0.1,easy_negative,GRAY,False,
16/114220,10717188,Spatial cross-axis transmission mechanism and robot having the same,UBTECH ROBOTICS CORP,UBTECH ROBOTICS,UBTECH,CN,2018-08-28,28296137,B25J-0009/10,0.1,easy_negative,GRAY,False,
16/235160,10717199,Spring-support mechanism for parallel robots,VIETTEL GROUP,VIETTEL GROUP,VIETTEL GROUP,VN,2018-12-28,28296141,B25J-0019/0016,0.1,easy_negative,GRAY,False,
15/528412,10780576,Suspended automation system,Kenneth C. Miller,KENNETH C MILLER,KENNETH C MILLER,US,2015-11-23,28319338,B25J-0009/161,0.1,easy_negative,GRAY,False,
16/107088,10786910,Extending robotic arm,MASSACHUSETTS INSTITUTE OF TECHNOLOGY,MASSACHUSETTS INSTITUTE OF TECHNOLOGY,MASSACHUSETTS INSTITUTE OF TECHNOLOGY,US,2018-08-21,28321733,B25J-0018/025,0.1,easy_negative,GRAY,False,
15/902816,10780578,Reaching mobile robots,"Boston Dynamics, Inc.",BOSTON DYNAMICS,HYUNDAI MOTOR GROUP(2021~)/구글·소프트뱅크(이전),US,2018-02-22,28319339,B25J-0009/162,0.1,easy_negative,GRAY,False,
16/301055,10828784,Method and apparatus for controlling dancing of service robot,GOERTEK INC.,GOERTEK,GOERTEK,CN,2017-06-16,28337572,B25J-0011/0035,0.1,easy_negative,GRAY,False,
16/318180,10800031,Spherical parallel manipulator architecture for shoulder robotic exoskeleton,ARIZONA BOARD OF REGENTS ON BEHALF OF ARIZONA STATE UNIVERSITY,ARIZONA BOARD OF REGENTS ON BEHALF OF ARIZONA STATE UNIVERSITY,ARIZONA BOARD OF REGENTS ON BEHALF OF ARIZONA STATE UNIVERSITY,US,2017-07-26,28326733,B25J-0009/0006,0.1,easy_negative,GRAY,False,
15/963546,10792813,Managing robot resources,X Development LLC,X DEVELOPMENT,ALPHABET,US,2018-04-26,28324032,B25J-0009/1661,0.1,easy_negative,GRAY,False,
16/320854,10814473,Mechanism for alleviating the effects of joint misalignment between users and wearable robots,ARIZONA BOARD OF REGENTS ON BEHALF OF ARIZONA STATE UNIVERSITY,ARIZONA BOARD OF REGENTS ON BEHALF OF ARIZONA STATE UNIVERSITY,ARIZONA BOARD OF REGENTS ON BEHALF OF ARIZONA STATE UNIVERSITY,US,2017-07-26,28332121,B25J-0009/0006,0.1,easy_negative,GRAY,False,
15/995242,10814479,Automated assembly station,"NYX, INC.",NYX,NYX,US,2018-06-01,28332123,B25J-0009/1005,0.1,easy_negative,GRAY,False,
16/363840,10800042,Executing centralized and decentralized controlled plans collaboratively by autonomous robots,"RAPYUTA ROBOTICS CO., LTD",RAPYUTA ROBOTICS,RAPYUTA ROBOTICS,JP,2019-03-25,28326736,B25J-0009/1682,0.1,easy_negative,GRAY,False,
16/208669,10850391,Pressurizing housing for a soft robotic actuator,"Soft Robotics, Inc.",SOFT ROBOTICS,SOFT ROBOTICS/OXIPITAL,US,2018-12-04,28345583,B25J-0009/142,0.1,easy_negative,GRAY,False,
16/149128,10875177,Partitioning method for a work space of a robot,TECHMAN ROBOT INC.,TECHMAN ROBOT,TECHMAN ROBOT,TW,2018-10-02,28354781,B25J-0009/1653,0.1,easy_negative,GRAY,False,
15/979456,10882187,Method of planning a cleaning route for a cleaning robot and a chip for achieving the same,"Zhuhai Amicro Semiconductor Co., Ltd.",ZHUHAI AMICRO SEMICONDUCTOR,ZHUHAI AMICRO SEMICONDUCTOR,CN,2018-05-14,28357268,B25J-0009/1666,0.1,easy_negative,E_auto,False,
15/952409,10828780,Airplane passenger service robot,The Boeing Company,THE BOEING,THE BOEING,US,2018-04-13,28337571,B25J-0009/1674,0.1,easy_negative,GRAY,False,
15/985213,10850395,System and methods for multiple-place swarm foraging with dynamic depots,STC.UNM,STCUNM,STCUNM,US,2018-05-21,28345585,B25J-0009/1666,0.1,easy_negative,GRAY,False,
15/889490,10875189,System and method for manipulating deformable objects,City University of Hong Kong,CITY UNIVERSITY OF HONG KONG,CITY UNIVERSITY OF HONG KONG,HK,2018-02-06,28354785,B25J-0013/087,0.1,easy_negative,GRAY,False,
15/978294,10913158,Robotic system,Caterpillar Inc.,CATERPILLAR,CATERPILLAR,US,2018-05-14,28368323,B25J-0009/1674,0.1,easy_negative,GRAY,False,
16/671164,10894319,Servo control method and apparatus and robot using the same,UBTECH ROBOTICS CORP LTD,UBTECH ROBOTICS,UBTECH,CN,2019-10-31,28361543,B25J-0009/161,0.1,easy_negative,GRAY,False,
15/960242,10933526,Method and robotic system for manipulating instruments,GENERAL ELECTRIC COMPANY,GENERAL ELECTRIC,GENERAL ELECTRIC,US,2018-04-23,28376027,B25J-0009/161,0.1,easy_negative,GRAY,False,
15/934498,10766149,Optimization-based spring lattice deformation model for soft materials,"AMAZON TECHNOLOGIES, INC.",AMAZON TECHNOLOGIES,AMAZON,US,2018-03-23,28314111,B25J-0015/0616,0.1,easy_negative,GRAY,False,
15/934568,10919151,Robotic device control optimization using spring lattice deformation model,"AMAZON TECHNOLOGIES, INC.",AMAZON TECHNOLOGIES,AMAZON,US,2018-03-23,28370637,B25J-0009/163,0.1,easy_negative,GRAY,False,
15/954532,10919152,Teleoperating of robots with tasks by mapping to human operator pose,"NIMBLE ROBOTICS, INC.",NIMBLE ROBOTICS,NIMBLE ROBOTICS,US,2018-04-16,28370638,B25J-0009/163,0.1,easy_negative,GRAY,False,
16/262591,10933537,End of arm tool including feedback,"AMAZON TECHNOLOGIES, INC.",AMAZON TECHNOLOGIES,AMAZON,US,2019-01-30,28376030,B25J-0015/0683,0.1,easy_negative,GRAY,False,
16/050213,10981273,Action teaching method for robotic arm and gesture teaching device,"DELTA ELECTRONICS, INC.",DELTA ELECTRONICS,DELTA ELECTRONICS,TW,2018-07-31,28393453,B25J-0009/163,0.1,easy_negative,GRAY,False,
16/694328,10994425,Collaborative robot hand bearing for high-torque tightening applications,"TOYOTA MOTOR ENGINEERING & MANUFACTURING NORTH AMERICA, INC.",TOYOTA MOTOR ENGINEERING & MANUFACTURING NORTH AMERICA,TOYOTA,US,2019-11-25,28398298,B25J-0019/0008,0.1,easy_negative,GRAY,False,
16/020823,11000945,Wearable robotic systems for supporting a load,MASSACHUSETTS INSTITUTE OF TECHNOLOGY,MASSACHUSETTS INSTITUTE OF TECHNOLOGY,MASSACHUSETTS INSTITUTE OF TECHNOLOGY,US,2018-06-27,28400708,B25J-0009/0006,0.1,easy_negative,GRAY,False,
16/212273,10981276,Tool calibration apparatus for robotic arm,"DELTA ELECTRONICS, INC.",DELTA ELECTRONICS,DELTA ELECTRONICS,TW,2018-12-06,28393456,B25J-0009/1692,0.1,easy_negative,GRAY,False,
15/993401,10960543,Robotic point capture and motion control,SISU DEVICES LLC,SISU DEVICES,SISU DEVICES,US,2018-05-30,28386015,B25J-0009/1669,0.1,easy_negative,GRAY,False,
16/291304,10967527,Brake release device and robot manipulator employing same,"DELTA ELECTRONICS, INC.",DELTA ELECTRONICS,DELTA ELECTRONICS,TW,2019-03-04,28388534,B25J-0019/0004,0.1,easy_negative,GRAY,False,
16/508718,11014237,"Methods, systems, and apparatuses, for path planning and execution in a robotic system","INTELLIGRATED HEADQUARTERS, LLC",INTELLIGRATED HEADQUARTERS,INTELLIGRATED HEADQUARTERS,US,2019-07-11,28405561,B25J-0009/1664,0.1,easy_negative,GRAY,False,
16/449007,10968051,Adjustable robotic end of arm tool for multiple object handling,"Amazon Technologies, Inc.",AMAZON TECHNOLOGIES,AMAZON,US,2019-06-21,28388656,B25J-0015/0014,0.1,easy_negative,GRAY,False,
16/647278,10967504,Continuum robots with multi-scale motion through equilibrium modulation,VANDERBILT UNIVERSITY,VANDERBILT UNIVERSITY,VANDERBILT UNIVERSITY,US,2018-09-13,28388531,B25J-0009/065,0.1,easy_negative,GRAY,False,
16/172052,11014226,Automated pick and place apparatuses with object alignment systems,"Toyota Motor Engineering & Manufacturing North America, Inc.",TOYOTA MOTOR ENGINEERING & MANUFACTURING NORTH AMERICA,TOYOTA,US,2018-10-26,28405557,B25J-0009/0096,0.1,easy_negative,GRAY,False,
16/022013,11014314,End effector for forming prepreg plies on highly contoured surfaces,The Boeing Company,THE BOEING,THE BOEING,US,2018-06-28,28405575,B25J-0015/0019,0.1,easy_negative,GRAY,False,
16/622209,11027416,Two-wheeled self-balancing robot,"GOERTEK TECHNOLOGY CO., LTD.",GOERTEK TECHNOLOGY,GOERTEK TECHNOLOGY,CN,2017-11-14,28410411,B25J-0005/007,0.1,easy_negative,GRAY,False,
16/848574,11052539,"Method, server and storage medium for robot routing",BEIJING GEEKPLUS TECHNOLOGY CO. LTD.,BEIJING GEEKPLUS TECHNOLOGY,BEIJING GEEKPLUS TECHNOLOGY,CN,2020-04-14,28419563,B25J-0009/162,0.1,easy_negative,GRAY,False,
16/260791,11052535,Floor-to-height object retrieval robot,"inVia Robotics, Inc.",INVIA ROBOTICS,INVIA ROBOTICS,US,2019-01-29,28419562,B25J-0009/0027,0.1,easy_negative,GRAY,False,
15/709361,11072071,Modifying robot dynamics in response to human presence,"AUTODESK, INC.",AUTODESK,AUTODESK,US,2017-09-19,28426597,B25J-0009/1676,0.1,easy_negative,GRAY,False,
16/220984,11084165,Automatic alignment system and method of robot manipulator,"DELTA ELECTRONICS, INC.",DELTA ELECTRONICS,DELTA ELECTRONICS,TW,2018-12-14,28431216,B25J-0009/1005,0.1,easy_negative,GRAY,False,
16/210403,11052541,Autonomous robot telerobotic interface,"FACEBOOK, INC.",FACEBOOK,FACEBOOK,US,2018-12-05,28419564,B25J-0009/1689,0.1,easy_negative,GRAY,False,
16/370884,11072072,Robot recharge docking method and robot with the same,UBTECH ROBOTICS CORP,UBTECH ROBOTICS,UBTECH,CN,2019-03-30,28426598,B25J-0009/1676,0.1,easy_negative,GRAY,False,
15/958744,11027436,Soft robotic assistive gripping device,Alekh Rajesh Beri,ALEKH RAJESH BERI,ALEKH RAJESH BERI,US,2018-04-20,28410414,B25J-0015/0009,0.1,easy_negative,GRAY,False,
16/569357,11077564,Toroidal suction grippers,"Amazon Technologies, Inc.",AMAZON TECHNOLOGIES,AMAZON,US,2019-09-12,28428713,B25J-0015/0616,0.1,easy_negative,GRAY,False,
16/210689,11077559,Support robot and methods of use thereof,"HONDA MOTOR CO., LTD.",HONDA MOTOR,HONDA,JP,2018-12-05,28428712,B25J-0011/008,0.1,easy_negative,GRAY,False,
16/104493,11090806,Synchronized robot orientation,"Disney Enterprises, Inc.",DISNEY ENTERPRISES,DISNEY ENTERPRISES,US,2018-08-17,28433732,B25J-0009/1664,0.1,easy_negative,GRAY,False,
16/395418,11123871,Systems and methods autonomously performing instructed operations using a robotic device,"Walmart Apollo, LLC",WALMART APOLLO,WALMART APOLLO,US,2019-04-26,28445979,B25J-0009/1679,0.1,easy_negative,GRAY,False,
16/159218,11027430,Systems and methods for latency compensation in robotic teleoperation,"Toyota Research Institute, Inc.",TOYOTA RESEARCH INSTITUTE,TOYOTA,US,2018-10-12,28410412,B25J-0009/1689,0.1,easy_negative,GRAY,False,
16/088095,11135716,Minimally actuated serial robot,"B.G. NEGEV TECHNOLOGIES & APPLICATIONS LTD., AT BEN-GURION UNIVERSITY",BG NEGEV TECHNOLOGIES & APPLICATIONS AT BEN-GURION UNIVERSITY,BG NEGEV TECHNOLOGIES & APPLICATIONS AT BEN-GURION UNIVERSITY,IL,2017-03-27,28450382,B25J-0009/06,0.1,easy_negative,GRAY,False,
17/221474,11142268,Lightweight 4-degree-of-freedom leg mechanism of bionic quadruped robot,YANSHAN UNIVERSITY,YANSHAN UNIVERSITY,YANSHAN UNIVERSITY,CN,2021-04-02,28452741,B25J-0009/144,0.1,easy_negative,GRAY,False,
16/541361,11141865,Robot gripper assembly,"Design Ready Controls, Inc.",DESIGN READY CONTROLS,DESIGN READY CONTROLS,US,2019-08-15,28452631,B25J-0015/0042,0.1,easy_negative,GRAY,False,
15/858400,11110608,Robotic physical movement adjustment based on user emotional state,International Business Machines Corporation,INTERNATIONAL BUSINESS MACHINES,INTERNATIONAL BUSINESS MACHINES,US,2017-12-29,28440908,B25J-0009/1697,0.1,easy_negative,GRAY,False,
16/219543,11084175,"End-of-arm tool having concentric suction cups, and related systems and methods","AMAZON TECHNOLOGIES, INC.",AMAZON TECHNOLOGIES,AMAZON,US,2018-12-13,28431218,B25J-0015/0625,0.1,easy_negative,GRAY,False,
16/436077,11154984,Robot mechanism,"DELTA ELECTRONICS, INC.",DELTA ELECTRONICS,DELTA ELECTRONICS,TW,2019-06-10,28457676,B25J-0009/0009,0.1,easy_negative,GRAY,False,
16/395947,11185987,Isolated and environmental anomaly detection and correction using a distributed set of robots,"inVia Robotics, Inc.",INVIA ROBOTICS,INVIA ROBOTICS,US,2019-04-26,28469346,B25J-0009/1692,0.1,easy_negative,GRAY,False,
16/740404,11173595,Self-balanced swiveling obstacle-crossing robot for transmission lines,Bradley Jiping Xu,BRADLEY JIPING XU,BRADLEY JIPING XU,US,2020-01-11,28464701,B25J-0009/0009,0.1,easy_negative,GRAY,False,
16/654104,11230017,Robotic animal puzzle,Petoi LLC,PETOI,PETOI,US,2019-10-16,28486076,B25J-0011/003,0.1,easy_negative,GRAY,False,
16/044606,11065761,Robotic picking training technique,Dematic Corp.,DEMATIC,DEMATIC,US,2018-07-25,28424346,B25J-0009/163,0.1,easy_negative,E_auto,False,
16/450212,11220006,Digital model rectification,"FORD GLOBAL TECHNOLOGIES, LLC",FORD GLOBAL TECHNOLOGIES,FORD GLOBAL TECHNOLOGIES,US,2019-06-24,28482253,B25J-0009/1671,0.1,easy_negative,GRAY,False,
17/124387,11059176,Method and system for facility monitoring and reporting to improve safety using robots,"FETCH ROBOTICS, INC.",FETCH ROBOTICS,FETCH ROBOTICS,US,2020-12-16,28421949,B25J-0009/1674,0.1,easy_negative,E_auto,False,
15/811008,11104011,Mechanical robot arm assembly,Robert Chisena,ROBERT CHISENA,ROBERT CHISENA,US,2017-11-13,28438443,B25J-0018/007,0.1,easy_negative,GRAY,False,
16/391676,11235466,Setup planning and parameter selection for robotic finishing,UNIVERSITY OF SOUTHERN CALIFORNIA,UNIVERSITY OF SOUTHERN CALIFORNIA,UNIVERSITY OF SOUTHERN CALIFORNIA,US,2019-04-23,28488138,B25J-0009/1666,0.1,easy_negative,GRAY,False,
16/515851,11247335,Semi-autonomous robot path planning,Caterpillar Inc.,CATERPILLAR,CATERPILLAR,US,2019-07-18,28492510,B25J-0009/1664,0.1,easy_negative,GRAY,False,
17/884318,11554497,Articulated robotic arms for robotic baggage inspection and swabbing,"The Government of the United States of America, as represented by the Secretary of Homeland Security",THE GOVERNMENT OF THE UNITED STATES OF AMERICA AS REPRESENTED BY THE SECRETARY OF HOMELAND SECURITY,THE GOVERNMENT OF THE UNITED STATES OF AMERICA AS REPRESENTED BY THE SECRETARY OF HOMELAND SECURITY,US,2022-08-09,28494902,B25J-0009/1697,0.1,easy_negative,GRAY,False,
16/545229,11260538,Robot training system including a motion bar,Flexiv Ltd.,FLEXIV,FLEXIV,KY,2019-08-20,28497360,B25J-0009/0081,0.1,easy_negative,GRAY,False,
16/264489,11235460,Techniques and architectures for managing heterogeneous robots to manage deliveries,"SALESFORCE.COM, INC.",SALESFORCECOM,SALESFORCECOM,US,2019-01-31,28488137,B25J-0009/163,0.1,easy_negative,GRAY,False,
16/584968,11260529,Virtual rail based cruise method and apparatus and robot using the same,UBTECH ROBOTICS CORP LTD,UBTECH ROBOTICS,UBTECH,CN,2019-09-27,28497358,B25J-0009/1664,0.1,easy_negative,GRAY,False,
16/564615,11312015,System and method for controlling the contact pressure applied by an articulated robotic arm to a working surface,Reliabotics LLC,RELIABOTICS,RELIABOTICS,US,2019-09-09,28516540,B25J-0009/1633,0.1,easy_negative,GRAY,False,
16/148343,11279036,Methods and systems for implementing customized motions based on individual profiles for identified users,"TOYOTA RESEARCH INSTITUTE, INC.",TOYOTA RESEARCH INSTITUTE,TOYOTA,US,2018-10-01,28504074,B25J-0009/1689,0.1,easy_negative,GRAY,False,
16/372853,11312025,Robotic arm with a detachable and mobile end-effector,"Ford Global Technologies, LLC",FORD GLOBAL TECHNOLOGIES,FORD GLOBAL TECHNOLOGIES,US,2019-04-02,28516544,B25J-0009/06,0.1,easy_negative,GRAY,False,
16/590260,11285621,Compliant robot end-effector and method of controlling the same,"Beijing Jingdong Shangke Information Technology Co., Ltd. | JD.com American Technologies Corporation",BEIJING JINGDONG SHANGKE INFORMATION TECHNOLOGY,BEIJING JINGDONG SHANGKE INFORMATION TECHNOLOGY,CN,2019-10-01,28506506,B25J-0015/0625,0.1,easy_negative,GRAY,False,
16/421402,11279035,LIDAR safely rings,"Amazon Technologies, Inc.",AMAZON TECHNOLOGIES,AMAZON,US,2019-05-23,28504073,B25J-0009/1676,0.1,easy_negative,GRAY,False,
16/511492,11285607,Systems and methods for distributed training and management of AI-powered robots using teleoperation via virtual spaces,MASSACHUSETTS INSTITUTE OF TECHNOLOGY,MASSACHUSETTS INSTITUTE OF TECHNOLOGY,MASSACHUSETTS INSTITUTE OF TECHNOLOGY,US,2019-07-15,28506502,B25J-0009/1689,0.1,easy_negative,GRAY,False,
16/428732,11305420,Articulated multi-link robotic tail systems and methods,"VIRGINIA TECH INTELLECTUAL PROPERTIES, INC.",VIRGINIA TECH INTELLECTUAL PROPERTIES,VIRGINIA TECH INTELLECTUAL PROPERTIES,US,2019-05-31,28513999,B25J-0009/06,0.1,easy_negative,GRAY,False,
16/865940,11325256,Trajectory planning for path-based applications,INTRINSIC INNOVATION LLC,INTRINSIC INNOVATION,ALPHABET,US,2020-05-04,28521620,B25J-0009/1664,0.1,easy_negative,GRAY,False,
17/209637,11338455,Adaptive dress pack manager for robotic arm,SOUTHWEST RESEARCH INSTITUTE,SOUTHWEST RESEARCH INSTITUTE,SOUTHWEST RESEARCH INSTITUTE,US,2021-03-23,28526485,B25J-0019/0025,0.1,easy_negative,GRAY,False,
17/809204,11654559,Global arm path planning with roadmaps and precomputed domains,"Boston Dynamics, Inc.",BOSTON DYNAMICS,HYUNDAI MOTOR GROUP(2021~)/구글·소프트뱅크(이전),US,2022-06-27,28552403,B25J-0009/1664,0.1,easy_negative,GRAY,False,
16/057312,11376727,Multiplexed robotic game,Kenneth C. Miller,KENNETH C MILLER,KENNETH C MILLER,US,2018-08-07,28541043,B25J-0009/0009,0.1,easy_negative,GRAY,False,
15/727246,11345052,Extensible mast device,"AMAZON TECHNOLOGIES, INC.",AMAZON TECHNOLOGIES,AMAZON,US,2017-10-06,28528994,B25J-0018/025,0.1,easy_negative,GRAY,False,
15/488138,11383396,Interactive laboratory robotic system,"TESSERACT VENTURES, LLC",TESSERACT VENTURES,TESSERACT VENTURES,US,2017-04-14,28543592,B25J-0019/023,0.1,easy_negative,GRAY,False,
16/263626,11389953,Hydraulic delta robot control system,Caterpillar Inc.,CATERPILLAR,CATERPILLAR,US,2019-01-31,28545971,B25J-0009/14,0.1,easy_negative,GRAY,False,
16/538614,11413747,Machine learning driven computer numerical control of a robotic machine tool,Workshops for Warriors,WORKSHOPS FOR WARRIORS,WORKSHOPS FOR WARRIORS,US,2019-08-12,28554863,B25J-0009/163,0.1,easy_negative,GRAY,False,
16/277341,11364623,Component assembly system,GM GLOBAL TECHNOLOGY OPERATIONS LLC,GM GLOBAL TECHNOLOGY OPERATIONS,GM,US,2019-02-15,28536371,B25J-0009/009,0.1,easy_negative,GRAY,False,
16/140353,11413745,"Articulated, closed kinematic chain planar monopod","VIRGINIA TECH INTELLECTUAL PROPERTIES, INC.",VIRGINIA TECH INTELLECTUAL PROPERTIES,VIRGINIA TECH INTELLECTUAL PROPERTIES,US,2018-09-24,28554862,B25J-0009/1065,0.1,easy_negative,GRAY,False,
16/587032,11345546,Warehouse automation system methods and apparatus,"6 RIVER SYSTEMS, INC.",6 RIVER SYSTEMS,6 RIVER SYSTEMS,US,2019-09-29,28529132,B25J-0009/162,0.1,easy_negative,GRAY,False,
16/905887,11413742,Modular robot and method for calculating position of module unit thereof,"BEIJING KEYI TECHNOLOGY CO., LTD.",BEIJING KEYI TECHNOLOGY,BEIJING KEYI TECHNOLOGY,CN,2020-06-18,28554860,B25J-0009/08,0.1,easy_negative,GRAY,False,
16/295772,11433534,Robotic arm including edge computer and cabling arrangement facilitating flexible function advanced distal arm end tooling,ABB Schweiz AG,ABB SCHWEIZ,ABB,CH,2019-03-07,28562335,B25J-0009/126,0.1,easy_negative,GRAY,False,
17/571489,11440187,Collaborative workflow for laborer and robotic system to automate wire pulling in construction sites,Moshe Shapiro | David Klein,MOSHE SHAPIRO,MOSHE SHAPIRO,IL,2022-01-09,28565010,B25J-0005/007,0.1,easy_negative,GRAY,False,
16/543589,11433544,Latency control in human operated mobile robot,COBALT ROBOTICS INC.,COBALT ROBOTICS,COBALT ROBOTICS,US,2019-08-18,28562337,B25J-0009/1697,0.1,easy_negative,GRAY,False,
16/728017,11433541,Automated calibration system and method for a workpiece coordinate frame of a robot,INDUSTRIAL TECHNOLOGY RESEARCH INSTITUTE,INDUSTRIAL TECHNOLOGY RESEARCH INSTITUTE,INDUSTRIAL TECHNOLOGY RESEARCH INSTITUTE,TW,2019-12-27,28562336,B25J-0009/1692,0.1,easy_negative,GRAY,False,
16/265838,11446819,End-of-arm tool for robotic arm,PEARSON PACKAGING SYSTEMS,PEARSON PACKAGING SYSTEMS,PEARSON PACKAGING SYSTEMS,US,2019-02-01,28567564,B25J-0009/1664,0.1,easy_negative,GRAY,False,
16/915533,11454974,"Method, apparatus, device, and storage medium for controlling guide robot",BAIDU USA LLC,BAIDU USA,BAIDU USA,US,2020-06-29,28570378,B25J-0011/008,0.1,easy_negative,GRAY,False,
16/905900,11458620,Correction method and system for constructing modular robot and control method for modular robot,"BEIJING KEYI TECHNOLOGY CO., LTD.",BEIJING KEYI TECHNOLOGY,BEIJING KEYI TECHNOLOGY,CN,2020-06-18,28572111,B25J-0009/1605,0.1,easy_negative,GRAY,False,
16/639382,11458632,Robot having reduced vibration generation in in arm portion,SONY CORPORATION,SONY,SONY,JP,2018-05-16,28572116,B25J-0009/1682,0.1,easy_negative,T1_auto,True,구제:사례매핑 T1/T2 권고(OEM 전건원칙 포함)
16/861200,11440198,Control system and method for movement of neck mechanism for robot,UBTECH ROBOTICS CORP LTD,UBTECH ROBOTICS,UBTECH,CN,2020-04-28,28565017,B25J-0009/1697,0.1,easy_negative,GRAY,False,
16/653858,11458630,Mitigating reality gap through simulating compliant control and/or compliant contact in robotic simulator,X DEVELOPMENT LLC,X DEVELOPMENT,ALPHABET,US,2019-10-15,28572115,B25J-0009/1633,0.1,easy_negative,GRAY,False,
17/145442,11453114,Full-state control method for the master-slave robot system with flexible joints and time-varying delays,YANSHAN UNIVERSITY,YANSHAN UNIVERSITY,YANSHAN UNIVERSITY,CN,2021-01-11,28569878,B25J-0003/00,0.1,easy_negative,GRAY,False,
17/286780,11446814,Electromagnetic drive spherical robotic wrist with two degrees of freedom and control method therefor,DALIAN UNIVERSITY OF TECHNOLOGY,DALIAN UNIVERSITY OF TECHNOLOGY,DALIAN UNIVERSITY OF TECHNOLOGY,CN,2020-06-01,28567563,B25J-0009/12,0.1,easy_negative,GRAY,False,
16/877747,11458636,Wirelessly powered and controlled robotic apparatus,Dong Ouyang,DONG OUYANG,DONG OUYANG,US,2020-05-19,28572118,B25J-0013/006,0.1,easy_negative,E_auto,False,
16/800181,11426867,Robot simulation engine architecture,"DUALITY ROBOTICS, INC.",DUALITY ROBOTICS,DUALITY ROBOTICS,US,2020-02-25,28559849,B25J-0009/1605,0.1,easy_negative,GRAY,False,
16/956582, ,ROBOT FOR TESTING LOWER LIMB PERFORMANCE OF SPACESUIT,"SHENYANG INSTITUTE OF AUTOMATION, CHINESE ACADEMY OF SCIENCES",SHENYANG INSTITUTE OF AUTOMATION CHINESE ACADEMY OF SCIENCES,SHENYANG INSTITUTE OF AUTOMATION CHINESE ACADEMY OF SCIENCES,CN,2018-12-19,28490361,B25J-0009/0087,0.1,easy_negative,GRAY,False,
16/891874,11478942,Robotic picking assemblies configured to grasp multiple items,"Amazon Technologies, Inc.",AMAZON TECHNOLOGIES,AMAZON,US,2020-06-03,28579635,B25J-0015/0658,0.1,easy_negative,GRAY,False,
16/708153,11534923,Robotic manipulation and frame sensor placement for in-motion object modeling and identification,"Amazon Technologies, Inc.",AMAZON TECHNOLOGIES,AMAZON,US,2019-12-09,28600991,B25J-0009/1679,0.1,easy_negative,GRAY,False,
16/672292,11491645,Scissor linkage design and method of operation,MASSACHUSETTS INSTITUTE OF TECHNOLOGY,MASSACHUSETTS INSTITUTE OF TECHNOLOGY,MASSACHUSETTS INSTITUTE OF TECHNOLOGY,US,2019-11-01,28584549,B25J-0009/1065,0.1,easy_negative,GRAY,False,
16/659267,11529742,Control of low-cost robotics and method therefor,SILICON LABORATORIES INC.,SILICON LABORATORIES,SILICON LABORATORIES,US,2019-10-21,28598965,B25J-0009/1697,0.1,easy_negative,GRAY,False,
16/159302,11548154,Systems and methods for dimensionally-restricted robotic teleoperation,"Toyota Research Institute, Inc.",TOYOTA RESEARCH INSTITUTE,TOYOTA,US,2018-10-12,28606146,B25J-0009/1689,0.1,easy_negative,GRAY,False,
17/006908,11548155,Interaction training system of robot with MR environment,KOREA INSTITUTE OF ROBOT & CONVERGENCE,KOREA INSTITUTE OF ROBOT & CONVERGENCE,KOREA INSTITUTE OF ROBOT & CONVERGENCE,KR,2020-08-31,28606147,B25J-0009/1689,0.1,easy_negative,GRAY,False,
16/931248,11554482,Self-learning industrial robotic system,"Hitachi, Ltd.",HITACHI,HITACHI,JP,2020-07-16,28608462,B25J-0009/1605,0.1,easy_negative,GRAY,False,
16/529413,11413769,End effector assembly and method for robot-enabled manipulation of round objects,"QUANTUM INNOVATIONS, INC.",QUANTUM INNOVATIONS,QUANTUM INNOVATIONS,US,2019-08-01,28554868,B25J-0015/0033,0.1,easy_negative,GRAY,False,
16/691404,11559884,Systems and methods for a passive grasping surface on an active grasping robotic manipulator,KINDRED SYSTEMS II INC. | KINDRED SYSTEMS INC.,KINDRED SYSTEMS II,KINDRED SYSTEMS II,CA,2019-11-21,28610453,B25J-0009/1612,0.1,easy_negative,GRAY,False,
16/637995,11565419,"Method and device for controlling a robot, and robot","BEIJING JINGDONG SHANGKE INFORMATION TECHNOLOGY CO., LTD. | BEIJING JINGDONG CENTURY TRADING CO., LTD.",BEIJING JINGDONG SHANGKE INFORMATION TECHNOLOGY,BEIJING JINGDONG SHANGKE INFORMATION TECHNOLOGY,CN,2018-08-15,28612615,B25J-0009/1679,0.1,easy_negative,GRAY,False,
16/706248,11597101,3D-architected soft machines with topologically encoded actuation,Purdue Research Foundation,PURDUE RESEARCH FOUNDATION,PURDUE RESEARCH FOUNDATION,US,2019-12-06,28624363,B25J-0009/0012,0.1,easy_negative,GRAY,False,
16/758169,11602837,Modular robotic structure,ROBOTICS DESIGN INC.,ROBOTICS DESIGN,ROBOTICS DESIGN,CA,2018-10-23,28626418,B25J-0009/08,0.1,easy_negative,GRAY,False,
16/819973,11613007,Intelligent robotic system for autonomous airport trolley collection,THE CHINESE UNIVERSITY OF HONG KONG,THE CHINESE UNIVERSITY OF HONG KONG,THE CHINESE UNIVERSITY OF HONG KONG,CN,2020-03-16,28630376,B25J-0009/162,0.1,easy_negative,GRAY,False,
17/116736,11554490,Monitoring real-time data of a robotic manipulator,Robert Bosch GmbH,ROBERT BOSCH,ROBERT BOSCH,DE,2020-12-09,28608463,B25J-0009/1674,0.1,easy_negative,GRAY,False,
16/750725,11584014,Robotic apparatus for vehicle occupant protection,"FORD GLOBAL TECHNOLOGIES, LLC",FORD GLOBAL TECHNOLOGIES,FORD GLOBAL TECHNOLOGIES,US,2020-01-23,28619471,B25J-0009/1694,0.1,easy_negative,GRAY,False,
17/361658,11609545,Method and system for preemptive planning,"LLC, INTRINSIC I",INTRINSIC I,INTRINSIC I,US,2021-06-29,28628812,B25J-0009/1664,0.1,easy_negative,GRAY,False,
16/609821,11581690,Robot apparatus for producing electronic apparatus,SONY CORPORATION,SONY,SONY,JP,2018-04-13,28618267,B25J-0015/0033,0.1,easy_negative,GRAY,False,
17/018925,11642784,Database construction for control of robotic manipulator,"Honda Motor Co., Ltd.",HONDA MOTOR,HONDA,JP,2020-09-11,28641676,B25J-0009/1658,0.1,easy_negative,T1_auto,True,구제:사례매핑 T1/T2 권고(OEM 전건원칙 포함)
16/328158,11554491,Robotic system and method of movement control using synthetic array radar and passive beacons,SONY GROUP CORPORATION,SONY GROUP,SONY,JP,2016-10-26,28608464,B25J-0009/1694,0.1,easy_negative,GRAY,False,
16/623393,11618158,Climbing soft robotics,TEMPLE UNIVERSITY-OF THE COMMONWEALTH SYSTEM OF HIGHER EDUCATION,TEMPLE UNIVERSITY-OF THE COMMONWEALTH SYSTEM OF HIGHER EDUCATION,TEMPLE UNIVERSITY-OF THE COMMONWEALTH SYSTEM OF HIGHER EDUCATION,US,2018-06-18,28632334,B25J-0009/10,0.1,easy_negative,GRAY,False,
17/135797,11628568,Cooperative robotic arm system and homing method thereof,INDUSTRIAL TECHNOLOGY RESEARCH INSTITUTE,INDUSTRIAL TECHNOLOGY RESEARCH INSTITUTE,INDUSTRIAL TECHNOLOGY RESEARCH INSTITUTE,TW,2020-12-28,28636359,B25J-0009/1666,0.1,easy_negative,GRAY,False,
16/886320,11648677,Automatic wheel changer robot,"Vehicle Service Group, LLC",VEHICLE SERVICE GROUP,VEHICLE SERVICE GROUP,US,2020-05-28,28643896,B25J-0009/1687,0.1,easy_negative,GRAY,False,
16/921906,11628562,"Method, device and computer program for producing a strategy for a robot",ROBERT BOSCH GMBH,ROBERT BOSCH,ROBERT BOSCH,DE,2020-07-06,28636358,B25J-0009/163,0.1,easy_negative,GRAY,False,
16/703410,11624713,Flexible inspection system,"FORD GLOBAL TECHNOLOGIES, LLC",FORD GLOBAL TECHNOLOGIES,FORD GLOBAL TECHNOLOGIES,US,2019-12-04,28634793,B25J-0009/1697,0.1,easy_negative,GRAY,False,
16/883895,11648673,Automated safety procedures for human intervention in robot systems,INTRINSIC INNOVATION LLC,INTRINSIC INNOVATION,ALPHABET,US,2020-05-26,28643895,B25J-0009/1674,0.1,easy_negative,GRAY,False,
16/434626,11628574,"System and method for robotic, compact, mobile beverage station",Ross Digital PTD Ltd. | Ross Digital PTE Ltd.,ROSS DIGITAL PTD,ROSS DIGITAL PTD,SG,2019-06-07,28636361,B25J-0011/0045,0.1,easy_negative,GRAY,False,
16/343572,11648680,Protection system and method for cargo in a compartment and robotic equipment thereof,"SHENZHEN DORABOT ROBOTICS CO., LTD.",SHENZHEN DORABOT ROBOTICS,SHENZHEN DORABOT ROBOTICS,CN,2017-07-27,28643897,B25J-0009/1697,0.1,easy_negative,GRAY,False,
16/818724,11691300,Shoulder joint and brake for a robotic arm,EMPOWER ROBOTICS CORPORATION,EMPOWER ROBOTICS,EMPOWER ROBOTICS,US,2020-03-13,28658951,B25J-0019/0004,0.1,easy_negative,GRAY,False,
17/171549,11667043,Counterbalance mechanism for robotic assist device,GM Global Technology Operations LLC,GM GLOBAL TECHNOLOGY OPERATIONS,GM,US,2021-02-09,28650398,B25J-0019/0008,0.1,easy_negative,GRAY,False,
16/940566,11691270,"Mechanism with three degrees-of-freedom (DOF) output to provide independent control over roll, pitch, and yaw of output structure",Sanctuary Cognitive Systems Corporation,SANCTUARY COGNITIVE SYSTEMS,SANCTUARY COGNITIVE SYSTEMS,CA,2020-07-28,28658943,B25J-0009/102,0.1,easy_negative,T1_auto,True,구제:사례매핑 T1/T2 권고(OEM 전건원칙 포함)
17/607623,11701781,Multi-arm robot for realizing conversion between sitting and lying posture of patients and carrying patients to different positions,"DALIAN UNIVERSITY OF TECHNOLOGY | CHENGDU RESEARCH INSTITUTE, DALIAN UNIVERSITY OF TECHNOLOGY",DALIAN UNIVERSITY OF TECHNOLOGY,DALIAN UNIVERSITY OF TECHNOLOGY,CN,2020-08-26,28662562,B25J-0011/009,0.1,easy_negative,GRAY,False,
16/853627,11731278,Robot teleoperation using mobile device motion sensors and web standards,GOOGLE LLC,GOOGLE,ALPHABET,US,2020-04-20,28673176,B25J-0009/1689,0.1,easy_negative,GRAY,False,
17/137382,11724393,"Robotic arm space position adjustment method, robotic arm controller and computer readable storage medium",UBTECH ROBOTICS CORP LTD,UBTECH ROBOTICS,UBTECH,CN,2020-12-30,28670846,B25J-0009/1664,0.1,easy_negative,GRAY,False,
17/074178,11745360,Compliant inner lip on a vacuum gripper,"INTELLIGRATED HEADQUARTERS, LLC",INTELLIGRATED HEADQUARTERS,INTELLIGRATED HEADQUARTERS,US,2020-10-19,28678038,B25J-0015/0683,0.1,easy_negative,GRAY,False,
17/211494,11731274,Predictive time horizon robotic motion control,"Ford Global Technologies, LLC",FORD GLOBAL TECHNOLOGIES,FORD GLOBAL TECHNOLOGIES,US,2021-03-24,28673175,B25J-0009/1666,0.1,easy_negative,GRAY,False,
17/233315,11772279,Product stacking end of arm tool,House of Design LLC,HOUSE OF DESIGN,HOUSE OF DESIGN,US,2021-04-16,28687308,B25J-0015/022,0.1,easy_negative,GRAY,False,
17/216702,11752623,Simulating task performance of virtual characters,Honda Research Institute Europe GmbH,HONDA RESEARCH INSTITUTE EUROPE,HONDA,DE,2021-03-30,28680497,B25J-0009/1605,0.1,easy_negative,GRAY,False,
16/962628,11766788,Inspection robot and inspection method,"SHENZHEN YOUIBOT ROBOTICS CO., LTD.",SHENZHEN YOUIBOT ROBOTICS,SHENZHEN YOUIBOT ROBOTICS,CN,2019-01-17,28685264,B25J-0019/022,0.1,easy_negative,GRAY,False,
17/223111,11745356,Autonomous robotic system for placing and fastening paneling material for building construction operations,PURDUE RESEARCH FOUNDATION,PURDUE RESEARCH FOUNDATION,PURDUE RESEARCH FOUNDATION,US,2021-04-06,28678037,B25J-0011/0055,0.1,easy_negative,GRAY,False,
16/795673,11759961,Pneumatic robotic finishing tool,"ATI Industrial Automation, Inc.",ATI INDUSTRIAL AUTOMATION,ATI INDUSTRIAL AUTOMATION,US,2020-02-20,28682917,B25J-0011/0065,0.1,easy_negative,GRAY,False,
17/301716,12011827,Robot teaching with scans in and out of robot workspace,SCALABLE ROBOTICS INC.,SCALABLE ROBOTICS,SCALABLE ROBOTICS,US,2021-04-12,28689927,B25J-0009/0081,0.1,easy_negative,GRAY,False,
17/187835,11787064,"Mass-controlled viscous material deposition system, apparatus and method",William Miller,WILLIAM MILLER,WILLIAM MILLER,US,2021-02-28,28692355,B25J-0011/0075,0.1,easy_negative,GRAY,False,
16/784583,11806862,"Robots, methods, computer programs, computer-readable media, arrays of microphones and controllers",EMOTECH LTD,EMOTECH,EMOTECH,GB,2020-02-07,28699404,B25J-0013/003,0.1,easy_negative,GRAY,False,
17/004968,11787048,Robot planning from process definition graph,INTRINSIC INNOVATION LLC,INTRINSIC INNOVATION,ALPHABET,US,2020-08-27,28692349,B25J-0009/1661,0.1,easy_negative,GRAY,False,
17/210688,11772264,Neural network adaptive tracking control method for joint robots,"Dibi (Chongqing) Intelligent Technology Research Institute Co., Ltd.",DIBI (CHONGQING) INTELLIGENT TECHNOLOGY RESEARCH INSTITUTE,DIBI (CHONGQING) INTELLIGENT TECHNOLOGY RESEARCH INSTITUTE,CN,2021-03-24,28687307,B25J-0009/163,0.1,easy_negative,GRAY,False,
17/017299,11794334,"Reconfigurable, adaptable robotic structures",THE BOARD OF TRUSTEES OF THE LELAND STANFORD JUNIOR UNIVERSITY,THE BOARD OF TRUSTEES OF THE LELAND STANFORD JUNIOR UNIVERSITY,THE BOARD OF TRUSTEES OF THE LELAND STANFORD JUNIOR UNIVERSITY,US,2020-09-10,28694951,B25J-0009/0075,0.1,easy_negative,GRAY,False,
16/741438,11806861,Multi-use mobile robot and methods of use,"Ford Global Technologies, LLC",FORD GLOBAL TECHNOLOGIES,FORD GLOBAL TECHNOLOGIES,미상,2020-01-13,28699403,B25J-0011/008,0.1,easy_negative,E_auto,False,
18/329674,11813752,Mobile manipulation control method and system of quadruped robot with operation arm,SHANDONG UNIVERSITY,SHANDONG UNIVERSITY,SHANDONG UNIVERSITY,CN,2023-06-06,28701763,B25J-0009/1664,0.1,easy_negative,GRAY,False,
16/453047,11845191,Robotic picking of cuboidal items from a pallet,"Amazon Technologies, Inc.",AMAZON TECHNOLOGIES,AMAZON,US,2019-06-26,28712974,B25J-0009/1679,0.1,easy_negative,GRAY,False,
17/101720,11865727,Robotic picking assemblies with different concurrent flow rates,"Amazon Technologies, Inc.",AMAZON TECHNOLOGIES,AMAZON,US,2020-11-23,28720453,B25J-0009/1612,0.1,easy_negative,GRAY,False,
17/033893,11850746,Planar articulated robot and inner rotor joint device,SOOCHOW UNIVERSITY,SOOCHOW UNIVERSITY,SOOCHOW UNIVERSITY,CN,2020-09-27,28715096,B25J-0009/126,0.1,easy_negative,GRAY,False,
16/892099,11883963,Robotic platform for interactive play using a telepresence robot surrogate,CUSHYBOTS CORPORATION,CUSHYBOTS,CUSHYBOTS,US,2020-06-03,28727288,B25J-0009/1689,0.1,easy_negative,GRAY,False,
16/905906,11850749,"Modular robot, system thereof, control method for modular robot","BEIJING KEYI TECHNOLOGY CO., LTD.",BEIJING KEYI TECHNOLOGY,BEIJING KEYI TECHNOLOGY,CN,2018-12-17,28715098,B25J-0009/1617,0.1,easy_negative,GRAY,False,
17/138942,11845186,Inverse kinematics solving method for redundant robot and redundant robot and computer readable storage medium using the same,UBTECH ROBOTICS CORP LTD,UBTECH ROBOTICS,UBTECH,CN,2020-12-31,28712972,B25J-0009/1643,0.1,easy_negative,GRAY,False,
17/326960,11878422,Integrated manufacturing automation system architecture,Corning Research & Development Corporation,CORNING RESEARCH & DEVELOPMENT,CORNING RESEARCH & DEVELOPMENT,US,2021-05-21,28725060,B25J-0009/1661,0.1,easy_negative,GRAY,False,
17/162932,11897139,Dynamic configuration method based on role assignation and multi-agent plan execution device,FAROBOT INC.,FAROBOT,FAROBOT,TW,2021-01-29,28731921,B25J-0009/1661,0.1,easy_negative,GRAY,False,
17/118235,11883955,Power on self test for brakes in an autonomous delivery robot,"AMAZON TECHNOLOGIES, INC.",AMAZON TECHNOLOGIES,AMAZON,US,2020-12-10,28727286,B25J-0019/0095,0.1,easy_negative,E_auto,False,
16/688794,11897141,Automated fastening system,"PALLETEC, LLC",PALLETEC,PALLETEC,US,2019-11-19,28731923,B25J-0009/026,0.1,easy_negative,GRAY,False,
17/196831,11904458,End effector for mobile robot configured for tool changeout and breakaway,"Onward Robotics, Inc. | IAM ROBOTICS, LLC",ONWARD ROBOTICS,ONWARD ROBOTICS,US,2021-03-09,28734390,B25J-0015/0441,0.1,easy_negative,GRAY,False,
17/567159,11898996,Test system with detection feedback,Teng-Jen Yang,TENG-JEN YANG,TENG-JEN YANG,TW,2022-01-03,28732365,B25J-0013/085,0.1,easy_negative,GRAY,False,
17/366589,11926040,Compact lockbolt swage end effector with collar pickup and retention jaws,The Boeing Company,THE BOEING,THE BOEING,US,2021-07-02,28742058,B25J-0011/005,0.1,easy_negative,GRAY,False,
16/909002,11667035,Path-modifying control system managing robot singularities,Wisconsin Alumni Research Foundation,WISCONSIN ALUMNI RESEARCH FOUNDATION,WISCONSIN ALUMNI RESEARCH FOUNDATION,US,2020-06-23,28650394,B25J-0009/1666,0.1,easy_negative,GRAY,False,
17/489662,11926053,Robotic simulation distributed version control system,"HITACHI, LTD.",HITACHI,HITACHI,JP,2021-09-29,28742064,B25J-0009/163,0.1,easy_negative,GRAY,False,
18/177777,11938623,Ground simulation device and method for on-orbit manipulation of space manipulator,Shenzhen Technology University,SHENZHEN TECHNOLOGY UNIVERSITY,SHENZHEN TECHNOLOGY UNIVERSITY,CN,2023-03-03,28747328,B25J-0019/0095,0.1,easy_negative,GRAY,False,
17/366624,11938616,Swage end effector with automated fastener size change capability,The Boeing Company,THE BOEING,THE BOEING,US,2021-07-02,28747326,B25J-0015/0408,0.1,easy_negative,GRAY,False,
17/331125,11926048,Modular robotic linkages,"Amazon Technologies, Inc.",AMAZON TECHNOLOGIES,AMAZON,US,2021-05-26,28742060,B25J-0009/0009,0.1,easy_negative,GRAY,False,
17/540946,11951627,Modular autonomous robot distributed control,"Ford Global Technologies, LLC",FORD GLOBAL TECHNOLOGIES,FORD GLOBAL TECHNOLOGIES,US,2021-12-02,28752662,B25J-0009/1664,0.1,easy_negative,GRAY,False,
18/519039,11951607,Robotic waiter system,Jose Ignacio Acitores Garcia | Andres Vallejo Cespedes,JOSE IGNACIO ACITORES GARCIA,JOSE IGNACIO ACITORES GARCIA,ES,2023-11-26,28752658,B25J-0011/008,0.1,easy_negative,GRAY,False,
17/471063,11986955,In-hand pose refinement for pick and place automation,"LLC, INTRINSIC I",INTRINSIC I,INTRINSIC I,US,2021-09-09,28767453,B25J-0009/1697,0.1,easy_negative,GRAY,False,
17/282656,11945110,Multi-degree-of-freedom continuum robot with flexible target grasping function,DALIAN UNIVERSITY OF TECHNOLOGY,DALIAN UNIVERSITY OF TECHNOLOGY,DALIAN UNIVERSITY OF TECHNOLOGY,CN,2020-04-01,28750028,B25J-0009/0075,0.1,easy_negative,GRAY,False,
17/666699,12005583,Robotic system for moving a payload with minimal payload sway and increased positioning accuracy,GM Global Technology Operations LLC,GM GLOBAL TECHNOLOGY OPERATIONS,GM,US,2022-02-08,28774757,B25J-0009/1633,0.1,easy_negative,GRAY,False,
17/190795,11992958,Adaptive fixturing system,"THOR TECH, INC.",THOR TECH,THOR TECH,US,2021-03-03,28769938,B25J-0009/1687,0.1,easy_negative,GRAY,False,
17/016429,11904476,"Method of automated cookware handling in robotic systems, and in different handling environments",Kitchen Robotics Ltd,KITCHEN ROBOTICS,KITCHEN ROBOTICS,IL,2020-09-10,28734397,B25J-0009/1664,0.1,easy_negative,GRAY,False,
17/418078,12017354,Pneumatic-controlled pitch-adjustable telescopic mechanism used for robotic arm,GUANGZHOU COLLEGE OF TECHNOLOGY AND BUSINESS,GUANGZHOU COLLEGE OF TECHNOLOGY AND BUSINESS,GUANGZHOU COLLEGE OF TECHNOLOGY AND BUSINESS,CN,2020-07-02,28779414,B25J-0009/144,0.1,easy_negative,GRAY,False,
16/879681,11992949,Remote robotic welding with a handheld controller,SISU DEVICES LLC,SISU DEVICES,SISU DEVICES,US,2020-05-20,28769937,B25J-0009/1664,0.1,easy_negative,GRAY,False,
17/051072,12005591,Ultrasonic testing system of dual robot arms and method thereof,BEIJING INSTITUTE OF TECHNOLOGY,BEIJING INSTITUTE OF TECHNOLOGY,BEIJING INSTITUTE OF TECHNOLOGY,CN,2019-07-16,28774760,B25J-0009/1682,0.1,easy_negative,GRAY,False,
17/059755,12049003,Movable hybrid machining robot based on three-degree-of-freedom force-controlled parallel module,TSINGHUA UNIVERSITY,TSINGHUA UNIVERSITY,TSINGHUA UNIVERSITY,CN,2018-11-19,28791657,B25J-0005/007,0.1,easy_negative,GRAY,False,
17/774317,12064884,Automated calibration system and calibration method for flexible robot actuator,SOUTHEAST UNIVERSITY,SOUTHEAST UNIVERSITY,SOUTHEAST UNIVERSITY,CN,2022-01-06,28797487,B25J-0009/1692,0.1,easy_negative,GRAY,False,
16/752358,12042933,Nested linear stroke multipliers for robot manipulators,KINDRED SYSTEMS II INC. | KINDRED SYSTEMS INC.,KINDRED SYSTEMS II,KINDRED SYSTEMS II,CA,2020-01-24,28789379,B25J-0018/025,0.1,easy_negative,GRAY,False,
16/674163,12059800,End effectors for robotic units used to open and close vehicle doors,"Nissan North America, Inc.",NISSAN NORTH AMERICA,NISSAN NORTH AMERICA,US,2019-11-05,28787130,B25J-0011/00,0.1,easy_negative,GRAY,False,
17/694836,11986968,Real-time control system for industrial robot based on virtual reality (VR),Harbin Institute of Technology,HARBIN INSTITUTE OF TECHNOLOGY,HARBIN INSTITUTE OF TECHNOLOGY,CN,2022-03-15,28767456,B25J-0009/1697,0.1,easy_negative,GRAY,False,
17/642237,12053889,Kinematics model-free trajectory tracking method for robotic arms and robotic arm system,SUN YAT-SEN UNIVERSITY,SUN YAT-SEN UNIVERSITY,SUN YAT-SEN UNIVERSITY,CN,2020-09-18,28793746,B25J-0009/1664,0.1,easy_negative,GRAY,False,
17/143634,12053875,Method and system for determining sensor placement for a workspace based on robot pose scenarios,"Ford Global Technologies, LLC",FORD GLOBAL TECHNOLOGIES,FORD GLOBAL TECHNOLOGIES,US,2021-01-07,28793741,B25J-0013/089,0.1,easy_negative,GRAY,False,
17/963306,12042925,"Overspray-free paint system including AGV/AMR-based fixture lifting, positioining and orienting",GM GLOBAL TECHNOLOGY OPERATIONS LLC,GM GLOBAL TECHNOLOGY OPERATIONS,GM,US,2022-10-11,28789378,B25J-0011/0075,0.1,easy_negative,GRAY,False,
16/801005,12064869,"Morphable inertial appemdage, systems and associated methods",THE CHINESE UNIVERSITY OF HONG KONG,THE CHINESE UNIVERSITY OF HONG KONG,THE CHINESE UNIVERSITY OF HONG KONG,CN,2020-02-25,28797486,B25J-0009/0048,0.1,easy_negative,GRAY,False,
17/926833,12076855,Wearable cable-driven robotic arm system,NANJING UNIVERSITY OF AERONAUTICS AND ASTRONAUTICS,NANJING UNIVERSITY OF AERONAUTICS AND ASTRONAUTICS,NANJING UNIVERSITY OF AERONAUTICS AND ASTRONAUTICS,CN,2021-01-28,28801523,B25J-0009/0006,0.1,easy_negative,GRAY,False,
18/196417,12115656,Modular robotic arm,"Ally Robotics, Inc.",ALLY ROBOTICS,ALLY ROBOTICS,US,2023-05-11,28817371,B25J-0015/0061,0.1,easy_negative,GRAY,False,
17/588001,12109692,Method for teaching torch orientation for robotic welding,"James Walter Beard, III | Stephen Lee Canfield | Stephen Zuccaro",JAMES WALTER BEARD III,JAMES WALTER BEARD III,US,2022-01-28,28814963,B25J-0009/0081,0.1,easy_negative,GRAY,False,
17/405215,12083683,Cloud based computer-implemented system and method for grouping action items on visual programming panel in robot simulator,ROBIM TECHNOLOGIES INC. OF CANADA.,ROBIM TECHNOLOGIES OF CANADA,ROBIM TECHNOLOGIES OF CANADA,CA,2021-08-18,28803861,B25J-0009/1671,0.1,easy_negative,GRAY,False,
17/951434,12128568,System and method to facilitate communication between control server and robotic devices,Grey Orange Incorporated,GREY ORANGE,GREY ORANGE,US,2022-09-23,28822725,B25J-0009/161,0.1,easy_negative,E_auto,False,
17/832036,12122049,Task-specific simulated robotic manipulators,"Amazon Technologies, Inc.",AMAZON TECHNOLOGIES,AMAZON,US,2022-06-03,28820258,B25J-0009/1605,0.1,easy_negative,GRAY,False,
17/585602,12157227,Robot control method and robot system,SEIKO EPSON CORPORATION,SEIKO EPSON,SEIKO EPSON,JP,2022-01-27,85452125,B25J-0009/1633,0.1,easy_negative,GRAY,False,
16/853813,11420324,Parallel link robot,FANUC CORPORATION,FANUC,FANUC,JP,2020-04-21,85521956,B25J-0009/107,0.1,easy_negative,GRAY,False,
17/536264,11789426,"Motor control angle sensor, motor control system, and control method for motor control angle sensor",SEIKO EPSON CORPORATION,SEIKO EPSON,SEIKO EPSON,미상,2021-11-29,85442552,B25J-0013/088,0.1,easy_negative,GRAY,False,
17/720731,12138783,Robotic end-tool with divider restraining mechanism,"RIOS Intelligent Machines, Inc.",RIOS INTELLIGENT MACHINES,RIOS INTELLIGENT MACHINES,미상,2022-04-14,28827166,B25J-0015/0616,0.1,easy_negative,GRAY,False,
17/570578,12042941,Robotic datacenter assembly,Khaled Elbehiery | Hussam Elbehiery,KHALED ELBEHIERY,KHALED ELBEHIERY,US,2022-01-07,28789382,B25J-0009/1679,0.1,easy_negative,GRAY,False,
17/289018,12115669,Variable-parameter stiffness identification and modeling method for industrial robot,NANJING UNIVERSITY OF AERONAUTICS AND ASTRONAUTICS,NANJING UNIVERSITY OF AERONAUTICS AND ASTRONAUTICS,NANJING UNIVERSITY OF AERONAUTICS AND ASTRONAUTICS,CN,2019-10-08,28817374,B25J-0009/1653,0.1,easy_negative,GRAY,False,
17/473702,12138778,Control system for robotic devices,AI Incorporated,AI,AI,CA,2021-09-13,28827165,B25J-0013/006,0.1,easy_negative,GRAY,False,
16/143235,11458621,"Systems, devices, articles, and methods for parallelization of robots in synchronous communication framework",KINDRED SYSTEMS II INC. | OCADO CANADA HOLDINGS INC.,KINDRED SYSTEMS II,KINDRED SYSTEMS II,CA,2018-09-26,85609840,B25J-0009/1628,0.1,easy_negative,E_auto,False,
17/093863,11738459,"Robot control device, robot control method, and non-transitory computer-readable recording medium","PANASONIC INTELLECTUAL PROPERTY MANAGEMENT CO., LTD.",PANASONIC INTELLECTUAL PROPERTY MANAGEMENT,PANASONIC,JP,2020-11-10,85473642,B25J-0009/1674,0.1,easy_negative,GRAY,False,
17/496711,12151378,Vibration reduction system for precision robotics applications,NIKON CORPORATION,NIKON,NIKON,JP,2021-10-07,85611577,B25J-0009/1664,0.1,easy_negative,GRAY,False,
17/512685,12030191,"Vision-guided picking and placing method, mobile robot and computer-readable storage medium","UBKANG (QINGDAO) TECHNOLOGY CO., LTD.",UBKANG (QINGDAO) TECHNOLOGY,UBKANG (QINGDAO) TECHNOLOGY,CN,2021-10-28,85478505,B25J-0009/1669,0.1,easy_negative,GRAY,False,
17/624028,12162159,Moving robot and method of controlling the same,LG ELECTRONICS INC.,LG ELECTRONICS,LG,KR,2020-07-02,85625060,B25J-0009/1666,0.1,easy_negative,GRAY,False,
15/931677,11724386,Robotic tool holder with passive compliance,"ATI Industrial Automation, Inc.",ATI INDUSTRIAL AUTOMATION,ATI INDUSTRIAL AUTOMATION,US,2020-05-14,85522726,B25J-0009/144,0.1,easy_negative,GRAY,False,
17/544274,12145268,Inverse optimal control for human approach,"HONDA MOTOR CO., LTD.",HONDA MOTOR,HONDA,JP,2021-12-07,85610819,B25J-0009/1607,0.1,easy_negative,GRAY,False,
16/824673,10766141,Robotic system with a coordinated transfer mechanism,"MUJIN, Inc.",MUJIN,MUJIN,JP,2020-03-19,85713624,B25J-0009/1682,0.1,easy_negative,GRAY,False,
17/167353,12168297,Robot apparatus and control method,Canon Kabushiki Kaisha,CANON,CANON,JP,2021-02-04,85838457,B25J-0009/1612,0.1,easy_negative,GRAY,False,
16/415243,11173603,Robot system and robot,FANUC CORPORATION,FANUC,FANUC,JP,2019-05-17,85846263,B25J-0009/1628,0.1,easy_negative,E_auto,False,
17/523382,12172316,Robotic system for inspecting a part and associated methods,The Boeing Company,THE BOEING,THE BOEING,US,2021-11-10,86048245,B25J-0009/1664,0.1,easy_negative,GRAY,False,
16/574786,11260525,Master robot for controlling slave robot and driving method thereof,LG ELECTRONICS INC.,LG ELECTRONICS,LG,KR,2019-09-18,85934887,B25J-0003/00,0.1,easy_negative,GRAY,False,
17/624865,12168299,"Information processing device, control method, and storage medium",NEC CORPORATION,NEC,NEC,JP,2019-09-09,85838459,B25J-0009/1661,0.1,easy_negative,GRAY,False,
17/095619,12157228,Continuum robot and continuum robot control system,CANON KABUSHIKI KAISHA,CANON,CANON,JP,2020-11-11,85799511,B25J-0009/1635,0.1,easy_negative,E_auto,False,
16/889021,11628567,Obstacle search device of robot system,FANUC CORPORATION,FANUC,FANUC,JP,2020-06-01,85638000,B25J-0009/1666,0.1,easy_negative,GRAY,False,
16/540565,11358276,Robot and robot system,FANUC CORPORATION,FANUC,FANUC,JP,2019-08-14,86142794,B25J-0009/1612,0.1,easy_negative,GRAY,False,
14/627107,9561588,Robot system including plurality of robot control devices,FANUC CORPORATION,FANUC,FANUC,JP,2015-02-20,86337865,B25J-0009/163,0.1,easy_negative,GRAY,False,
16/538114,11235458,Manipulating boxes using a zoned gripper,"BOSTON DYNAMICS, INC.",BOSTON DYNAMICS,HYUNDAI MOTOR GROUP(2021~)/구글·소프트뱅크(이전),US,2019-08-12,86025796,B25J-0009/10,0.1,easy_negative,GRAY,False,
17/276285,12122041,Electric tool changer,GIMATIC S.R.L.,GIMATIC,GIMATIC,IT,2019-08-05,86319643,B25J-0015/0416,0.1,easy_negative,GRAY,False,
17/099857,11338450,Multi-purpose end-effectors with rollers and pneumatically controlled grippers for robotic emblem installation,GM GLOBAL TECHNOLOGY OPERATIONS LLC,GM GLOBAL TECHNOLOGY OPERATIONS,GM,US,2020-11-17,85849195,B25J-0015/0066,0.1,easy_negative,GRAY,False,
17/283028,11897142,Method and device for creating a robot control program,BYSTRONIC LASER AG,BYSTRONIC LASER,BYSTRONIC LASER,CH,2019-10-04,28731924,B25J-0009/1656,0.1,easy_negative,GRAY,False,
14/879762,10682763,Robot system that operates through a network firewall,"INTOUCH TECHNOLOGIES, INC.",INTOUCH TECHNOLOGIES,INTOUCH TECHNOLOGIES,US,2015-10-09,86212856,B25J-0009/1689,0.1,easy_negative,GRAY,False,
15/726532,10759065,Machine tool,FANUC CORPORATION,FANUC,FANUC,JP,2017-10-06,86338097,B25J-0019/0075,0.1,easy_negative,GRAY,False,
15/954092,10906183,Calibration system,"Toyota Jidosha Kabushiki Kaisha | Tamadic Co., Ltd. | Shinya Hirano",TOYOTA JIDOSHA,TOYOTA,JP,2018-04-16,86338145,B25J-0009/1692,0.1,easy_negative,GRAY,False,
16/834062,11534912,"Vibration display device, operation program creating device, and system",FANUC CORPORATION,FANUC,FANUC,JP,2020-03-30,86338283,B25J-0009/163,0.1,easy_negative,GRAY,False,
16/530048,11571822,"Control device, grease cooling method and management device",FANUC CORPORATION,FANUC,FANUC,JP,2019-08-02,86338225,B25J-0019/0054,0.1,easy_negative,GRAY,False,
16/759621,11953888,Production cell,FESTO SE & CO. KG,FESTO & CO KG,FESTO & CO KG,DE,2018-10-25,86122390,B25J-0021/00,0.1,easy_negative,GRAY,False,
15/243859,9889560,Robot system for operating robot from plurality of teaching devices,FANUC CORPORATION,FANUC,FANUC,JP,2016-08-22,86337995,B25J-0009/161,0.1,easy_negative,GRAY,False,
15/915182,10618161,Robot,FANUC CORPORATION,FANUC,FANUC,JP,2018-03-08,86338141,B25J-0009/046,0.1,easy_negative,GRAY,False,
16/511285,11230013,Calibration system and calibration method of robot,FANUC CORPORATION,FANUC,FANUC,JP,2019-07-15,86363216,B25J-0009/1692,0.1,easy_negative,GRAY,False,
17/566879,12179346,"Active and passive arm module, end module and industrial robot",BECKHOFF AUTOMATION GMBH,BECKHOFF AUTOMATION,BECKHOFF AUTOMATION,DE,2021-12-31,86605525,B25J-0019/0029,0.1,easy_negative,GRAY,False,
17/452247,12186907,Dynamic use of artificial intelligence (AI) models on an autonomous AI enabled robotic device,International Business Machines Corporation,INTERNATIONAL BUSINESS MACHINES,INTERNATIONAL BUSINESS MACHINES,US,2021-10-26,86425631,B25J-0009/163,0.1,easy_negative,GRAY,False,
17/680974,12186910,"Device for controlling return of robot to origin thereof, and method of searching return path of robot to origin thereof",DENSO WAVE INCORPORATED,DENSO WAVE,DENSO,JP,2022-02-25,86425634,B25J-0009/1664,0.1,easy_negative,GRAY,False,
17/446228,12172321,Work mode and travel mode for mobile robots,"Boston Dynamics, Inc.",BOSTON DYNAMICS,HYUNDAI MOTOR GROUP(2021~)/구글·소프트뱅크(이전),US,2021-08-27,86615621,B25J-0009/162,0.1,easy_negative,GRAY,False,
17/889750,12115663,Maritime applications for a mobile robot,ROAM ROBOTICS INC.,ROAM ROBOTICS,ROAM ROBOTICS,US,2022-08-17,86816197,B25J-0009/0006,0.1,easy_negative,GRAY,False,
17/242893,11919146,"Method, system, and non-transitory computer-readable recording medium for controlling a serving robot","Bear Robotics, Inc.",BEAR ROBOTICS,BEAR ROBOTICS,US,2021-04-28,86819959,B25J-0011/008,0.1,easy_negative,GRAY,False,
17/101500,11685058,Soft robotic tentacle gripper,MITSUBISHI ELECTRIC RESEARCH LABORATORIES INC.,MITSUBISHI ELECTRIC RESEARCH LABORATORIES,MITSUBISHI ELECTRIC,US,2020-11-23,86709541,B25J-0015/0233,0.1,easy_negative,GRAY,False,
17/453724,12202121,Robot,"HONDA MOTOR CO., LTD.",HONDA MOTOR,HONDA,JP,2021-11-05,86861356,B25J-0011/0005,0.1,easy_negative,GRAY,False,
18/091962,12194634,Error detection method and robot system based on a plurality of pose identifications,THE FIRST AFFILIATED HOSPITAL OF NAVAL MEDICAL UNIVERSITY | BEIJING SURGERII ROBOTICS COMPANY LIMITED,THE FIRST AFFILIATED HOSPITAL OF NAVAL MEDICAL UNIVERSITY,THE FIRST AFFILIATED HOSPITAL OF NAVAL MEDICAL UNIVERSITY,CN,2022-12-30,86630776,B25J-0009/1653,0.1,easy_negative,GRAY,False,
17/474593,12202128,Robotic picking assemblies with highly damped suction cups,"Amazon Technologies, Inc.",AMAZON TECHNOLOGIES,AMAZON,US,2021-09-14,86861363,B25J-0015/0683,0.1,easy_negative,GRAY,False,
16/786636,12194630,Industrial robot system and method for controlling an industrial robot,BECKHOFF AUTOMATION GMBH,BECKHOFF AUTOMATION,BECKHOFF AUTOMATION,DE,2020-02-10,86630772,B25J-0009/1605,0.1,easy_negative,GRAY,False,
17/509100,12202141,"Method of supporting adjustment of parameter set of robot, a non-transitory computer-readable storage medium, and information processing device",SEIKO EPSON CORPORATION,SEIKO EPSON,SEIKO EPSON,JP,2021-10-25,86861375,B25J-0009/163,0.1,easy_negative,GRAY,False,
17/214922,12203952,"Processed product production apparatus, processed product production method, computer-readable storage medium, and processed product production system",KABUSHIKI KAISHA YASKAWA DENKI,YASKAWA DENKI,YASKAWA,JP,2021-03-28,86863156,B25J-0009/1682,0.1,easy_negative,GRAY,False,
17/666588,12138786,"Teaching device, teaching method, and recording medium",SEIKO EPSON CORPORATION,SEIKO EPSON,SEIKO EPSON,JP,2022-02-08,86921234,B25J-0009/0081,0.1,easy_negative,GRAY,False,
18/144111,12110218,Lift device with robotic welding attachment,OSHKOSH CORPORATION,OSHKOSH,OSHKOSH,US,2023-05-05,87018832,B25J-0005/06,0.1,easy_negative,GRAY,False,
16/507599,12186885,Device for performing emotional gestures to interact with a user,"Intuition Robotics, Ltd",INTUITION ROBOTICS,INTUITION ROBOTICS,IL,2019-07-10,87001898,B25J-0011/001,0.1,easy_negative,GRAY,False,
17/525959,12053888,Suspended robot recovery,KABUSHIKI KAISHA YASKAWA DENKI,YASKAWA DENKI,YASKAWA,JP,2021-11-15,86941382,B25J-0009/1653,0.1,easy_negative,GRAY,False,
17/344074,12208511,Gripping apparatus for plate-shaped workpiece and gripping method for plate-shaped workpiece,DENSO WAVE INCORPORATED,DENSO WAVE,DENSO,JP,2021-06-10,87028219,B25J-0015/0014,0.1,easy_negative,GRAY,False,
18/804271,12186923,Autonomous driving robot capable of obstacle avoidance movement,"TWINNY CO., LTD.",TWINNY,TWINNY,KR,2024-08-14,87013686,B25J-0009/1697,0.1,easy_negative,GRAY,False,
17/920990,12208506,Dual-airway bionic snail soft robot,SOUTHEAST UNIVERSITY,SOUTHEAST UNIVERSITY,SOUTHEAST UNIVERSITY,CN,2022-04-01,87028214,B25J-0011/00,0.1,easy_negative,GRAY,False,
17/788741,12208519,"Multi-axis robot and control method therefor, and work tool",KAWASAKI JUKOGYO KABUSHIKI KAISHA,KAWASAKI JUKOGYO,KAWASAKI HEAVY INDUSTRIES,JP,2020-12-25,87028227,B25J-0009/1015,0.1,easy_negative,GRAY,False,
17/427221,12030197,"Delta robot calibration methods, control system, delta robot and robot system",ABB SCHWEIZ AG,ABB SCHWEIZ,ABB,CH,2019-02-22,87131860,B25J-0009/1692,0.1,easy_negative,E_auto,False,
17/840616,12202153,Robot operation for a moving workpiece,KABUSHIKI KAISHA YASKAWA DENKI,YASKAWA DENKI,YASKAWA,JP,2022-06-15,87220201,B25J-0005/007,0.1,easy_negative,GRAY,False,
17/492562,12145280,Image-based guidance for robotic wire pickup,The Boeing Company,THE BOEING,THE BOEING,US,2021-10-02,87307227,B25J-0009/1697,0.1,easy_negative,GRAY,False,
16/746164,11511430,Robot controller and management system,FANUC CORPORATION,FANUC,FANUC,JP,2020-01-17,87272448,B25J-0009/1674,0.1,easy_negative,GRAY,False,
15/962267,10864633,Automated personalized feedback for interactive learning applications,"SOUTHIE AUTONOMY WORKS, LLC",SOUTHIE AUTONOMY WORKS,SOUTHIE AUTONOMY WORKS,US,2018-04-25,87388315,B25J-0009/163,0.1,easy_negative,GRAY,False,
17/514147,11945122,Robot control method and robot system,SEIKO EPSON CORPORATION,SEIKO EPSON,SEIKO EPSON,JP,2021-10-29,87389303,B25J-0009/1687,0.1,easy_negative,E_auto,False,
17/336986,11845190,Injecting noise into robot simulation,GOOGLE LLC,GOOGLE,ALPHABET,US,2021-06-02,87500571,B25J-0009/1605,0.1,easy_negative,GRAY,False,
17/040211,11931906,Mobile robot device and method for providing service to user,"SAMSUNG ELECTRONICS CO., LTD.",SAMSUNG ELECTRONICS,SAMSUNG,KR,2019-04-02,87388602,B25J-0009/1676,0.1,easy_negative,GRAY,False,
17/614446,12226908,"Control device, control method, and program",SONY GROUP CORPORATION,SONY GROUP,SONY,JP,2020-05-22,87522723,B25J-0009/1633,0.1,easy_negative,GRAY,False,
17/635585,12228893,"Information processing device, control method, and storage medium",NEC CORPORATION,NEC,NEC,JP,2019-08-30,87524685,B25J-0009/1661,0.1,easy_negative,GRAY,False,
16/641278,11613015,Technique for providing reliable control in a cloud robotics system,TELEFONAKTIEBOLAGET LM ERICSSON (PUBL),TELEFONAKTIEBOLAGET LM ERICSSON (PUBL),TELEFONAKTIEBOLAGET LM ERICSSON (PUBL),SE,2017-09-18,87605284,B25J-0009/1643,0.1,easy_negative,GRAY,False,
16/864320,11673273,"Off-line programming apparatus, robot controller, and augmented reality system",FANUC CORPORATION,FANUC,FANUC,JP,2020-05-01,87636882,B25J-0009/1671,0.1,easy_negative,GRAY,False,
16/831148,11465287,"Robot, method of operating same, and robot system including same",LG ELECTRONICS INC.,LG ELECTRONICS,LG,KR,2020-03-26,87753211,B25J-0009/163,0.1,easy_negative,GRAY,False,
16/115902,10759044,Device and method for controlled motion of a tool,"ELYTRA TECHNOLOGIES, LLC",ELYTRA TECHNOLOGIES,ELYTRA TECHNOLOGIES,US,2018-08-29,87747246,B25J-0001/02,0.1,easy_negative,GRAY,False,
18/049006,12233536,Digital finger,WHIRLPOOL CORPORATION,WHIRLPOOL,WHIRLPOOL,US,2022-10-24,87757036,B25J-0015/0009,0.1,easy_negative,GRAY,False,
16/943340,11420340,Suction hand and industrial robot provided with the same,DENSO WAVE INCORPORATED,DENSO WAVE,DENSO,JP,2020-07-30,87834665,B25J-0015/0616,0.1,easy_negative,GRAY,False,
17/528202,12162133,Massage system and massage device,"FAMILY INADA CO., LTD.",FAMILY INADA,FAMILY INADA,JP,2021-11-17,87624879,B25J-0011/008,0.1,easy_negative,GRAY,False,
17/540997,12233541,Autonomous modular robots and methods of use,"Ford Global Technologies, LLC",FORD GLOBAL TECHNOLOGIES,FORD GLOBAL TECHNOLOGIES,US,2021-12-02,87757041,B25J-0018/025,0.1,easy_negative,GRAY,False,
17/755587,12226913,Methods and systems to remotely operate robotic devices,THE BOARD OF TRUSTEES OF THE LELAND STANFORD JUNIOR UNIVERSITY,THE BOARD OF TRUSTEES OF THE LELAND STANFORD JUNIOR UNIVERSITY,THE BOARD OF TRUSTEES OF THE LELAND STANFORD JUNIOR UNIVERSITY,US,2020-11-02,87918260,B25J-0009/1689,0.1,easy_negative,GRAY,False,
17/490810,12214496,Learning software assisted automated manufacture,George K. Ghanem | Joseph A. Ghanem,GEORGE K GHANEM,GEORGE K GHANEM,US,2021-09-30,87917543,B25J-0009/163,0.1,easy_negative,GRAY,False,
17/578517,12240109,"Method of creating control program for robot, system executing processing of creating control program for robot, and non-transitory computer-readable storage medium",SEIKO EPSON CORPORATION,SEIKO EPSON,SEIKO EPSON,JP,2022-01-19,87927569,B25J-0009/0081,0.1,easy_negative,GRAY,False,
16/230302,11453123,Robotic device with time-of-flight proximity sensing system,"STMICROELECTRONICS, INC.",STMICROELECTRONICS,STMICROELECTRONICS,US,2018-12-21,87917481,B25J-0009/1664,0.1,easy_negative,GRAY,False,
18/330998,12233543,Wire routing for robotic manipulator,"Boston Dynamics, Inc.",BOSTON DYNAMICS,HYUNDAI MOTOR GROUP(2021~)/구글·소프트뱅크(이전),US,2023-06-07,88096855,B25J-0019/0029,0.1,easy_negative,GRAY,False,
16/956636,11926058,"Information providing device, information providing method and program",FUJI CORPORATION,FUJI,FUJI,JP,2017-12-28,88087504,B25J-0009/1671,0.1,easy_negative,GRAY,False,
16/664494,11279040,Robot process automation apparatus and method for detecting changes thereof,"SAMSUNG SDS CO., LTD.",SAMSUNG SDS,SAMSUNG,KR,2019-10-25,88106964,B25J-0009/1697,0.1,easy_negative,GRAY,False,
16/613288,11738468,Robot system,KAWASAKI JUKOGYO KABUSHIKI KAISHA,KAWASAKI JUKOGYO,KAWASAKI HEAVY INDUSTRIES,JP,2018-05-16,88184252,B25J-0013/06,0.1,easy_negative,GRAY,False,
16/904891,11554481,Workpiece transport apparatus,Fanuc Corporation,FANUC,FANUC,JP,2020-06-18,88026129,B25J-0009/12,0.1,easy_negative,GRAY,False,
17/784118,12246454,Robot system and method of forming three-dimensional model of workpiece,KAWASAKI JUKOGYO KABUSHIKI KAISHA,KAWASAKI JUKOGYO,KAWASAKI HEAVY INDUSTRIES,JP,2020-12-11,88111120,B25J-0009/1671,0.1,easy_negative,GRAY,False,
16/860495,11554502,Annular component installation system and method,The Boeing Company,THE BOEING,THE BOEING,US,2020-04-28,88390769,B25J-0009/1687,0.1,easy_negative,GRAY,False,
16/676764,11192254,Robot system and adjustment method therefor,FANUC CORPORATION,FANUC,FANUC,JP,2019-11-07,88411684,B25J-0009/1692,0.1,easy_negative,GRAY,False,
17/548620,12251819,Transport system with protruding portions,TOYOTA JIDOSHA KABUSHIKI KAISHA,TOYOTA JIDOSHA,TOYOTA,JP,2021-12-13,88301592,B25J-0005/00,0.1,easy_negative,GRAY,False,
15/652680,10434641,In situ gap inspection robot system and method,General Electric Company,GENERAL ELECTRIC,GENERAL ELECTRIC,US,2017-07-18,88184273,B25J-0005/005,0.1,easy_negative,GRAY,False,
17/049791,11803189,"Control apparatus, control method, robot apparatus and program",SONY CORPORATION,SONY,SONY,JP,2019-01-18,88412282,B25J-0009/1674,0.1,easy_negative,GRAY,False,
18/071345,12251832,Robot stiffness,ROLLS-ROYCE plc,ROLLS-ROYCE,ROLLS-ROYCE,GB,2022-11-29,88301605,B25J-0009/065,0.1,easy_negative,GRAY,False,
16/720398,11548148,Robot control device,FANUC CORPORATION,FANUC,FANUC,JP,2019-12-19,88311626,B25J-0009/1638,0.1,easy_negative,GRAY,False,
17/495544,12157226,Expedited robot teach-through initialization from previously trained system,"GIANT (ASSIGNMENT FOR THE BENEFIT OF CREDITORS), LLC | SANCTUARY COGNITIVE SYSTEMS CORPORATION",GIANT (ASSIGNMENT FOR THE BENEFIT OF CREDITORS),GIANT (ASSIGNMENT FOR THE BENEFIT OF CREDITORS),US,2021-10-06,88813792,B25J-0009/163,0.1,easy_negative,GRAY,False,
18/388738,12251838,System and/or method for error compensation in mechanical transmissions,Orangewood Labs Inc.,ORANGEWOOD LABS,ORANGEWOOD LABS,US,2023-11-10,88785553,B25J-0009/163,0.1,easy_negative,GRAY,False,
17/939698,12246435,Mobile robot configured to determine human arm stiffness during overground interaction,The Curators of the University of Missouri,THE CURATORS OF THE UNIVERSITY OF MISSOURI,THE CURATORS OF THE UNIVERSITY OF MISSOURI,US,2022-09-07,88488755,B25J-0013/085,0.1,easy_negative,GRAY,False,
16/800429,11543798,System architecture for safety applications,"VEO ROBOTICS, INC.",VEO ROBOTICS,VEO ROBOTICS,US,2020-02-25,88784176,B25J-0009/1674,0.1,easy_negative,GRAY,False,
18/380119,12186890,System and method for automated experimentation,Spaero Inc.,SPAERO,SPAERO,US,2023-10-13,88813803,B25J-0009/1679,0.1,easy_negative,GRAY,False,
17/664261,12246434,Method for operation and monitoring of painting robot,FANUC AMERICA CORPORATION,FANUC AMERICA,FANUC,US,2022-05-20,88111100,B25J-0013/006,0.1,easy_negative,GRAY,False,
16/784557,11040454,Robot,FANUC CORPORATION,FANUC,FANUC,JP,2020-02-07,88411907,B25J-0013/00,0.1,easy_negative,GRAY,False,
16/810224,11345035,Control system of industrial robot,FANUC CORPORATION,FANUC,FANUC,JP,2020-03-05,88325201,B25J-0009/1674,0.1,easy_negative,GRAY,False,
16/748539,11458639,Systems for changing tools on a gripper apparatus,"MUJIN, INC.",MUJIN,MUJIN,JP,2020-01-21,88486399,B25J-0015/0616,0.1,easy_negative,GRAY,False,
16/743997,11642798,Method and system for charging robot,LG ELECTRONICS INC.,LG ELECTRONICS,LG,KR,2020-01-15,88519923,B25J-0019/0066,0.1,easy_negative,GRAY,False,
17/213741,12263599,Collaborative multi-robot tasks using action primitives,INTEL CORPORATION,INTEL,INTEL,US,2021-03-26,88824276,B25J-0009/1669,0.1,easy_negative,GRAY,False,
16/983025,11833674,Bi-directional robotic crawler for transporting a sensor system about a structure,"APIARY HOLDINGS, LLC | HONEYBEE ROBOTICS, LLC",APIARY,APIARY,US,2020-08-03,88813789,B25J-0005/005,0.1,easy_negative,GRAY,False,
17/949657,12263605,Collaborative dual-robot hinge installation system including a single multi-purpose vision system,GM GLOBAL TECHNOLOGY OPERATIONS LLC,GM GLOBAL TECHNOLOGY OPERATIONS,GM,US,2022-09-21,88824282,B25J-0009/1697,0.1,easy_negative,GRAY,False,
18/841699,12263602,Robot calibration method based on pose constraint and force sensing,"NINGBO INSTITUTE OF MATERIALS TECHNOLOGY & ENGINEERING, CHINESE ACADEMY OF SCIENCES",NINGBO INSTITUTE OF MATERIALS TECHNOLOGY & ENGINEERING CHINESE ACADEMY OF SCIENCES,NINGBO INSTITUTE OF MATERIALS TECHNOLOGY & ENGINEERING CHINESE ACADEMY OF SCIENCES,CN,2023-06-20,88931507,B25J-0009/1692,0.1,easy_negative,GRAY,False,
18/406640,12257708,Robotic arm calibration method,"Delta Electronics, Inc.",DELTA ELECTRONICS,DELTA ELECTRONICS,TW,2024-01-08,89009528,B25J-0009/02,0.1,easy_negative,GRAY,False,
17/620788,12263575,Method for specifying an input value on a robotic manipulator,FRANKA EMIKA GMBH,FRANKA EMIKA,FRANKA,DE,2020-06-26,88824252,B25J-0013/02,0.1,easy_negative,GRAY,False,
17/849257,12269179,Autonomous manipulation of flexible primary packaging in dimensionally stable secondary packaging by means of robots,INVITE GMBH | BAYER AKTIENGESELLSCHAFT,INVITE,INVITE,DE,2022-06-24,89019920,B25J-0009/1612,0.1,easy_negative,GRAY,False,
17/702141,12214508,Robotic system comprising a movable robot,ABB Schweiz AG,ABB SCHWEIZ,ABB,CH,2022-03-23,88945837,B25J-0009/1674,0.1,easy_negative,GRAY,False,
17/375084,11679503,"Control device, picking system, distribution system, program, control method and production method","MUJIN, INC.",MUJIN,MUJIN,JP,2021-07-14,89247513,B25J-0009/1666,0.1,easy_negative,GRAY,False,
18/070657,12275137,Multi-layered soft pneumatic actuator and robot mechanism including the same,POSTECH RESEARCH AND BUSINESS DEVELOPMENT FOUNDATION,POSTECH RESEARCH AND BUSINESS DEVELOPMENT FOUNDATION,POSTECH RESEARCH AND BUSINESS DEVELOPMENT FOUNDATION,KR,2022-11-29,89268884,B25J-0009/142,0.1,easy_negative,GRAY,False,
17/640388,12220809,Sensing device and robot manipulator having the same,KOREA INSTITUTE OF MACHINERY & MATERIALS,KOREA INSTITUTE OF MACHINERY & MATERIALS,KOREA INSTITUTE OF MACHINERY & MATERIALS,KR,2020-02-05,89130254,B25J-0013/081,0.1,easy_negative,GRAY,False,
16/281767,11383395,Communications module for a robot,ABB Schweiz AG,ABB SCHWEIZ,ABB,CH,2019-02-21,89234956,B25J-0019/02,0.1,easy_negative,GRAY,False,
17/283086,11584001,Bearing assembly,KUKA DEUTSCHLAND GMBH,KUKA DEUTSCHLAND,KUKA,DE,2019-10-15,89583446,B25J-0009/108,0.1,easy_negative,GRAY,False,
18/728363,12285854,Delivery robot,NEUBILITY INC.,NEUBILITY,NEUBILITY,KR,2022-11-22,89672914,B25J-0011/008,0.1,easy_negative,GRAY,False,
15/292119,10232513,"Robot control device, robot system and method of controlling robot which carries object in cooperation with person",FANUC CORPORATION,FANUC,FANUC,JP,2016-10-13,89605774,B25J-0013/085,0.1,easy_negative,GRAY,False,
17/107206,11358289,Joint structure of industrial robot,FANUC CORPORATION,FANUC,FANUC,JP,2020-11-30,89683128,B25J-0017/00,0.1,easy_negative,GRAY,False,
18/025889,12269156,Local autonomy-based haptic robot interaction with dual proxy model,THE BOARD OF TRUSTEES OF THE LELAND STANFORD JUNIOR UNIVERSITY,THE BOARD OF TRUSTEES OF THE LELAND STANFORD JUNIOR UNIVERSITY,THE BOARD OF TRUSTEES OF THE LELAND STANFORD JUNIOR UNIVERSITY,US,2021-11-20,89488737,B25J-0013/025,0.1,easy_negative,GRAY,False,
17/696181,12151382,"Remote operation system, remote operation method, and remote operation program",TOYOTA JIDOSHA KABUSHIKI KAISHA,TOYOTA JIDOSHA,TOYOTA,JP,2022-03-16,89616647,B25J-0009/1689,0.1,easy_negative,GRAY,False,
17/895999,12280509,Method for efficient operation of mobile robotic devices,AI Incorporated,AI,AI,CA,2022-08-25,89820055,B25J-0009/1666,0.1,easy_negative,GRAY,False,
17/292845,12090631,Robotic arm comprising a human-machine interface,KUKA Deutschland GmbH,KUKA DEUTSCHLAND,KUKA,DE,2019-10-30,89890679,B25J-0013/06,0.1,easy_negative,GRAY,False,
17/664990,12290915,Rehabilitation robot control apparatus and method thereof,Hyundai Motor Company | Kia Corporation | Korea Advanced Institute of Science and Technology,HYUNDAI MOTOR,HYUNDAI MOTOR GROUP,KR,2022-05-25,89827051,B25J-0011/0005,0.1,easy_negative,GRAY,False,
15/642665,10987804,Robot device and non-transitory computer readable medium,FUJIFILM BUSINESS INNOVATION CORP.,FUJIFILM BUSINESS INNOVATION,FUJIFILM BUSINESS INNOVATION,JP,2017-07-06,89279227,B25J-0009/163,0.1,easy_negative,GRAY,False,
17/906574,12275133,Robot control device,FANUC CORPORATION,FANUC,FANUC,JP,2021-06-09,89268880,B25J-0013/084,0.1,easy_negative,GRAY,False,
17/940763,12300232,Guide robot and operation method thereof,LG ELECTRONICS INC.,LG ELECTRONICS,LG,KR,2022-09-08,90007483,B25J-0011/008,0.1,easy_negative,GRAY,False,
17/575010,12285860,Arm module for a modular robotic arm of an industrial robot,BECKHOFF AUTOMATION GMBH,BECKHOFF AUTOMATION,BECKHOFF AUTOMATION,DE,2022-01-13,89983883,B25J-0009/08,0.1,easy_negative,GRAY,False,
17/475597,11872705,Autonomous mobile robot utilizing an omni-directional waypoint and control method thereof,Hyundai Motor Company | Kia Corporation,HYUNDAI MOTOR,HYUNDAI MOTOR GROUP,KR,2021-09-15,89905351,B25J-0009/1666,0.1,easy_negative,GRAY,False,
17/270244,11858126,Robot joint and method for sealing a joint gap of a robot joint,ABB Schweiz AG,ABB SCHWEIZ,ABB,CH,2018-08-29,90093885,B25J-0019/0075,0.1,easy_negative,GRAY,False,
17/991048,12290920,Arm module for a modular robot arm of an industrial robot,BECKHOFF AUTOMATION GMBH,BECKHOFF AUTOMATION,BECKHOFF AUTOMATION,DE,2022-11-21,90251740,B25J-0009/08,0.1,easy_negative,GRAY,False,
17/793031,12296472,Mobile manipulator,OMRON CORPORATION,OMRON,OMRON,JP,2021-02-05,90003785,B25J-0005/007,0.1,easy_negative,GRAY,False,
17/696331,12304071,"Robot control system, robot control method, and control program",TOYOTA JIDOSHA KABUSHIKI KAISHA,TOYOTA JIDOSHA,TOYOTA,JP,2022-03-16,90378898,B25J-0009/0084,0.1,easy_negative,GRAY,False,
17/061474,11679501,Controller for determining modification method of position or orientation of robot,FANUC CORPORATION,FANUC,FANUC,JP,2020-10-01,90146532,B25J-0009/1664,0.1,easy_negative,GRAY,False,
17/899864,11554479,Autonomous navigation and collaboration of mobile robots in 5G/6G,"ULTRALOGIC 6G, LLC",ULTRALOGIC 6G,ULTRALOGIC 6G,US,2022-08-31,90274762,B25J-0009/0084,0.1,easy_negative,GRAY,False,
17/030513,11660761,Flexible robotic system using end-effector with pass-through suction modules,"GM GLOBAL TECHNOLOGY OPERATIONS, LLC",GM GLOBAL TECHNOLOGY OPERATIONS,GM,US,2020-09-24,90550876,B25J-0015/0616,0.1,easy_negative,GRAY,False,
17/714567,12304073,"Machine learning device, machine learning method, and controller for robot",DENSO WAVE INCORPORATED,DENSO WAVE,DENSO,JP,2022-04-06,90378900,B25J-0009/163,0.1,easy_negative,GRAY,False,
16/821420,11583998,Robot and method of controlling same,LG ELECTRONICS INC.,LG ELECTRONICS,LG,KR,2020-03-17,90374057,B25J-0009/0003,0.1,easy_negative,E_auto,False,
16/702865,11618163,Industrial robot system,FANUC CORPORATION,FANUC,FANUC,JP,2019-12-04,90551933,B25J-0009/1633,0.1,easy_negative,GRAY,False,
17/991585,12290921,"Method and apparatus for controlling wheel-legged robot, wheel-legged robot, and device",TENCENT TECHNOLOGY (SHENZHEN) COMPANY LIMITED,TENCENT TECHNOLOGY (SHENZHEN),TENCENT TECHNOLOGY (SHENZHEN),CN,2022-11-21,90252186,B25J-0005/007,0.1,easy_negative,GRAY,False,
18/078717,12186921,Robotic system for free-forming a workpiece,GM GLOBAL TECHNOLOGY OPERATIONS LLC,GM GLOBAL TECHNOLOGY OPERATIONS,GM,US,2022-12-09,90551668,B25J-0009/1697,0.1,easy_negative,GRAY,False,
17/262714,11505293,Underwater vehicle with variable configuration,UNIVERSITA' DEGLI STUDI DI FIRENZE,UNIVERSITA' DEGLI STUDI DI FIRENZE,UNIVERSITA' DEGLI STUDI DI FIRENZE,IT,2019-07-23,91590012,B25J-0009/08,0.1,easy_negative,GRAY,False,
14/872177,10875188,Universal motion simulator,DEAKIN UNIVERSITY,DEAKIN UNIVERSITY,DEAKIN UNIVERSITY,AU,2015-10-01,90972513,B25J-0013/02,0.1,easy_negative,T1_auto,False,
14/850019,9925661,Method for controlling wearable robot,TOYOTA JIDOSHA KABUSHIKI KAISHA,TOYOTA JIDOSHA,TOYOTA,JP,2015-09-10,92208633,B25J-0009/0006,0.1,easy_negative,GRAY,False,
17/099472,11717968,"Robot control device, robot control method, and collaborative operation unit",Fanuc Corporation,FANUC,FANUC,JP,2020-11-16,90460272,B25J-0005/007,0.1,easy_negative,GRAY,False,
16/171583,10759057,Inspection system,KABUSHIKI KAISHA TOSHIBA,TOSHIBA,TOSHIBA,JP,2018-10-26,91128756,B25J-0009/1697,0.1,easy_negative,GRAY,False,
16/769796,11679495,Planar multi-joint robot arm system,VDL ENABLING TECHNOLOGIES GROUP B.V.,VDL ENABLING TECHNOLOGIES GROUP,VDL ENABLING TECHNOLOGIES GROUP,NL,2018-12-06,91722273,B25J-0009/1065,0.1,easy_negative,GRAY,False,
16/095123,11034034,Packing robot,ROBOTICS PLUS LIMITED,ROBOTICS PLUS,ROBOTICS PLUS,NZ,2017-04-20,91113910,B25J-0019/023,0.1,easy_negative,GRAY,False,
15/974444,10843336,Magnetic assembly of soft robots with hard components,President and Fellows of Harvard College,PRESIDENT AND FELLOWS OF HARVARD COLLEGE,PRESIDENT AND FELLOWS OF HARVARD COLLEGE,US,2018-05-08,91067668,B25J-0009/14,0.1,easy_negative,GRAY,False,
15/069523,9592604,Remotely operating a mobile robot,"IROBOT DEFENSE HOLDINGS, INC. | iRobot Corporation",IROBOT DEFENSE,IROBOT DEFENSE,US,2016-03-14,92221779,B25J-0013/006,0.1,easy_negative,GRAY,False,
15/296718,10675752,Absolute robot-assisted positioning method,FFT Produktionssysteme GMBH & Co. KG,FFT PRODUKTIONSSYSTEME & CO KG,FFT PRODUKTIONSSYSTEME & CO KG,DE,2016-10-18,92236014,B25J-0009/0084,0.1,easy_negative,GRAY,False,
15/124990,10654167,Method for initializing and controlling robotized equipment,BIO-RAD EUROPE GMBH,BIO-RAD EUROPE,BIO-RAD EUROPE,CH,2015-03-10,92226192,B25J-0009/1682,0.1,easy_negative,GRAY,False,
15/561752,10150214,Method for controlling an industrial robot by touch,ABB SCHWEIZ AG,ABB SCHWEIZ,ABB,CH,2015-03-31,92258069,B25J-0009/1633,0.1,easy_negative,GRAY,False,
14/616146,9393687,Method for programming an industrial robot and industrial robot,KUKA LABORATORIES GMBH,KUKA LABORATORIES,KUKA,DE,2015-02-06,92182808,B25J-0009/0081,0.1,easy_negative,GRAY,False,
15/017814,10335958,Robotic end effector quick change mechanism with switchable magnetic coupler,The Boeing Company,THE BOEING,THE BOEING,US,2016-02-08,92243449,B25J-0015/0441,0.1,easy_negative,GRAY,False,
15/743723,10967521,Robot and robot system,"FINEWELL CO., LTD.",FINEWELL,FINEWELL,JP,2016-07-14,92267283,B25J-0011/0005,0.1,easy_negative,GRAY,False,
15/574258,10507576,Industrial robot,AUTONOX ROBOTICS GMBH,AUTONOX ROBOTICS,AUTONOX ROBOTICS,DE,2016-09-22,92273182,B25J-0009/0051,0.1,easy_negative,GRAY,False,
16/325000,11673279,Isolator system,KAWASAKI JUKOGYO KABUSHIKI KAISHA,KAWASAKI JUKOGYO,KAWASAKI HEAVY INDUSTRIES,JP,2017-08-07,92300458,B25J-0021/02,0.1,easy_negative,GRAY,False,
16/034523,10828783,Method for operating a self-traveling robot,VORWERK & CO. INTERHOLDING GMBH,VORWERK & CO INTERHOLDING,VORWERK & CO INTERHOLDING,DE,2018-07-13,92287763,B25J-0009/1697,0.1,easy_negative,E_auto,False,
16/085290,10702990,Robot and a method of controlling a robot,FLOW ROBOTICS A/S,FLOW ROBOTICS A/S,FLOW ROBOTICS A/S,DK,2017-03-17,92288062,B25J-0009/1694,0.1,easy_negative,GRAY,False,
17/058298,11110610,Workbench system,BAE SYSTEMS PLC,BAE SYSTEMS,BAE SYSTEMS,GB,2019-06-18,92315428,B25J-0009/0096,0.1,easy_negative,GRAY,False,
15/903122,10279471,Traveling system with cable guide,SW AUTOMATION GMBH,SW AUTOMATION,SW AUTOMATION,DE,2018-02-23,92276955,B25J-0009/065,0.1,easy_negative,GRAY,False,
16/759590,11597076,"Hardware module for a robotic system, and mechanical coupling",FESTO SE & CO. KG,FESTO & CO KG,FESTO & CO KG,DE,2018-10-25,92296156,B25J-0009/08,0.1,easy_negative,GRAY,False,
16/963952,11389964,Actively damped robot,BAE SYSTEMS PLC,BAE SYSTEMS,BAE SYSTEMS,GB,2019-02-19,92306257,B25J-0009/1694,0.1,easy_negative,GRAY,False,
16/486291,11279029,Articulated-arm robot and method for machining a workpiece by means of the articulated-arm robot,FILL GESELLSCHAFT M.B.H.,FILL GESELLSCHAFT MBH,FILL GESELLSCHAFT MBH,AT,2018-02-27,92316737,B25J-0009/1638,0.1,easy_negative,GRAY,False,
16/604779,11407113,Device usable by robot and human,VOLVO TRUCK CORPORATION,VOLVO TRUCK,VOLVO TRUCK,SE,2018-04-12,92320258,B25J-0009/1679,0.1,easy_negative,GRAY,False,
16/897850,11364637,Intelligent object tracking,"HANGZHOU TARO POSITIONING TECHNOLOGY CO., LTD.",HANGZHOU TARO POSITIONING TECHNOLOGY,HANGZHOU TARO POSITIONING TECHNOLOGY,CN,2020-06-10,92327775,B25J-0009/1697,0.1,easy_negative,GRAY,False,
16/747525,10889002,Multi-device robot control,X-TEND ROBOTICS INC.,X-TEND ROBOTICS,X-TEND ROBOTICS,US,2020-01-20,92328012,B25J-0013/006,0.1,easy_negative,GRAY,False,
16/479671,11331798,Robot system and robot controller,KAWASAKI JUKOGYO KABUSHIKI KAISHA,KAWASAKI JUKOGYO,KAWASAKI HEAVY INDUSTRIES,JP,2018-01-19,92313474,B25J-0009/163,0.1,easy_negative,GRAY,False,
15/742554,11000947,"Coating plant robot, in particular manipulating robot",DÜRR SYSTEMS AG,DÜRR SYSTEMS,DÜRR SYSTEMS,DE,2016-07-05,92264131,B25J-0009/0072,0.1,easy_negative,GRAY,False,
15/679010,10576622,Robotic manipulator,QUALCOMM INCORPORATED,QUALCOMM,QUALCOMM,US,2017-08-16,92320632,B25J-0009/065,0.1,easy_negative,GRAY,False,
16/970373,11458640,Gripping device and industrial robot,NITTA CORPORATION,NITTA,NITTA,JP,2019-02-14,92345268,B25J-0015/10,0.1,easy_negative,GRAY,False,
15/566516,10668617,Robotic cart pulling vehicle for automated pulling of carts,MOBILE INDUSTRIAL ROBOTS A/S,MOBILE INDUSTRIAL ROBOTS A/S,MOBILE INDUSTRIAL ROBOTS A/S,DK,2016-04-11,92259525,B25J-0009/1065,0.1,easy_negative,GRAY,False,
16/957216,11453118,Industrial robot arm,COGNIBOTICS INC.,COGNIBOTICS,COGNIBOTICS,US,2019-01-11,92342252,B25J-0009/0072,0.1,easy_negative,GRAY,False,
17/043621,11465286,"Robot control apparatus, maintenance management method, and maintenance management program",OMRON CORPORATION,OMRON,OMRON,JP,2019-02-22,92350393,B25J-0009/1674,0.1,easy_negative,GRAY,False,
17/054401,11376731,Articulated robot and method of estimating reduced state of gas in gas spring of the articulated robot,KAWASAKI JUKOGYO KABUSHIKI KAISHA,KAWASAKI JUKOGYO,KAWASAKI HEAVY INDUSTRIES,JP,2019-05-09,92350348,B25J-0009/126,0.1,easy_negative,GRAY,False,
17/416640,12030193,Method for robot-assisted wiring of electrical components of an electrical switchgear arranged on a mounting plate,RITTAL GMBH & CO. KG,RITTAL & CO KG,RITTAL & CO KG,DE,2019-11-27,92366774,B25J-0009/1687,0.1,easy_negative,GRAY,False,
17/345407,11529736,"Systems, apparatuses, and methods for detecting escalators",Brain Corporation,BRAIN,BRAIN,US,2021-06-11,92366063,B25J-0009/1674,0.1,easy_negative,GRAY,False,
17/784683,12296474,"Position detection method, controller, and robot system",KAWASAKI JUKOGYO KABUSHIKI KAISHA,KAWASAKI JUKOGYO,KAWASAKI HEAVY INDUSTRIES,JP,2020-12-14,92390932,B25J-0009/10,0.1,easy_negative,GRAY,False,
15/754169,10953554,Articulated robot arm,NIMBL'BOT SAS,NIMBL'BOT,NIMBL'BOT,FR,2016-07-12,92270096,B25J-0017/0275,0.1,easy_negative,GRAY,False,
17/083440,11453115,Robot system and control method for robot system,Seiko Epson Corporation,SEIKO EPSON,SEIKO EPSON,미상,2020-10-29,92354180,B25J-0005/007,0.1,easy_negative,GRAY,False,
17/767082,11931890,Human-robot guiding system for agricultural objects detection in unstructured and noisy environment by integrated laser and vision,"THE STATE OF ISRAEL, MINISTRY OF AGRICULTURE & RURAL DEVELOPMENT, AGRICULTURAL RESEARCH ORGANIZATION (ARO) (VOLCANI INSTITUTE)",THE STATE OF ISRAEL MINISTRY OF AGRICULTURE & RURAL DEVELOPMENT AGRICULTURAL RESEARCH ORGANIZATION (ARO) (VOLCANI INSTITUTE),THE STATE OF ISRAEL MINISTRY OF AGRICULTURE & RURAL DEVELOPMENT AGRICULTURAL RESEARCH ORGANIZATION (ARO) (VOLCANI INSTITUTE),IL,2020-10-12,92386952,B25J-0019/022,0.1,easy_negative,GRAY,False,
17/105694,11904454,Robot system and method of controlling the same,KAWASAKI JUKOGYO KABUSHIKI KAISHA,KAWASAKI JUKOGYO,KAWASAKI HEAVY INDUSTRIES,JP,2020-11-27,92352111,B25J-0013/06,0.1,easy_negative,GRAY,False,
18/003254,12122046,Waste sorting robot,GENIE INDUSTRIES BV | MP ZENROBOTICS OY,GENIE INDUSTRIES,GENIE INDUSTRIES,NL,2021-06-16,92403177,B25J-0019/0058,0.1,easy_negative,GRAY,False,
17/262383,11964395,Method and control system for the calibration of a handling apparatus,KRONES AKTIENGESELLSCHAFT,KRONES,KRONES,DE,2019-05-16,92355721,B25J-0009/1692,0.1,easy_negative,GRAY,False,
16/810199,11338441,Calibration system for robot tool and calibration method for the same,"DELTA ELECTRONICS, INC.",DELTA ELECTRONICS,DELTA ELECTRONICS,TW,2020-03-05,92909563,B25J-0009/1692,0.1,easy_negative,GRAY,False,
17/151688,11660754,Detection system and detection method for sensors of robot,TECHMAN ROBOT INC.,TECHMAN ROBOT,TECHMAN ROBOT,TW,2021-01-19,92367179,B25J-0009/1674,0.1,easy_negative,GRAY,False,
15/172350,10029371,Robot,JANOME SEWING MACHINE CO. LTD.,JANOME SEWING MACHINE,JANOME SEWING MACHINE,JP,2016-06-03,92892635,B25J-0009/1692,0.1,easy_negative,GRAY,False,
15/175603,10226867,Robot,"JANOME SEWING MACHINE CO., LTD.",JANOME SEWING MACHINE,JANOME SEWING MACHINE,JP,2016-06-07,92892727,B25J-0009/1664,0.1,easy_negative,GRAY,False,
17/091574,11597089,"Method, system, and non-transitory computer-readable recording medium for controlling a destination of a robot","Bear Robotics, Inc.",BEAR ROBOTICS,BEAR ROBOTICS,US,2020-11-06,92380994,B25J-0009/1666,0.1,easy_negative,E_auto,False,
15/776430,11027418,Robot and working method by the robot,KAWASAKI JUKOGYO KABUSHIKI KAISHA,KAWASAKI JUKOGYO,KAWASAKI HEAVY INDUSTRIES,JP,2016-11-11,92895237,B25J-0009/0087,0.1,easy_negative,GRAY,False,
16/684728,11267123,Robot system and coupling method,Seiko Epson Corporation,SEIKO EPSON,SEIKO EPSON,미상,2019-11-15,92915983,B25J-0009/1687,0.1,easy_negative,GRAY,False,
17/716388,11633864,Polybag gripping suction cup,"DEXTERITY, INC.",DEXTERITY,DEXTERITY,US,2022-04-08,92419886,B25J-0015/0683,0.1,easy_negative,GRAY,False,
16/795781,11458633,Article transfer apparatus,"Daifuku Co., Ltd.",DAIFUKU,DAIFUKU,JP,2020-02-20,92917640,B25J-0009/1687,0.1,easy_negative,E_auto,False,
17/624575,11975450,Transfer robot,KAWASAKI JUKOGYO KABUSHIKI KAISHA,KAWASAKI JUKOGYO,KAWASAKI HEAVY INDUSTRIES,JP,2020-07-02,92920417,B25J-0009/0087,0.1,easy_negative,GRAY,False,
17/190415,12064881,Robot controlling device,KAWASAKI JUKOGYO KABUSHIKI KAISHA,KAWASAKI JUKOGYO,KAWASAKI HEAVY INDUSTRIES,JP,2021-03-03,92914595,B25J-0009/1674,0.1,easy_negative,GRAY,False,
16/705315,11230010,Robot system and coupling method,Seiko Epson Corporation,SEIKO EPSON,SEIKO EPSON,미상,2019-12-06,92916245,B25J-0009/1687,0.1,easy_negative,GRAY,False,
16/784262,11433551,Measurement system and method for positioning accuracy of a robotic arm,INSTITUTE FOR INFORMATION INDUSTRY,INSTITUTE FOR INFORMATION INDUSTRY,INSTITUTE FOR INFORMATION INDUSTRY,TW,2020-02-07,92922757,B25J-0013/087,0.1,easy_negative,GRAY,False,
15/776457,10906193,"Manufacturing system, method of constructing the manufacturing system, end effector, robot, and working method of robot",KAWASAKI JUKOGYO KABUSHIKI KAISHA,KAWASAKI JUKOGYO,KAWASAKI HEAVY INDUSTRIES,JP,2016-03-14,93008599,B25J-0015/08,0.1,easy_negative,GRAY,False,
15/197039,10099377,Methods and systems providing misalignment correction in robots,"APPLIED MATERIALS, INC.",APPLIED MATERIALS,APPLIED MATERIALS,US,2016-06-29,92979744,B25J-0009/1692,0.1,easy_negative,GRAY,False,
16/348137,11305431,System and method for instructing a robot,COGNIBOTICS AB,COGNIBOTICS,COGNIBOTICS,SE,2017-11-08,92308060,B25J-0009/1689,0.1,easy_negative,GRAY,False,
16/948363,11314232,Frequency response diagnostics for characterizing servo controlled mechanisms,"APPLIED MATERIALS, INC.",APPLIED MATERIALS,APPLIED MATERIALS,US,2020-09-15,93067155,B25J-0009/1674,0.1,easy_negative,GRAY,False,
17/780522,12115684,"Holding device, robot, and robot system",KAWASAKI JUKOGYO KABUSHIKI KAISHA,KAWASAKI JUKOGYO,KAWASAKI HEAVY INDUSTRIES,JP,2020-11-27,92922914,B25J-0009/1694,0.1,easy_negative,GRAY,False,
16/084428,10857678,Robotic system and method for manufacturing of objects,DANMARKS TEKNISKE UNIVERSITET,DANMARKS TEKNISKE UNIVERSITET,DANMARKS TEKNISKE UNIVERSITET,DK,2017-03-14,92287985,B25J-0011/0055,0.1,easy_negative,GRAY,False,
16/234339,10974388,Method of correcting position of robot and robot,"KAWASAKI JUKOGYO KABUSHIKI KAISHA | KAWASAKI ROBOTICS (USA), INC.",KAWASAKI JUKOGYO,KAWASAKI HEAVY INDUSTRIES,JP,2018-12-27,93016974,B25J-0009/1692,0.1,easy_negative,GRAY,False,
16/902674,11491663,Robotic force/torque sensor with controlled thermal conduction,"ATI Industrial Automation, Inc.",ATI INDUSTRIAL AUTOMATION,ATI INDUSTRIAL AUTOMATION,US,2020-06-16,92926397,B25J-0013/085,0.1,easy_negative,GRAY,False,
17/067423,11554498,"Wafer jig, robot system, communication method, and robot teaching method","KAWASAKI JUKOGYO KABUSHIKI KAISHA | KAWASAKI ROBOTICS (USA), INC.",KAWASAKI JUKOGYO,KAWASAKI HEAVY INDUSTRIES,JP,2020-10-09,93030935,B25J-0011/0095,0.1,easy_negative,GRAY,False,
14/738302,10046458,System of confining robot movement actions and a method thereof,Jason Yan,JASON YAN,JASON YAN,TW,2015-06-12,93053813,B25J-0009/1676,0.1,easy_negative,E_auto,False,
15/213736,9937624,Mechanism-parameter-calibration method for robotic arm system,"Delta Electronics, Inc.",DELTA ELECTRONICS,DELTA ELECTRONICS,TW,2016-07-19,93234049,B25J-0009/1692,0.1,easy_negative,GRAY,False,
15/512290,10022860,Rotational driving mechanism in a robot,"THK CO., LTD.",THK,THK,JP,2015-09-18,92887244,B25J-0009/123,0.1,easy_negative,GRAY,False,
15/392251,10144125,Control device of robot arm and teaching system and method using the same,INDUSTRIAL TECHNOLOGY RESEARCH INSTITUTE,INDUSTRIAL TECHNOLOGY RESEARCH INSTITUTE,INDUSTRIAL TECHNOLOGY RESEARCH INSTITUTE,TW,2016-12-28,93239971,B25J-0009/0081,0.1,easy_negative,GRAY,False,
17/057311,11986965,Method and system for continuously storing and later for visually representing internal operating states of a robot,WITTMANN KUNSTSTOFFGERÄTE GMBH,WITTMANN KUNSTSTOFFGERÄTE,WITTMANN KUNSTSTOFFGERÄTE,AT,2019-06-24,92353869,B25J-0009/1674,0.1,easy_negative,GRAY,False,
15/936103,10737387,Robot arm calibration device and method thereof,INDUSTRIAL TECHNOLOGY RESEARCH INSTITUTE,INDUSTRIAL TECHNOLOGY RESEARCH INSTITUTE,INDUSTRIAL TECHNOLOGY RESEARCH INSTITUTE,TW,2018-03-26,93255717,B25J-0009/1638,0.1,easy_negative,GRAY,False,
15/845168,10926414,System and method for calibrating tool center point of robot,INDUSTRIAL TECHNOLOGY RESEARCH INSTITUTE,INDUSTRIAL TECHNOLOGY RESEARCH INSTITUTE,INDUSTRIAL TECHNOLOGY RESEARCH INSTITUTE,TW,2017-12-18,93260650,B25J-0009/1692,0.1,easy_negative,GRAY,False,
15/493503,9789604,Remote control system for pointing robot,PixArt Imaging Inc,PIXART IMAGING,PIXART IMAGING,TW,2017-04-21,93227153,B25J-0009/161,0.1,easy_negative,GRAY,False,
15/972459,10702988,Method and system for load estimation and gravity compensation on a robotic arm,Hiwin Technologies Corp.,HIWIN TECHNOLOGIES,HIWIN TECHNOLOGIES,TW,2018-05-07,92912449,B25J-0009/1633,0.1,easy_negative,GRAY,False,
15/900749,10786903,Map creation system and method thereof for movable robot,"Institute of Nuclear Energy Research, Atomic Energy Council, Executive Yuan",INSTITUTE OF NUCLEAR ENERGY RESEARCH ATOMIC ENERGY COUNCIL EXECUTIVE YUAN,INSTITUTE OF NUCLEAR ENERGY RESEARCH ATOMIC ENERGY COUNCIL EXECUTIVE YUAN,TW,2018-02-20,93256997,B25J-0009/1666,0.1,easy_negative,GRAY,False,
14/882444,10112306,Auto-redirecting robot and the method thereof,Jason Yan,JASON YAN,JASON YAN,TW,2015-10-13,93239081,B25J-0013/086,0.1,easy_negative,GRAY,False,
15/588715,10173322,Multi-axis robotic arm and adjusting method thereof,INSTITUTE FOR INFORMATION INDUSTRY,INSTITUTE FOR INFORMATION INDUSTRY,INSTITUTE FOR INFORMATION INDUSTRY,TW,2017-05-08,93240882,B25J-0009/1674,0.1,easy_negative,GRAY,False,
15/146725,10065319,Tool calibration apparatus of robot manipulator,"DELTA ELECTRONICS, INC.",DELTA ELECTRONICS,DELTA ELECTRONICS,TW,2016-05-04,93237762,B25J-0009/1692,0.1,easy_negative,GRAY,False,
16/740481,11305435,Robot and robot control method,"AmTRAN Technology Co., Ltd.",AMTRAN TECHNOLOGY,AMTRAN TECHNOLOGY,TW,2020-01-12,93270492,B25J-0013/089,0.1,easy_negative,GRAY,False,
16/699101,11267129,Automatic positioning method and automatic control device,Metal Industries Research & Development Centre,METAL INDUSTRIES RESEARCH & DEVELOPMENT CENTRE,METAL INDUSTRIES RESEARCH & DEVELOPMENT CENTRE,TW,2019-11-28,93269593,B25J-0009/1697,0.1,easy_negative,GRAY,False,
15/594663,10245730,Autonomous mobile robot and control method thereof,ASUSTeK COMPUTER INC.,ASUSTEK COMPUTER,ASUSTEK COMPUTER,TW,2017-05-15,93242680,B25J-0009/1694,0.1,easy_negative,GRAY,False,
17/088776,11951626,Autonomous fluid management using fluid digital twins,BAKER HUGHES OILFIELD OPERATIONS LLC,BAKER HUGHES OILFIELD OPERATIONS,BAKER HUGHES OILFIELD OPERATIONS,US,2020-11-04,93286328,B25J-0009/1661,0.1,easy_negative,GRAY,False,
17/601429,12172296,Holding device and robot provided with same,KAWASAKI JUKOGYO KABUSHIKI KAISHA,KAWASAKI JUKOGYO,KAWASAKI HEAVY INDUSTRIES,JP,2020-04-06,92918867,B25J-0015/0004,0.1,easy_negative,GRAY,False,
17/460276,11667037,Robot system with hand-guiding function,TECHMAN ROBOT INC.,TECHMAN ROBOT,TECHMAN ROBOT,TW,2021-08-29,93279663,B25J-0013/02,0.1,easy_negative,GRAY,False,
16/232642,11247340,"Method and apparatus of non-contact tool center point calibration for a mechanical arm, and a mechanical arm system with said calibration function",INDUSTRIAL TECHNOLOGY RESEARCH INSTITUTE,INDUSTRIAL TECHNOLOGY RESEARCH INSTITUTE,INDUSTRIAL TECHNOLOGY RESEARCH INSTITUTE,TW,2018-12-26,93269046,B25J-0009/1692,0.1,easy_negative,GRAY,False,
17/217467,11897706,Robotic system with zone-based control,"DEXTERITY, INC.",DEXTERITY,DEXTERITY,US,2021-03-30,93285117,B25J-0019/02,0.1,easy_negative,GRAY,False,
16/951232,11897147,Automated storage optimization and stackable pallets,BAKER HUGHES OILFIELD OPERATIONS LLC,BAKER HUGHES OILFIELD OPERATIONS,BAKER HUGHES OILFIELD OPERATIONS,US,2020-11-18,93285110,B25J-0009/1687,0.1,easy_negative,GRAY,False,
15/854288,10967510,Robot arm processing system and method thereof,INDUSTRIAL TECHNOLOGY RESEARCH INSTITUTE,INDUSTRIAL TECHNOLOGY RESEARCH INSTITUTE,INDUSTRIAL TECHNOLOGY RESEARCH INSTITUTE,TW,2017-12-26,93261669,B25J-0009/1641,0.1,easy_negative,GRAY,False,
16/704769,11648667,Processing path generating device and method thereof,INDUSTRIAL TECHNOLOGY RESEARCH INSTITUTE,INDUSTRIAL TECHNOLOGY RESEARCH INSTITUTE,INDUSTRIAL TECHNOLOGY RESEARCH INSTITUTE,TW,2019-12-05,93279208,B25J-0009/1664,0.1,easy_negative,GRAY,False,
16/929659,11577389,Method for reducing vibration of robot arm,INDUSTRIAL TECHNOLOGY RESEARCH INSTITUTE,INDUSTRIAL TECHNOLOGY RESEARCH INSTITUTE,INDUSTRIAL TECHNOLOGY RESEARCH INSTITUTE,TW,2020-07-15,93277462,B25J-0009/1633,0.1,easy_negative,GRAY,False,
16/864542,11577406,Vacuum sucker and suction device comprising the same,SYNCMOLD ENTERPRISE CORP.,SYNCMOLD ENTERPRISE,SYNCMOLD ENTERPRISE,TW,2020-05-01,93267477,B25J-0015/0625,0.1,easy_negative,GRAY,False,
17/512843,12128559,Self-reconfiguring modular robot with retractable wheel mechanisms,Igor Morozov,IGOR MOROZOV,IGOR MOROZOV,UA,2021-10-28,93290635,B25J-0005/007,0.1,easy_negative,GRAY,False,
16/166268,11298831,Robotic system capable of facilitating return alignment,Quanta Computer Inc.,QUANTA COMPUTER,QUANTA COMPUTER,TW,2018-10-22,93270322,B25J-0011/008,0.1,easy_negative,GRAY,False,
17/139854,12311550,Smart control system for a robotic device,SARCOS CORP.,SARCOS,SARCOS,US,2020-12-31,100677651,B25J-0009/1602,0.1,easy_negative,GRAY,False,
18/546562,12090657,Parallel link robot,FANUC CORPORATION,FANUC,FANUC,JP,2021-04-30,93289645,B25J-0009/0051,0.1,easy_negative,GRAY,False,
17/788798,12311557,Controller for robot and power-outage processing method,FANUC CORPORATION,FANUC,FANUC,JP,2021-01-18,100677658,B25J-0009/1674,0.1,easy_negative,GRAY,False,
17/435625,12172304,Automated system for handling containers with product loading,"GRUPO BIMBO, S.A.B. DE C.V.",GRUPO BIMBO SAB DE CV,GRUPO BIMBO SAB DE CV,MX,2019-04-06,93291615,B25J-0009/0093,0.1,easy_negative,GRAY,False,
17/746427,12296492,Embedded magnetic sensing for soft actuators,The Regents of the University of Colorado,THE REGENTS OF THE UNIVERSITY OF COLORADO,THE REGENTS OF THE UNIVERSITY OF COLORADO,US,2022-05-17,100631884,B25J-0009/1694,0.1,easy_negative,GRAY,False,
17/696238,12252355,Robotic singulation system sensor,"DEXTERITY, INC.",DEXTERITY,DEXTERITY,US,2022-03-16,93293491,B25J-0019/023,0.1,easy_negative,GRAY,False,
18/377042,12311562,Firefighter robotic system,KING SAUD UNIVERSITY,KING SAUD UNIVERSITY,KING SAUD UNIVERSITY,SA,2023-10-05,100677663,B25J-0009/1697,0.1,easy_negative,GRAY,False,
17/474289,11787056,Robot arm obstacle avoidance method and robot arm obstacle avoidance system,"Cheng Uei Precision Industry Co., Ltd.",CHENG UEI PRECISION INDUSTRY,CHENG UEI PRECISION INDUSTRY,TW,2021-09-14,100691391,B25J-0009/1666,0.1,easy_negative,GRAY,False,
16/923485,11679508,Robot device controller for controlling position of robot,Fanuc Corporation,FANUC,FANUC,JP,2020-07-08,100746795,B25J-0009/1697,0.1,easy_negative,GRAY,False,
17/921807,12318944,"Method for automatically scheduling the timing of brake tests, and associated robot",KUKA DEUTSCHLAND GMBH,KUKA DEUTSCHLAND,KUKA,DE,2021-04-23,100872452,B25J-0009/1674,0.1,easy_negative,GRAY,False,
16/970450,12304072,Reinforcement learning for contact-rich tasks in automation systems,SIEMENS AKTIENGESELLSCHAFT | THE REGENTS OF THE UNIVERSITY OF CALIFORNIA,SIEMENS,SIEMENS,DE,2018-09-13,100846779,B25J-0009/163,0.1,easy_negative,GRAY,False,
17/379412,12325120,Gas cylinder transfer apparatus and gas cylinder logistics system including the same,"SEMES CO., LTD.",SEMES,SEMES,KR,2021-07-19,101083554,B25J-0015/0038,0.1,easy_negative,GRAY,False,
18/949980,12304056,Internal inspection robot,Electric Power Science & Research Institute of State Grid Tianjin Electric Power Company | State Grid Tianjin Electric Power Company | State Grid Corporation of China,ELECTRIC POWER SCIENCE & RESEARCH INSTITUTE OF STATE GRID TIANJIN ELECTRIC POWER,ELECTRIC POWER SCIENCE & RESEARCH INSTITUTE OF STATE GRID TIANJIN ELECTRIC POWER,CN,2024-11-15,100857545,B25J-0009/1615,0.1,easy_negative,GRAY,False,
17/530712,11938628,Systems and methods for controlling movements of robotic actuators,"BOSTON DYNAMICS, INC.",BOSTON DYNAMICS,HYUNDAI MOTOR GROUP(2021~)/구글·소프트뱅크(이전),US,2021-11-19,101065546,B25J-0009/12,0.1,easy_negative,GRAY,False,
16/258492,11618170,Control of social robot based on prior character portrayal,WARNER BROS. ENTERTAINMENT INC.,WARNER BROS ENTERTAINMENT,WARNER BROS ENTERTAINMENT,US,2019-01-25,100859194,B25J-0011/0015,0.1,easy_negative,GRAY,False,
18/168220,12311560,System and methods for multi-robotic multi-product U-shaped disassembly line,King Abdulaziz University,KING ABDULAZIZ UNIVERSITY,KING ABDULAZIZ UNIVERSITY,SA,2023-02-13,101070088,B25J-0009/1682,0.1,easy_negative,E_auto,False,
18/049448,12318916,Surface preparation end effector for industrial robot system and inspection and repair processes,WICHITA STATE UNIVERSITY,WICHITA STATE UNIVERSITY,WICHITA STATE UNIVERSITY,US,2022-10-25,101317581,B25J-0015/0019,0.1,easy_negative,GRAY,False,
15/739548,12240124,Moving along a predetermined path with a robot,KUKA ROBOTER GMBH,KUKA ROBOTER,KUKA,DE,2016-06-20,101237134,B25J-0009/1666,0.1,easy_negative,GRAY,False,
17/799717,12318939,"Control device, control method and storage medium",NEC CORPORATION,NEC,NEC,JP,2020-02-25,100872447,B25J-0009/1661,0.1,easy_negative,GRAY,False,
17/994225,12325137,Robot and method for controlling the same,"Samsung Electronics Co., Ltd.",SAMSUNG ELECTRONICS,SAMSUNG,KR,2022-11-25,101539730,B25J-0009/1666,0.1,easy_negative,E_auto,False,
17/752457,12070858,Neuromorphic smooth control of robotic arms,ACCENTURE GLOBAL SOLUTIONS LIMITED,ACCENTURE GLOBAL SOLUTIONS,ACCENTURE GLOBAL SOLUTIONS,IE,2022-05-24,101464735,B25J-0009/161,0.1,easy_negative,GRAY,False,
17/702923,12162154,"Robot system, control device, and control method",SEIKO EPSON CORPORATION,SEIKO EPSON,SEIKO EPSON,JP,2022-03-24,101492712,B25J-0009/1651,0.1,easy_negative,GRAY,False,
17/960544,12304074,Robot carriage tray table,"DEXTERITY, INC.",DEXTERITY,DEXTERITY,US,2022-10-05,100857547,B25J-0009/163,0.1,easy_negative,E_auto,False,
17/970333,12330313,Guided travel mode with dynamic force feedback for mobile robots,ZEBRA TECHNOLOGIES CORPORATION,ZEBRA TECHNOLOGIES,ZEBRA TECHNOLOGIES,US,2022-10-20,101391096,B25J-0009/1666,0.1,easy_negative,E_auto,False,
18/323504,12330317,Calibration method and robot system,SEIKO EPSON CORPORATION,SEIKO EPSON,SEIKO EPSON,JP,2023-05-25,101391100,B25J-0009/1692,0.1,easy_negative,GRAY,False,
18/126379,12337483,Systems and hybrid position force control processes of an industrial robot,STAUBLI FAVERGES,STAUBLI FAVERGES,STAUBLI FAVERGES,FR,2023-03-24,101691730,B25J-0009/1664,0.1,easy_negative,GRAY,False,
17/897443,12337474,Robot teaching system,DAIHEN Corporation,DAIHEN,DAIHEN,JP,2022-08-29,101691721,B25J-0009/0081,0.1,easy_negative,GRAY,False,
17/305348,11638995,Compliant payload presentation using robotic system with coordinated serial and parallel robots,GM Global Technology Operations LLC,GM GLOBAL TECHNOLOGY OPERATIONS,GM,US,2021-07-06,101493336,B25J-0009/0084,0.1,easy_negative,GRAY,False,
16/273729,11267121,"Conversation output system, conversation output method, and non-transitory recording medium","CASIO COMPUTER CO., LTD.",CASIO COMPUTER,CASIO COMPUTER,JP,2019-02-12,101667098,B25J-0009/161,0.1,easy_negative,GRAY,False,
18/013687,12325127,Serial manipulator for space applications,SRI INTERNATIONAL,SRI INTERNATIONAL,SRI INTERNATIONAL,US,2021-08-02,101540673,B25J-0009/104,0.1,easy_negative,GRAY,False,
17/776602,12343873,"Control device, control system, robot system, and control method",KAWASAKI JUKOGYO KABUSHIKI KAISHA,KAWASAKI JUKOGYO,KAWASAKI HEAVY INDUSTRIES,JP,2020-11-16,101866658,B25J-0009/163,0.1,easy_negative,GRAY,False,
18/030593,12337489,Arc welding robot system,FANUC CORPORATION,FANUC,FANUC,JP,2021-10-08,101691736,B25J-0009/1694,0.1,easy_negative,GRAY,False,
17/890541,12343865,Active cooling system and method for robot manipulators,"Amazon Technologies, Inc.",AMAZON TECHNOLOGIES,AMAZON,US,2022-08-18,101866650,B25J-0019/0054,0.1,easy_negative,GRAY,False,
17/833998,12330295,"Tapered hydraulic hose, methods of making, and applications thereof in robot systems",SANCTUARY COGNITIVE SYSTEMS CORPORATION,SANCTUARY COGNITIVE SYSTEMS,SANCTUARY COGNITIVE SYSTEMS,CA,2022-06-07,101853410,B25J-0019/0029,0.1,easy_negative,T1_auto,True,구제:사례매핑 T1/T2 권고(OEM 전건원칙 포함)
18/324243,12330290,Operator-friendly interface for collaborative robots,ROBOTIQ INC.,ROBOTIQ,ROBOTIQ,CA,2023-05-26,101853408,B25J-0013/06,0.1,easy_negative,GRAY,False,
17/505094,12350846,"Robot system, method for controlling robot system, and program",TOYOTA JIDOSHA KABUSHIKI KAISHA,TOYOTA JIDOSHA,TOYOTA,JP,2021-10-19,102194654,B25J-0005/007,0.1,easy_negative,GRAY,False,
17/885384,12350832,Transferable real-time clock for robotics control,INTRINSIC INNOVATION LLC,INTRINSIC INNOVATION,ALPHABET,US,2022-08-10,102194641,B25J-0009/1602,0.1,easy_negative,GRAY,False,
18/219395,12350826,Loading and unloading system,"NAKANISHI METAL WORKS CO., LTD.",NAKANISHI METAL WORKS,NAKANISHI METAL WORKS,JP,2023-07-07,102194635,B25J-0009/0093,0.1,easy_negative,GRAY,False,
17/894782,12343878,Systems and methods for determining operational paradigms for robotic picking based on pick data source,"PLUS ONE ROBOTICS, INC.",PLUS ONE ROBOTICS,PLUS ONE ROBOTICS,US,2022-08-24,102378369,B25J-0009/1669,0.1,easy_negative,GRAY,False,
17/249085,11813753,Collision avoidance motion planning method for industrial robot,FANUC CORPORATION,FANUC,FANUC,JP,2021-02-19,101884518,B25J-0009/1666,0.1,easy_negative,GRAY,False,
17/136650,12023815,Method and system for automated object packing,TATA CONSULTANCY SERVICES LIMITED,TATA CONSULTANCY SERVICES,TATA CONSULTANCY SERVICES,IN,2020-12-29,101939948,B25J-0009/1676,0.1,easy_negative,GRAY,False,
16/801577,11345034,Robot system,Seiko Epson Corporation,SEIKO EPSON,SEIKO EPSON,미상,2020-02-26,102267292,B25J-0009/1674,0.1,easy_negative,GRAY,False,
17/764765,12337476,Device to allow retraction of soft growing robots without buckling,THE BOARD OF TRUSTEES OF THE LELAND STANFORD JUNIOR UNIVERSITY,THE BOARD OF TRUSTEES OF THE LELAND STANFORD JUNIOR UNIVERSITY,THE BOARD OF TRUSTEES OF THE LELAND STANFORD JUNIOR UNIVERSITY,US,2020-10-09,102159889,B25J-0009/142,0.1,easy_negative,GRAY,False,
18/207581,12350843,Systems and methods for updating the correction coefficient of an industrial robot force sensor,STAUBLI FAVERGES,STAUBLI FAVERGES,STAUBLI FAVERGES,FR,2023-06-08,102194651,B25J-0009/1692,0.1,easy_negative,GRAY,False,
17/730498,12214503,"Robot control system, information processor, information processing method, and non-transitory computer readable medium storing program",OMRON CORPORATION,OMRON,OMRON,JP,2022-04-27,101704788,B25J-0009/1664,0.1,easy_negative,GRAY,False,
18/222006,12343859,Robot arm system for making ice cream and method of controlling same,XYZ INC.,XYZ,XYZ,KR,2023-07-14,102381996,B25J-0011/0045,0.1,easy_negative,GRAY,False,
17/428713,12220812,Robot device,KAWASAKI JUKOGYO KABUSHIKI KAISHA,KAWASAKI JUKOGYO,KAWASAKI HEAVY INDUSTRIES,JP,2020-04-03,101940102,B25J-0017/0283,0.1,easy_negative,GRAY,False,
18/079285,12358143,Tether usage for robotic package delivery or item handling,"Amazon Technologies, Inc.",AMAZON TECHNOLOGIES,AMAZON,US,2022-12-12,102396570,B25J-0009/1687,0.1,easy_negative,GRAY,False,
17/785402,12269175,Curved surface following control method for robot,KAWASAKI JUKOGYO KABUSHIKI KAISHA,KAWASAKI JUKOGYO,KAWASAKI HEAVY INDUSTRIES,JP,2020-12-15,101265885,B25J-0009/1684,0.1,easy_negative,GRAY,False,
17/146098,12343880,End effector bump detector,TEXAS INSTRUMENTS INCORPORATED,TEXAS INSTRUMENTS,TEXAS INSTRUMENTS,US,2021-01-11,102383600,B25J-0009/1676,0.1,easy_negative,GRAY,False,
16/868746,11992932,"Robot controller, robot system, and robot control method",Fanuc Corporation,FANUC,FANUC,JP,2020-05-07,102486151,B25J-0013/006,0.1,easy_negative,GRAY,False,
17/635565,12253844,"Data processing device, data processing method, and robot",SONY GROUP CORPORATION,SONY GROUP,SONY,JP,2020-09-23,101064503,B25J-0019/02,0.1,easy_negative,GRAY,False,
17/651485,12350840,Region-based grasp generation,FANUC CORPORATION,FANUC,FANUC,JP,2022-02-17,102194648,B25J-0009/1671,0.1,easy_negative,GRAY,False,
17/020815,11904478,Simulation device and robot system using augmented reality,FANUC CORPORATION,FANUC,FANUC,JP,2020-09-15,102486177,B25J-0009/1671,0.1,easy_negative,GRAY,False,
17/851505,12358131,Automatic application device and automatic application method,"SINTOKOGIO, LTD.",SINTOKOGIO,SINTOKOGIO,JP,2022-06-28,102396558,B25J-0009/1612,0.1,easy_negative,GRAY,False,
17/992362,12318931,Robot application development system,ABB Schweiz AG,ABB SCHWEIZ,ABB,CH,2022-11-22,102496671,B25J-0009/1605,0.1,easy_negative,GRAY,False,
18/059384,12263589,Robot comprising hydraulic pressure power unit,Rainbow Robotics,RAINBOW ROBOTICS,RAINBOW ROBOTICS,KR,2022-11-28,102602392,B25J-0009/14,0.1,easy_negative,GRAY,False,
17/872130,12350841,Vacuum cup damage detection system,"FORTNA SYSTEMS, INC.",FORTNA SYSTEMS,FORTNA SYSTEMS,US,2022-07-25,102556734,B25J-0009/1674,0.1,easy_negative,GRAY,False,
18/011547,12275143,Segmented robot,"FLX Solutions, Inc.",FLX SOLUTIONS,FLX SOLUTIONS,US,2021-06-24,102562252,B25J-0009/06,0.1,easy_negative,GRAY,False,
18/013093,12365097,"Loading robot hand, robot, and article holding method",KAWASAKI JUKOGYO KABUSHIKI KAISHA,KAWASAKI JUKOGYO,KAWASAKI HEAVY INDUSTRIES,JP,2021-06-24,102613641,B25J-0015/0023,0.1,easy_negative,GRAY,False,
16/694923,11691301,Detection and measurement of wear of robotic manipulator touch points,KINDRED SYSTEMS II INC. | KINDRED SYSTEMS INC.,KINDRED SYSTEMS II,KINDRED SYSTEMS II,CA,2019-11-25,102560147,B25J-0015/0475,0.1,easy_negative,GRAY,False,
16/615066,11110592,Remote control robot system,KAWASAKI JUKOGYO KABUSHIKI KAISHA,KAWASAKI JUKOGYO,KAWASAKI HEAVY INDUSTRIES,JP,2018-05-16,102709949,B25J-0003/04,0.1,easy_negative,GRAY,False,
17/216685,11724383,Robot,KABUSHIKI KAISHA YASKAWA DENKI,YASKAWA DENKI,YASKAWA,JP,2021-03-30,102710824,B25J-0009/0009,0.1,easy_negative,GRAY,False,
16/984843,11345023,Modular robot and operation method thereof,LG ELECTRONICS INC.,LG ELECTRONICS,LG,KR,2020-08-04,102719719,B25J-0009/08,0.1,easy_negative,GRAY,False,
17/708010,12251827,Exoskeleton and master,Marcel Reese,MARCEL REESE,MARCEL REESE,DE,2022-03-30,102709776,B25J-0009/0006,0.1,easy_negative,GRAY,False,
17/689267,12269166,Integration of plasma processing and robotic path planning,"HYPERTHERM, INC.",HYPERTHERM,HYPERTHERM,US,2022-03-08,102821089,B25J-0009/1664,0.1,easy_negative,GRAY,False,
17/900882,12358159,"Module-unit-position servo system and a control method therefor, and a modular robot","BEIJING KE YI TECHNOLOGY CO., LTD.",BEIJING KE YI TECHNOLOGY,BEIJING KE YI TECHNOLOGY,CN,2022-09-01,102815398,B25J-0013/088,0.1,easy_negative,GRAY,False,
16/909096,12358140,Motion planning for multiple robots in shared workspace,"REALTIME ROBOTICS, INC.",REALTIME ROBOTICS,REALTIME ROBOTICS,US,2020-06-23,102815102,B25J-0009/1666,0.1,easy_negative,GRAY,False,
16/212304,11325262,"Robot, robot control system, robot control method, and non-transitory storage medium","CASIO COMPUTER CO., LTD.",CASIO COMPUTER,CASIO COMPUTER,JP,2018-12-06,102709883,B25J-0013/08,0.1,easy_negative,GRAY,False,
18/110216,12358154,Robot for expressing emotional state of pet and control method thereof,"SAMSUNG ELECTRONICS CO., LTD.",SAMSUNG ELECTRONICS,SAMSUNG,KR,2023-02-15,102818274,B25J-0011/0005,0.1,easy_negative,GRAY,False,
17/606773,11926061,Logistic device,UNIVERSITA' DI PISA,UNIVERSITA' DI PISA,UNIVERSITA' DI PISA,IT,2020-04-29,102908957,B25J-0009/1682,0.1,easy_negative,GRAY,False,
18/040997,12208523,Robot system and control method,FANUC CORPORATION,FANUC,FANUC,JP,2021-09-10,102941827,B25J-0009/163,0.1,easy_negative,GRAY,False,
17/088964,11485017,Robot system,FANUC CORPORATION,FANUC,FANUC,JP,2020-11-04,102949254,B25J-0009/1674,0.1,easy_negative,GRAY,False,
16/361555, ,DOVETAIL TOOL CHANGER FOR INDUSTRIAL MANIPULATORS,GIMATIC S.r.l.,GIMATIC,GIMATIC,IT,2019-03-22,102914281,B25J-0015/0408,0.1,easy_negative,GRAY,False,
17/656289,12257717,"Multi-joint-robot linear-member-shape simulator, multi-joint-robot linear-member-shape simulation method, and multi-joint-robot linear-member-shape simulation program","Kobe Steel, Ltd. | Kabushiki Kaisha Kobe Seiko Sho (Kobe Steel, Ltd.)",KOBE STEEL,KOBE STEEL,JP,2022-03-24,102951151,B25J-0009/1664,0.1,easy_negative,GRAY,False,
17/306587,11912514,Vehicle and material handler,"Tompkins Robotics, Inc.",TOMPKINS ROBOTICS,TOMPKINS ROBOTICS,US,2021-05-03,103006169,B25J-0005/007,0.1,easy_negative,E_auto,False,
17/715186,12109713,Remote robot system and method of controlling remote robot system,TOYOTA JIDOSHA KABUSHIKI KAISHA,TOYOTA JIDOSHA,TOYOTA,JP,2022-04-07,103027066,B25J-0009/1689,0.1,easy_negative,GRAY,False,
17/875452,12263604,Control method for robot system and robot system,SEIKO EPSON CORPORATION,SEIKO EPSON,SEIKO EPSON,JP,2022-07-28,103028136,B25J-0009/1697,0.1,easy_negative,GRAY,False,
17/984783,12145264,Component supply device,"Konica Minolta, Inc.",KONICA MINOLTA,KONICA MINOLTA,JP,2022-11-10,103119866,B25J-0009/0093,0.1,easy_negative,GRAY,False,
16/962706,11318603,Delta robot having an input means,KUKA DEUTSCHLAND GMBH,KUKA DEUTSCHLAND,KUKA,DE,2019-01-16,103110098,B25J-0009/0051,0.1,easy_negative,GRAY,False,
14/856497,9751210,Systems and methods for performing occlusion detection,IROBOT CORPORATION,IROBOT,IROBOT,US,2015-09-16,103375529,B25J-0009/1602,0.1,easy_negative,GRAY,False,
17/096323,12330316,Coordinate-system setting system and coordinate-system setting method,FANUC CORPORATION,FANUC,FANUC,JP,2020-11-12,103137128,B25J-0009/1692,0.1,easy_negative,GRAY,False,
15/723732,10500731,Robot system including robot supported by movable carriage,FANUC CORPORATION,FANUC,FANUC,JP,2017-10-03,103131435,B25J-0009/1697,0.1,easy_negative,GRAY,False,
17/652122,12115665,"Handling system, transport system, control device, storage medium, and handling method",Kabushiki Kaisha Toshiba,TOSHIBA,TOSHIBA,JP,2022-02-23,103664081,B25J-0009/1612,0.1,easy_negative,GRAY,False,
17/991963,12318948,System and method for automated operation and maintenance of a robot system,"AT&T Intellectual Property I, L.P.",AT&T INTELLECTUAL PROPERTY I LP,AT&T INTELLECTUAL PROPERTY I LP,US,2022-11-22,103726242,B25J-0009/1689,0.1,easy_negative,GRAY,False,
17/801919,12384031,"Control device, control method and storage medium",NEC CORPORATION,NEC,NEC,JP,2020-02-28,103561792,B25J-0009/1661,0.1,easy_negative,GRAY,False,
18/074951,12337486,Abnormality detection method in twin-motor-driven robot,NACHI-FUJIKOSHI CORP.,NACHI-FUJIKOSHI,NACHI-FUJIKOSHI,JP,2022-12-05,103641494,B25J-0009/1674,0.1,easy_negative,GRAY,False,
15/080069,9808933,Robotic system with reconfigurable end-effector assembly,"DELAWARE CAPITAL FORMATION, INC.",DELAWARE CAPITAL FORMATION,DELAWARE CAPITAL FORMATION,US,2016-03-24,103761085,B25J-0009/163,0.1,easy_negative,GRAY,False,
16/756060,11850758,System for correcting robot operations among simultaneously automatically operated robots,KAWASAKI JUKOGYO KABUSHIKI KAISHA,KAWASAKI JUKOGYO,KAWASAKI HEAVY INDUSTRIES,JP,2018-10-12,103827402,B25J-0009/1689,0.1,easy_negative,GRAY,False,
17/777250,12390933,"Service robot and display control method thereof, controller and storage medium","JINGDONG TECHNOLOGY INFORMATION TECHNOLOGY CO., LTD.",JINGDONG TECHNOLOGY INFORMATION TECHNOLOGY,JINGDONG TECHNOLOGY INFORMATION TECHNOLOGY,CN,2020-11-10,103749268,B25J-0009/1694,0.1,easy_negative,GRAY,False,
16/980086,11697212,Feeding device for a manipulator arm having at least one joint and stiffening device for such a feeding device,MERCEDES BENZ GROUP AG,MERCEDES BENZ GROUP,MERCEDES BENZ GROUP,DE,2019-03-11,103760033,B25J-0019/0025,0.1,easy_negative,GRAY,False,
18/326106,12384034,Part manipulator for assembly machine,TE Connectivity Solutions GmbH | Tyco Electronics (Shanghai) Co Ltd,TE CONNECTIVITY SOLUTIONS,TE CONNECTIVITY SOLUTIONS,CH,2023-05-31,103904423,B25J-0009/1669,0.1,easy_negative,GRAY,False,
15/436189,10300596,Moving robot and control method thereof,LG ELECTRONICS INC.,LG ELECTRONICS,LG,KR,2017-02-17,104088604,B25J-0005/005,0.1,easy_negative,E_auto,False,
15/776194,11559904,Screwing device and method for screwing a screw into a wall,INVENTIO AG,INVENTIO,INVENTIO,CH,2016-11-18,104085550,B25J-0015/04,0.1,easy_negative,GRAY,False,
18/443618,12384057,Flexible robotic limbs including rolling contact joints,MASSACHUSETTS INSTITUTE OF TECHNOLOGY,MASSACHUSETTS INSTITUTE OF TECHNOLOGY,MASSACHUSETTS INSTITUTE OF TECHNOLOGY,US,2024-02-16,103904426,B25J-0018/06,0.1,easy_negative,GRAY,False,
17/770715,12384019,Safe activation of free-drive mode of robot arm,UNIVERSAL ROBOTS A/S,UNIVERSAL ROBOTS A/S,UNIVERSAL ROBOTS A/S,DK,2020-10-09,103898597,B25J-0009/0081,0.1,easy_negative,GRAY,False,
15/687582,10449674,"Part support apparatus, control method, and manufacturing method",HIRATA CORPORATION,HIRATA,HIRATA,JP,2017-08-28,104315670,B25J-0009/1682,0.1,easy_negative,GRAY,False,
15/766942,11135715,Robot arm,KASTANIENBAUM GMBH,KASTANIENBAUM,FRANKA,DE,2016-10-04,104317773,B25J-0009/0081,0.1,easy_negative,GRAY,False,
17/415721,11511412,Robotic system,VANABOT LTD,VANABOT,VANABOT,GB,2019-12-20,104112937,B25J-0005/04,0.1,easy_negative,GRAY,False,
17/031899,11654576,Robot system including robot having handle and method of controlling robot,FANUC CORPORATION,FANUC,FANUC,JP,2020-09-25,103848888,B25J-0013/02,0.1,easy_negative,GRAY,False,
15/766094,10981278,Robot system,KASTANIENBAUM GMBH,KASTANIENBAUM,FRANKA,DE,2016-10-10,104317808,B25J-0013/06,0.1,easy_negative,GRAY,False,
16/606998,11524405,Screwing device,FRANKA EMIKA GMBH,FRANKA EMIKA,FRANKA,DE,2018-04-18,104325975,B25J-0009/1679,0.1,easy_negative,GRAY,False,
15/900880,10751881,System and method for executing fault-tolerant simultaneous localization and mapping in robotic clusters,Tata Consultancy Services Limited,TATA CONSULTANCY SERVICES,TATA CONSULTANCY SERVICES,IN,2018-02-21,104320218,B25J-0009/1682,0.1,easy_negative,GRAY,False,
16/606831,11845185,Device and method for the electrical testing of an electrical component,FRANKA EMIKA GMBH,FRANKA EMIKA,FRANKA,DE,2018-04-18,104325977,B25J-0009/1633,0.1,easy_negative,GRAY,False,
17/765445,12318913,Construction robot,SHIMIZU CORPORATION,SHIMIZU,SHIMIZU,JP,2020-07-27,104399926,B25J-0013/08,0.1,easy_negative,GRAY,False,
16/002242,10717193,Artificial intelligence moving robot and control method thereof,LG ELECTRONICS INC.,LG ELECTRONICS,LG,KR,2018-06-07,104446068,B25J-0009/1666,0.1,easy_negative,E_auto,False,
16/889275,10987814,Compliant perimeter end effectors,"SOFTWEAR AUTOMATION, INC.",SOFTWEAR AUTOMATION,SOFTWEAR AUTOMATION,US,2020-06-01,104343271,B25J-0009/0015,0.1,easy_negative,GRAY,False,
17/794438,12246458,Robot system,FANUC CORPORATION,FANUC,FANUC,JP,2021-02-15,104549431,B25J-0009/1697,0.1,easy_negative,GRAY,False,
18/075877,12397433,Continuum arm robot system,ROLLS-ROYCE plc,ROLLS-ROYCE,ROLLS-ROYCE,GB,2022-12-06,104483141,B25J-0009/0084,0.1,easy_negative,GRAY,False,
18/288927,12325121,Robot appendage actuation,GOOGLE LLC,GOOGLE,ALPHABET,US,2021-07-12,104550678,B25J-0009/106,0.1,easy_negative,GRAY,False,
16/740208,11685042,Working robot and control method for working robot,CANON KABUSHIKI KAISHA,CANON,CANON,JP,2020-01-10,103897772,B25J-0009/0081,0.1,easy_negative,GRAY,False,
15/824532,10792811,"Multi-bar linkage, lower-limb exoskeleton robot using the same, and method of controlling the same",Hyundai Motor Company | Kia Motors Corporation | Hyundai Rotem Company,HYUNDAI MOTOR,HYUNDAI MOTOR GROUP,KR,2017-11-28,104848756,B25J-0009/1633,0.1,easy_negative,GRAY,False,
17/059957,11623345,Modular robot system,"ROBORISEN CO., LTD",ROBORISEN,ROBORISEN,KR,2019-05-24,104813965,B25J-0009/1617,0.1,easy_negative,E_auto,False,
17/902694,12390923,Robotic gripper assemblies for openable object(s) and methods for picking objects,"MUJIN, INC.",MUJIN,MUJIN,JP,2022-09-02,104823525,B25J-0009/1612,0.1,easy_negative,GRAY,False,
16/844519,11504854,"Systems and methods for robotic sensing, repair and inspection",ARROWEAD CENTER | NEW MEXICO STATE UNIVERSITY | ARIZONA BOARD OF REGENTS ON BEHALF OF ARIZONA STATE UNIVERSITY,ARROWEAD CENTER,ARROWEAD CENTER,US,2020-04-09,104838102,B25J-0009/1694,0.1,easy_negative,GRAY,False,
18/069127,12318928,"Continuum robot control system and control method, and program",CANON KABUSHIKI KAISHA,CANON,CANON,JP,2022-12-20,104823286,B25J-0009/06,0.1,easy_negative,GRAY,False,
16/401666,11148290,Plurality of robot cleaner and a controlling method for the same,LG Electronics Inc.,LG ELECTRONICS,LG,KR,2019-05-02,104865574,B25J-0009/1666,0.1,easy_negative,GRAY,False,
16/383801,11014244,Robot system for assembling component and control method thereof,"SUNGWOO HITECH CO., LTD.",SUNGWOO HITECH,SUNGWOO HITECH,KR,2019-04-15,104849139,B25J-0009/1697,0.1,easy_negative,GRAY,False,
17/606284,12403607,Method and system for monitoring a robot arrangement,KUKA AKTIENGESELLSCHAFT | KUKA DEUTSCHLAND GMBH,KUKA,KUKA,DE,2020-03-26,104890170,B25J-0009/1666,0.1,easy_negative,GRAY,False,
14/831153,9815194,Force control robot and method for controlling same,IHI CORPORATION,IHI,IHI,JP,2015-08-20,104418138,B25J-0009/1612,0.1,easy_negative,GRAY,False,
18/095423,12403612,Robot-mounted lamp assembly for curing paint,GM GLOBAL TECHNOLOGY OPERATIONS LLC,GM GLOBAL TECHNOLOGY OPERATIONS,GM,US,2023-01-10,104890175,B25J-0011/0075,0.1,easy_negative,GRAY,False,
15/728980,10744636,"Robot cleaner, robot cleaner system and control method of the same",LG ELECTRONICS INC.,LG ELECTRONICS,LG,KR,2017-10-10,104875791,B25J-0009/0003,0.1,easy_negative,E_auto,False,
17/916661,12403585,Robot system,FANUC CORPORATION,FANUC,FANUC,JP,2021-05-20,104890148,B25J-0005/007,0.1,easy_negative,GRAY,False,
18/015539,12403603,Control device and control method,OMRON CORPORATION,OMRON,OMRON,JP,2021-03-05,104890166,B25J-0009/1676,0.1,easy_negative,GRAY,False,
17/779218,12285867,Dual mounting for automated repair systems,3M INNOVATIVE PROPERTIES COMPANY,3M INNOVATIVE PROPERTIES,3M INNOVATIVE PROPERTIES,US,2020-11-24,105023764,B25J-0009/1633,0.1,easy_negative,GRAY,False,
18/232150,12370671,Bearing-type twin-pivot continuum robot,XI'AN JIAOTONG UNIVERSITY,XI'AN JIAOTONG UNIVERSITY,XI'AN JIAOTONG UNIVERSITY,CN,2023-08-09,104981503,B25J-0009/06,0.1,easy_negative,GRAY,False,
16/192970,10857665,Mobile manufacturing module,AIRBUS OPERATIONS GMBH,AIRBUS OPERATIONS,AIRBUS OPERATIONS,DE,2018-11-16,104899088,B25J-0009/0009,0.1,easy_negative,GRAY,False,
17/684185,12179365,"Robot system, terminal, control method for robot system, and control method for terminal",CANON KABUSHIKI KAISHA,CANON,CANON,JP,2022-03-01,104960869,B25J-0009/1664,0.1,easy_negative,GRAY,False,
17/325181,11738454,Method and device for operating a robot,ROBERT BOSCH GMBH,ROBERT BOSCH,ROBERT BOSCH,DE,2021-05-19,104979450,B25J-0009/163,0.1,easy_negative,GRAY,False,
17/099029,11794340,Robot controller,FANUC CORPORATION,FANUC,FANUC,JP,2020-11-16,104979239,B25J-0009/16,0.1,easy_negative,GRAY,False,
16/614117,11235474,Workpiece gripping device,SMC CORPORATION,SMC,SMC,JP,2018-04-11,105069688,B25J-0015/00,0.1,easy_negative,GRAY,False,
17/420017,12311538,Method for determining a weight and a center of gravity of a robot manipulator load,"AGILE ROBOTS HANOVER GMBH, NOW TRADING AS FRANKA ROBOTICS GMBH",AGILE ROBOTS HANOVER NOW TRADING AS FRANKA ROBOTICS,FRANKA,DE,2020-01-22,104335763,B25J-0019/02,0.1,easy_negative,GRAY,False,
18/081072,12397421,Contact force overshoot mitigation in pneumatic force control devices,"ATI Industrial Automation, Inc.",ATI INDUSTRIAL AUTOMATION,ATI INDUSTRIAL AUTOMATION,US,2022-12-14,105080727,B25J-0009/1633,0.1,easy_negative,GRAY,False,
18/330576,12397442,Haptic system for robot teleoperation in confined spaces,"UNIVERSITY OF FLORIDA RESEARCH FOUNDATION, INCORPORATED",UNIVERSITY OF FLORIDA RESEARCH FOUNDATION,UNIVERSITY OF FLORIDA RESEARCH FOUNDATION,US,2023-06-07,105080732,B25J-0013/00,0.1,easy_negative,GRAY,False,
15/964710,10807244,Ballistic robot system with spin and other controlled motion of robot during flight,"Disney Enterprises, Inc.",DISNEY ENTERPRISES,DISNEY ENTERPRISES,US,2018-04-27,105229531,B25J-0009/1682,0.1,easy_negative,GRAY,False,
17/092673,11642782,"Conveyance robot system, method for controlling conveyance robot and non-transitory computer readable storage medium storing a robot control program",TOYOTA JIDOSHA KABUSHIKI KAISHA,TOYOTA JIDOSHA,TOYOTA,JP,2020-11-09,105085958,B25J-0009/162,0.1,easy_negative,GRAY,False,
17/515401,12410019,Vision and control systems for robotic pack stations,"PLUS ONE ROBOTICS, INC.",PLUS ONE ROBOTICS,PLUS ONE ROBOTICS,US,2021-10-30,105095027,B25J-0009/1687,0.1,easy_negative,GRAY,False,
18/103104,12325122,"Control device, inspection system, control method, and non-transitory computer-readable medium","MITSUBISHI HEAVY INDUSTRIES, LTD. | TOKYO INSTITUTE OF TECHNOLOGY",MITSUBISHI HEAVY INDUSTRIES,MITSUBISHI HEAVY INDUSTRIES,JP,2023-01-30,105167868,B25J-0009/163,0.1,easy_negative,GRAY,False,
17/657269,12233545,"Modular, propelled cable suspended robot for industrial plants and unmanned offshore platforms",SAUDI ARABIAN OIL COMPANY,SAUDI ARABIAN OIL,SAUDI ARABIAN OIL,SA,2022-03-30,105245385,B25J-0009/0009,0.1,easy_negative,GRAY,False,
18/588919,12269170,"Systems, methods, and computer program products for generating robot training data",SANCTUARY COGNITIVE SYSTEMS CORPORATION,SANCTUARY COGNITIVE SYSTEMS,SANCTUARY COGNITIVE SYSTEMS,CA,2024-02-27,105081970,B25J-0009/1671,0.1,easy_negative,T1_auto,True,구제:사례매핑 T1/T2 권고(OEM 전건원칙 포함)
18/126371,12409553,Systems and hybrid position force control processes of an industrial robot,STAUBLI FAVERGES,STAUBLI FAVERGES,STAUBLI FAVERGES,FR,2023-03-24,105094564,B25J-0009/1664,0.1,easy_negative,GRAY,False,
18/325537,12415267,Synthesizing machine learning-based controllers for underactuated robotic manipulators,SIEMENS AKTIENGESELLSCHAFT,SIEMENS,SIEMENS,DE,2023-05-30,105292273,B25J-0009/161,0.1,easy_negative,GRAY,False,
18/918335,12257701,7-axis multi-joint robot having horizontal movement ability,"Yuilrobotics, co., Ltd.",YUILROBOTICS,YUILROBOTICS,KR,2024-10-17,105281093,B25J-0019/002,0.1,easy_negative,GRAY,False,
17/169917,11602860,Tool changing system of robot manipulator,KOREA UNIVERSITY RESEARCH AND BUSINESS FOUNDATION,KOREA UNIVERSITY RESEARCH AND BUSINESS FOUNDATION,KOREA UNIVERSITY RESEARCH AND BUSINESS FOUNDATION,KR,2021-02-08,105381269,B25J-0015/0019,0.1,easy_negative,GRAY,False,
18/378548,12403616,Suction-based end effector with mixed cup sizes,"Dexterity, Inc.",DEXTERITY,DEXTERITY,US,2023-10-10,105247758,B25J-0015/0052,0.1,easy_negative,GRAY,False,
18/019015,12318945,Robot system and method for predicting life of regenerative resistor,KAWASAKI JUKOGYO KABUSHIKI KAISHA,KAWASAKI JUKOGYO,KAWASAKI HEAVY INDUSTRIES,JP,2021-07-28,105840827,B25J-0009/1674,0.1,easy_negative,GRAY,False,
17/986327,12415278,Robotic tool reconfiguration system,GM GLOBAL TECHNOLOGY OPERATIONS LLC,GM GLOBAL TECHNOLOGY OPERATIONS,GM,US,2022-11-14,105292282,B25J-0009/1697,0.1,easy_negative,GRAY,False,
16/900348,11524410,Robotic alignment method for workpiece measuring systems,"HEXAGON METROLOGY, INC.",HEXAGON METROLOGY,HEXAGON METROLOGY,US,2020-06-12,105381474,B25J-0009/1697,0.1,easy_negative,GRAY,False,
17/897316,12358149,Automatic removal system for reservoir cap,Hyundai Motor Company | Kia Corporation,HYUNDAI MOTOR,HYUNDAI MOTOR GROUP,KR,2022-08-29,105369372,B25J-0009/1697,0.1,easy_negative,GRAY,False,
17/517965,11904465,Spherical coordinate orientating mechanism,Wen-Der Trui,WEN-DER TRUI,WEN-DER TRUI,TW,2021-11-03,105403574,B25J-0009/045,0.1,easy_negative,GRAY,False,
18/003909,12415282,Bathing robot device,Young Ji Ko | Jung Soo Ko | Dae Yong Ko,YOUNG JI KO,YOUNG JI KO,KR,2021-06-29,105292286,B25J-0011/0085,0.1,easy_negative,GRAY,False,
18/077003,12409546,Mobile robot apparatus,"SAMSUNG ELECTRONICS CO., LTD.",SAMSUNG ELECTRONICS,SAMSUNG,KR,2022-12-07,105839918,B25J-0005/007,0.1,easy_negative,GRAY,False,
16/095185,11097423,Method for controlling a robot manipulator for screwing in a screw,FRANKA EMIKA GMBH,FRANKA EMIKA,FRANKA,DE,2017-04-24,104320619,B25J-0009/1669,0.1,easy_negative,GRAY,False,
16/606989,11247339,Device and method for plugging an expansion board into a plug-in coupling,FRANKA EMIKA GMBH,FRANKA EMIKA,FRANKA,DE,2018-04-18,104325976,B25J-0009/1679,0.1,easy_negative,GRAY,False,
18/214370,12420403,Backstop to facilitate container engagement by robotic manipulator,"Amazon Technologies, Inc.",AMAZON TECHNOLOGIES,AMAZON,US,2023-06-26,105843659,B25J-0009/0096,0.1,easy_negative,GRAY,False,
18/386413,12420426,Active hostile threat communication device,Dimitri Duknic,DIMITRI DUKNIC,DIMITRI DUKNIC,CA,2023-11-02,105843682,B25J-0011/002,0.1,easy_negative,GRAY,False,
16/771862,11607811,"Information providing device, information providing method and program",FUJI CORPORATION,FUJI,FUJI,JP,2017-12-28,106002674,B25J-0009/1671,0.1,easy_negative,GRAY,False,
17/996078,12420425,"Control device and control method of robot, robot system, and device and method of generating operation program of robot",FANUC CORPORATION,FANUC,FANUC,JP,2021-04-09,105843681,B25J-0009/1697,0.1,easy_negative,GRAY,False,
18/091721,12054303,"Sticker affixing system, method to be executed by sticker affixing system, and non-transitory computer-readable medium storing program to be executed by sticker affixing system",OMRON CORPORATION,OMRON,OMRON,JP,2022-12-30,105913525,B25J-0009/1633,0.1,easy_negative,GRAY,False,
19/181861,12420418,Posture optimization and following control method and system for robot used in freeform surface repair,"Shandong Tianfeng Zhiyuan Intelligent Technology Co., Ltd.",SHANDONG TIANFENG ZHIYUAN INTELLIGENT TECHNOLOGY,SHANDONG TIANFENG ZHIYUAN INTELLIGENT TECHNOLOGY,CN,2025-04-17,105843674,B25J-0009/1664,0.1,easy_negative,GRAY,False,
18/380143,12318922,Magnetic lock with throwable robot,"ReconRobotics, Inc.",RECONROBOTICS,RECONROBOTICS,US,2023-10-13,106007708,B25J-0019/027,0.1,easy_negative,GRAY,False,
17/780704,12427678,"Holding device, control method, control device, and robot system",KAWASAKI JUKOGYO KABUSHIKI KAISHA,KAWASAKI JUKOGYO,KAWASAKI HEAVY INDUSTRIES,JP,2020-11-27,106016482,B25J-0015/0616,0.1,easy_negative,GRAY,False,
17/972550,12427668,Method and system for health monitoring of collaborative robot,AJOU UNIVERSITY INDUSTRY-ACADEMIC COOPERATION | AJOU UNIVERSITY INDUSTRY-ACADEMIC COOPERATION FOUNDATION,AJOU UNIVERSITY INDUSTRY-ACADEMIC COOPERATION,AJOU UNIVERSITY INDUSTRY-ACADEMIC COOPERATION,KR,2022-10-24,106016472,B25J-0009/1674,0.1,easy_negative,GRAY,False,
18/509662,12263588,Continuum arm robot joint,ROLLS-ROYCE plc,ROLLS-ROYCE,ROLLS-ROYCE,GB,2023-11-15,105913874,B25J-0009/06,0.1,easy_negative,GRAY,False,
17/995313,12427674,Task-oriented 3D reconstruction for autonomous robotic operations,"AVIATRIX SYSTEMS, INC. | SIEMENS AKTIENGESELLSCHAFT",AVIATRIX SYSTEMS,AVIATRIX SYSTEMS,US,2020-04-06,106016478,B25J-0009/1697,0.1,easy_negative,GRAY,False,
17/448680,12420411,Device for the automated establishment of a plug-in connection,LIEBHERR-VERZAHNTECHNIK GMBH,LIEBHERR-VERZAHNTECHNIK,LIEBHERR-VERZAHNTECHNIK,DE,2021-09-23,105843667,B25J-0009/0087,0.1,easy_negative,GRAY,False,
17/716433,11571812,Robot with linear 7th axis,"DEXTERITY, INC.",DEXTERITY,DEXTERITY,US,2022-04-08,106094824,B25J-0009/1661,0.1,easy_negative,GRAY,False,
17/380000,12420408,Human machine interface recipe building system for a robotic manufacturing system,"BRIGHT MACHINES, INC.",BRIGHT MACHINES,BRIGHT MACHINES,US,2021-07-19,106173478,B25J-0009/1656,0.1,easy_negative,GRAY,False,
17/455676,11872704,Dynamic motion planning system,FANUC CORPORATION,FANUC,FANUC,JP,2021-11-19,106095951,B25J-0009/1666,0.1,easy_negative,GRAY,False,
18/015663,12434387,"Part holding jig, robot system, and part mounting method",FANUC CORPORATION,FANUC,FANUC,JP,2021-07-21,106181862,B25J-0009/0084,0.1,easy_negative,GRAY,False,
18/133426,12434377,Lifting mechanism and robot employing mechanism,"Futaijing Precision Electronics (Yantai) Co., Ltd. | HON HAI PRECISION INDUSTRY CO., LTD.",FUTAIJING PRECISION ELECTRONICS (YANTAI),FUTAIJING PRECISION ELECTRONICS (YANTAI),CN,2023-04-11,106181852,B25J-0009/0009,0.1,easy_negative,GRAY,False,
17/822385,12427667,"Robot system, method for controlling robot system, method for manufacturing article using robot system, system, method for controlling system, and recording medium",Canon Kabushiki Kaisha,CANON,CANON,JP,2022-08-25,106016471,B25J-0009/1674,0.1,easy_negative,GRAY,False,
18/553734,12434391,Production system,FANUC CORPORATION,FANUC,FANUC,JP,2021-06-08,106181866,B25J-0013/088,0.1,easy_negative,GRAY,False,
18/333544,12440969,"Elevation change detection system, robot including same, and associated method","Ford Global Technologies, LLC",FORD GLOBAL TECHNOLOGIES,FORD GLOBAL TECHNOLOGIES,US,2023-06-13,106351152,B25J-0009/161,0.1,easy_negative,GRAY,False,
18/682043,12440972,Method for providing information for a robot device and an electronic computing device,Bayerische Motoren Werke Aktiengesellschaft,BAYERISCHE MOTOREN WERKE,BAYERISCHE MOTOREN WERKE,DE,2022-08-25,106351155,B25J-0009/163,0.1,easy_negative,GRAY,False,
15/652805,10596713,Actuated sensor module and method for in situ gap inspection robots,General Electric Company,GENERAL ELECTRIC,GENERAL ELECTRIC,US,2017-07-18,106417226,B25J-0019/023,0.1,easy_negative,GRAY,False,
17/761213,12162171,"Robot control system, robot control method, and program",JOHNAN CORPORATION,JOHNAN,JOHNAN,JP,2020-09-29,106362207,B25J-0009/1697,0.1,easy_negative,E_auto,False,
16/612955,11511435,"Robot-conveyor calibration method, robot system and control system",ABB Schweiz AG,ABB SCHWEIZ,ABB,CH,2017-05-22,106417060,B25J-0009/1692,0.1,easy_negative,E_auto,False,
17/924715,12350838,Input shaping control of a robot arm in different reference spaces,UNIVERSAL ROBOTS A/S,UNIVERSAL ROBOTS A/S,UNIVERSAL ROBOTS A/S,DK,2021-05-14,106324392,B25J-0009/1641,0.1,easy_negative,GRAY,False,
17/521137,12440994,Autonomous robotic pack planning systems and methods for item stability and integrity,"Amazon Technologies, Inc.",AMAZON TECHNOLOGIES,AMAZON,US,2021-11-08,106351177,B25J-0009/1687,0.1,easy_negative,GRAY,False,
18/012961,12434385,Multi-thread controller for parallel robot,"CHENXING (TIANJIN) AUTOMATION EQUIPMENT CO., LTD.",CHENXING (TIANJIN) AUTOMATION EQUIPMENT,CHENXING (TIANJIN) AUTOMATION EQUIPMENT,CN,2022-04-12,106181860,B25J-0009/1615,0.1,easy_negative,GRAY,False,
17/776419,12440968,Control and monitoring of a machine arrangement,KUKA DEUTSCHLAND GMBH,KUKA DEUTSCHLAND,KUKA,DE,2020-10-29,106351151,B25J-0009/161,0.1,easy_negative,GRAY,False,
16/734024,11498214,"Teaching device, teaching method, and robot system",Canon Kabushiki Kaisha,CANON,CANON,JP,2020-01-03,106496247,B25J-0009/1671,0.1,easy_negative,GRAY,False,
17/998146,12447616,Program generation device and program generation method generating a route program for that returns tip of robot from end point by a prescribed distance,FANUC CORPORATION | ZTE CORPORATION,FANUC,FANUC,JP,2021-05-06,106524746,B25J-0009/1664,0.1,easy_negative,GRAY,False,
16/786838,11312017,Robotic control for tool sharpening,"OMNISHARP, LLC",OMNISHARP,OMNISHARP,US,2020-02-10,106686263,B25J-0009/1679,0.1,easy_negative,GRAY,False,
18/629806,12053881,Multi-layer operating system and method for mobile robots,RAINBOW DYNAMICS LLC,RAINBOW DYNAMICS,RAINBOW DYNAMICS,US,2024-04-08,106499820,B25J-0005/007,0.1,easy_negative,E_auto,False,
17/656304,12220820,"Robot slider position setting device, robot slider position setting method, and robot slider position setting program","Kobe Steel, Ltd.",KOBE STEEL,KOBE STEEL,JP,2022-03-24,106536598,B25J-0009/1664,0.1,easy_negative,GRAY,False,
18/003247,12447629,"Traction robot, conveying system and method for controlling traction robot","JINGDONG TECHNOLOGY INFORMATION TECHNOLOGY CO., LTD.",JINGDONG TECHNOLOGY INFORMATION TECHNOLOGY,JINGDONG TECHNOLOGY INFORMATION TECHNOLOGY,CN,2021-06-18,106524759,B25J-0015/0023,0.1,easy_negative,GRAY,False,
17/704071,12157236,"Control method for robot system, robot system, and storage medium",SEIKO EPSON CORPORATION,SEIKO EPSON,SEIKO EPSON,JP,2022-03-25,106536366,B25J-0009/1687,0.1,easy_negative,GRAY,False,
18/126362,12454052,Systems and hybrid position force control processes of an industrial robot,STAUBLI FAVERGES,STAUBLI FAVERGES,STAUBLI FAVERGES,FR,2023-03-24,106706878,B25J-0009/1633,0.1,easy_negative,GRAY,False,
16/692932,11224972,State machine for dynamic path planning,FANUC CORPORATION,FANUC,FANUC,JP,2019-11-22,106535084,B25J-0009/1666,0.1,easy_negative,GRAY,False,
17/830988,12330300,Tendon transmission system with compound tendon sheath and tendon sheath constraint elements,NEUROCEAN TECHNOLOGIES INC.,NEUROCEAN TECHNOLOGIES,NEUROCEAN TECHNOLOGIES,CN,2022-06-02,106456020,B25J-0009/104,0.1,easy_negative,GRAY,False,
17/318435,11931898,Arm and body coordination,"BOSTON DYNAMICS, INC.",BOSTON DYNAMICS,HYUNDAI MOTOR GROUP(2021~)/구글·소프트뱅크(이전),US,2021-05-12,106680757,B25J-0009/162,0.1,easy_negative,GRAY,False,
16/852801,11383385,Mobile robot and method for operating the same,LG ELECTRONICS INC.,LG ELECTRONICS,LG,KR,2020-04-20,106615679,B25J-0009/1697,0.1,easy_negative,GRAY,False,
18/395944,12370677,Aerial robotic systems,"Altec Industries, Inc.",ALTEC INDUSTRIES,ALTEC INDUSTRIES,US,2023-12-26,106499823,B25J-0009/162,0.1,easy_negative,GRAY,False,
16/839807,11701777,Adaptive grasp planning for bin picking,FANUC CORPORATION,FANUC,FANUC,JP,2020-04-03,106631044,B25J-0009/1666,0.1,easy_negative,GRAY,False,
17/581095,12440988,Systems and methods for manipulating control panels using robotic arms based on control system data analytics,Aquila Engineering LLC,AQUILA ENGINEERING,AQUILA ENGINEERING,US,2022-01-21,106685076,B25J-0009/1674,0.1,easy_negative,GRAY,False,
18/023522,12350839,"Robot system, method, and computer program for performing scraping process",FANUC CORPORATION,FANUC,FANUC,JP,2021-09-01,106786602,B25J-0009/1664,0.1,easy_negative,GRAY,False,
17/216738,11931905,Failure prediction method and failure prediction apparatus,SEIKO EPSON CORPORATION,SEIKO EPSON,SEIKO EPSON,JP,2021-03-30,106755415,B25J-0009/1674,0.1,easy_negative,GRAY,False,
17/902587,12447631,Automated robotic tool selection,Osaro,OSARO,OSARO,US,2022-09-02,106863526,B25J-0015/04,0.1,easy_negative,GRAY,False,
18/863780,12343879,Safety functions in an industrial robot,ABB SCHWEIZ AG,ABB SCHWEIZ,ABB,CH,2022-05-13,106791914,B25J-0009/1674,0.1,easy_negative,GRAY,False,
18/248111,12145260,Robot maintenance fixture,FANUC CORPORATION,FANUC,FANUC,JP,2021-10-12,106787468,B25J-0019/0066,0.1,easy_negative,GRAY,False,
17/380132,12450534,Heterogeneous graph attention networks for scalable multi-robot scheduling,GEORGIA TECH RESEARCH CORPORATION,GEORGIA TECH RESEARCH,GEORGIA TECH RESEARCH,US,2021-07-20,106863832,B25J-0009/1682,0.1,easy_negative,GRAY,False,
17/730421,12459122,"Area setting device, rack, control system, area setting method, and non-transitory computer readable medium storing program",OMRON CORPORATION,OMRON,OMRON,JP,2022-04-27,106874128,B25J-0009/1676,0.1,easy_negative,GRAY,False,
18/138853,12459118,Method of coordinating motion of a robot and vehicle in an independent cart system,"Rockwell Automation Technologies, Inc. | Rockwell Automation Technolgies, Inc.",ROCKWELL AUTOMATION TECHNOLOGIES,ROCKWELL AUTOMATION TECHNOLOGIES,US,2023-04-25,106874124,B25J-0009/1664,0.1,easy_negative,GRAY,False,
17/996352,12459119,"Method of controlling industrial robot, control system and robot system",ABB SCHWEIZ AG,ABB SCHWEIZ,ABB,CH,2020-04-22,106874125,B25J-0009/1666,0.1,easy_negative,GRAY,False,
18/884277,12415266,"Articulated robot, method for controlling articulated robot, robot system, and method for manufacturing object","LAUREL PRECISION CO., LTD | LAUREL PRECISION MACHINES CO., LTD.",LAUREL PRECISION,LAUREL PRECISION,JP,2024-09-13,107049904,B25J-0009/041,0.1,easy_negative,GRAY,False,
18/550391,12459131,Picking system,MITSUBISHI ELECTRIC CORPORATION,MITSUBISHI ELECTRIC,MITSUBISHI ELECTRIC,JP,2022-03-31,106874137,B25J-0009/1697,0.1,easy_negative,GRAY,False,
18/321261,12454064,Robot and controlling method thereof,"Samsung Electronics Co., Ltd.",SAMSUNG ELECTRONICS,SAMSUNG,KR,2023-05-22,107056489,B25J-0011/0005,0.1,easy_negative,GRAY,False,
17/824969,12358128,Modular robot control architecture,"Rivian IP Holdings, LLC",RIVIAN IP,RIVIAN IP,US,2022-05-26,107059274,B25J-0009/1602,0.1,easy_negative,GRAY,False,
16/030340,11338449,Methods and systems for electroadhesion-based manipulation in manufacturing,"GRABIT, INC.",GRABIT,GRABIT,US,2018-07-09,107221723,B25J-0015/0085,0.1,easy_negative,GRAY,False,
19/020332,12466079,System and method for optimizing slide pick basket operations,"PRAMANA, INC.",PRAMANA,PRAMANA,US,2025-01-14,107071261,B25J-0009/1697,0.1,easy_negative,GRAY,False,
17/588805,11964379,Asymmetric dual end effector robot arm,Persimmon Technologies Corporation,PERSIMMON TECHNOLOGIES,PERSIMMON TECHNOLOGIES,US,2022-01-31,107054293,B25J-0011/0095,0.1,easy_negative,GRAY,False,
14/701152,9802311,"Display control device, display control method, computer program product, and communication system",SONY CORPORATION,SONY,SONY,JP,2015-04-30,107230418,B25J-0009/16,0.1,easy_negative,GRAY,False,
17/032011,11123870,Robotic transport system and method therefor,"HIGHRES BIOSOLUTIONS, INC",HIGHRES BIOSOLUTIONS,HIGHRES BIOSOLUTIONS,US,2020-09-25,107141988,B25J-0005/007,0.1,easy_negative,GRAY,False,
17/891849,12466067,Multi-mode robot programming,INTRINSIC INNOVATION LLC,INTRINSIC INNOVATION,ALPHABET,US,2022-08-19,107071250,B25J-0009/1671,0.1,easy_negative,GRAY,False,
16/999339,11673265,Motion planning for robots to optimize velocity while maintaining limits on acceleration and jerk,"REALTIME ROBOTICS, INC.",REALTIME ROBOTICS,REALTIME ROBOTICS,US,2020-08-21,107217159,B25J-0009/1651,0.1,easy_negative,GRAY,False,
14/635437,9707685,Container-carrying device using robot hand,FANUC CORPORATION,FANUC,FANUC,JP,2015-03-02,107291133,B25J-0015/0014,0.1,easy_negative,GRAY,False,
17/038444,11571808,Rotary axis module and robot,FANUC CORPORATION,FANUC,FANUC,JP,2020-09-30,107294576,B25J-0009/126,0.1,easy_negative,GRAY,False,
15/739330,10343287,Robot voice direction-seeking turning system and method,"YUTOU TECHNOLOGY (HANGZHOU) CO., LTD.",YUTOU TECHNOLOGY (HANGZHOU),YUTOU TECHNOLOGY (HANGZHOU),CN,2016-06-14,107373353,B25J-0013/003,0.1,easy_negative,GRAY,False,
15/233440,10112301,Automatic calibration method for robot systems using a vision sensor,TE CONNECTIVITY CORPORATION | TYCO ELECTRONICS (SHANGHAI) CO. LTD.,TE CONNECTIVITY,TE CONNECTIVITY,US,2016-08-10,107371961,B25J-0009/1692,0.1,easy_negative,GRAY,False,
16/628491,11247336,Point stabilization control method and apparatus for a mobile robot,"BOZHON PRECISION INDUSTRY TECHNOLOGY CO., LTD. | SUZHOU BOZHON ROBOT CO., LTD.",BOZHON PRECISION INDUSTRY TECHNOLOGY,BOZHON PRECISION INDUSTRY TECHNOLOGY,CN,2018-11-14,107375420,B25J-0009/1664,0.1,easy_negative,GRAY,False,
15/326625,10421186,Method and apparatus for working-place backflow of robots,"HANGZHOU YAMEILIJIA TECHNOLOGY CO., LTD.",HANGZHOU YAMEILIJIA TECHNOLOGY,HANGZHOU YAMEILIJIA TECHNOLOGY,CN,2016-08-03,107358946,B25J-0009/1664,0.1,easy_negative,E_auto,False,
14/616339,9457482,Protective casing of robot grippers,GIMATIC S.P.A.,GIMATIC,GIMATIC,IT,2015-02-06,107291134,B25J-0019/0083,0.1,easy_negative,GRAY,False,
17/998297,12472625,Policy-restricted execution of a robot program with movement instructions,ABB SCHWEIZ AG,ABB SCHWEIZ,ABB,CH,2021-05-12,107281187,B25J-0009/1664,0.1,easy_negative,GRAY,False,
17/014050,11872695,"Gas spring maintenance management apparatus, robot system, and gas spring maintenance management method",FANUC CORPORATION,FANUC,FANUC,JP,2020-09-08,107294565,B25J-0019/0066,0.1,easy_negative,GRAY,False,
18/137265,12384023,Reconfigurable modular soft robots and methods of designing the same,THE BOARD OF TRUSTEES OF THE UNIVERSITY OF ALABAMA,THE BOARD OF TRUSTEES OF THE UNIVERSITY OF ALABAMA,THE BOARD OF TRUSTEES OF THE UNIVERSITY OF ALABAMA,US,2023-04-20,107234196,B25J-0009/08,0.1,easy_negative,GRAY,False,
17/554161,11931892,Three degree-of-freedom robotic systems for automatic and/or collaborative planar fastening operations,SHANGHAI JIAOTONG UNIVERSITY,SHANGHAI JIAOTONG UNIVERSITY,SHANGHAI JIAOTONG UNIVERSITY,CN,2021-12-17,107419748,B25J-0009/0081,0.1,easy_negative,GRAY,False,
18/306352,12479097,Coordinated motion of a robot and vehicle in an independent cart system,"Rockwell Automation Technologies, Inc.",ROCKWELL AUTOMATION TECHNOLOGIES,ROCKWELL AUTOMATION TECHNOLOGIES,US,2023-04-25,107565851,B25J-0009/1664,0.1,easy_negative,GRAY,False,
19/193588,12479082,"Mobile robot, controller, and localization method for mobile robot",VISIONNAV ROBOTICS USA INC.,VISIONNAV ROBOTICS USA,VISIONNAV ROBOTICS USA,US,2025-04-29,107565836,B25J-0005/007,0.1,easy_negative,GRAY,False,
16/075741,11198213,"Flexible driver, robot joint, robot and exoskeleton robot","SHENZHEN MILEBOT ROBOTICS CO., LTD.",SHENZHEN MILEBOT ROBOTICS,SHENZHEN MILEBOT ROBOTICS,CN,2017-08-07,107396943,B25J-0009/0006,0.1,easy_negative,GRAY,False,
15/715259,10603796,Companion robot and method for controlling companion robot,"Fu Tai Hua Industry (Shenzhen) Co., Ltd. | HON HAI PRECISION INDUSTRY CO., LTD.",FU TAI HUA INDUSTRY (SHENZHEN),FU TAI HUA INDUSTRY (SHENZHEN),CN,2017-09-26,107415525,B25J-0011/009,0.1,easy_negative,GRAY,False,
18/070990,12240110,"Welding system, welding robot control program creation device, and welding robot control program creation method","PANASONIC INTELLECTUAL PROPERTY MANAGEMENT CO., LTD.",PANASONIC INTELLECTUAL PROPERTY MANAGEMENT,PANASONIC,JP,2022-11-29,107550300,B25J-0009/0081,0.1,easy_negative,GRAY,False,
17/523132,12479102,Apparatus and method for piston insertion,HYUNDAI MOTOR COMPANY | KIA CORPORATION,HYUNDAI MOTOR,HYUNDAI MOTOR GROUP,KR,2021-11-10,107565856,B25J-0009/1687,0.1,easy_negative,GRAY,False,
18/111943,12479100,Moving robot and moving robot assembly including the same,"HL ROBOTICS CO., LTD.",HL ROBOTICS,HL ROBOTICS,KR,2023-02-21,107565854,B25J-0009/1669,0.1,easy_negative,GRAY,False,
16/856715,11724396,Goal-oriented control of a robotic arm,"SHANGHAI FLEXIV ROBOTICS TECHNOLOGY CO., LTD. | FLEXIV LTD.",SHANGHAI FLEXIV ROBOTICS TECHNOLOGY,SHANGHAI FLEXIV ROBOTICS TECHNOLOGY,CN,2020-04-23,107583413,B25J-0009/1666,0.1,easy_negative,GRAY,False,
17/290647,12064871,"Gas pressure detection device, robot having gas pressure detection device, and gas pressure detection method of the same",KAWASAKI JUKOGYO KABUSHIKI KAISHA,KAWASAKI JUKOGYO,KAWASAKI HEAVY INDUSTRIES,JP,2019-11-28,107652213,B25J-0019/02,0.1,easy_negative,GRAY,False,
16/590092,11548167,Robot for making coffee and method for controlling the same,LG ELECTRONICS INC.,LG ELECTRONICS,LG,KR,2019-10-01,107660564,B25J-0013/085,0.1,easy_negative,GRAY,False,
17/667851,12048999,Method for performing tool change with robot arm,"Chieftek Precision Co., Ltd.",CHIEFTEK PRECISION,CHIEFTEK PRECISION,TW,2022-02-09,107932304,B25J-0015/0491,0.1,easy_negative,GRAY,False,
17/283237,12115664,Method for using a robot system and robot system for a container processing facility,KRONES AG,KRONES,KRONES,DE,2019-07-12,108041928,B25J-0005/00,0.1,easy_negative,GRAY,False,
18/350124,12472638,"Information processing device, robot, and mobile terminal device",SONY GROUP CORPORATION | SONY INTERACTIVE ENTERTAINMENT INC.,SONY GROUP,SONY,JP,2023-07-11,107726157,B25J-0011/0015,0.1,easy_negative,GRAY,False,
17/636220,12491632,"Data processing device, data processing method, and cooking robot",SONY GROUP CORPORATION,SONY GROUP,SONY,JP,2020-09-23,107970301,B25J-0009/1664,0.1,easy_negative,GRAY,False,
18/899000,12420404,Birfield flexible variable-stiffness continuum robot unit and continuum robot,XI'AN JIAOTONG UNIVERSITY,XI'AN JIAOTONG UNIVERSITY,XI'AN JIAOTONG UNIVERSITY,CN,2024-09-27,107846217,B25J-0009/065,0.1,easy_negative,GRAY,False,
14/979554,10112299,Machining apparatus and method of producing workpiece,KABUSHIKI KAISHA YASKAWA DENKI,YASKAWA DENKI,YASKAWA,JP,2015-12-28,107927583,B25J-0009/1664,0.1,easy_negative,GRAY,False,
17/989408,11897132,Systems and methods for redundant network communication in a robot,SARCOS CORP.,SARCOS,SARCOS,US,2022-11-17,108050195,B25J-0009/1602,0.1,easy_negative,GRAY,False,
16/457998,11766785,Automated testing system,"NOISEOUT, INC.",NOISEOUT,NOISEOUT,US,2019-06-29,108139631,B25J-0013/006,0.1,easy_negative,GRAY,False,
18/414287,12377557,Robotic article handling end effector with capture device having a compliant material,SARCOS CORP.,SARCOS,SARCOS,US,2024-01-16,108139765,B25J-0015/0095,0.1,easy_negative,GRAY,False,
18/537250,12502771,Energy efficient robotic arm,Intel Corporation,INTEL,INTEL,US,2023-12-12,108372723,B25J-0009/163,0.1,easy_negative,GRAY,False,
18/431482,12472627,System and method for multi-robot fleet control in healthcare environment,FUTRONICS (NA) CORPORATION | UBTECH ROBOTICS CORP LTD,FUTRONICS (NA),FUTRONICS (NA),US,2024-02-02,107281189,B25J-0009/1664,0.1,easy_negative,GRAY,False,
18/511310,12409548,Gripper for a door and a control method thereof,HYUNDAI MOTOR COMPANY | KIA CORPORATION,HYUNDAI MOTOR,HYUNDAI MOTOR GROUP,KR,2023-11-16,108163120,B25J-0009/1612,0.1,easy_negative,GRAY,False,
17/838045,12485544,Workflow for using learning based approach for placing boxes on pallets,"DEXTERITY, INC.",DEXTERITY,DEXTERITY,US,2022-06-10,108140193,B25J-0009/1687,0.1,easy_negative,GRAY,False,
16/604719,11358286,Robot system and method of operating the same,KAWASAKI JUKOGYO KABUSHIKI KAISHA,KAWASAKI JUKOGYO,KAWASAKI HEAVY INDUSTRIES,JP,2018-04-10,108041775,B25J-0013/00,0.1,easy_negative,GRAY,False,
17/301296,12109715,Computer controlled positioning of delicate objects with low-contact force interaction using a robot,International Business Machines Corporation,INTERNATIONAL BUSINESS MACHINES,INTERNATIONAL BUSINESS MACHINES,US,2021-03-31,108453361,B25J-0009/1697,0.1,easy_negative,GRAY,False,
17/384452,12479107,Method and an assembly unit for performing assembling operations,ABB SCHWEIZ AG,ABB SCHWEIZ,ABB,CH,2021-07-23,107565861,B25J-0009/1697,0.1,easy_negative,GRAY,False,
17/995974,12420424,Coordinate system setting system and position/orientation measurement system,FANUC CORPORATION,FANUC,FANUC,JP,2021-04-12,108474872,B25J-0009/1692,0.1,easy_negative,GRAY,False,
18/165471,12502784,Manufacturing system and manufacturing method for manufacturing assembly including tap,"SINTOKOGIO, LTD.",SINTOKOGIO,SINTOKOGIO,JP,2023-02-07,108372736,B25J-0009/1687,0.1,easy_negative,GRAY,False,
17/773380,12168294,Modular robot,CONTINENTAL AUTOMOTIVE TECHNOLOGIES GMBH,CONTINENTAL AUTOMOTIVE TECHNOLOGIES,CONTINENTAL AUTOMOTIVE TECHNOLOGIES,DE,2020-11-05,108473467,B25J-0005/007,0.1,easy_negative,GRAY,False,
17/180879,11958187,"Robot hand, robot and robot system",KAWASAKI JUKOGYO KABUSHIKI KAISHA,KAWASAKI JUKOGYO,KAWASAKI HEAVY INDUSTRIES,JP,2021-02-22,108382980,B25J-0009/0093,0.1,easy_negative,GRAY,False,
17/882816,11999057,Continuum arm robot system,ROLLS-ROYCE plc,ROLLS-ROYCE,ROLLS-ROYCE,GB,2022-08-08,108460088,B25J-0009/009,0.1,easy_negative,GRAY,False,
16/999414,11577398,"Robot, measurement fixture, and tool-tip-position determining method",FANUC CORPORATION,FANUC,FANUC,JP,2020-08-21,108631806,B25J-0009/1692,0.1,easy_negative,GRAY,False,
17/780665,12508722,"Holding device, control method, control device, and robot system",KAWASAKI JUKOGYO KABUSHIKI KAISHA,KAWASAKI JUKOGYO,KAWASAKI HEAVY INDUSTRIES,JP,2020-11-27,108549797,B25J-0015/0061,0.1,easy_negative,GRAY,False,
16/756105,12005566,"On-demand robotic food assembly equipment, and related systems and methods","CONGRUENS GROUP, LLC",CONGRUENS GROUP,CONGRUENS GROUP,US,2018-10-16,108542349,B25J-0011/0045,0.1,easy_negative,GRAY,False,
18/998175,12508710,Method and system for cooperating packing actions and unpacking actions of mechanical arm based on deep reinforcement learning,SHANDONG UNIVERSITY,SHANDONG UNIVERSITY,SHANDONG UNIVERSITY,CN,2022-10-18,108549785,B25J-0009/1669,0.1,easy_negative,GRAY,False,
17/015238,11597080,Knowledge partitioning for task execution by conversational tele-presence robots in a geographically separated environment,TATA CONSULTANCY SERVICES LIMITED,TATA CONSULTANCY SERVICES,TATA CONSULTANCY SERVICES,IN,2020-09-09,108631338,B25J-0009/163,0.1,easy_negative,GRAY,False,
17/862022,12504741,Adaptive cyber manufacturing (ACM) through online human-AI partnerships,FLORIDA ATLANTIC UNIVERSITY BOARD OF TRUSTEES,FLORIDA ATLANTIC UNIVERSITY BOARD OF TRUSTEES,FLORIDA ATLANTIC UNIVERSITY BOARD OF TRUSTEES,US,2022-07-11,108693753,B25J-0009/1689,0.1,easy_negative,GRAY,False,
18/696238,12496718,"Method to control, through direct teaching, a closed robotised system and relative processing plant",GAIOTTO AUTOMATION S.P.A.,GAIOTTO AUTOMATION,GAIOTTO AUTOMATION,IT,2022-09-29,108535388,B25J-0009/1656,0.1,easy_negative,GRAY,False,
17/798731,12220806,Deburring device and control system,FANUC CORPORATION,FANUC,FANUC,JP,2021-02-15,108714770,B25J-0011/006,0.1,easy_negative,GRAY,False,
18/576156,12515351,Workpiece gripping determination mechanism for robot hand,FUJI CORPORATION,FUJI,FUJI,JP,2021-07-20,108701531,B25J-0013/082,0.1,easy_negative,GRAY,False,
18/681932,12515330,Robot control device,FANUC CORPORATION,FANUC,FANUC,JP,2021-09-17,108701510,B25J-0009/1656,0.1,easy_negative,GRAY,False,
18/477344,12515316,"Operation apparatus, robot system, manufacturing method, control method, and recording medium",Canon Kabushiki Kaisha,CANON,CANON,JP,2023-09-28,108701496,B25J-0009/1605,0.1,easy_negative,GRAY,False,
18/153021,12325132,Primary-and-secondary robot system,DENSO WAVE INCORPORATED,DENSO WAVE,DENSO,JP,2023-01-11,108717762,B25J-0009/163,0.1,easy_negative,GRAY,False,
16/775991,11565416,Transporting robot and method for controlling the same,LG ELECTRONICS INC.,LG ELECTRONICS,LG,KR,2020-01-29,108787355,B25J-0009/1666,0.1,easy_negative,GRAY,False,
16/553744,11254004,System identification of industrial robot dynamics for safety-critical applications,"VEO ROBOTICS, INC.",VEO ROBOTICS,VEO ROBOTICS,US,2019-08-28,108771400,B25J-0009/1653,0.1,easy_negative,GRAY,False,
18/470438,12521873,System and method for automatically collecting stirrup,Industrial Technology Research Institute,INDUSTRIAL TECHNOLOGY RESEARCH INSTITUTE,INDUSTRIAL TECHNOLOGY RESEARCH INSTITUTE,TW,2023-09-20,108898705,B25J-0009/1612,0.1,easy_negative,GRAY,False,
17/838039,12390928,Workflow for using tree search-based approach for placing boxes on pallet with limited knowledge of future sequence,"DEXTERITY, INC.",DEXTERITY,DEXTERITY,US,2022-06-10,108784831,B25J-0009/1664,0.1,easy_negative,GRAY,False,
18/627893,12528187,Method for planning a movement path for a robotic arm,National Yang Ming Chiao Tung University,NATIONAL YANG MING CHIAO TUNG UNIVERSITY,NATIONAL YANG MING CHIAO TUNG UNIVERSITY,TW,2024-04-05,109086078,B25J-0009/1664,0.1,easy_negative,GRAY,False,
17/855944,12214494,Teaching support device,SEIKO EPSON CORPORATION,SEIKO EPSON,SEIKO EPSON,JP,2022-07-01,108995967,B25J-0009/0081,0.1,easy_negative,GRAY,False,
17/636073,12521881,"Information processing device, control method, and storage medium",NEC CORPORATION,NEC,NEC,JP,2019-08-30,108898713,B25J-0009/1661,0.1,easy_negative,GRAY,False,
15/179493,10272572,Remotely controlling robotic platforms based on multi-modal sensory data,The Boeing Company,THE BOEING,THE BOEING,US,2016-06-10,108878495,B25J-0009/1697,0.1,easy_negative,GRAY,False,
17/013340,11642797,Gripper apparatus for grasping objects,Tata Consultancy Services Limited,TATA CONSULTANCY SERVICES,TATA CONSULTANCY SERVICES,IN,2020-09-04,108994454,B25J-0015/0616,0.1,easy_negative,GRAY,False,
16/589790,11389963,"Robot system including feed device, and feed table device",Fanuc Corporation,FANUC,FANUC,JP,2019-10-01,108983686,B25J-0009/1694,0.1,easy_negative,GRAY,False,
17/565619,12528200,Light for teach pendant,"Francis Joseph Osebold, III",FRANCIS JOSEPH OSEBOLD III,FRANCIS JOSEPH OSEBOLD III,US,2021-12-30,109086091,B25J-0013/06,0.1,easy_negative,GRAY,False,
17/482162,12090661,Velocity control-based robotic system,"DEXTERITY, INC.",DEXTERITY,DEXTERITY,US,2021-09-22,109050138,B25J-0009/0093,0.1,easy_negative,GRAY,False,
15/591978,10384353,System and method for a robotic manipulator system,"VEOLIA NUCLEAR SOLUTIONS, INC.",VEOLIA NUCLEAR SOLUTIONS,VEOLIA NUCLEAR SOLUTIONS,US,2017-05-10,109078767,B25J-0018/025,0.1,easy_negative,GRAY,False,
18/259514,12528191,Systems and methods for timed plan verification and strategy synthesis for multi-robot coordination,TELEFONAKTIEBOLAGET LM ERICSSON (PUBL),TELEFONAKTIEBOLAGET LM ERICSSON (PUBL),TELEFONAKTIEBOLAGET LM ERICSSON (PUBL),SE,2020-12-29,109086082,B25J-0009/1682,0.1,easy_negative,E_auto,False,
18/603490,12508715,Robotic systems and methods,Daniel Abrams,DANIEL ABRAMS,DANIEL ABRAMS,US,2024-03-13,109053340,B25J-0011/0005,0.1,easy_negative,GRAY,False,
18/261283,12370670,Dual-arm robot system,KAWASAKI JUKOGYO KABUSHIKI KAISHA,KAWASAKI JUKOGYO,KAWASAKI HEAVY INDUSTRIES,JP,2022-01-12,108910994,B25J-0009/0087,0.1,easy_negative,GRAY,False,
19/173821,12528181,Three-degree-of-freedom parallel electromagnetic variable stiffness actuator as an end effector for robotic grinding and polishing,Huazhong University of Science and Technology,HUAZHONG UNIVERSITY OF SCIENCE AND TECHNOLOGY,HUAZHONG UNIVERSITY OF SCIENCE AND TECHNOLOGY,CN,2025-04-09,109161776,B25J-0009/12,0.1,easy_negative,GRAY,False,
18/054707,12479087,"Robot, control method of robot, article manufacturing method using robot, and recording medium storing control program",Canon Kabushiki Kaisha,CANON,CANON,JP,2022-11-11,109156489,B25J-0009/06,0.1,easy_negative,GRAY,False,
18/100451,12515332,System and method for sequencing assembly tasks,eBots Inc.,EBOTS,EBOTS,US,2023-01-23,109212014,B25J-0009/1661,0.1,easy_negative,GRAY,False,
18/562897,12533792,Building exterior wall cleaning robot,IUCF-HYU (INDUSTRY-UNIVERSITY COOPERATION FOUNDATION HANYANG UNIVERSITY),IUCF-HYU (INDUSTRY-UNIVERSITY COOPERATION FOUNDATION HANYANG UNIVERSITY),IUCF-HYU (INDUSTRY-UNIVERSITY COOPERATION FOUNDATION HANYANG UNIVERSITY),KR,2022-05-09,109228641,B25J-0005/04,0.1,easy_negative,E_auto,False,
17/767644,12233542,Fault detection response in a robot arm,CMR SURGICAL LIMITED,CMR SURGICAL,CMR SURGICAL,GB,2020-10-09,109097961,B25J-0019/0004,0.1,easy_negative,GRAY,False,
18/701461,12528194,"Coordinate system calibration method, apparatus and system for robot, and medium","BEIJING JINGDONG QIANSHI TECHNOLOGY CO., LTD.",BEIJING JINGDONG QIANSHI TECHNOLOGY,BEIJING JINGDONG QIANSHI TECHNOLOGY,CN,2022-10-11,109086085,B25J-0009/16,0.1,easy_negative,GRAY,False,
16/709764,11897146,"Examination method for examining robot apparatus, control apparatus, and storage medium",Canon Kabushiki Kaisha,CANON,CANON,JP,2019-12-10,109207960,B25J-0009/1674,0.1,easy_negative,GRAY,False,
18/035689,12427676,Robot-mounted mobile device and positioning control method for system,"DMG MORI CO., LTD.",DMG MORI,DMG MORI,JP,2021-10-26,109204731,B25J-0013/087,0.1,easy_negative,GRAY,False,
17/919637,12296486,Program editing device,FANUC CORPORATION,FANUC,FANUC,JP,2021-04-14,109340257,B25J-0009/1656,0.1,easy_negative,GRAY,False,
19/046366,12427677,Method and system for control of a vertically translatable robot,"MYTRA, INC.",MYTRA,MYTRA,US,2025-02-05,109214024,B25J-0015/0033,0.1,easy_negative,GRAY,False,
18/754599,12533814,Apparatus and method for automatic calibration of a robotic arm in a modular system,"Pramana, Inc.",PRAMANA,PRAMANA,US,2024-06-26,109228663,B25J-0009/1692,0.1,easy_negative,GRAY,False,
14/724966,9669546,Robotic work object cell calibration method,Matthew E. Trompeter,MATTHEW E TROMPETER,MATTHEW E TROMPETER,US,2015-05-29,109821969,B25J-0009/1692,0.1,easy_negative,GRAY,False,
18/537707,12521871,Compiling robot behavior trees,INTRINSIC INNOVATION LLC,INTRINSIC INNOVATION,ALPHABET,US,2023-12-12,109212858,B25J-0009/1602,0.1,easy_negative,GRAY,False,
17/927062,12440977,"Control device, robot system, and control method for causing robot to execute work on workpiece",FANUC CORPORATION,FANUC,FANUC,JP,2021-05-24,109340269,B25J-0009/1664,0.1,easy_negative,GRAY,False,
17/999036,12325134,Robot control device and robot system,FANUC CORPORATION,FANUC,FANUC,JP,2021-05-13,109340263,B25J-0009/1656,0.1,easy_negative,GRAY,False,
14/832071,9993921,Flexible and stretchable electronic strain-limited layer for soft actuators,PRESIDENT AND FELLOWS OF HARVARD COLLEGE,PRESIDENT AND FELLOWS OF HARVARD COLLEGE,PRESIDENT AND FELLOWS OF HARVARD COLLEGE,US,2015-08-21,109871104,B25J-0009/142,0.1,easy_negative,GRAY,False,
15/281382,10086516,"Color- or grayscale-sensing, magnetic, mobile, marking robot",PRESIDENT AND FELLOWS OF HARVARD COLLEGE,PRESIDENT AND FELLOWS OF HARVARD COLLEGE,PRESIDENT AND FELLOWS OF HARVARD COLLEGE,US,2016-09-30,109866726,B25J-0009/1697,0.1,easy_negative,GRAY,False,
17/850469,12240118,Force amplification mobile robotic system (exobot),PETRÓLEO BRASILEIRO S.A. – PETROBRAS | INSTITUTO TECNOLÓGICO DE AERONÁUTICA - ITA,PETRÓLEO BRASILEIRO – PETROBRAS,PETRÓLEO BRASILEIRO – PETROBRAS,BR,2022-06-27,109409544,B25J-0009/1633,0.1,easy_negative,T1_auto,False,
15/262015,10005189,"Extensible and retractable arm mechanism, and robot arm",Life Robotics Inc.,LIFE ROBOTICS,LIFE ROBOTICS,JP,2016-09-12,109865314,B25J-0018/025,0.1,easy_negative,GRAY,False,
15/744536,10828788,Distributed pressurization and exhaust systems for soft robots,PRESIDENT AND FELLOWS OF HARVARD COLLEGE,PRESIDENT AND FELLOWS OF HARVARD COLLEGE,PRESIDENT AND FELLOWS OF HARVARD COLLEGE,US,2016-07-12,109884665,B25J-0018/06,0.1,easy_negative,GRAY,False,
16/618465,11370106,Pallet robot with scissor lift,DUECKER GROUP GMBH,DUECKER GROUP,DUECKER GROUP,DE,2018-06-04,109911363,B25J-0005/00,0.1,easy_negative,GRAY,False,
14/928491,10005184,Industrial robot and a method for controlling an industrial robot,Comau S.p.A.,COMAU,COMAU,IT,2015-10-30,110319133,B25J-0009/1676,0.1,easy_negative,GRAY,False,
16/264901,11213950,Proximate robot object detection and avoidance,LOCUS ROBOTICS CORP.,LOCUS ROBOTICS,LOCUS ROBOTICS,US,2019-02-01,109937496,B25J-0009/1666,0.1,easy_negative,GRAY,False,
16/224513,12486061,Robotic kitting system,"DEXTERITY, INC.",DEXTERITY,DEXTERITY,US,2018-12-18,109931094,B25J-0009/0093,0.1,easy_negative,GRAY,False,
15/620300,10005180,Robotic servicing multifunctional tool,"MACDONALD, DETTWILER AND ASSOCIATES INC.",MACDONALD DETTWILER AND ASSOCIATES,MACDONALD DETTWILER AND ASSOCIATES,CA,2017-06-12,110357593,B25J-0009/16,0.1,easy_negative,GRAY,False,
16/018215,10787316,Stocking assistant robot,"SUNRISE R&D HOLDINGS, LLC",SUNRISE R&D,SUNRISE R&D,US,2018-06-26,109927280,B25J-0005/007,0.1,easy_negative,GRAY,False,
14/657699,9597795,System for moving a mobile tendon controlled platform robot,METISS B.V.,METISS,METISS,NL,2015-03-13,110244328,B25J-0009/0078,0.1,easy_negative,GRAY,False,
15/342500,10265850,Robotic sensing apparatus and methods of sensor planning,General Electric Company,GENERAL ELECTRIC,GENERAL ELECTRIC,US,2016-11-03,110353696,B25J-0009/163,0.1,easy_negative,GRAY,False,
15/704223,10414039,Remotely controlled packable robot,"Foster-Miller, Inc.",FOSTER-MILLER,FOSTER-MILLER,US,2017-09-14,110350085,B25J-0005/005,0.1,easy_negative,GRAY,False,
15/704379,10471589,Remotely controlled packable robot,"Foster-Miller, Inc.",FOSTER-MILLER,FOSTER-MILLER,US,2017-09-14,110350088,B25J-0009/102,0.1,easy_negative,GRAY,False,
17/049922,12151371,Waste sorting gantry robot,MP ZENROBOTICS OY,MP ZENROBOTICS,MP ZENROBOTICS,FI,2019-04-18,110408121,B25J-0009/026,0.1,easy_negative,GRAY,False,
15/266594,10086519,Everting end effector for use with an articulated arm in a robotic system,"BERKSHIRE GREY, INC.",BERKSHIRE GREY,BERKSHIRE GREY,US,2016-09-15,110365086,B25J-0015/0616,0.1,easy_negative,GRAY,False,
15/789032,10766140,Teach mode collision avoidance system and method for industrial robotic manipulators,BATTELLE MEMORIAL INSTITUTE,BATTELLE MEMORIAL INSTITUTE,BATTELLE MEMORIAL INSTITUTE,US,2017-10-20,110366811,B25J-0009/1676,0.1,easy_negative,GRAY,False,
17/051422,11660762,Waste sorting robot,MP ZENROBOTICS OY,MP ZENROBOTICS,MP ZENROBOTICS,FI,2019-04-18,110405633,B25J-0015/0616,0.1,easy_negative,GRAY,False,
17/587946,12076857,"Method for precise, intuitive positioning of robotic welding machine","ROBOTIC TECHNOLOGIES OF TENNESSEE, LLC",ROBOTIC TECHNOLOGIES OF TENNESSEE,ROBOTIC TECHNOLOGIES OF TENNESSEE,US,2022-01-28,110473671,B25J-0009/0081,0.1,easy_negative,GRAY,False,
17/061527,11187252,Mechanically programmable closed fluid actuation system,UNIVERSAL CITY STUDIOS LLC,UNIVERSAL CITY STUDIOS,UNIVERSAL CITY STUDIOS,US,2020-10-01,110436331,B25J-0009/142,0.1,easy_negative,GRAY,False,
18/167584,12528190,Systems and methods for deformable object manipulation using air,"COLUMBIA UNIVERSITY | TOYOTA RESEARCH INSTITUTE, INC. | TOYOTA JIDOSHA KABUSHIKI KAISHA",COLUMBIA UNIVERSITY,COLUMBIA UNIVERSITY,US,2023-02-10,111888505,B25J-0009/1682,0.1,easy_negative,GRAY,False,
17/492041,12528206,"Tool stocker, interchangeable tool, robot apparatus, robot system, control method of robot system, and storage medium",Canon Kabushiki Kaisha,CANON,CANON,JP,2021-10-01,111886361,B25J-0015/0491,0.1,easy_negative,GRAY,False,
16/453197,11511415,System and method for robotic bin picking,"TERADYNE, INC.",TERADYNE,TERADYNE,US,2019-06-26,110412602,B25J-0009/1612,0.1,easy_negative,GRAY,False,
17/774913,12103175,Robotic apparatus,PROCESS VISION LTD.,PROCESS VISION,PROCESS VISION,GB,2020-09-08,110438913,B25J-0009/065,0.1,easy_negative,GRAY,False,
18/033347,12065317,"Pallet transfer device for robot palletizing, a system for robot palletizing including the pallet transfer device and a method for robot palletizing",ROBOTAUTOMATION SVENSKA AB,ROBOTAUTOMATION SVENSKA,ROBOTAUTOMATION SVENSKA,SE,2021-10-07,110455672,B25J-0009/0009,0.1,easy_negative,E_auto,False,
16/855015,11691279,Systems and methods for maintaining vacuum hose life in hose routing systems in programmable motion systems,"BERKSHIRE GREY OPERATING COMPANY, INC.",BERKSHIRE GREY OPERATING,BERKSHIRE GREY OPERATING,US,2020-04-22,110427939,B25J-0009/1633,0.1,easy_negative,GRAY,False,
17/795458,12109699,"Method for controlling at least one servomotor, associated control device, robot and computer program product",KUKA DEUTSCHLAND GMBH,KUKA DEUTSCHLAND,KUKA,DE,2021-01-13,111896084,B25J-0009/126,0.1,easy_negative,GRAY,False,
18/369225,12528183,Arm angle interval solving method and robotic arm using the same,UBTECH ROBOTICS CORP LTD,UBTECH ROBOTICS,UBTECH,CN,2023-09-18,111888504,B25J-0009/1607,0.1,easy_negative,GRAY,False,
18/063206,12539600,"Robot system, method of controlling the robot system, recording medium, method of teaching the robot system, and method of manufacturing products",CANON KABUSHIKI KAISHA,CANON,CANON,JP,2022-12-08,111898743,B25J-0009/0081,0.1,easy_negative,GRAY,False,
18/369858,12528193,"Robot calibration method, robot and computer-readable storage medium",UBTECH ROBOTICS CORP LTD,UBTECH ROBOTICS,UBTECH,CN,2023-09-19,111888507,B25J-0009/1692,0.1,easy_negative,GRAY,False,
18/008301,12263601,Angle calibration method,KAWASAKI JUKOGYO KABUSHIKI KAISHA,KAWASAKI JUKOGYO,KAWASAKI HEAVY INDUSTRIES,JP,2021-06-04,111994246,B25J-0009/1692,0.1,easy_negative,GRAY,False,
18/027748,12544917,"Device for acquiring positional relationship between robot and working machine, control device, system, method, and computer program",FANUC CORPORATION,FANUC,FANUC,JP,2021-09-28,112105423,B25J-0009/1628,0.1,easy_negative,GRAY,False,
18/257806,12533812,Co-handling robot having a mixed-force control law providing high effector sensitivity and enabling interaction with the body of the robot,COMMISSARIAT A L'ENERGIE ATOMIQUE ET AUX ENERGIES ALTERNATIVES,COMMISSARIAT A L'ENERGIE ATOMIQUE ET AUX ENERGIES ALTERNATIVES,COMMISSARIAT A L'ENERGIE ATOMIQUE ET AUX ENERGIES ALTERNATIVES,FR,2021-12-17,111980378,B25J-0009/1689,0.1,easy_negative,GRAY,False,
15/510362,10487879,"Ball bearing assembly method and assembly device, and ball bearing produced using said assembly method",NSK LTD.,NSK,NSK,JP,2015-09-11,112069077,B25J-0015/06,0.1,easy_negative,GRAY,False,
18/553943,12544907,Robotic cells,BAE SYSTEMS PLC,BAE SYSTEMS,BAE SYSTEMS,GB,2022-04-13,112105413,B25J-0009/0084,0.1,easy_negative,GRAY,False,
17/990292,12036670,Systems and methods for actuation of a robotic manipulator,"Boston Dynamics, Inc.",BOSTON DYNAMICS,HYUNDAI MOTOR GROUP(2021~)/구글·소프트뱅크(이전),US,2022-11-18,112073044,B25J-0009/106,0.1,easy_negative,GRAY,False,
18/012716,12427655,Robot controller and robot system,KAWASAKI JUKOGYO KABUSHIKI KAISHA,KAWASAKI JUKOGYO,KAWASAKI HEAVY INDUSTRIES,JP,2021-06-23,111993802,B25J-0009/161,0.1,easy_negative,GRAY,False,
17/749469,12454057,System for component fastening system using cooperative robot and fastening method thereof,"Hyundai Mobis Co., Ltd.",HYUNDAI MOBIS,HYUNDAI MOTOR GROUP,KR,2022-05-20,112100609,B25J-0009/1682,0.1,easy_negative,GRAY,False,
18/248067,12539597,"Robot system, and control method for same",KAWASAKI JUKOGYO KABUSHIKI KAISHA,KAWASAKI JUKOGYO,KAWASAKI HEAVY INDUSTRIES,JP,2021-10-05,111898740,B25J-0003/00,0.1,easy_negative,GRAY,False,
18/178566,12539608,Systems and methods for motion control of robots,KEYWESTTECH LLC.,KEYWESTTECH,KEYWESTTECH,US,2023-03-06,111898751,B25J-0009/1664,0.1,easy_negative,GRAY,False,
17/880802,12172318,Robot with smart trajectory recording,"LINCOLN GLOBAL, INC.",LINCOLN GLOBAL,LINCOLN GLOBAL,US,2022-08-04,112175374,B25J-0009/1664,0.1,easy_negative,GRAY,False,
18/299933,12544939,"Tool coupling device, tool coupling device set, robot and manufacturing or handling system",IPR—Intelligente Peripherien für Roboter Gmb | IPR—Intelligente Peripherien für Roboter GmbH,IPR—INTELLIGENTE PERIPHERIEN FÜR ROBOTER GMB,IPR—INTELLIGENTE PERIPHERIEN FÜR ROBOTER GMB,DE,2023-04-13,112105445,B25J-0015/0416,0.1,easy_negative,GRAY,False,
18/540757,12544912,Snap-through joint module and soft robot including same,Seoul National Unviversity R&DB Foundation | Seoul National University R&DB Foundation,SEOUL NATIONAL UNVIVERSITY R&DB FOUNDATION,SEOUL NATIONAL UNVIVERSITY R&DB FOUNDATION,KR,2023-12-14,112105418,B25J-0009/142,0.1,easy_negative,GRAY,False,
17/799984,12544923,Generation of operation sequences indicating operations to be executed by a robot executing a task and peripheral equipment that delivers or receives an object relating to the task to or from the robot,NEC CORPORATION,NEC,NEC,JP,2020-02-25,112105429,B25J-0009/1661,0.1,easy_negative,GRAY,False,
18/035555,12508711,Robot system and a method for monitoring a robot system,UNIVERSAL ROBOTS A/S,UNIVERSAL ROBOTS A/S,UNIVERSAL ROBOTS A/S,DK,2021-11-05,112265352,B25J-0009/1674,0.1,easy_negative,GRAY,False,
17/852932,12263576,Robot system for automated assembly of modular component,"HYUNDAI MOBIS CO., LTD.",HYUNDAI MOBIS,HYUNDAI MOTOR GROUP,KR,2022-06-29,112188338,B25J-0015/04,0.1,easy_negative,GRAY,False,
17/806417,12552025,Remote development of embedded systems,"Amazon Technologies, Inc.",AMAZON TECHNOLOGIES,AMAZON,US,2022-06-10,112288771,B25J-0009/1656,0.1,easy_negative,GRAY,False,
17/920307,12552023,"Method for controlling a robot, and system",DEUTSCHES ZENTRUM FÜR LUFT- UND RAUMFAHRT E.V.,DEUTSCHES ZENTRUM FÜR LUFT- UND RAUMFAHRT EV,DEUTSCHES ZENTRUM FÜR LUFT- UND RAUMFAHRT EV,DE,2021-04-16,112288769,B25J-0009/1633,0.1,easy_negative,GRAY,False,
18/239621,12539598,Multi-function modular reconfigurable modular robotic vehicle,Kun Cheng | Wenyan Wu,KUN CHENG,KUN CHENG,US,2023-08-29,112463435,B25J-0005/007,0.1,easy_negative,GRAY,False,
18/357625,12466068,Filtering object detection based on agreement with environment and related technology,"AGILITY ROBOTICS, INC.",AGILITY ROBOTICS,AGILITY ROBOTICS,US,2023-07-24,112468201,B25J-0009/1679,0.1,easy_negative,T1_auto,False,
17/992742,12552026,Automatic quality assessment of tasks,ZEBRA TECHNOLOGIES CORPORATION,ZEBRA TECHNOLOGIES,ZEBRA TECHNOLOGIES,US,2022-11-22,112288772,B25J-0009/1661,0.1,easy_negative,GRAY,False,
18/193797,12558779,Self-reconfigurable robot controller,INTEL CORPORATION,INTEL,INTEL,US,2023-03-31,112490141,B25J-0009/163,0.1,easy_negative,GRAY,False,
18/003155,12350825,"Teaching device, teaching system, and teaching program",FANUC CORPORATION,FANUC,FANUC,JP,2021-07-26,112300897,B25J-0009/0081,0.1,easy_negative,GRAY,False,
18/272306,12485549,Robot system and robot control method,KAWASAKI JUKOGYO KABUSHIKI KAISHA,KAWASAKI JUKOGYO,KAWASAKI HEAVY INDUSTRIES,JP,2022-01-06,112438999,B25J-0009/1682,0.1,easy_negative,GRAY,False,
17/343606,12472631,Multi-pallet mixed-case robotic palletizer,"DEXTERITY, INC.",DEXTERITY,DEXTERITY,US,2021-06-09,112468202,B25J-0009/1687,0.1,easy_negative,GRAY,False,
17/695583,12552050,Unidirectional valve for suction-based end effector of robotic arm,"Amazon Technologies, Inc.",AMAZON TECHNOLOGIES,AMAZON,US,2022-03-15,112288795,B25J-0015/0625,0.1,easy_negative,GRAY,False,
18/007345,12502775,Robot system and robot operation method,FANUC CORPORATION,FANUC,FANUC,JP,2021-09-06,112300899,B25J-0009/1664,0.1,easy_negative,GRAY,False,
18/318051,12558784,"Motion trajectory generation method for robot, motion trajectory generation apparatus for robot, robot system, and program","Kobe Steel, Ltd.",KOBE STEEL,KOBE STEEL,JP,2023-05-16,112490146,B25J-0009/1664,0.1,easy_negative,GRAY,False,
18/227400,12558792,"Robot, robot control method and recording medium","CASIO COMPUTER CO., LTD.",CASIO COMPUTER,CASIO COMPUTER,JP,2023-07-28,112490154,B25J-0011/001,0.1,easy_negative,GRAY,False,
17/952549,12427673,Apparatus and method for controlling rail boarding for autonomous driving of a mobile robot,ELECTRONICS AND TELECOMMUNICATIONS RESEARCH INSTITUTE,ELECTRONICS AND TELECOMMUNICATIONS RESEARCH INSTITUTE,ELECTRONICS AND TELECOMMUNICATIONS RESEARCH INSTITUTE,KR,2022-09-26,111979665,B25J-0009/1697,0.1,easy_negative,GRAY,False,
17/875743,11717969,Cooperative high-capacity and high-dexterity manipulators,"Altec Industries, Inc.",ALTEC INDUSTRIES,ALTEC INDUSTRIES,US,2022-07-28,112465409,B25J-0009/1682,0.1,easy_negative,GRAY,False,
17/069684,11813748,Simulating multiple robots in virtual environments,GOOGLE LLC,GOOGLE,ALPHABET,US,2020-10-13,112513104,B25J-0009/1605,0.1,easy_negative,GRAY,False,
17/853982,12558782,Force control parameter setup support method and force control parameter setup support system,SEIKO EPSON CORPORATION,SEIKO EPSON,SEIKO EPSON,JP,2022-06-30,112490144,B25J-0009/1633,0.1,easy_negative,GRAY,False,
16/740251,10953544,Robotic system with coordination mechanism and methods of operating the same,"MUJIN, INC.",MUJIN,MUJIN,JP,2020-01-10,112512685,B25J-0009/1664,0.1,easy_negative,GRAY,False,
14/937168,10414051,File translator system,"GED INTEGRATED SOLUTIONS, INC.",GED INTEGRATED SOLUTIONS,GED INTEGRATED SOLUTIONS,US,2015-11-10,112661842,B25J-0011/0065,0.1,easy_negative,GRAY,False,
17/702822,12172312,"Method of generating control program for robot, storage medium, and teaching apparatus",SEIKO EPSON CORPORATION,SEIKO EPSON,SEIKO EPSON,JP,2022-03-24,112535128,B25J-0009/163,0.1,easy_negative,GRAY,False,
18/332193,12558796,"Force measurement film, motion robot having force measurement film and method for controlling the motion robot using the force measurement film",SIEMENS HEALTHINEERS AG,SIEMENS HEALTHINEERS,SIEMENS HEALTHINEERS,DE,2023-06-09,112490158,B25J-0013/084,0.1,easy_negative,GRAY,False,
15/120305,10399232,Safety system for industrial robot,UNIVERSAL ROBOTS A/S,UNIVERSAL ROBOTS A/S,UNIVERSAL ROBOTS A/S,DK,2015-02-26,112646907,B25J-0013/088,0.1,easy_negative,GRAY,False,
17/889575,12515358,Cable management systems and methods for a wearable mobile robot,ROAM ROBOTICS INC.,ROAM ROBOTICS,ROAM ROBOTICS,US,2022-08-17,112696314,B25J-0019/0025,0.1,easy_negative,GRAY,False,
18/576557,12564949,"Method, robot and storage medium for aligning robot end with target object","SHANGHAI FLEXIV ROBOTICS TECHNOLOGY CO., LTD. | FLEXIV LTD.",SHANGHAI FLEXIV ROBOTICS TECHNOLOGY,SHANGHAI FLEXIV ROBOTICS TECHNOLOGY,CN,2023-06-08,112709823,B25J-0009/1633,0.1,easy_negative,GRAY,False,
18/351685,12564939,Swarm snake robots' collaboration for controlling ropes,International Business Machines Corporation,INTERNATIONAL BUSINESS MACHINES,INTERNATIONAL BUSINESS MACHINES,US,2023-07-13,112709813,B25J-0009/065,0.1,easy_negative,GRAY,False,
17/942213,12552045,Collaborative robot cutting system and method,"VECTIS AUTOMATION, LLC",VECTIS AUTOMATION,VECTIS AUTOMATION,US,2022-09-12,112695231,B25J-0011/0055,0.1,easy_negative,GRAY,False,
16/953685,11364639,Construction robot for ceiling,"DAEMYOUNGGEC CO., LTD. | SAMSUNG C&T CORPORATION",DAEMYOUNGGEC,DAEMYOUNGGEC,KR,2020-11-20,112700929,B25J-0011/00,0.1,easy_negative,GRAY,False,
17/707930,12564962,"Robot remote operation control device, robot remote operation control system, robot remote operation control method, and non-transitory computer readable medium","Honda Motor Co., Ltd.",HONDA MOTOR,HONDA,JP,2022-03-29,112709836,B25J-0009/1689,0.1,easy_negative,GRAY,False,
18/123587,12564959,Controlling robotic devices based on proximity detection,"Amazon Technologies, Inc.",AMAZON TECHNOLOGIES,AMAZON,US,2023-03-20,112709833,B25J-0009/1666,0.1,easy_negative,GRAY,False,
18/041390,12564963,Method and apparatus for tuning robot system,ABB SCHWEIZ AG,ABB SCHWEIZ,ABB,CH,2020-09-18,112709837,B25J-0009/1692,0.1,easy_negative,GRAY,False,
17/994718,12564969,Event-driven self-programmable robots in smart homes and smart communities,"AT&T Intellectual Property I, L.P.",AT&T INTELLECTUAL PROPERTY I LP,AT&T INTELLECTUAL PROPERTY I LP,US,2022-11-28,112709843,B25J-0011/0005,0.1,easy_negative,GRAY,False,
17/451169,12564964,Adaptive navigation using artificial intelligence for enhancing task performance in autonomous roaming robotic devices,International Business Machines Corporation,INTERNATIONAL BUSINESS MACHINES,INTERNATIONAL BUSINESS MACHINES,US,2021-10-18,112709838,B25J-0009/1697,0.1,easy_negative,GRAY,False,
14/625646,9902069,Mobile robot system,iRobot Corporation,IROBOT,IROBOT,US,2015-02-19,112861002,B25J-0009/1697,0.1,easy_negative,GRAY,False,
18/428152,12564967,"Position inspection system, component assembly system, and position inspection device",TOYOTA JIDOSHA KABUSHIKI KAISHA,TOYOTA JIDOSHA,TOYOTA,JP,2024-01-31,112709841,B25J-0009/1697,0.1,easy_negative,GRAY,False,
15/575605,10543604,Failure diagnostic device and failure diagnostic method,"NISSAN MOTOR CO., LTD.",NISSAN MOTOR,NISSAN MOTOR,JP,2015-05-21,112906960,B25J-0019/02,0.1,easy_negative,GRAY,False,
14/682658,9868211,Restricting movement of a mobile robot,IROBOT CORPORATION,IROBOT,IROBOT,US,2015-04-09,112867081,B25J-0009/1666,0.1,easy_negative,E_auto,False,
17/674902,12280504,Robot control method,"PANASONIC INTELLECTUAL PROPERTY MANAGEMENT CO., LTD.",PANASONIC INTELLECTUAL PROPERTY MANAGEMENT,PANASONIC,JP,2022-02-18,112802733,B25J-0009/1638,0.1,easy_negative,GRAY,False,
17/070748,11738461,Systems and methods for industrial robotics,"Off-World, Inc.",OFF-WORLD,OFF-WORLD,US,2020-10-14,112881892,B25J-0009/1682,0.1,easy_negative,GRAY,False,
17/429053,12330319,Robotic systems and methods for assembling furniture,MIRALIS INC.,MIRALIS,MIRALIS,CA,2020-02-07,112917757,B25J-0009/1697,0.1,easy_negative,GRAY,False,
15/546820,10751872,Underwater manipulator arm robot,EELUME AS,EELUME AS,EELUME AS,NO,2016-01-13,112867316,B25J-0009/065,0.1,easy_negative,GRAY,False,
18/899084,12459112,Rigid-flexible coupled continuum robot unit and continuum robot,XI'AN JIAOTONG UNIVERSITY,XI'AN JIAOTONG UNIVERSITY,XI'AN JIAOTONG UNIVERSITY,CN,2024-09-27,112807401,B25J-0009/065,0.1,easy_negative,GRAY,False,
14/975544,10065308,Systems and methods for chain joint cable routing,"VEOLIA NUCLEAR SOLUTIONS, INC.",VEOLIA NUCLEAR SOLUTIONS,VEOLIA NUCLEAR SOLUTIONS,US,2015-12-18,112905501,B25J-0009/104,0.1,easy_negative,GRAY,False,
17/926861,12304057,Control system,FANUC CORPORATION,FANUC,FANUC,JP,2021-06-23,112948875,B25J-0013/02,0.1,easy_negative,GRAY,False,
15/426048,10414052,Building-integrated mobile robot,COBALT ROBOTICS INC.,COBALT ROBOTICS,COBALT ROBOTICS,US,2017-02-06,112950354,B25J-0013/006,0.1,easy_negative,GRAY,False,
19/254134,12558787,Robotic arm obstacle avoiding path planning method,GUANGDONG UNIVERSITY OF TECHNOLOGY,GUANGDONG UNIVERSITY OF TECHNOLOGY,GUANGDONG UNIVERSITY OF TECHNOLOGY,CN,2025-06-30,112946442,B25J-0009/1666,0.1,easy_negative,GRAY,False,
18/271243,12569998,"Path generation device, path generation method, and path generation program",KAWASAKI JUKOGYO KABUSHIKI KAISHA,KAWASAKI JUKOGYO,KAWASAKI HEAVY INDUSTRIES,JP,2021-01-12,112974052,B25J-0009/1666,0.1,easy_negative,GRAY,False,
14/675697,9623569,Autonomous truck loader and unloader,"INTELLIGRATED HEADQUARTERS, LLC",INTELLIGRATED HEADQUARTERS,INTELLIGRATED HEADQUARTERS,US,2015-03-31,112986584,B25J-0015/0014,0.1,easy_negative,GRAY,False,
18/428219,12552038,Passivity framework for improving stability in robot-human interactions,"Honda Motor Co., Ltd.",HONDA MOTOR,HONDA,JP,2024-01-31,112695230,B25J-0009/1689,0.1,easy_negative,GRAY,False,
15/551197,10525588,Cable-driven system with magnetorheological fluid clutch apparatuses,SOCIETE DE COMMERCIALISATION DES PRODUITS DE LA RECHERCHE APPLIQUEE SOCPRA SCIENCES ET GENIE S.E.C.,SOCIETE DE COMMERCIALISATION DES PRODUITS DE LA RECHERCHE APPLIQUEE SOCPRA SCIENCES ET GENIE SEC,SOCIETE DE COMMERCIALISATION DES PRODUITS DE LA RECHERCHE APPLIQUEE SOCPRA SCIENCES ET GENIE SEC,CA,2016-02-25,112905874,B25J-0009/104,0.1,easy_negative,GRAY,False,
18/540320,12570004,System for companion robot with three-dimensional (3D) display and method thereof,SQ Technology (Shanghai) Corporation | Inventec Corporation,SQ TECHNOLOGY (SHANGHAI),SQ TECHNOLOGY (SHANGHAI),CN,2023-12-14,112974058,B25J-0011/001,0.1,easy_negative,GRAY,False,
16/916601,10954081,Coordinating multiple robots to meet workflow and avoid conflict,"DEXTERITY, INC.",DEXTERITY,DEXTERITY,US,2020-06-30,113117103,B25J-0009/1697,0.1,easy_negative,GRAY,False,
17/463694,12269160,Material-handling robot with magnetically guided end-effectors,PERSIMMON TECHNOLOGIES CORPORATION,PERSIMMON TECHNOLOGIES,PERSIMMON TECHNOLOGIES,US,2021-09-01,113195865,B25J-0009/123,0.1,easy_negative,GRAY,False,
18/117205,12365090,"Robots, teleoperation systems, and methods of operating the same",SANCTUARY COGNITIVE SYSTEMS CORPORATION,SANCTUARY COGNITIVE SYSTEMS,SANCTUARY COGNITIVE SYSTEMS,CA,2023-03-03,113182276,B25J-0009/1689,0.1,easy_negative,T1_auto,False,
18/639076,12558775,Robot apparatus and robot system,"Samsung Electronics Co., Ltd.",SAMSUNG ELECTRONICS,SAMSUNG,미상,2024-04-18,113205968,B25J-0009/0087,0.1,easy_negative,GRAY,False,
16/542935,11117267,Robotic apparatus for operating on fixed frames,GOOGLE LLC,GOOGLE,ALPHABET,US,2019-08-16,112988879,B25J-0013/089,0.1,easy_negative,GRAY,False,
15/901599,11103992,Apparatus of continuum robot,CANON KABUSHIKI KAISHA,CANON,CANON,JP,2018-02-21,113194993,B25J-0009/065,0.1,easy_negative,GRAY,False,
19/342661,12564968,"Vision-based tracking control method for quadruped robot, and quadruped robot system",IXOVA INC,IXOVA,IXOVA,US,2025-09-28,113196819,B25J-0009/1697,0.1,easy_negative,GRAY,False,
18/643259,12466081,Sealer work automation system using robot and its method,Hyundai Motor Company | Kia Corporation,HYUNDAI MOTOR,HYUNDAI MOTOR GROUP,KR,2024-04-23,113207114,B25J-0011/0075,0.1,easy_negative,GRAY,False,
18/240420,12564954,Multi-axis robot with adjustable end of arm tool,"BACA SYSTEMS, LLC",BACA SYSTEMS,BACA SYSTEMS,US,2023-08-31,113196815,B25J-0009/1664,0.1,easy_negative,GRAY,False,
18/714397,12472633,Mechanical grapple for high-pressure processing containers and method for handling high-pressure processing containers using said mechanical grapple,DESARROLLO DE MÁQUINAS Y SOLUCIONES AUTOMÁTICAS S.L. (DESMASA),DESARROLLO DE MÁQUINAS Y SOLUCIONES AUTOMÁTICAS SL (DESMASA),DESARROLLO DE MÁQUINAS Y SOLUCIONES AUTOMÁTICAS SL (DESMASA),ES,2021-11-30,112928133,B25J-0009/1694,0.1,easy_negative,GRAY,False,
17/938507,12186888,Robot apparatus and controlling method thereof,"SAMSUNG ELECTRONICS CO., LTD.",SAMSUNG ELECTRONICS,SAMSUNG,KR,2022-10-06,113218431,B25J-0011/008,0.1,easy_negative,GRAY,False,
18/574605,12576528,Tape material applicator and computer program,Techno Olympus Co. LTD.,TECHNO OLYMPUS,TECHNO OLYMPUS,JP,2022-10-28,113221969,B25J-0009/1664,0.1,easy_negative,GRAY,False,
18/342983,12576536,Robotic with depth finding capability and method of using,THE GOVERNMENT OF THE UNITED STATES AS REPRESENTED BY THE SECRETARY OF THE AIR FORCE,THE GOVERNMENT OF THE UNITED STATES AS REPRESENTED BY THE SECRETARY OF THE AIR FORCE,THE GOVERNMENT OF THE UNITED STATES AS REPRESENTED BY THE SECRETARY OF THE AIR FORCE,US,2023-06-28,113221977,B25J-0011/0025,0.1,easy_negative,GRAY,False,
18/538283,12576521,Teaching device for mobile manipulator based on mobile robot and collaborative robot and method for setting interface thereof,Electronics and Telecommunications Research Institute,ELECTRONICS AND TELECOMMUNICATIONS RESEARCH INSTITUTE,ELECTRONICS AND TELECOMMUNICATIONS RESEARCH INSTITUTE,KR,2023-12-13,113221964,B25J-0009/163,0.1,easy_negative,GRAY,False,
18/684838,12576525,Robot system,FANUC CORPORATION,FANUC,FANUC,JP,2021-09-27,113221968,B25J-0009/1661,0.1,easy_negative,GRAY,False,
18/361553,12576535,Apparatus for automatically fastening chemical coupler,"Samsung Electronics Co., Ltd. | Industry-Academic Cooperation Foundation of Kyungnain University",SAMSUNG ELECTRONICS,SAMSUNG,KR,2023-07-28,113221976,B25J-0009/1697,0.1,easy_negative,GRAY,False,
18/602271,12576522,Drum coupling automation robot and drum coupling automation method,"SAMSUNG ELECTRONICS CO., LTD. | Industry-Academic Cooperation Foundation of Kyungnam University",SAMSUNG ELECTRONICS,SAMSUNG,KR,2024-03-12,113221965,B25J-0009/1633,0.1,easy_negative,GRAY,False,
19/195645,12576508,"Mobile robot, controller, and mobile robot control method",VisionNav Robotics USA Inc.,VISIONNAV ROBOTICS USA,VISIONNAV ROBOTICS USA,US,2025-04-30,113221951,B25J-0005/007,0.1,easy_negative,GRAY,False,
15/692204,10456906,Mechanical tower climber for operations on cell towers,"ETAK SYSTEMS, LLC",ETAK SYSTEMS,ETAK SYSTEMS,US,2017-08-31,113390888,B25J-0005/007,0.1,easy_negative,GRAY,False,
15/946627,10668630,High speed manipulation of non-uniform ojects,"EMERGING ACQUISITIONS, LLC",EMERGING ACQUISITIONS,EMERGING ACQUISITIONS,US,2018-04-05,113381169,B25J-0015/0658,0.1,easy_negative,GRAY,False,
17/535857,12576531,Mobile robot system for handling railway IBC,Ming Zhang,MING ZHANG,MING ZHANG,CA,2021-11-26,113221972,B25J-0009/1682,0.1,easy_negative,GRAY,False,
18/009478,12358160,Robot,SONY INTERACTIVE ENTERTAINMENT INC.,SONY INTERACTIVE ENTERTAINMENT,SONY,JP,2021-07-08,113402459,B25J-0013/088,0.1,easy_negative,T1_auto,False,
18/029261,12583107,"Temporal logic formula generation device, temporal logic formula generation method, and storage medium",NEC CORPORATION,NEC,NEC,JP,2020-10-09,113416912,B25J-0009/1664,0.1,easy_negative,GRAY,False,
18/231501,12583101,"Method for operating a modular robot, modular robot, collision avoidance system, and computer program product",SIEMENS AKTIENGESELLSCHAFT,SIEMENS,SIEMENS,DE,2023-08-08,113416906,B25J-0009/08,0.1,easy_negative,GRAY,False,
18/263911,12472626,"Method of controlling manipulator of industrial robot, control system and industrial robot",ABB SCHWEIZ AG,ABB SCHWEIZ,ABB,CH,2021-02-11,113530366,B25J-0009/1664,0.1,easy_negative,GRAY,False,
18/126306,12544920,Detection of heavy objects in robotic induction,"DEXTERITY, INC.",DEXTERITY,DEXTERITY,US,2023-03-24,113393203,B25J-0009/1653,0.1,easy_negative,GRAY,False,
17/884639,12485548,Robotic imaging system and method for controlling a robotic device,BHS Technologies GmbH,BHS TECHNOLOGIES,BHS TECHNOLOGIES,AT,2022-08-10,113505549,B25J-0009/1697,0.1,easy_negative,GRAY,False,
17/720271,12583120,"Management server, remote operation system, remote operation method, and storage medium","Honda Motor Co., Ltd.",HONDA MOTOR,HONDA,JP,2022-04-13,113416925,B25J-0009/1689,0.1,easy_negative,GRAY,False,
18/386494,12496734,Drill floor grafter robot,TRANSOCEAN SEDCO FOREX VENTURES LIMITED,TRANSOCEAN SEDCO FOREX VENTURES,TRANSOCEAN SEDCO FOREX VENTURES,BM,2023-11-02,113590584,B25J-0015/0019,0.1,easy_negative,GRAY,False,
17/434304,11986961,Machine learning model operation management system and machine learning model operation management method,KAWASAKI JUKOGYO KABUSHIKI KAISHA,KAWASAKI JUKOGYO,KAWASAKI HEAVY INDUSTRIES,JP,2020-02-27,113505274,B25J-0009/1656,0.1,easy_negative,GRAY,False,
17/740627,12485538,Method and system for determining a workplace loading location in a CNC machine with a robotic arm,"HURCO COMPANIES, INC.",HURCO COMPANIES,HURCO COMPANIES,US,2022-05-10,113601377,B25J-0009/1664,0.1,easy_negative,GRAY,False,
18/249399,12583117,Workpiece processing apparatus,FUJI CORPORATION,FUJI,FUJI,JP,2020-12-18,113416922,B25J-0009/1682,0.1,easy_negative,GRAY,False,
18/189101,12569986,Robotic arm system,"BLACK-I ROBOTICS, INC.",BLACK-I ROBOTICS,BLACK-I ROBOTICS,US,2023-03-23,113391912,B25J-0005/007,0.1,easy_negative,GRAY,False,
17/085285,12466074,"Image processing method, image processing apparatus, robot-mounted transfer device, and system","DMG MORI CO., LTD. | SKYLLA TECHNOLOGIES",DMG MORI,DMG MORI,JP,2020-10-30,113706161,B25J-0009/1697,0.1,easy_negative,GRAY,False,
18/473055,12576537,Modular robot with power management platform,"ARISTOCRAT TECHNOLOGIES, INC (ATI)",ARISTOCRAT TECHNOLOGIES (ATI),ARISTOCRAT TECHNOLOGIES (ATI),US,2023-09-22,113612973,B25J-0011/003,0.1,easy_negative,GRAY,False,
16/380859,10549928,Robotic multi-item type palletizing and depalletizing,"DEXTERITY, INC.",DEXTERITY,DEXTERITY,US,2019-04-10,113696375,B25J-0009/1687,0.1,easy_negative,GRAY,False,
17/450794,11992943,Method for optimizing a policy for a robot,ROBERT BOSCH GMBH,ROBERT BOSCH,ROBERT BOSCH,DE,2021-10-13,113633302,B25J-0009/1605,0.1,easy_negative,GRAY,False,
18/254685,12589506,"Human machine interface, controller, robot and corresponding system and method",ABB SCHWEIZ AG,ABB SCHWEIZ,ABB,CH,2020-11-27,113624312,B25J-0013/06,0.1,easy_negative,GRAY,False,
18/136828,12589492,Robotic arm and control method thereof,TECHMAN ROBOT INC.,TECHMAN ROBOT,TECHMAN ROBOT,TW,2023-04-19,113624298,B25J-0009/163,0.1,easy_negative,GRAY,False,
18/009507,12286289,Packing material,FANUC CORPORATION,FANUC,FANUC,JP,2021-06-07,113805581,B25J-0019/00,0.1,easy_negative,GRAY,False,
17/852443,12216451,Robot system,"KAWASAKI JUKOGYO KABUSHIKI KAISHA | KAWASAKI ROBOTICS (USA), INC.",KAWASAKI JUKOGYO,KAWASAKI HEAVY INDUSTRIES,JP,2022-06-29,113703339,B25J-0019/06,0.1,easy_negative,GRAY,False,
18/105488,12491641,System and method for automatically correcting orientation of mobile robot,Addverb Technologies Limited,ADDVERB TECHNOLOGIES,ADDVERB TECHNOLOGIES,IN,2023-02-03,113723453,B25J-0009/1697,0.1,easy_negative,GRAY,False,
18/487964,12576532,"Systems, devices, and methods for performing optimized picking and placing operations in a manner to minimize void space",GRIDIRON ROBOTICS LLC,GRIDIRON ROBOTICS,GRIDIRON ROBOTICS,US,2023-10-16,113611708,B25J-0009/1679,0.1,easy_negative,GRAY,False,
14/683737,9579797,Robotic systems and methods of operating robotic systems,QUANSER CONSULTING INC.,QUANSER CONSULTING,QUANSER CONSULTING,CA,2015-04-10,113794560,B25J-0009/1674,0.1,easy_negative,GRAY,False,
17/963763,12583133,Stack pusher,"DEXTERITY, INC.",DEXTERITY,DEXTERITY,US,2022-10-11,113807162,B25J-0018/025,0.1,easy_negative,GRAY,False,
18/350339,12583099,Movement control method for underactuated system robot and underactuated system robot,TENCENT TECHNOLOGY (SHENZHEN) COMPANY LIMITED,TENCENT TECHNOLOGY (SHENZHEN),TENCENT TECHNOLOGY (SHENZHEN),CN,2023-07-11,113803753,B25J-0005/007,0.1,easy_negative,GRAY,False,
18/081560,12583115,"Enhanced visual feedback systems, enhanced skill libraries, and enhanced fungible tokens for the operation of robotic systems","AIVOT, LLC",AIVOT,AIVOT,US,2022-12-14,113807160,B25J-0009/163,0.1,easy_negative,GRAY,False,
17/642573,12358148,"Robot-mounted moving device, system, and machine tool","DMG MORI CO., LTD. | SKYLLA TECHNOLOGIES",DMG MORI,DMG MORI,JP,2020-09-10,113831645,B25J-0009/1697,0.1,easy_negative,GRAY,False,
16/294889,11534919,Security sentinel robot,ADEMCO INC.,ADEMCO,ADEMCO,US,2019-03-06,113806196,B25J-0009/1679,0.1,easy_negative,GRAY,False,
18/401897,12594672,Method and system for controlling an artwork-generating robot using a robot interface system,Nikolai Pavlovich Gavrilin | Anna Victorovna Mishchenko,NIKOLAI PAVLOVICH GAVRILIN,NIKOLAI PAVLOVICH GAVRILIN,RU,2024-01-02,113818485,B25J-0009/1692,0.1,easy_negative,GRAY,False,
18/629377,12594670,Generating a sequence of pose configurations for a robotic manipulator based on force and velocity ellipsoids,"AMAZON TECHNOLOGIES, INC.",AMAZON TECHNOLOGIES,AMAZON,US,2024-04-08,113818483,B25J-0009/1664,0.1,easy_negative,GRAY,False,
16/408403,11370125,Social robot with environmental control feature,WARNER BROS. ENTERTAINMENT INC.,WARNER BROS ENTERTAINMENT,WARNER BROS ENTERTAINMENT,US,2019-05-09,113892199,B25J-0011/0005,0.1,easy_negative,T1_auto,False,
18/011308,12594681,External robot stand and external robot system,"CORPORATION, FANUC",FANUC,FANUC,JP,2021-06-30,113818494,B25J-0019/00,0.1,easy_negative,GRAY,False,
18/844616,12594663,Robot system and cart,KAWASAKI JUKOGYO KABUSHIKI KAISHA,KAWASAKI JUKOGYO,KAWASAKI HEAVY INDUSTRIES,JP,2023-03-07,113818476,B25J-0005/007,0.1,easy_negative,GRAY,False,
17/736558,11897131,Actuator,ROLLS-ROYCE plc,ROLLS-ROYCE,ROLLS-ROYCE,GB,2022-05-04,113903759,B25J-0009/1075,0.1,easy_negative,GRAY,False,
18/112772,12502777,Robot apparatus and control method,KABUSHIKI KAISHA YASKAWA DENKI,YASKAWA DENKI,YASKAWA,JP,2023-02-22,113905977,B25J-0009/1664,0.1,easy_negative,GRAY,False,
18/265739,12564966,"Tool checking device, storage device storing tool checking program, and tool checking method for robot arm","MAYEKAWA MFG. CO., LTD.",MAYEKAWA MFG,MAYEKAWA MFG,JP,2021-12-10,113973106,B25J-0009/1697,0.1,easy_negative,GRAY,False,
17/993172,12576543,"Soft robotics, autonomous, space inspection, crawling robot",UNIVERSITY OF SOUTHERN CALIFORNIA,UNIVERSITY OF SOUTHERN CALIFORNIA,UNIVERSITY OF SOUTHERN CALIFORNIA,US,2022-11-23,113611710,B25J-0015/0233,0.1,easy_negative,GRAY,False,
15/596768,10245729,Sensorized covering for an industrial device,Comau S.p.A.,COMAU,COMAU,IT,2017-05-16,114014502,B25J-0009/1676,0.1,easy_negative,GRAY,False,
15/765480,10946526,Robot taping system and method of taping,NANYANG TECHNOLOGICAL UNIVERSITY,NANYANG TECHNOLOGICAL UNIVERSITY,NANYANG TECHNOLOGICAL UNIVERSITY,SG,2016-10-05,113982339,B25J-0009/1697,0.1,easy_negative,GRAY,False,
17/621714,12269176,"Carrying and deflection correction system for elastic material, and method thereof","ANJI BATA ROBOT CO., LTD.",ANJI BATA ROBOT,ANJI BATA ROBOT,CN,2020-06-24,114021681,B25J-0009/1697,0.1,easy_negative,GRAY,False,
18/236997,12594677,MSA-based robot control device and method for managing robot thereof,Hyundai Motor Company | Kia Corporation,HYUNDAI MOTOR,HYUNDAI MOTOR GROUP,KR,2023-08-23,113818490,B25J-0013/06,0.1,easy_negative,GRAY,False,
17/034902,11931902,Robotic system simulation engine,"DEXTERITY, INC.",DEXTERITY,DEXTERITY,US,2020-09-28,114022014,B25J-0009/1671,0.1,easy_negative,GRAY,False,
18/393883,12496716,Method and apparatus for controlling serving robot based on information from table,ELECTRONICS AND TELECOMMUNICATIONS RESEARCH INSTITUTE,ELECTRONICS AND TELECOMMUNICATIONS RESEARCH INSTITUTE,ELECTRONICS AND TELECOMMUNICATIONS RESEARCH INSTITUTE,KR,2023-12-22,114058225,B25J-0009/1664,0.1,easy_negative,GRAY,False,
18/167851,12459123,Robot system with object detecting sensors,"Mantis Robotics, Inc.",MANTIS ROBOTICS,MANTIS ROBOTICS,US,2023-02-11,114043859,B25J-0009/1676,0.1,easy_negative,GRAY,False,
18/282587,12005593,"Microfluidic valves and channels and minifluidic valves and channels enabled soft robotic device, apparel, and method",Run Ze Gao | Carolyn L. Ren | Clark R. Dickerson | Jacqueline Mary Kormylo | Peter S. Lee | Vivian Ngoc Tram Mai,RUN ZE GAO,RUN ZE GAO,CA,2022-11-14,114025674,B25J-0009/20,0.1,easy_negative,GRAY,False,
17/269241,11919176,Mobile construction robot,HILTI AKTIENGESELLSCHAFT,HILTI,HILTI,LI,2019-08-13,114032283,B25J-0009/1692,0.1,easy_negative,GRAY,False,
17/918400,12515343,Following robot,FANUC CORPORATION,FANUC,FANUC,JP,2021-05-14,114040256,B25J-0009/0093,0.1,easy_negative,GRAY,False,
17/711991,12569999,Configuring and managing fleets of dynamic mechanical systems,SANCTUARY COGNITIVE SYSTEMS CORPORATION,SANCTUARY COGNITIVE SYSTEMS,SANCTUARY COGNITIVE SYSTEMS,CA,2022-04-01,114023730,B25J-0009/1682,0.1,easy_negative,T1_auto,False,
18/274139,12600036,"Control device, control method, and storage medium",NEC CORPORATION,NEC,NEC,JP,2021-01-27,114068373,B25J-0009/1661,0.1,easy_negative,GRAY,False,
17/916028,12318914,"Device for correcting robot teaching position, teaching device, robot system, teaching position correction method, and computer program",FANUC CORPORATION,FANUC,FANUC,JP,2021-03-26,114040260,B25J-0013/089,0.1,easy_negative,GRAY,False,
18/897430,12600044,Guide dog robot for the visually impaired persons and control method thereof,ELECTRONICS AND TELECOMMUNICATIONS RESEARCH INSTITUTE,ELECTRONICS AND TELECOMMUNICATIONS RESEARCH INSTITUTE,ELECTRONICS AND TELECOMMUNICATIONS RESEARCH INSTITUTE,KR,2024-09-26,114068381,B25J-0011/008,0.1,easy_negative,GRAY,False,
18/622015,12600039,"Robot, conveying system, and robot-controlling method",KAWASAKI JUKOGYO KABUSHIKI KAISHA,KAWASAKI JUKOGYO,KAWASAKI HEAVY INDUSTRIES,JP,2024-03-29,114068376,B25J-0009/1666,0.1,easy_negative,GRAY,False,
18/572102,12447622,Article conveyance processing system,"JAPAN CASH MACHINE CO., LTD.",JAPAN CASH MACHINE,JAPAN CASH MACHINE,JP,2022-02-09,114080842,B25J-0009/1687,0.1,easy_negative,GRAY,False,
17/616895,12600034,Compensation of positional tolerances in the robot-assisted surface machining,FERROBOTICS COMPLIANT ROBOT TECHNOLOGY GMBH,FERROBOTICS COMPLIANT ROBOT TECHNOLOGY,FERROBOTICS COMPLIANT ROBOT TECHNOLOGY,AT,2020-06-04,114068371,B25J-0009/1641,0.1,easy_negative,GRAY,False,
17/782373,12122616,Workpiece transfer system,FANUC CORPORATION,FANUC,FANUC,JP,2021-01-06,114169359,B25J-0013/085,0.1,easy_negative,GRAY,False,
17/430250,11865694,Rotary driving tool for handling closure elements,DÜRR SOMAC GMBH,DÜRR SOMAC,DÜRR SOMAC,DE,2020-02-17,114224605,B25J-0011/005,0.1,easy_negative,GRAY,False,
18/135673,12600038,Motion control method and robot,"BEIJING XIAOMI ROBOT TECHNOLOGY CO., LTD.",BEIJING XIAOMI ROBOT TECHNOLOGY,BEIJING XIAOMI ROBOT TECHNOLOGY,CN,2023-04-17,114068375,B25J-0009/1664,0.1,easy_negative,T1_auto,True,구제:사례매핑 T1/T2 권고(OEM 전건원칙 포함)
17/005722,11305423,Control device for robot having arm,FANUC CORPORATION,FANUC,FANUC,JP,2020-08-28,114151313,B25J-0009/1633,0.1,easy_negative,GRAY,False,
18/265536,12472649,Power harness and robot,FANUC CORPORATION,FANUC,FANUC,JP,2021-12-14,114164763,B25J-0019/0029,0.1,easy_negative,GRAY,False,
17/749536,12569982,"Systems, devices, and methods for a hydraulic robotic arm",SANCTUARY COGNITIVE SYSTEMS CORPORATION,SANCTUARY COGNITIVE SYSTEMS,SANCTUARY COGNITIVE SYSTEMS,CA,2022-05-20,114245295,B25J-0009/14,0.1,easy_negative,T1_auto,True,구제:사례매핑 T1/T2 권고(OEM 전건원칙 포함)
17/560075,12594666,"Soft pneumatic hexapedal robot, and uses thereof",THE REGENTS OF THE UNIVERSITY OF CALIFORNIA,THE REGENTS OF THE UNIVERSITY OF CALIFORNIA,THE REGENTS OF THE UNIVERSITY OF CALIFORNIA,US,2021-12-22,114252810,B25J-0009/144,0.1,easy_negative,GRAY,False,
18/211641,12605835,Collaborative robot welding system,"LINCOLN GLOBAL, INC.",LINCOLN GLOBAL,LINCOLN GLOBAL,US,2023-06-20,114262801,B25J-0009/1671,0.1,easy_negative,GRAY,False,
19/235005,12605844,"Method and apparatus for position alignment of robotic arm, as well as electronic device","Vostro Medical Technology (Tianjin) Co., Ltd | The Second Affiliated Hospital of Army Medical University",VOSTRO MEDICAL TECHNOLOGY (TIANJIN),VOSTRO MEDICAL TECHNOLOGY (TIANJIN),CN,2025-06-11,114262810,B25J-0009/1697,0.1,easy_negative,GRAY,False,
17/770896,12296485,Robot arm with adaptive three-dimensional boundary in free-drive,UNIVERSAL ROBOTS A/S,UNIVERSAL ROBOTS A/S,UNIVERSAL ROBOTS A/S,DK,2020-10-09,114249221,B25J-0009/1641,0.1,easy_negative,GRAY,False,
18/371821,12583119,Transfer system and transfer method,KABUSHIKI KAISHA YASAKAWA DENKI | KABUSHIKI KAISHA YASKAWA DENKI,YASAKAWA DENKI,YASAKAWA DENKI,JP,2023-09-22,114346271,B25J-0009/1687,0.1,easy_negative,GRAY,False,
17/391242,12280490,"Method, system, and non-transitory computer-readable recording medium for controlling a serving robot","Bear Robotics, Inc.",BEAR ROBOTICS,BEAR ROBOTICS,US,2021-08-02,114338350,B25J-0011/008,0.1,easy_negative,GRAY,False,
17/319502,12220818,Singularity-free kinematic parameterization of soft robot manipulators,"AUTODESK, INC.",AUTODESK,AUTODESK,US,2021-05-13,114337481,B25J-0009/1635,0.1,easy_negative,GRAY,False,
17/912075,12605837,Collaborative Delta robot,DEMAUREX SA,DEMAUREX,DEMAUREX,CH,2021-10-05,114262803,B25J-0009/1676,0.1,easy_negative,GRAY,False,
18/553961,12605834,Robotic cells,BAE SYSTEMS PLC,BAE SYSTEMS,BAE SYSTEMS,GB,2022-04-13,114262800,B25J-0009/1666,0.1,easy_negative,GRAY,False,
18/546972,12569980,Robot system comprising robot equipped with display unit,FANUC CORPORATION,FANUC,FANUC,JP,2022-03-25,114367662,B25J-0009/023,0.1,easy_negative,GRAY,False,
18/049419,12600041,Surface analyst end effector for industrial robot,WICHITA STATE UNIVERSITY,WICHITA STATE UNIVERSITY,WICHITA STATE UNIVERSITY,US,2022-10-25,114444619,B25J-0009/1679,0.1,easy_negative,GRAY,False,
16/104033,10751883,Robot system with supplementary metrology position coordinates determination system,Mitutoyo Corporation,MITUTOYO,MITUTOYO,JP,2018-08-16,114356146,B25J-0009/1697,0.1,easy_negative,GRAY,False,
18/746382,12611772,Robot control device and robot control method,"HITACHI, LTD.",HITACHI,HITACHI,JP,2024-06-18,114472900,B25J-0009/1664,0.1,easy_negative,GRAY,False,
17/913321,12208529,Robot system,FANUC CORPORATION,FANUC,FANUC,JP,2021-04-23,114356875,B25J-0009/1697,0.1,easy_negative,GRAY,False,
17/403325,11691297,Field-assembled soft gripping for industrial and collaborative robots,"SOFT ROBOTICS, INC.",SOFT ROBOTICS,SOFT ROBOTICS/OXIPITAL,US,2021-08-16,114427007,B25J-0015/12,0.1,easy_negative,GRAY,False,
17/922490,12611776,Multiple hydraulic robot system for precisely mounting girder,KOREA INSTITUTE OF ROBOT AND CONVERGENCE,KOREA INSTITUTE OF ROBOT AND CONVERGENCE,KOREA INSTITUTE OF ROBOT AND CONVERGENCE,KR,2021-01-11,114472904,B25J-0009/1682,0.1,easy_negative,GRAY,False,
16/757545,11440191,"Automated device with a sensorized covered movable structure, in particular a robot",COMAU S.P.A.,COMAU,COMAU,IT,2018-10-16,114434304,B25J-0009/1676,0.1,easy_negative,GRAY,False,
18/845611,12611782,Robotic grouter,FABRICA ROBOTICS PTE LTD.,FABRICA ROBOTICS PTE,FABRICA ROBOTICS PTE,SG,2023-03-03,114472910,B25J-0011/00,0.1,easy_negative,GRAY,False,
17/977578,12583100,Robot to which direct teaching is applied,DENSO WAVE INCORPORATED,DENSO WAVE,DENSO,JP,2022-10-31,114536881,B25J-0009/0081,0.1,easy_negative,GRAY,False,
17/096971,11541536,Program generation device configured to generate operation program including operation symbol of robot apparatus,FANUC CORPORATION,FANUC,FANUC,JP,2020-11-13,114549264,B25J-0009/1656,0.1,easy_negative,GRAY,False,
16/999544,11648690,Robotic end-of-arm tools and methods of use,House of Design LLC,HOUSE OF DESIGN,HOUSE OF DESIGN,US,2020-08-21,114614891,B25J-0015/0266,0.1,easy_negative,GRAY,False,
18/358536,12611781,Manufacturing overhead photogrammetry guidance system for robotic based formation and inspection of workpiece features,GM GLOBAL TECHNOLOGY OPERATIONS LLC,GM GLOBAL TECHNOLOGY OPERATIONS,GM,US,2023-07-25,114472909,B25J-0009/1697,0.1,easy_negative,GRAY,False,
17/699528,12415285,Integrated mobile manipulator robot with accessory interfaces,"Boston Dynamics, Inc.",BOSTON DYNAMICS,HYUNDAI MOTOR GROUP(2021~)/구글·소프트뱅크(이전),US,2022-03-21,114615394,B25J-0015/0466,0.1,easy_negative,GRAY,False,
18/264582,12570000,Palletizing system and external appearance inspection apparatus,G-TEKT CORPORATION,G-TEKT,G-TEKT,JP,2022-02-08,114559549,B25J-0009/1687,0.1,easy_negative,E_auto,False,
17/717843,12358130,Machine learning device and robot system,DENSO WAVE INCORPORATED,DENSO WAVE,DENSO,JP,2022-04-11,114556497,B25J-0009/1612,0.1,easy_negative,GRAY,False,
18/187892,12539611,"Robot control apparatus, robot control system, and robot control method",NACHI-FUJIKOSHI CORP.,NACHI-FUJIKOSHI,NACHI-FUJIKOSHI,JP,2023-03-22,114536892,B25J-0009/1674,0.1,easy_negative,GRAY,False,
18/195059,12605822,Mobile robot apparatus and control method therefor,"SAMSUNG ELECTRONICS CO., LTD.",SAMSUNG ELECTRONICS,SAMSUNG,KR,2023-05-09,114629523,B25J-0005/007,0.1,easy_negative,GRAY,False,
18/144078,12605840,Lift device with robotic welding attachment innovations,OSHKOSH CORPORATION,OSHKOSH,OSHKOSH,US,2023-05-05,114630058,B25J-0005/06,0.1,easy_negative,GRAY,False,
15/991019,11000948,Robotic arm assembly,OLIVER CRISPIN ROBOTICS LIMITED,OLIVER CRISPIN ROBOTICS,OLIVER CRISPIN ROBOTICS,GB,2018-05-29,114621597,B25J-0009/06,0.1,easy_negative,GRAY,False,
18/492861,12617089,Teaching program generation device,DAIHEN CORPORATION,DAIHEN,DAIHEN,JP,2023-10-24,114642476,B25J-0009/1656,0.1,easy_negative,GRAY,False,
18/626004,12617079,Robotics system for verification and validation of smart connected HMI devices and method thereof,SGBI Inc.,SGBI,SGBI,US,2024-04-03,114642466,B25J-0009/026,0.1,easy_negative,GRAY,False,
17/902399,12605849,Force overshoot and other pressure disturbance mitigation in pneumatic force control devices,"ATI Industrial Automation, Inc.",ATI INDUSTRIAL AUTOMATION,ATI INDUSTRIAL AUTOMATION,US,2022-09-02,114632962,B25J-0013/085,0.1,easy_negative,GRAY,False,
18/078307,12617095,Dynamic allocation of robotic sortation resources,"AMAZON TECHNOLOGIES, INC.",AMAZON TECHNOLOGIES,AMAZON,US,2022-12-09,114642482,B25J-0009/1682,0.1,easy_negative,E_auto,False,
16/337565,11241794,Method for the surface treatment of an article,GAIOTTO AUTOMATION S.P.A.,GAIOTTO AUTOMATION,GAIOTTO AUTOMATION,IT,2017-09-28,114825109,B25J-0009/1679,0.1,easy_negative,GRAY,False,
17/294428,11504847,"Distributed robot scheduling decision method, apparatus and system, electronic device and storage medium","SYRIUS ROBOTICS CO., LTD.",SYRIUS ROBOTICS,SYRIUS ROBOTICS,CN,2018-12-29,114818170,B25J-0009/1661,0.1,easy_negative,E_auto,False,
17/978608,12528189,Controlling multiple robots to cooperatively unload a truck or other container,"DEXTERITY, INC.",DEXTERITY,DEXTERITY,US,2022-11-01,114838243,B25J-0009/1682,0.1,easy_negative,GRAY,False,
19/378386,12611765,Modular omnidirectional robotic system for nonplanar structure navigation,William Lukac Yankanin Boychuck | Graham Michael Simons | Paul Bennett Dohn | Kyle Tavarez,WILLIAM LUKAC YANKANIN BOYCHUCK,WILLIAM LUKAC YANKANIN BOYCHUCK,US,2025-11-04,114836848,B25J-0009/08,0.1,easy_negative,GRAY,False,
18/927001,12403597,Intuitive virtual reality interface for controlling robots,"Altec Industries, Inc.",ALTEC INDUSTRIES,ALTEC INDUSTRIES,US,2024-10-25,114836275,B25J-0009/1661,0.1,easy_negative,GRAY,False,
18/140784,12623344,Method for robot assisted multi-view 3D scanning measurement based on path planning,UNIVERSITY OF ELECTRONIC SCIENCE AND TECHNOLOGY OF CHINA,UNIVERSITY OF ELECTRONIC SCIENCE AND TECHNOLOGY OF CHINA,UNIVERSITY OF ELECTRONIC SCIENCE AND TECHNOLOGY OF CHINA,CN,2023-04-28,114850759,B25J-0009/1664,0.1,easy_negative,GRAY,False,
18/144377,12611778,"Robot teleoperation method, robot and storage medium","SHANGHAI FLEXIV ROBOTICS TECHNOLOGY CO., LTD. | FLEXIV LTD.",SHANGHAI FLEXIV ROBOTICS TECHNOLOGY,SHANGHAI FLEXIV ROBOTICS TECHNOLOGY,CN,2023-05-08,114831000,B25J-0009/1689,0.1,easy_negative,GRAY,False,
17/172209,12350821,Vacuum-environment robot with distributed actuators,PERSIMMON TECHNOLOGIES CORPORATION,PERSIMMON TECHNOLOGIES,PERSIMMON TECHNOLOGIES,US,2021-02-10,114631358,B25J-0019/007,0.1,easy_negative,GRAY,False,
18/048802,12583105,"Robot, control method therefor, method for manufacturing article using robot, and storage medium",Canon Kabushiki Kaisha,CANON,CANON,JP,2022-10-21,114918214,B25J-0009/1633,0.1,easy_negative,GRAY,False,
16/648450,11370111,System and method for adaptive bin picking for manufacturing,MAGNA INTERNATIONAL INC.,MAGNA INTERNATIONAL,MAGNA INTERNATIONAL,CA,2018-09-20,115015519,B25J-0009/1612,0.1,easy_negative,GRAY,False,
18/555790,12623356,Parallel robot,"SHANGHAI FLEXIV ROBOTICS TECHNOLOGY CO., LTD. | FLEXIV LTD.",SHANGHAI FLEXIV ROBOTICS TECHNOLOGY,SHANGHAI FLEXIV ROBOTICS TECHNOLOGY,CN,2022-11-28,114850771,B25J-0013/085,0.1,easy_negative,E_auto,False,
18/248643,12370702,"Systems and methods for designing, testing, and validating a robotic system","MacDonald, Dettwiler and Associates Inc.",MACDONALD DETTWILER AND ASSOCIATES,MACDONALD DETTWILER AND ASSOCIATES,CA,2021-10-12,114919713,B25J-0019/0095,0.1,easy_negative,GRAY,False,
18/408963,12409562,Method for controlling robot and system,"HITACHI, LTD.",HITACHI,HITACHI,JP,2024-01-10,114918389,B25J-0013/02,0.1,easy_negative,GRAY,False,
18/695751,12617096,Coordination of multiple robots using graph neural networks,GDM HOLDING LLC,GDM,GDM,US,2022-09-15,115022287,B25J-0009/1682,0.1,easy_negative,GRAY,False,
14/714489,9751213,System and method for robot operating environment discovery,ROSS VIDEO LIMITED,ROSS VIDEO,ROSS VIDEO,CA,2015-05-18,115013330,B25J-0009/1638,0.1,easy_negative,GRAY,False,
18/085702,12617098,"Method, apparatus, and system for automating operation of a machine","Y SOFT CORPORATION, A.S.",Y SOFT AS,Y SOFT AS,미상,2022-12-21,115010300,B25J-0009/1694,0.1,easy_negative,GRAY,False,
18/885248,12577067,Robotic depalletization system and method,"Hand Held Products, Inc.",HAND HELD PRODUCTS,HAND HELD PRODUCTS,US,2024-09-13,115032488,B25J-0009/1697,0.1,easy_negative,GRAY,False,
16/967830,12070865,Device and method for use in cleaning a facade,Skyline Robotics Ltd.,SKYLINE ROBOTICS,SKYLINE ROBOTICS,IL,2019-02-07,115032857,B25J-0005/00,0.1,easy_negative,GRAY,False,
17/870648,12539610,"Methods, systems, and computer program products for reachability constraint manipulation for height thresholded scenarios in robotic depalletization","Intelligrated Headquarters, LLC",INTELLIGRATED HEADQUARTERS,INTELLIGRATED HEADQUARTERS,US,2022-07-21,115026348,B25J-0009/1666,0.1,easy_negative,GRAY,False,
18/707600,12629836,"Robot suspension judgment method based on laser points, a map update method and a chip","AMICRO SEMICONDUCTOR CO., LTD.",AMICRO SEMICONDUCTOR,AMICRO SEMICONDUCTOR,CN,2022-11-03,115040066,B25J-0009/1676,0.1,easy_negative,GRAY,False,
15/938595,10537990,Split robotic article pick and put system,Dematic Corp.,DEMATIC,DEMATIC,US,2018-03-28,115199374,B25J-0009/0093,0.1,easy_negative,GRAY,False,
17/351351,12632695,Robotic demonstration retrieval systems and methods,NAVER CORPORATION,NAVER,NAVER,KR,2021-06-18,115042880,B25J-0009/1664,0.1,easy_negative,GRAY,False,
15/956804,11154992,"Soft robotic actuators for positioning, packaging, and assembling","SOFT ROBOTICS, INC.",SOFT ROBOTICS,SOFT ROBOTICS/OXIPITAL,US,2018-04-19,115198713,B25J-0015/0023,0.1,easy_negative,GRAY,False,
16/971679,11964397,"Method for moving tip of line-like object, controller, and three-dimensional camera",KURASHIKI BOSEKI KABUSHIKI KAISHA,KURASHIKI BOSEKI,KURASHIKI BOSEKI,JP,2019-02-15,115113892,B25J-0009/1697,0.1,easy_negative,GRAY,False,
17/238940,11992955,"Robotic spearing device for performing item capture and sorting, spearing end effector and method for performing same",WASTE ROBOTICS INC.,WASTE ROBOTICS,WASTE ROBOTICS,CA,2021-04-23,115212109,B25J-0009/1679,0.1,easy_negative,GRAY,False,
16/978318,12139340,"Robot system for gripping an item in a storage and picking system, and operating method for same",TGW LOGISTICS GROUP GMBH,TGW LOGISTICS GROUP,TGW LOGISTICS GROUP,AT,2019-03-07,115211249,B25J-0009/1612,0.1,easy_negative,GRAY,False,
18/935741,12617074,"Pick-up method, pick-up device, and pick-up system","SINTOKOGIO, LTD.",SINTOKOGIO,SINTOKOGIO,JP,2024-11-04,115225320,B25J-0009/0096,0.1,easy_negative,GRAY,False,
18/190281,12623343,Robot and method for controlling thereof,"Samsung Electronics Co., Ltd.",SAMSUNG ELECTRONICS,SAMSUNG,KR,2023-03-27,115219037,B25J-0009/1661,0.1,easy_negative,GRAY,False,
18/001586,12636781,Control device and robot system,FANUC CORPORATION,FANUC,FANUC,JP,2021-07-27,115247069,B25J-0009/1651,0.1,easy_negative,GRAY,False,
18/337573,12636778,Intelligent scheduling system for construction robot and method for generating an interpretation,Feng Chia University,FENG CHIA UNIVERSITY,FENG CHIA UNIVERSITY,TW,2023-06-20,115247066,B25J-0009/163,0.1,easy_negative,GRAY,False,
18/574965,12454056,"Device, control device and method for generating signal for weaving motion",FANUC CORPORATION,FANUC,FANUC,JP,2021-08-03,115220519,B25J-0009/16,0.1,easy_negative,GRAY,False,
18/254212,12636800,Damage-point estimation device and damage-point estimation method,FANUC CORPORATION,FANUC,FANUC,JP,2021-12-14,115247088,B25J-0009/1674,0.1,easy_negative,GRAY,False,
18/273387,12479096,"Robot installation position measurement device, installation position measurement method, robot controller, teaching system, and simulator",FANUC CORPORATION,FANUC,FANUC,JP,2022-02-24,115312051,B25J-0009/1656,0.1,easy_negative,GRAY,False,
17/346311,12636790,Image processing device,KEYENCE CORPORATION,KEYENCE,KEYENCE,JP,2021-06-14,115247078,B25J-0009/1697,0.1,easy_negative,GRAY,False,
17/699545,12186919,Perception mast for an integrated mobile manipulator robot,"Boston Dynamics, Inc.",BOSTON DYNAMICS,HYUNDAI MOTOR GROUP(2021~)/구글·소프트뱅크(이전),US,2022-03-21,115382836,B25J-0009/1697,0.1,easy_negative,GRAY,False,
16/870903,11518042,Robotic assistant,UBTECH ROBOTICS CORP LTD,UBTECH ROBOTICS,UBTECH,CN,2020-05-09,115307200,B25J-0011/009,0.1,easy_negative,GRAY,False,
17/613470,11958192,Method and system for mobile reconfigurable robot for a large workspace,Amir Khajepour | Hamed Jamshidifar,AMIR KHAJEPOUR,AMIR KHAJEPOUR,CA,2020-06-01,115389939,B25J-0009/1617,0.1,easy_negative,GRAY,False,
18/825339,12629839,System and methods for robotic teleoperation intention estimation,"Honda Motor Co., Ltd.",HONDA MOTOR,HONDA,JP,2024-09-05,115400858,B25J-0009/1689,0.1,easy_negative,GRAY,False,
18/630170,12311536,"Vacuum-based end effector, system, and method for detecting parcel engagement and classifying parcels using audio","FORTNA SYSTEMS, INC.",FORTNA SYSTEMS,FORTNA SYSTEMS,US,2024-04-09,115392854,B25J-0015/0683,0.1,easy_negative,E_auto,False,
17/456543,12377546,System and method for automatically sorting and combining board pieces,MEKANIKA INC. | PRO-AUTOMATION INC.,MEKANIKA,MEKANIKA,CA,2021-11-24,115390344,B25J-0009/1687,0.1,easy_negative,GRAY,False,
18/157797,11839975,Controlling a robotic arm based on profilometer scans to perform precision workstation operations upon a workpiece,VAIA TECHNOLOGIES LLC,VAIA TECHNOLOGIES,VAIA TECHNOLOGIES,US,2023-01-20,115401963,B25J-0009/1612,0.1,easy_negative,GRAY,False,
17/823440,12454058,"Methods, systems, and computer program products for executing partial depalletization operations in robotic depalletization","Intelligrated Headquarters, LLC",INTELLIGRATED HEADQUARTERS,INTELLIGRATED HEADQUARTERS,US,2022-08-30,115401967,B25J-0009/1687,0.1,easy_negative,E_auto,False,
18/730573,12636779,Controlling a telerobot,KUKA DEUTSCHLAND GMBH,KUKA DEUTSCHLAND,KUKA,DE,2023-01-17,115247067,B25J-0009/1633,0.1,easy_negative,GRAY,False,
18/189469,12629825,Method of determining value of parameter for controlling wearable device and electronic device performing the method,"SAMSUNG ELECTRONICS CO., LTD.",SAMSUNG ELECTRONICS,SAMSUNG,KR,2023-03-24,115396531,B25J-0009/1633,0.1,easy_negative,GRAY,False,
18/553949,12643233,Robotic cells,BAE SYSTEMS PLC,BAE SYSTEMS,BAE SYSTEMS,GB,2022-04-13,115420660,B25J-0009/1661,0.1,easy_negative,GRAY,False,
18/435800,12600031,Tactile robotic training platform,Tacta Systems Inc.,TACTA SYSTEMS,TACTA SYSTEMS,US,2024-02-07,115435473,B25J-0009/163,0.1,easy_negative,GRAY,False,
19/260568,12643243,Autowrap robotics: AI platform for automated vehicle surface treatment using humanoid robots,AUTOWRAP ROBOTICS LLC,AUTOWRAP ROBOTICS,AUTOWRAP ROBOTICS,US,2025-07-06,115420670,B25J-0015/0491,0.1,easy_negative,T1_auto,False,
18/003251,12643227,Numerical control system,FANUC CORPORATION,FANUC,FANUC,JP,2021-06-28,115420654,B25J-0009/1602,0.1,easy_negative,GRAY,False,
18/840904,12643222,Parallel link robot and parallel link robot system,FANUC CORPORATION,FANUC,FANUC,JP,2022-03-18,115420649,B25J-0009/0051,0.1,easy_negative,GRAY,False,
18/273824,12605829,Robot system and workpiece supply method,FANUC CORPORATION,FANUC,FANUC,JP,2022-02-04,115435160,B25J-0009/1633,0.1,easy_negative,GRAY,False,
18/549021,12508708,"Method of handling manipulator, control system and industrial robot",ABB SCHWEIZ AG,ABB SCHWEIZ,ABB,CH,2021-03-11,115542868,B25J-0009/1664,0.1,easy_negative,GRAY,False,
17/189381,12128558,Compact traversing robot,PERSIMMON TECHNOLOGIES CORPORATION,PERSIMMON TECHNOLOGIES,PERSIMMON TECHNOLOGIES,US,2021-03-02,115514346,B25J-0009/044,0.1,easy_negative,GRAY,False,
18/553183,12632028,Numerical control device and numerical control system,FANUC CORPORATION,FANUC,FANUC,JP,2021-04-23,115042225,B25J-0009/16,0.1,easy_negative,GRAY,False,
16/007166,11065772,"Functional assembly for an industrial machine, in particular for a robot, including an operative unit equipped with a safety cover",COMAU S.P.A.,COMAU,COMAU,IT,2018-06-13,115587626,B25J-0019/06,0.1,easy_negative,GRAY,False,
16/787418,11413751,Motion distribution in robotic systems,"HYPERTHERM, INC.",HYPERTHERM,HYPERTHERM,US,2020-02-11,115590019,B25J-0009/1664,0.1,easy_negative,GRAY,False,
18/472517,12636783,"Robotic arm, method and apparatus for controlling robotic arm, robot, and storage medium",TENCENT TECHNOLOGY (SHENZHEN) COMPANY LIMITED,TENCENT TECHNOLOGY (SHENZHEN),TENCENT TECHNOLOGY (SHENZHEN),CN,2023-09-22,115604600,B25J-0009/1612,0.1,easy_negative,GRAY,False,
18/109611,12240714,Robotic system to load and unload trucks and other containers,"DEXTERITY, INC.",DEXTERITY,DEXTERITY,US,2023-02-14,115604635,B25J-0005/007,0.1,easy_negative,GRAY,False,
17/941735,12059803,Conveyor system with multiple robot singulators and buffering conveyor,"MATERIAL HANDLING SYSTEMS, INC.",MATERIAL HANDLING SYSTEMS,MATERIAL HANDLING SYSTEMS,US,2022-09-09,115582021,B25J-0009/0093,0.1,easy_negative,E_auto,False,
18/904343,12534837,Sewing cell adjustable feature,"INTEVA PRODUCTS, LLC",INTEVA PRODUCTS,INTEVA PRODUCTS,US,2024-10-02,115533340,B25J-0011/00,0.1,easy_negative,GRAY,False,
14/734719,10974382,Soft robotic actuators utilizing asymmetric surfaces,"SOFT ROBOTICS, INC.",SOFT ROBOTICS,SOFT ROBOTICS/OXIPITAL,US,2015-06-09,115571652,B25J-0009/142,0.1,easy_negative,GRAY,False,
17/719110,12330315,"Systems, devices, and methods for developing robot autonomy",SANCTUARY COGNITIVE SYSTEMS CORPORATION,SANCTUARY COGNITIVE SYSTEMS,SANCTUARY COGNITIVE SYSTEMS,CA,2022-04-12,115591267,B25J-0009/1689,0.1,easy_negative,T1_auto,False,
16/978311,12427656,Robot system for testing a loading space of a loading aid in a storage and order-picking system and operating method therefor,TGW LOGISTICS GMBH,TGW LOGISTICS,TGW LOGISTICS,AT,2019-03-07,115211506,B25J-0009/1612,0.1,easy_negative,GRAY,False,
17/699523,12240105,Dynamic mass estimation methods for an integrated mobile manipulator robot,"BOSTON DYNAMICS, INC.",BOSTON DYNAMICS,HYUNDAI MOTOR GROUP(2021~)/구글·소프트뱅크(이전),US,2022-03-21,115382837,B25J-0009/1638,0.1,easy_negative,GRAY,False,
17/182359,11717960,Anti-sway control for a robotic arm with adaptive grasping,"INTELLIGRATED HEADQUARTERS, LLC",INTELLIGRATED HEADQUARTERS,INTELLIGRATED HEADQUARTERS,US,2021-02-23,115610634,B25J-0009/1638,0.1,easy_negative,GRAY,False,
18/623925,12275130,Robotic food preparation system,CHEFEE ROBOTICS INC.,CHEFEE ROBOTICS,CHEFEE ROBOTICS,US,2024-04-01,115612835,B25J-0009/023,0.1,easy_negative,GRAY,False,
18/003261,12384043,State monitoring device and state monitoring method for industrial machinery,FANUC CORPORATION,FANUC,FANUC,JP,2021-07-01,115608884,B25J-0009/1697,0.1,easy_negative,GRAY,False,
18/002813,12449796,Teaching device and non-transitory computer-readable medium storing a computer program,FANUC CORPORATION,FANUC,FANUC,JP,2021-06-29,115608885,B25J-0009/1664,0.1,easy_negative,GRAY,False,
18/368941,12636792,Containerized robotic system,"DEXTERITY, INC.",DEXTERITY,DEXTERITY,US,2023-09-15,115611517,B25J-0009/1692,0.1,easy_negative,GRAY,False,
17/711973,12318933,System for presenting robotic data flows for application development,SANCTUARY COGNITIVE SYSTEMS CORPORATION,SANCTUARY COGNITIVE SYSTEMS,SANCTUARY COGNITIVE SYSTEMS,CA,2022-04-01,115593465,B25J-0009/163,0.1,easy_negative,T1_auto,False,
19/187062,12649241,"Calibration method applied to mobile robot, controller, and mobile robot",VISIONNAV ROBOTICS USA INC.,VISIONNAV ROBOTICS USA,VISIONNAV ROBOTICS USA,US,2025-04-23,115625289,B25J-0009/1661,0.1,easy_negative,GRAY,False,
18/160815,12649249,High-rate cleanable robot cell,VELEC SYSTEMS,VELEC SYSTEMS,VELEC SYSTEMS,FR,2023-01-27,115625297,B25J-0021/00,0.1,easy_negative,GRAY,False,
18/797905,12600043,Robot for assisting with and performing household chores,Symbol Robotics Inc.,SYMBOL ROBOTICS,SYMBOL ROBOTICS,US,2024-08-08,115662134,B25J-0011/008,0.1,easy_negative,GRAY,False,
19/200673,12649247,Vertical articulated robot,NACHI-FUJIKOSHI CORP.,NACHI-FUJIKOSHI,NACHI-FUJIKOSHI,JP,2025-05-07,115625295,B25J-0015/0052,0.1,easy_negative,GRAY,False,
18/416621,12649243,Working robot operating system and method,HYUNDAI MOTOR COMPANY | KIA CORPORATION,HYUNDAI MOTOR,HYUNDAI MOTOR GROUP,KR,2024-01-18,115625291,B25J-0011/005,0.1,easy_negative,GRAY,False,
17/331956,12454047,Fit and suspension systems and methods for a mobile robot,ROAM ROBOTICS INC.,ROAM ROBOTICS,ROAM ROBOTICS,US,2021-05-27,115783038,B25J-0009/0006,0.1,easy_negative,GRAY,False,
18/545640,12643232,"System, apparatus, and method for improved location identification","GECKO ROBOTICS, INC.",GECKO ROBOTICS,GECKO ROBOTICS,US,2023-12-19,115794163,B25J-0009/1653,0.1,easy_negative,GRAY,False,
17/990345,12296458,Robot apparatus and controlling method thereof,"SAMSUNG ELECTRONICS CO., LTD.",SAMSUNG ELECTRONICS,SAMSUNG,KR,2022-11-18,115682904,B25J-0011/0005,0.1,easy_negative,GRAY,False,
15/738315,10850393,Method for extending end user programming of an industrial robot with third party contributions,UNIVERSAL ROBOTS A/S,UNIVERSAL ROBOTS A/S,UNIVERSAL ROBOTS A/S,DK,2016-07-07,115778446,B25J-0009/1664,0.1,easy_negative,GRAY,False,
18/671844,12636777,Object placing via a mobile robot including nudging and related technology,"AGILITY ROBOTICS, INC.",AGILITY ROBOTICS,AGILITY ROBOTICS,US,2024-05-22,115793668,B25J-0009/1612,0.1,easy_negative,T1_auto,False,
18/362471,12296460,Live inspector robot,SAUDI ARABIAN OIL COMPANY,SAUDI ARABIAN OIL,SAUDI ARABIAN OIL,SA,2023-07-31,115678989,B25J-0011/008,0.1,easy_negative,GRAY,False,
16/970856,11890761,Method for interconnecting robots,UNIVERSITÉ DE REIMS CHAMPAGNE-ARDENNE,UNIVERSITÉ DE REIMS CHAMPAGNE-ARDENNE,UNIVERSITÉ DE REIMS CHAMPAGNE-ARDENNE,FR,2019-02-14,115780158,B25J-0009/1682,0.1,easy_negative,T1_auto,False,
18/392132,12643224,Self-assembling shape-morphing robotic platform,THE UNIVERSITY OF CHICAGO | ILLINOIS INSTITUTE OF TECHNOLOGY,THE UNIVERSITY OF CHICAGO,THE UNIVERSITY OF CHICAGO,US,2023-12-21,115794161,B25J-0009/08,0.1,easy_negative,GRAY,False,
18/489750,12654319,"Robot, robot control method, article manufacturing method using robot, and control program and storage medium",Canon Kabushiki Kaisha,CANON,CANON,JP,2023-10-18,115806000,B25J-0009/1664,0.1,easy_negative,GRAY,False,
18/554820,12358139,Robot system,FANUC CORPORATION,FANUC,FANUC,JP,2021-05-19,115637266,B25J-0005/007,0.1,easy_negative,E_auto,False,
17/732282,12643220,Deployable robotic arm,"ELEVATE ROBOTICS, INC.",ELEVATE ROBOTICS,ELEVATE ROBOTICS,US,2022-04-28,115784313,B25J-0005/007,0.1,easy_negative,GRAY,False,
18/902906,12330292,Telescoping robot,NEPTUNE MEDICAL INC.,NEPTUNE MEDICAL,NEPTUNE MEDICAL,US,2024-09-30,115931365,B25J-0018/025,0.1,easy_negative,E_auto,False,
19/033317,12654316,Lab automation and related systems and methods,STREAMLINE BIO TAIWAN,STREAMLINE BIO TAIWAN,STREAMLINE BIO TAIWAN,TW,2025-01-21,115805997,B25J-0009/163,0.1,easy_negative,GRAY,False,
17/799714,12654324,"Control device, control method and storage medium",NEC CORPORATION,NEC,NEC,JP,2020-02-25,115806005,B25J-0009/1661,0.1,easy_negative,GRAY,False,
18/269060,12441000,Robot system and robot working method,KAWASAKI JUKOGYO KABUSHIKI KAISHA,KAWASAKI JUKOGYO,KAWASAKI HEAVY INDUSTRIES,JP,2021-12-21,115820348,B25J-0009/0084,0.1,easy_negative,GRAY,False,
17/881475,11745348,System and/or method for robotic foodstuff assembly,"CHEF ROBOTICS, INC.",CHEF ROBOTICS,CHEF ROBOTICS,US,2022-08-04,115999634,B25J-0009/1687,0.1,easy_negative,GRAY,False,
17/541406,11926063,Fractional order sliding mode synchronous control method for teleoperation system based on event trigger mechanism,Yanshan University,YANSHAN UNIVERSITY,YANSHAN UNIVERSITY,CN,2021-12-03,115964059,B25J-0009/1689,0.1,easy_negative,GRAY,False,
17/782119,12134187,Agile robot arm for positioning a tool with controlled orientation,COGNIBOTICS AB,COGNIBOTICS,COGNIBOTICS,SE,2020-12-07,115904589,B25J-0009/0072,0.1,easy_negative,GRAY,False,
18/102042,12172305,Transfer robot,"Sinfonia Technology Co., Ltd.",SINFONIA TECHNOLOGY,SINFONIA TECHNOLOGY,JP,2023-01-26,116115486,B25J-0009/042,0.1,easy_negative,GRAY,False,
18/337310,12661779,"Robot system, method for controlling robot system, method for manufacturing product using robot system, control program, and recording medium",Canon Kabushiki Kaisha,CANON,CANON,JP,2023-06-19,116020038,B25J-0009/161,0.1,easy_negative,GRAY,False,
16/470447,11485030,"Constructive assembly of a containment means, intended for the automated production of pharmaceutical or biotechnical articles",PHARMA INTEGRATION S.R.L.,PHARMA INTEGRATION,PHARMA INTEGRATION,IT,2017-12-15,116010667,B25J-0021/005,0.1,easy_negative,GRAY,False,
17/757351,12589507,Robotic hand sensitive to forces in an aquatic environment,CENTRE NATIONAL DE LA RECHERCHE SCIENTIFIQUE | UNIVERSITE DE POITIERS,CENTRE NATIONAL DE LA RECHERCHE SCIENTIFIQUE,CENTRE NATIONAL DE LA RECHERCHE SCIENTIFIQUE,FR,2020-12-15,116118002,B25J-0015/0009,0.1,easy_negative,GRAY,False,
18/522973,12661797,Systems and methods for controlling an on-premises robot through an industrial digital twin,"Rockwell Automation Technologies, Inc.",ROCKWELL AUTOMATION TECHNOLOGIES,ROCKWELL AUTOMATION TECHNOLOGIES,US,2023-11-29,116020056,B25J-0009/1689,0.1,easy_negative,GRAY,False,
16/378734,10471590,Cable robot,Frédéric Vachon,FRÉDÉRIC VACHON,FRÉDÉRIC VACHON,CA,2019-04-09,116191661,B25J-0009/0078,0.1,easy_negative,GRAY,False,
16/998857,11117256,Robotic multi-gripper assemblies and methods for gripping and holding objects,"MUJIN, Inc.",MUJIN,MUJIN,JP,2020-08-20,116120323,B25J-0009/1612,0.1,easy_negative,GRAY,False,
16/652862,11559898,"Teleoperation system, method, apparatus, and computer-readable medium",Moog Inc.,MOOG,MOOG,US,2018-10-05,116200137,B25J-0009/1689,0.1,easy_negative,GRAY,False,
16/814977,11498222,Autonomously acting robot that stares at companion,"GROOVE X, INC.",GROOVE X,GROOVE X,JP,2020-03-10,116209425,B25J-0011/0005,0.1,easy_negative,GRAY,False,
18/638210,12667979,Robotic manipulators for collaborative and independent tasks,"Amazon Technologies, Inc.",AMAZON TECHNOLOGIES,AMAZON,US,2024-04-17,116243843,B25J-0015/0066,0.1,easy_negative,GRAY,False,
18/960720,12654313,Extendable variable-stiffness boom-lift-mounted robot with vibration compensation,THE HONG KONG UNIVERSITY OF SCIENCE AND TECHNOLOGY,THE HONG KONG UNIVERSITY OF SCIENCE AND TECHNOLOGY,THE HONG KONG UNIVERSITY OF SCIENCE AND TECHNOLOGY,HK,2024-11-26,116211781,B25J-0009/162,0.1,easy_negative,GRAY,False,
18/785706,12654309,Continuum robot control system and continuum robot control method,CANON KABUSHIKI KAISHA,CANON,CANON,JP,2024-07-26,116209475,B25J-0009/104,0.1,easy_negative,GRAY,False,
16/249582,11865722,Systems and methods for efficiently moving a variety of objects,"BERKSHIRE GREY OPERATING COMPANY, INC.",BERKSHIRE GREY OPERATING,BERKSHIRE GREY OPERATING,US,2019-01-16,116006766,B25J-0009/1664,0.1,easy_negative,GRAY,False,
17/252282,11969896,"Robot scheduling and robot path control method, server and storage medium","BEIJING GEEKPLUS TECHNOLOGY CO., LTD.",BEIJING GEEKPLUS TECHNOLOGY,BEIJING GEEKPLUS TECHNOLOGY,CN,2019-06-19,115984626,B25J-0009/1661,0.1,easy_negative,GRAY,False,
18/303188,12667958,Picking-up robot,"SINTOKOGIO, LTD.",SINTOKOGIO,SINTOKOGIO,JP,2023-04-19,116243822,B25J-0009/104,0.1,easy_negative,GRAY,False,
18/766242,12214513,Apparatus and method for adaptive handling of slides using a robotic arm,"PRAMANA, INC.",PRAMANA,PRAMANA,US,2024-07-08,116329351,B25J-0009/1697,0.1,easy_negative,GRAY,False,
18/025377,12667980,Layer module for handling robot system,Martin Zimmer | Günther Zimmer,MARTIN ZIMMER,MARTIN ZIMMER,DE,2021-09-03,116243844,B25J-0015/04,0.1,easy_negative,GRAY,False,
15/204780,9925663,Movable hardstop for a robotic component,UNIVERSAL CITY STUDIOS LLC,UNIVERSAL CITY STUDIOS,UNIVERSAL CITY STUDIOS,US,2016-07-07,116450026,B25J-0009/101,0.1,easy_negative,GRAY,False,
17/737075,12466071,"Robots, tele-operation systems, and methods of operating the same",SANCTUARY COGNITIVE SYSTEMS CORPORATION,SANCTUARY COGNITIVE SYSTEMS,SANCTUARY COGNITIVE SYSTEMS,CA,2022-05-05,116452753,B25J-0009/1689,0.1,easy_negative,T1_auto,False,
15/153413,10259120,Compact resolver pre-amplification assembly (RPA) module,"The United States of America, as represented by the Secretary of the Navy | THE GOVERNMENT OF THE UNITED STATES OF AMERICA, AS REPRESENTED BY THE SECRETARY OF THE NAVY",THE UNITED STATES OF AMERICA AS REPRESENTED BY THE SECRETARY OF THE NAVY,THE UNITED STATES OF AMERICA AS REPRESENTED BY THE SECRETARY OF THE NAVY,US,2016-05-12,116449212,B25J-0013/088,0.1,easy_negative,GRAY,False,
18/518278,12654328,Robotic system with multi-location placement control mechanism,"MUJIN, INC.",MUJIN,MUJIN,JP,2023-11-22,116209986,B25J-0009/1687,0.1,easy_negative,GRAY,False,
15/322679,10518424,Protection method and protection device for a handling apparatus,BLUE DANUBE ROBOTICS GMBH,BLUE DANUBE ROBOTICS,BLUE DANUBE ROBOTICS,AT,2015-06-30,116449316,B25J-0019/063,0.1,easy_negative,GRAY,False,
18/715277,12643240,"Robotized unit and method for controlling a metal product in movement in an apparatus, and method to produce metal reels",DANIELI & C. OFFICINE MECCANICHE S.P.A. | DANIELI AUTOMATION S.P.A.,DANIELI & C OFFICINE MECCANICHE,DANIELI & C OFFICINE MECCANICHE,IT,2022-12-02,116455926,B25J-0011/005,0.1,easy_negative,GRAY,False,
18/252239,12090646,Robot,FANUC CORPORATION,FANUC,FANUC,JP,2021-12-10,116368847,B25J-0017/02,0.1,easy_negative,GRAY,False,
18/568736,12472642,Adjustable end-of-arm tool or fixture,MAGSWITCH AUTOMATION COMPANY,MAGSWITCH AUTOMATION,MAGSWITCH AUTOMATION,US,2022-06-11,116364789,B25J-0015/0004,0.1,easy_negative,GRAY,False,
15/342053,10399220,Generation of robotic user interface responsive to connection of peripherals to robot,THE JOHNS HOPKINS UNIVERSITY,THE JOHNS HOPKINS UNIVERSITY,THE JOHNS HOPKINS UNIVERSITY,US,2016-11-02,116198913,B25J-0009/161,0.1,easy_negative,GRAY,False,
18/556276,12594673,"Method of calibrating manipulator, control system and robot system",ABB SCHWEIZ AG,ABB SCHWEIZ,ABB,CH,2021-04-29,116369895,B25J-0009/1692,0.1,easy_negative,GRAY,False,
18/372406,12649239,"Apparatus, apparatus control method and recording medium","CASIO COMPUTER CO., LTD.",CASIO COMPUTER,CASIO COMPUTER,JP,2023-09-25,116209862,B25J-0009/1669,0.1,easy_negative,GRAY,False,
18/070759,12661811,Accessory interfaces for a mobile manipulator robot,"Boston Dynamics, Inc.",BOSTON DYNAMICS,HYUNDAI MOTOR GROUP(2021~)/구글·소프트뱅크(이전),US,2022-11-29,116460578,B25J-0005/007,0.1,easy_negative,GRAY,False,
17/985215,12275154,Robots and methods for protecting fragile components thereof,SANCTUARY COGNITIVE SYSTEMS CORPORATION,SANCTUARY COGNITIVE SYSTEMS,SANCTUARY COGNITIVE SYSTEMS,CA,2022-11-11,116453506,B25J-0009/1674,0.1,easy_negative,T1_auto,False,
18/269353,12673424,"Device, robot system, and method for determining position of recessed portion to be formed by scraping",FANUC CORPORATION,FANUC,FANUC,JP,2022-01-17,116475126,B25J-0009/1669,0.1,easy_negative,GRAY,False,
17/113565,12186906,Robot teaching device including icon programming function,FANUC CORPORATION,FANUC,FANUC,JP,2020-12-07,116458480,B25J-0009/163,0.1,easy_negative,GRAY,False,
18/008709,12673419,Robot controller,"CORPORATION, FANUC",FANUC,FANUC,JP,2021-06-21,116475121,B25J-0009/1653,0.1,easy_negative,GRAY,False,
19/360494,12605846,Large-capacity cooking robot system performing large-capacity cooking through multiple modes,"HANKOOKROBOTICS CO., LTD.",HANKOOKROBOTICS,HANKOOKROBOTICS,KR,2025-10-16,116470316,B25J-0011/0045,0.1,easy_negative,GRAY,False,
18/590590,12673413,Apparatus and method for automated teaching of locations in laboratory automation equipment,"HIGHRES BIOSOLUTIONS, INC.",HIGHRES BIOSOLUTIONS,HIGHRES BIOSOLUTIONS,US,2024-02-28,116475115,B25J-0009/0081,0.1,easy_negative,GRAY,False,
18/808390,12661794,System and method for proprioceptive and responsive robotic door opening,GHOST ROBOTICS CORPORATION,GHOST ROBOTICS,GHOST ROBOTICS,US,2024-08-19,116460576,B25J-0009/1682,0.1,easy_negative,GRAY,False,
18/544759,12673418,Power assist system and storage medium,TOYOTA JIDOSHA KABUSHIKI KAISHA | TOYOTA SCHOOL FOUNDATION,TOYOTA JIDOSHA,TOYOTA,JP,2023-12-19,116475120,B25J-0009/1633,0.1,easy_negative,GRAY,False,
17/161084,11826915,Method and system for assembling a rotor stack for an electric motor,"Ford Global Technologies, LLC | ABB, Inc.",FORD GLOBAL TECHNOLOGIES,FORD GLOBAL TECHNOLOGIES,US,2021-01-28,116475127,B25J-0009/1687,0.1,easy_negative,GRAY,False,
18/795786,12673422,Systems and methods for manufacturing with an end effector having two or more independent tools,GM GLOBAL TECHNOLOGY OPERATIONS LLC,GM GLOBAL TECHNOLOGY OPERATIONS,GM,US,2024-08-06,116475124,B25J-0009/1664,0.1,easy_negative,GRAY,False,
18/574382,12673421,Processing apparatus and relative marking device to generate process trajectories,COMAU S.P.A.,COMAU,COMAU,IT,2022-06-27,116475123,B25J-0009/1656,0.1,easy_negative,GRAY,False,
18/232912,12661784,Method and apparatus for controlling wheel-legged robot,Tencent Technology (Shenzhen) Company Limited,TENCENT TECHNOLOGY (SHENZHEN),TENCENT TECHNOLOGY (SHENZHEN),CN,2023-08-11,116457406,B25J-0009/1664,0.1,easy_negative,GRAY,False,
18/242527,12539617,"Robot, robot control method and recording medium","CASIO COMPUTER CO., LTD.",CASIO COMPUTER,CASIO COMPUTER,JP,2023-09-06,116570829,B25J-0011/001,0.1,easy_negative,GRAY,False,
17/890104,12233551,"System and method for controlling continuum robot, and continuum robot",CANON KABUSHIKI KAISHA,CANON,CANON,JP,2022-08-17,116559122,B25J-0009/1625,0.1,easy_negative,GRAY,False,
16/991932,11577397,Position accuracy robotic printing system,"DUSTY ROBOTICS, IRC. | Dusty Robotics, Inc.",DUSTY ROBOTICS IRC,DUSTY ROBOTICS IRC,US,2020-08-12,116641217,B25J-0009/1692,0.1,easy_negative,GRAY,False,
18/281427,12036661,Gripper device configured to be attached to a robotic device and to pickup a food product from a pickup area and to release it from a releasing location to a receiving location,MAREL A/S,MAREL A/S,MAREL A/S,DK,2022-03-11,116558803,B25J-0011/0045,0.1,easy_negative,GRAY,False,
18/242532,12533817,"Robot, robot control method and recording medium","CASIO COMPUTER CO., LTD.",CASIO COMPUTER,CASIO COMPUTER,JP,2023-09-06,116576093,B25J-0011/001,0.1,easy_negative,GRAY,False,
16/941460,11654554,Artificial intelligence cleaning robot and method thereof,LG Electronics Inc.,LG ELECTRONICS,LG,KR,2020-07-28,116573402,B25J-0009/163,0.1,easy_negative,E_auto,False,
17/881357,12083679,Mobile robot and stabilization method for the mobile robot,"DELTA ELECTRONICS, INC.",DELTA ELECTRONICS,DELTA ELECTRONICS,TW,2022-08-04,116594512,B25J-0009/1638,0.1,easy_negative,E_auto,False,
17/631894,12589508,"Robot hand, robot, robot system, and transfer method",KAWASAKI JUKOGYO KABUSHIKI KAISHA,KAWASAKI JUKOGYO,KAWASAKI HEAVY INDUSTRIES,JP,2020-08-04,116576099,B25J-0015/0066,0.1,easy_negative,GRAY,False,
16/674704,11420327,Automated control of multi-process using robotic equipment for complex workflows,BIOSERO INC.,BIOSERO,BIOSERO,US,2019-11-05,116643366,B25J-0009/1661,0.1,easy_negative,GRAY,False,
18/669531,12654322,Delivery system,TOYOTA JIDOSHA KABUSHIKI KAISHA,TOYOTA JIDOSHA,TOYOTA,JP,2024-05-21,116570670,B25J-0009/1666,0.1,easy_negative,E_auto,False,
18/222236,12311549,"Methods, systems and devices for automated assembly of building structures",PROMISE ROBOTICS INC.,PROMISE ROBOTICS,PROMISE ROBOTICS,CA,2023-07-14,116649622,B25J-0009/1661,0.1,easy_negative,GRAY,False,
17/083718,11992952,Systems and methods of servicing equipment,General Electric Company | Oliver Crispin Robotics Limited,GENERAL ELECTRIC,GENERAL ELECTRIC,US,2020-10-29,116660151,B25J-0009/1669,0.1,easy_negative,GRAY,False,
18/007492,12370694,Grip detection system for liquid handling robot,TAKEDA PHARMACEUTICAL COMPANY LIMITED | BAXALTA INNOVATIONS GMBH | BAXTER AG (NOW TAKEDA MANUFACTURING AUSTRIA AG),TAKEDA PHARMACEUTICAL,TAKEDA PHARMACEUTICAL,JP,2020-07-31,116558761,B25J-0013/081,0.1,easy_negative,GRAY,False,
17/159358,12115676,Robotic pallet,"Lucomm Technologies, Inc.",LUCOMM TECHNOLOGIES,LUCOMM TECHNOLOGIES,US,2021-01-27,116646166,B25J-0009/1669,0.1,easy_negative,GRAY,False,
17/068572,11701776,Robotic kitting machine,"DEXTERITY, INC.",DEXTERITY,DEXTERITY,US,2020-10-12,116660136,B25J-0009/1664,0.1,easy_negative,GRAY,False,
18/199649,12304067,Transfer robot and robot system,KABUSHIKI KAISHA YASKAWA DENKI,YASKAWA DENKI,YASKAWA,JP,2023-05-19,116600623,B25J-0009/0009,0.1,easy_negative,GRAY,False,
18/679110,12661781,Magnetic connection system for a multi-axis gripper of a lab automation robot,THERMO CRS LTD.,THERMO CRS,THERMO CRS,CA,2024-05-30,116667900,B25J-0009/1612,0.1,easy_negative,GRAY,False,
18/261010,12472624,"Spring constant correction device, method therefor, and recording medium","KABUSHIKI KAISHA KOBE SEIKO SHO (KOBE STEEL, LTD.)",KOBE SEIKO SHO (KOBE STEEL ),KOBE SEIKO SHO (KOBE STEEL ),JP,2022-01-13,116662520,B25J-0009/1633,0.1,easy_negative,GRAY,False,
17/118777,11839987,Vacuum-based end effector with extendible vacuum cup,"MATERIAL HANDLING SYSTEMS, INC.",MATERIAL HANDLING SYSTEMS,MATERIAL HANDLING SYSTEMS,US,2020-12-11,116660890,B25J-0009/1697,0.1,easy_negative,GRAY,False,
18/397907,12667975,Robotic polishing system and method for using same,Pratt & Whitney Canada Corp.,PRATT & WHITNEY CANADA,PRATT & WHITNEY CANADA,CA,2023-12-27,116663796,B25J-0011/0065,0.1,easy_negative,GRAY,False,
17/010494,10987809,Rotary tool adjuster for robot with end of arm tool having multiple tools,"T.A. SYSTEMS, INC.",TA SYSTEMS,TA SYSTEMS,US,2020-09-02,116658047,B25J-0009/1615,0.1,easy_negative,GRAY,False,
16/653330,11292122,Robot operation apparatus,FANUC CORPORATION,FANUC,FANUC,JP,2019-10-15,116685941,B25J-0009/0081,0.1,easy_negative,GRAY,False,
17/940844,11822710,Wearable robot data collection system with human-machine operation interface,ACUMINO,ACUMINO,ACUMINO,US,2022-09-08,116663457,B25J-0009/1656,0.1,easy_negative,GRAY,False,
18/030671,12638823,Multifunctional input device for a robot arm,UNIVERSAL ROBOTS A/S,UNIVERSAL ROBOTS A/S,UNIVERSAL ROBOTS A/S,DK,2021-09-17,116679842,B25J-0009/1656,0.1,easy_negative,GRAY,False,
17/982590,11858145,Surface management of piled grain,Grain Weevil Corporation,GRAIN WEEVIL,GRAIN WEEVIL,US,2022-11-08,116693693,B25J-0009/1664,0.1,easy_negative,GRAY,False,
17/805318,12678942,"Tool for palletizing mixed load products, palletizing robot including the tool, and method therefor","SYMBOTIC CANADA, ULC",SYMBOTIC CANADA ULC,SYMBOTIC CANADA ULC,CA,2022-06-03,116709541,B25J-0009/1612,0.1,easy_negative,GRAY,False,
18/484974,12576524,"Control device, control method, and recording medium",NEC CORPORATION,NEC,NEC,JP,2023-10-11,116686333,B25J-0009/1661,0.1,easy_negative,GRAY,False,
18/500888,12678939,"Method and system for controlling robot configured with plurality of modular robots, and building in which robot is disposed",NAVER CORPORATION,NAVER,NAVER,KR,2023-11-02,116709538,B25J-0009/08,0.1,easy_negative,GRAY,False,
17/032771,11154989,"Pipe traversing apparatus, sensing, and controls","ARIX TECHNOLOGIES, INC.",ARIX TECHNOLOGIES,ARIX TECHNOLOGIES,US,2020-09-25,116660299,B25J-0009/1694,0.1,easy_negative,GRAY,False,
18/251825,12678940,"Tension estimation device, life evaluation device, and robot system",FANUC CORPORATION,FANUC,FANUC,JP,2021-11-19,116709539,B25J-0009/104,0.1,easy_negative,GRAY,False,
18/683246,12678941,Simulation device,FANUC CORPORATION,FANUC,FANUC,JP,2021-09-08,116709540,B25J-0009/1605,0.1,easy_negative,GRAY,False,
18/432400,12678948,Method and system of generating a feasible smooth reference trajectory for an actuator,Sanctuary Cognitive Systems Corporation,SANCTUARY COGNITIVE SYSTEMS,SANCTUARY COGNITIVE SYSTEMS,CA,2024-02-05,116709547,B25J-0009/1651,0.1,easy_negative,T1_auto,True,구제:사례매핑 T1/T2 권고(OEM 전건원칙 포함)
18/747284,12678954,Robotic dolphins and sharks and fish-like robots with embodied artificial intelligence,General Cybernation Group Inc.,GENERAL CYBERNATION GROUP,GENERAL CYBERNATION GROUP,US,2024-06-18,116709553,B25J-0009/1664,0.1,easy_negative,GRAY,False,
18/869498,12643234,Nonlinear adaptive control method and system for mechanical arm motion control,"TIANJIN SAIXIANG TECHNOLOGY CO., LTD",TIANJIN SAIXIANG TECHNOLOGY,TIANJIN SAIXIANG TECHNOLOGY,CN,2022-06-01,116687579,B25J-0009/1664,0.1,easy_negative,GRAY,False,
18/849193,12678961,Robot guidance using multiple frames,TRUE POSITION ROBOTICS LIMITED,TRUE POSITION ROBOTICS,TRUE POSITION ROBOTICS,GB,2023-03-20,116709560,B25J-0009/1692,0.1,easy_negative,GRAY,False,
18/703538,12678967,Work assistance device and work assistance method,FANUC CORPORATION,FANUC,FANUC,JP,2021-10-29,116709566,B25J-0009/1656,0.1,easy_negative,GRAY,False,
18/806621,12678960,Systems and methods for robotic teleoperation intention estimation,"Honda Motor Co., Ltd.",HONDA MOTOR,HONDA,JP,2024-08-15,116709559,B25J-0009/1689,0.1,easy_negative,GRAY,False,
17/965202,12678975,Robotic end effector system,"CHEF ROBOTICS, INC.",CHEF ROBOTICS,CHEF ROBOTICS,US,2022-10-13,116709574,B25J-0015/0028,0.1,easy_negative,GRAY,False,
18/605012,12678976,Robotic apparatus for ceramic matrix composites,General Electric Company,GENERAL ELECTRIC,GENERAL ELECTRIC,US,2024-03-14,116709575,B25J-0015/0028,0.1,easy_negative,GRAY,False,
17/770733,12397414,Maintaining free-drive mode of robot arm for period of time,UNIVERSAL ROBOTS A/S,UNIVERSAL ROBOTS A/S,UNIVERSAL ROBOTS A/S,DK,2020-10-09,116721015,B25J-0009/0081,0.1,easy_negative,GRAY,False,
18/556962,12678952,"Method of programming manipulator, control system and industrial robot",ABB SCHWEIZ AG,ABB SCHWEIZ,ABB,CH,2021-04-29,116709551,B25J-0009/1664,0.1,easy_negative,GRAY,False,
17/616806,11926059,Method and system for automatically securing the operation of a robot system controlled by a mobile operating device,KUKA DEUTSCHLAND GMBH,KUKA DEUTSCHLAND,KUKA,DE,2020-05-27,116709556,B25J-0009/1674,0.1,easy_negative,GRAY,False,
17/729305,12246457,System and method for connection of service lines to trailer fronts by automated trucks,"OUTRIDER TECHNOLOGIES, INC.",OUTRIDER TECHNOLOGIES,OUTRIDER TECHNOLOGIES,US,2022-04-26,116766986,B25J-0009/1697,0.1,easy_negative,GRAY,False,
19/022149, ,SYSTEM FOR SECURING A PAYLOAD TO AN AUTONOMOUS MOBILE ROBOT (AMR),GM GLOBAL TECHNOLOGY OPERATIONS LLC,GM GLOBAL TECHNOLOGY OPERATIONS,GM,US,2025-01-15,116781960,B25J-0009/0021,0.1,easy_negative,E_auto,False,
17/784916,12280507,Generating a control program for a robot manipulator,"AGILE ROBOTS HANOVER GMBH, NOW TRADING AS FRANKA ROBOTICS GMBH",AGILE ROBOTS HANOVER NOW TRADING AS FRANKA ROBOTICS,FRANKA,DE,2020-12-22,116777434,B25J-0009/1664,0.1,easy_negative,GRAY,False,
18/262280,12629830,Method and apparatus for tuning robot path for processing workpiece,ABB SCHWEIZ AG,ABB SCHWEIZ,ABB,CH,2021-02-10,116768434,B25J-0009/1664,0.1,easy_negative,GRAY,False,
17/978600,11772269,Robotic system to control multiple robots to perform a task cooperatively,"DEXTERITY, INC.",DEXTERITY,DEXTERITY,US,2022-11-01,116709558,B25J-0009/1682,0.1,easy_negative,GRAY,False,
17/267464,11992933,Intermediation device and intermediating method using the same,KAWASAKI JUKOGYO KABUSHIKI KAISHA,KAWASAKI JUKOGYO,KAWASAKI HEAVY INDUSTRIES,JP,2019-08-09,116713324,B25J-0013/02,0.1,easy_negative,GRAY,False,
18/547857,12399482,Command generation device and non-transitory computer-readable medium storing a computer program,FANUC CORPORATION,FANUC,FANUC,JP,2022-03-02,116791416,B25J-0009/1656,0.1,easy_negative,GRAY,False,
18/281678,12667959,System and method for executing an assembly task by means of a robot,FFT PRODUKTIONSSYSTEME GMBH & CO. KG,FFT PRODUKTIONSSYSTEME & CO KG,FFT PRODUKTIONSSYSTEME & CO KG,DE,2022-03-22,116858699,B25J-0009/1612,0.1,easy_negative,GRAY,False,
17/537798,12064880,Clutter-clearing robotic system,CLUTTERBOT INC.,CLUTTERBOT,CLUTTERBOT,US,2021-11-30,116858698,B25J-0009/1666,0.1,easy_negative,GRAY,False,
14/692425,9844876,Robot cleaner and control method thereof,"SAMSUNG ELECTRONICS CO., LTD.",SAMSUNG ELECTRONICS,SAMSUNG,KR,2015-04-21,4505891,B25J-0009/1664,0.05,easy_negative,E_auto,False,
14/874699,10780580,Teaching apparatus used for operation of industrial robot,"Kobe Steel, Ltd.",KOBE STEEL,KOBE STEEL,JP,2015-10-05,5014762,B25J-0009/1656,0.05,easy_negative,GRAY,False,
15/005481,9914219,Robot cleaner and controlling method thereof,"SAMSUNG ELECTRONICS CO., LTD.",SAMSUNG ELECTRONICS,SAMSUNG,KR,2016-01-25,5028180,B25J-0011/0085,0.05,easy_negative,E_auto,False,
15/549829,10688652,"Robot cleaner, remote control system including the same, and control method thereof",LG ELECTRONICS INC.,LG ELECTRONICS,LG,KR,2016-02-15,5170921,B25J-0009/0003,0.05,easy_negative,E_auto,False,
15/751091,10207412,Platform including an industrial robot,ABB SCHWEIZ AG,ABB SCHWEIZ,ABB,CH,2015-08-10,5220686,B25J-0011/0025,0.05,easy_negative,GRAY,False,
15/846206,10625418,"Control system, controller, control method, and recording medium",OMRON Corporation,OMRON,OMRON,JP,2017-12-19,5244760,B25J-0009/1666,0.05,easy_negative,GRAY,False,
17/353084,11504857,"Wire saw device, and processing method and processing device for workpiece",TAKATORI CORPORATION,TAKATORI,TAKATORI,JP,2021-06-21,5259067,B25J-0011/0055,0.05,easy_negative,GRAY,False,
16/727979,11511428,"Switchgear or controlgear with unmanned operation and maintenance, and method of operating the same",ABB SCHWEIZ AG,ABB SCHWEIZ,ABB,CH,2019-12-27,5278474,B25J-0009/1671,0.05,easy_negative,GRAY,False,
16/069900,10751880,"Data storage device, robot system, and data storage method","PANASONIC INTELLECTUAL PROPERTY MANAGEMENT CO., LTD.",PANASONIC INTELLECTUAL PROPERTY MANAGEMENT,PANASONIC,JP,2017-03-17,5290261,B25J-0009/1674,0.05,easy_negative,GRAY,False,
15/964657,10730185,"Systems and methods for inspecting, cleaning, and/or repairing one or more blades attached to a rotor of a gas turbine engine using a robotic system",GENERAL ELECTRIC COMPANY,GENERAL ELECTRIC,GENERAL ELECTRIC,US,2018-04-27,5367028,B25J-0009/1664,0.05,easy_negative,GRAY,False,
16/700323,11305426,Robot for mapping a synthetic sports ground,MABIS,MABIS,MABIS,FR,2019-12-02,5439775,B25J-0009/1664,0.05,easy_negative,GRAY,False,
16/971915,12064870,"Soundproofing device, robot apparatus, method for controlling robot apparatus, and program",SONY CORPORATION,SONY,SONY,JP,2018-12-21,5502970,B25J-0009/0003,0.05,easy_negative,GRAY,False,
16/952740,11607812,"Conveyance control system, conveyance control program, and conveyance control method",TOYOTA JIDOSHA KABUSHIKI KAISHA,TOYOTA JIDOSHA,TOYOTA,JP,2020-11-19,5548027,B25J-0009/1679,0.05,easy_negative,GRAY,False,
17/214908,12122989,"Cell production apparatus, cell production method, computer-readable storage medium, and cell production system",KABUSHIKI KAISHA YASKAWA DENKI,YASKAWA DENKI,YASKAWA,JP,2021-03-28,5590591,B25J-0009/1697,0.05,easy_negative,GRAY,False,
17/575549,12109694,Industrial robot,BECKHOFF AUTOMATION GMBH,BECKHOFF AUTOMATION,BECKHOFF AUTOMATION,DE,2022-01-13,5655099,B25J-0009/08,0.05,easy_negative,GRAY,False,
17/982868,11839970,System and method for preventing debris buildup in vacuum sensor lines,"MATERIAL HANDLING SYSTEMS, INC.",MATERIAL HANDLING SYSTEMS,MATERIAL HANDLING SYSTEMS,US,2022-11-08,5957390,B25J-0015/0616,0.05,easy_negative,GRAY,False,
15/211491,10201896,"Processing method, operation command generator, non-transitory computer-readable storage medium storing program, and processing system",KABUSHIKI KAISHA YASKAWA DENKI,YASKAWA DENKI,YASKAWA,JP,2016-07-15,17080324,B25J-0009/1679,0.05,easy_negative,GRAY,False,
15/923366,10144136,Panel holding device and panel holding method,"Honda Motor Co., Ltd.",HONDA MOTOR,HONDA,JP,2018-03-16,17212522,B25J-0015/009,0.05,easy_negative,GRAY,False,
15/246599,10464211,Generating control signal for tele-presence robot,International Business Machines Corporation,INTERNATIONAL BUSINESS MACHINES,INTERNATIONAL BUSINESS MACHINES,US,2016-08-25,17136326,B25J-0009/1689,0.05,easy_negative,GRAY,False,
16/095489,10576638,Teaching device,UNITED SEVEN CORPORATION,UNITED SEVEN,UNITED SEVEN,JP,2017-05-16,17233505,B25J-0013/02,0.05,easy_negative,GRAY,False,
15/887283,10766142,Electronic device manufacturing apparatus and electronic device manufacturing method,"PANASONIC INTELLECTUAL PROPERTY MANAGEMENT CO., LTD.",PANASONIC INTELLECTUAL PROPERTY MANAGEMENT,PANASONIC,JP,2018-02-02,17356312,B25J-0009/1687,0.05,easy_negative,GRAY,False,
16/458847,11007645,Mobile robot and control method,"PANASONIC INTELLECTUAL PROPERTY MANAGEMENT CO., LTD.",PANASONIC INTELLECTUAL PROPERTY MANAGEMENT,PANASONIC,JP,2019-07-01,17600474,B25J-0009/1666,0.05,easy_negative,GRAY,False,
16/738006,11654556,Determination apparatus for determining an operation of an industrial robot,FANUC CORPORATION,FANUC,FANUC,JP,2020-01-09,17677177,B25J-0009/1633,0.05,easy_negative,GRAY,False,
16/856622,11876816,Anomaly monitoring device,FANUC CORPORATION,FANUC,FANUC,JP,2020-04-23,17740484,B25J-0009/1674,0.05,easy_negative,GRAY,False,
17/103738,11511424,Surgical robot and method of manipulating positioner,KAWASAKI JUKOGYO KABUSHIKI KAISHA | MEDICAROID CORPORATION,KAWASAKI JUKOGYO,KAWASAKI HEAVY INDUSTRIES,JP,2020-11-24,17819861,B25J-0009/1664,0.05,easy_negative,GRAY,False,
15/539877,10343288,Machining method and machining system,KAWASAKI JUKOGYO KABUSHIKI KAISHA,KAWASAKI JUKOGYO,KAWASAKI HEAVY INDUSTRIES,JP,2015-12-25,20795098,B25J-0013/085,0.05,easy_negative,GRAY,False,
16/978249,12138774,Robot,SONY INTERACTIVE ENTERTAINMENT INC.,SONY INTERACTIVE ENTERTAINMENT,SONY,JP,2018-03-12,20833406,B25J-0011/001,0.05,easy_negative,GRAY,False,
15/387259,10322509,Wheel nut engagement checking system and checking method,Hyundai Motor Company | Kia Motors Corporation,HYUNDAI MOTOR,HYUNDAI MOTOR GROUP,KR,2016-12-21,24447605,B25J-0009/1694,0.05,easy_negative,E_auto,False,
14/675788,9517725,Auto revising system for around view monitoring and method thereof,Hyundai Motor Company | Kia Motors Corporation,HYUNDAI MOTOR,HYUNDAI MOTOR GROUP,KR,2015-04-01,24255265,B25J-0009/1679,0.05,easy_negative,GRAY,False,
16/838152,11478921,Spherical robot including ring member,"Samsung Electronics Co., Ltd.",SAMSUNG ELECTRONICS,SAMSUNG,KR,2020-04-02,24831968,B25J-0005/00,0.05,easy_negative,GRAY,False,
17/971035,12110631,Steam ironing system for vehicle seat cover,"HANUL SYSTEM CO., LTD.",HANUL SYSTEM,HANUL SYSTEM,KR,2022-10-21,25012202,B25J-0011/00,0.05,easy_negative,GRAY,False,
17/679279,11986967,Apparatus for treating substrate and method for detecting state of substrate,"Semes Co., Ltd.",SEMES,SEMES,KR,2022-02-24,25120255,B25J-0009/1697,0.05,easy_negative,GRAY,False,
15/085239,9486922,Systems and methods for determining a status of a component of a device,X DEVELOPMENT LLC,X DEVELOPMENT,ALPHABET,US,2016-03-30,27640737,B25J-0009/1692,0.05,easy_negative,GRAY,False,
15/257642,11074031,Systems and methods for dynamic audio processing,Colin Leonard,COLIN LEONARD,COLIN LEONARD,US,2016-09-06,27550504,B25J-0011/003,0.05,easy_negative,GRAY,False,
14/704583,9597801,Automated data center,CenturyLink Intellectual Property LLC,CENTURYLINK INTELLECTUAL PROPERTY,CENTURYLINK INTELLECTUAL PROPERTY,US,2015-05-05,27891425,B25J-0009/1666,0.05,easy_negative,GRAY,False,
14/736343,9862097,Industrial robot system having sensor assembly,"Recognition Robotics, Inc. | Zagar Inc.",RECOGNITION ROBOTICS,RECOGNITION ROBOTICS,US,2015-06-11,27698798,B25J-0009/1697,0.05,easy_negative,GRAY,False,
14/966717,10029372,Control system and method for brake bleeding,GENERAL ELECTRIC COMPANY,GENERAL ELECTRIC,GENERAL ELECTRIC,US,2015-12-11,28045734,B25J-0009/1697,0.05,easy_negative,GRAY,False,
15/641232,10166681,Bluetooth speaker and robot interaction system,UBTECH ROBOTICS CORP.,UBTECH ROBOTICS,UBTECH,CN,2017-07-04,28095836,B25J-0013/003,0.05,easy_negative,GRAY,False,
15/620873,10245723,Portable dry chemical delivery robot,Jose Luna | Burl Fuller | Jerry Fuller,JOSE LUNA,JOSE LUNA,US,2017-06-13,28124251,B25J-0009/1602,0.05,easy_negative,E_auto,False,
15/406118,10456910,Educational systems comprising programmable controllers and methods of teaching therewith,PURDUE RESEARCH FOUNDATION,PURDUE RESEARCH FOUNDATION,PURDUE RESEARCH FOUNDATION,US,2017-01-13,28201567,B25J-0009/161,0.05,easy_negative,GRAY,False,
15/491886,10286558,Autonomous robotic vehicles for mobile storage and trash collection applications,"BOSTON INCUBATOR CENTER, LLC",BOSTON INCUBATOR CENTER,BOSTON INCUBATOR CENTER,US,2017-04-19,28139054,B25J-0011/008,0.05,easy_negative,GRAY,False,
14/993918,10589421,Mechanical energy transfer system,Douglas H. DeCandia,DOUGLAS H DECANDIA,DOUGLAS H DECANDIA,US,2016-01-12,28250058,B25J-0009/10,0.05,easy_negative,GRAY,False,
16/672616,10782267,Mobile non-destructive testing inspection system,EQUATE PETROCHEMICAL COMPANY,EQUATE PETROCHEMICAL,EQUATE PETROCHEMICAL,KW,2019-11-04,28319733,B25J-0005/007,0.05,easy_negative,GRAY,False,
15/957571,10850397,System and method for providing in-cockpit actuation of aircraft controls,AURORA FLIGHT SCIENCES CORPORATION,AURORA FLIGHT SCIENCES,AURORA FLIGHT SCIENCES,US,2018-04-19,28345586,B25J-0005/02,0.05,easy_negative,GRAY,False,
16/779054,10836043,Mobile device automation robot,FMR LLC,FMR,FMR,US,2020-01-31,28340354,B25J-0009/026,0.05,easy_negative,GRAY,False,
15/965711,10850406,"Non-planar shearing auxetic structures, devices, and methods",MASSACHUSETTS INSTITUTE OF TECHNOLOGY,MASSACHUSETTS INSTITUTE OF TECHNOLOGY,MASSACHUSETTS INSTITUTE OF TECHNOLOGY,US,2018-04-27,28345588,B25J-0015/12,0.05,easy_negative,GRAY,False,
16/880789,10906180,Monitoring and maintaining an intravenous assembly without medical staff involvement for safe distancing enforcement,"123IV, Inc.",123IV,123IV,US,2020-05-21,28365964,B25J-0009/1674,0.05,easy_negative,GRAY,False,
17/183688,11472026,Robotic control,X Development LLC,X DEVELOPMENT,ALPHABET,US,2021-02-24,28378680,B25J-0009/163,0.05,easy_negative,GRAY,False,
16/245017,11034026,Utilizing optical data to dynamically control operation of a snake-arm robot,General Electric Company,GENERAL ELECTRIC,GENERAL ELECTRIC,US,2019-01-10,28412810,B25J-0009/06,0.05,easy_negative,GRAY,False,
16/751084,11130242,Container transporter,"Amazon Technologies, Inc.",AMAZON TECHNOLOGIES,AMAZON,US,2020-01-23,28448309,B25J-0015/0014,0.05,easy_negative,GRAY,False,
16/145362,11192262,Controlling robot with head mounted controller,"RedZone Robotics, Inc.",REDZONE ROBOTICS,REDZONE ROBOTICS,US,2018-09-28,28471691,B25J-0013/087,0.05,easy_negative,GRAY,False,
16/260703,11253997,"Method for tracking multiple target objects, device, and computer program for implementing the tracking of multiple target objects for the case of moving objects",ROBERT BOSCH GMBH,ROBERT BOSCH,ROBERT BOSCH,DE,2019-01-29,28494899,B25J-0009/161,0.05,easy_negative,GRAY,False,
16/950546,11267134,Garment band attachment systems and methods,"SOFTWEAR AUTOMATION, INC.",SOFTWEAR AUTOMATION,SOFTWEAR AUTOMATION,US,2020-11-17,28499755,B25J-0015/00,0.05,easy_negative,GRAY,False,
16/887881,11325253,Autonomous device for transporting items,"Vecna Robotics, Inc.",VECNA ROBOTICS,VECNA ROBOTICS,US,2020-05-29,28521619,B25J-0009/1653,0.05,easy_negative,GRAY,False,
16/629556,11364620,Rail-mounted intelligent inspection robot,"HANGZHOU SHENHAO TECHNOLOGY CO., LTD.",HANGZHOU SHENHAO TECHNOLOGY,HANGZHOU SHENHAO TECHNOLOGY,CN,2018-05-14,28536370,B25J-0005/02,0.05,easy_negative,GRAY,False,
16/827982,11338444,Robotic carrier device and system for preparing food products,"MARMON FOODSERVICE TECHNOLOGIES, INC.",MARMON FOODSERVICE TECHNOLOGIES,MARMON FOODSERVICE TECHNOLOGIES,US,2020-03-24,28526483,B25J-0011/0045,0.05,easy_negative,GRAY,False,
16/814910,11351678,Dynamically adjustable suction cups,"AMAZON TECHNOLOGIES, INC.",AMAZON TECHNOLOGIES,AMAZON,US,2020-03-10,28531555,B25J-0015/0683,0.05,easy_negative,GRAY,False,
16/519206,11440195,Autonomous cargo loading systems and methods,"Target Brands, Inc.",TARGET BRANDS,TARGET BRANDS,US,2019-07-23,28565015,B25J-0009/1697,0.05,easy_negative,GRAY,False,
17/507848,11446831,Apparatus and method for inspecting an underground utility vault,"UTILITY DESIGN SERVICES, INC.",UTILITY DESIGN SERVICES,UTILITY DESIGN SERVICES,US,2021-10-22,28567567,B25J-0019/022,0.05,easy_negative,GRAY,False,
16/876982,11511417,Conveyance modulation based on fragility ratings,"Amazon Technologies, Inc.",AMAZON TECHNOLOGIES,AMAZON,US,2020-05-18,28591961,B25J-0009/0093,0.05,easy_negative,GRAY,False,
17/082181,11623349,Systems and methods for gas detection within vehicles,"Ford Global Technologies, LLC",FORD GLOBAL TECHNOLOGIES,FORD GLOBAL TECHNOLOGIES,US,2020-10-28,28634420,B25J-0013/087,0.05,easy_negative,GRAY,False,
18/058845,11787051,Method for automatically processing structure-reinforcing member of aircraft,NANJING UNIVERSITY OF AERONAUTICS AND ASTRONAUTICS,NANJING UNIVERSITY OF AERONAUTICS AND ASTRONAUTICS,NANJING UNIVERSITY OF AERONAUTICS AND ASTRONAUTICS,CN,2022-11-25,28692350,B25J-0009/1664,0.05,easy_negative,GRAY,False,
17/104944,11885882,Triangulation sensor system,"Amazon Technologies, Inc.",AMAZON TECHNOLOGIES,AMAZON,US,2020-11-25,28727726,B25J-0009/162,0.05,easy_negative,GRAY,False,
17/188663,11945112,Robotic platforms to mimic papillary muscle motion ex vivo,THE BOARD OF TRUSTEES OF THE LELAND STANFORD JUNIOR UNIVERSITY,THE BOARD OF TRUSTEES OF THE LELAND STANFORD JUNIOR UNIVERSITY,THE BOARD OF TRUSTEES OF THE LELAND STANFORD JUNIOR UNIVERSITY,US,2021-03-01,28750029,B25J-0009/0057,0.05,easy_negative,GRAY,False,
17/732694,12162142,Automatic end-to-end testing of mobile applications displaying optical barcodes,"RAKUTEN GROUP, INC.",RAKUTEN GROUP,RAKUTEN GROUP,JP,2022-04-29,85625045,B25J-0019/0095,0.05,easy_negative,GRAY,False,
16/770641,11685062,"Oil-lubricated kinematic module connecting system, mainly the transmission or bearing modules of industrial robot; method of kinematic module lubrication","EROBOT, J.S.A.",EROBOT JSA,EROBOT JSA,SK,2018-12-07,86325864,B25J-0019/0062,0.05,easy_negative,GRAY,False,
16/590828,11254010,Machine tool,OKUMA CORPORATION,OKUMA,OKUMA,JP,2019-10-02,86338232,B25J-0009/1697,0.05,easy_negative,GRAY,False,
17/969381,12202122,Autonomous drive through system and a method thereof,Techolution Consulting LLC,TECHOLUTION CONSULTING,TECHOLUTION CONSULTING,US,2022-10-19,86861357,B25J-0011/0005,0.05,easy_negative,GRAY,False,
17/300010,12194615,Surface removal system,The United States of America as represented by the Secretary of the U.S. Navy | The United States of America as represented by the Secretary of the Navy,THE UNITED STATES OF AMERICA AS REPRESENTED BY THE SECRETARY OF THE US NAVY,THE UNITED STATES OF AMERICA AS REPRESENTED BY THE SECRETARY OF THE US NAVY,US,2021-02-05,87017226,B25J-0011/0055,0.05,easy_negative,GRAY,False,
16/201294,11992931,Method and apparatus for efficient automated production of deboned and other meat cuts utilizing an ultrasonic knife and coupled controller,"Tyson Foods, Inc.",TYSON FOODS,TYSON FOODS,US,2018-11-27,87017089,B25J-0011/0055,0.05,easy_negative,GRAY,False,
16/627584,11701782,Moving robot,LG ELECTRONICS INC.,LG ELECTRONICS,LG,KR,2018-06-28,87489582,B25J-0011/0005,0.05,easy_negative,GRAY,False,
16/565786,11358277,Robot system and control method of the same,LG ELECTRONICS INC.,LG ELECTRONICS,LG,KR,2019-09-10,87518758,B25J-0009/1674,0.05,easy_negative,GRAY,False,
17/376306,12226901,Smart change evaluator for robotics automation,Bank of America Corporation,BANK OF AMERICA,BANK OF AMERICA,US,2021-07-15,87522716,B25J-0009/163,0.05,easy_negative,GRAY,False,
16/742592,11491648,Robotic systems and corresponding methods for engaging server back-plane connectors,"SYNOPSYS, INC.",SYNOPSYS,SYNOPSYS,US,2020-01-14,87997005,B25J-0009/123,0.05,easy_negative,GRAY,False,
16/694525,11318614,Robot cleaner and operating method thereof,LG ELECTRONICS INC.,LG ELECTRONICS,LG,KR,2019-11-25,88393518,B25J-0009/1664,0.05,easy_negative,E_auto,False,
17/437922,12257704,Abnormality detection device and abnormality detection method,"NISSAN MOTOR CO., LTD.",NISSAN MOTOR,NISSAN MOTOR,JP,2019-03-27,88523130,B25J-0019/06,0.05,easy_negative,GRAY,False,
17/945736,12275153,"Control method for delivery robots, delivery system and computer-readable storage medium","Keenon Robotics Co., Ltd.",KEENON ROBOTICS,KEENON ROBOTICS,CN,2022-09-15,89268900,B25J-0009/1666,0.05,easy_negative,GRAY,False,
17/665949,11904480,Automated gas supply system,"SAMSUNG ELECTRONICS CO., LTD.",SAMSUNG ELECTRONICS,SAMSUNG,KR,2022-02-07,90276688,B25J-0009/1687,0.05,easy_negative,GRAY,False,
16/717315, ,TRANSFER APPARATUS AND TRANSFER METHOD,TVI ENTWICKLUNG & PRODUKTION GMBH,TVI ENTWICKLUNG & PRODUKTION,TVI ENTWICKLUNG & PRODUKTION,DE,2019-12-17,92330503,B25J-0009/1679,0.05,easy_negative,GRAY,False,
16/856660,11389976,Disposable isolator and product conditioning installation comprising such a disposable isolator,JCE BIOTECHNOLOGY,JCE BIOTECHNOLOGY,JCE BIOTECHNOLOGY,FR,2020-04-23,92340636,B25J-0021/005,0.05,easy_negative,GRAY,False,
17/309640,12103161,Remote-controlled demolition robot with improved field of application and a method to achieve such a demolition robot,BROKK AKTIEBOLAG,BROKK AKTIEBOLAG,BROKK AKTIEBOLAG,SE,2019-11-26,92366131,B25J-0013/06,0.05,easy_negative,GRAY,False,
14/699614,9808937,Film suction mechanism,"Semiconductor Energy Laboratory Co., Ltd.",SEMICONDUCTOR ENERGY LABORATORY,SEMICONDUCTOR ENERGY LABORATORY,JP,2015-04-29,92884447,B25J-0015/0616,0.05,easy_negative,GRAY,False,
17/312521,12151381,Metallurgic casting installation,"Vesuvius Group, S.A.",VESUVIUS GROUP,VESUVIUS GROUP,BE,2019-12-17,92366545,B25J-0009/1679,0.05,easy_negative,GRAY,False,
17/519547,12115651,Control device for industrial robot,NIDEC SANKYO CORPORATION,NIDEC SANKYO,NIDEC SANKYO,JP,2021-11-04,92928858,B25J-0019/06,0.05,easy_negative,GRAY,False,
16/750230,11401753,Cable management on marine drilling risers,SCHLUMBERGER TECHNOLOGY CORPORATION,SCHLUMBERGER TECHNOLOGY,SCHLUMBERGER TECHNOLOGY,US,2020-01-23,93272992,B25J-0011/00,0.05,easy_negative,GRAY,False,
16/575600,11433536,Process understanding for robotic process automation (RPA) using sequence extraction,"UIPATH, INC.",UIPATH,UIPATH,US,2019-09-19,101490293,B25J-0009/163,0.05,easy_negative,GRAY,False,
17/094514,11697208,"Operation management method and device for elevator, elevator system and computer-readable storage medium",OTIS ELEVATOR COMPANY,OTIS ELEVATOR,OTIS ELEVATOR,US,2020-11-10,101939939,B25J-0009/1679,0.05,easy_negative,GRAY,False,
18/126571,12343877,"Driving robot apparatus, control method of the driving robot apparatus, and recording medium having recorded thereon computer program","SAMSUNG ELECTRONICS CO., LTD.",SAMSUNG ELECTRONICS,SAMSUNG,KR,2023-03-27,102378473,B25J-0009/1666,0.05,easy_negative,E_auto,False,
18/528330,12377552,Robot fish system,"PIONEER MATERIAL PRECISION TECH CO., LTD.",PIONEER MATERIAL PRECISION TECH,PIONEER MATERIAL PRECISION TECH,TW,2023-12-04,103014520,B25J-0011/00,0.05,easy_negative,GRAY,False,
18/143795,12377537,"Multi-arm spacecraft model predictive control method based on mixture of gaussian processes, equipment, and medium","Harbin Institute of Technology, Shenzhen",HARBIN INSTITUTE OF TECHNOLOGY SHENZHEN,HARBIN INSTITUTE OF TECHNOLOGY SHENZHEN,CN,2023-05-05,103014505,B25J-0009/163,0.05,easy_negative,GRAY,False,
17/832914,12384045,Supplemental and targeted heating of vehicle body-in-white interior components/areas for paint ovens,GM GLOBAL TECHNOLOGY OPERATIONS LLC,GM GLOBAL TECHNOLOGY OPERATIONS,GM,US,2022-06-06,103561806,B25J-0011/0075,0.05,easy_negative,GRAY,False,
18/819986,12370685,System and method for supporting wooden members during installation of nail plates in wooden structures,"BOTBUILT, INC.",BOTBUILT,BOTBUILT,US,2024-08-29,103404311,B25J-0009/1656,0.05,easy_negative,GRAY,False,
17/112406,11599091,Telescopic structure actuation,Hello Robot,HELLO ROBOT,HELLO ROBOT,US,2020-12-04,104815406,B25J-0009/104,0.05,easy_negative,GRAY,False,
17/716382,12390940,Robotic foam dispenser,"DEXTERITY, INC.",DEXTERITY,DEXTERITY,US,2022-04-08,104839015,B25J-0015/0019,0.05,easy_negative,GRAY,False,
15/874448,10946520,Mobile robot system and control method thereof,LG ELECTRONICS INC.,LG ELECTRONICS,LG,KR,2018-01-18,104834607,B25J-0009/1666,0.05,easy_negative,GRAY,False,
16/092280,11525748,Method for detecting a parameter of a closure element,BATTENBERG ROBOTIC GMBH & CO. KG,BATTENBERG ROBOTIC & CO KG,BATTENBERG ROBOTIC & CO KG,DE,2017-04-05,105069135,B25J-0009/1679,0.05,easy_negative,GRAY,False,
18/329751,12415279,"Method for controlling underwater robot, underwater robot and storage medium","SHENZHEN QYSEA TECH CO., LTD.",SHENZHEN QYSEA TECH,SHENZHEN QYSEA TECH,CN,2023-06-06,105292283,B25J-0009/1697,0.05,easy_negative,GRAY,False,
17/900114,12311561,Automated system for mounting front-end module for vehicle,HYUNDAI MOTOR COMPANY | KIA CORPORATION,HYUNDAI MOTOR,HYUNDAI MOTOR GROUP,KR,2022-08-31,105369210,B25J-0009/1697,0.05,easy_negative,GRAY,False,
17/708898,12420406,Pneumatic system modeling,"Amazon Technologies, Inc.",AMAZON TECHNOLOGIES,AMAZON,US,2022-03-30,105843662,B25J-0009/1605,0.05,easy_negative,GRAY,False,
17/446310,12420407,"Information processing device, information processing method, and computer program product",KABUSHIKI KAISHA TOSHIBA,TOSHIBA,TOSHIBA,JP,2021-08-30,105843663,B25J-0009/163,0.05,easy_negative,GRAY,False,
18/036453,12436527,Technique for performing QoS control in a cloud robotics system,TELEFONAKTIEBOLAGET LM ERICSSON (PUBL),TELEFONAKTIEBOLAGET LM ERICSSON (PUBL),TELEFONAKTIEBOLAGET LM ERICSSON (PUBL),SE,2020-11-18,106183977,B25J-0009/1602,0.05,easy_negative,GRAY,False,
18/327064,12447635,Cooling device for robot controller,NIDEC INSTRUMENTS CORPORATION,NIDEC INSTRUMENTS,NIDEC INSTRUMENTS,JP,2023-06-01,106524765,B25J-0019/0054,0.05,easy_negative,GRAY,False,
17/419474,12172323,Method and system for detecting anomalies in a robotic system,ABB SCHWEIZ AG,ABB SCHWEIZ,ABB,CH,2019-12-05,107021263,B25J-0009/1674,0.05,easy_negative,GRAY,False,
18/312361,12466066,Solar panel dispensing device with vertical solar panel hopper loading and dispensing,Sarcos Corp.,SARCOS,SARCOS,US,2023-05-04,107071249,B25J-0009/1669,0.05,easy_negative,GRAY,False,
17/867956,12318921,"Processing system, robot system, control device, processing method, control method, and storage medium",KABUSHIKI KAISHA TOSHIBA,TOSHIBA,TOSHIBA,JP,2022-07-19,107582771,B25J-0019/026,0.05,easy_negative,GRAY,False,
18/069692,12491634,Mobile object handling workstation with advanced network capabilities,"INTELLIGRATED HEADQUARTERS, LLC",INTELLIGRATED HEADQUARTERS,INTELLIGRATED HEADQUARTERS,US,2022-12-21,107970303,B25J-0009/1664,0.05,easy_negative,E_auto,False,
17/232481,12157233,Systems and methods for quantitatively measuring wheel slippage in differential drive robots,Brain Corporation,BRAIN,BRAIN,US,2021-04-16,108067679,B25J-0009/1674,0.05,easy_negative,GRAY,False,
18/283105,12496709,Industrial robot,AUTONOX HOLDING GMBH,AUTONOX,AUTONOX,DE,2022-03-30,108171268,B25J-0009/1623,0.05,easy_negative,GRAY,False,
16/244423,12502786,Robotic system for demiliterizing munitions,CYBERNET SYSTEMS CORP.,CYBERNET SYSTEMS,CYBERNET SYSTEMS,US,2019-01-10,108372738,B25J-0009/1697,0.05,easy_negative,GRAY,False,
18/142403,12496724,Systems and methods for mounting wheels to partially assembled vehicles in motion,"ProcessChamp, LLC",PROCESSCHAMP,PROCESSCHAMP,US,2023-05-02,108541319,B25J-0009/1697,0.05,easy_negative,E_auto,False,
17/535104,12066808,Parametric and modal work-holding method for automated inspection,"HEXAGON METROLOGY, INC.",HEXAGON METROLOGY,HEXAGON METROLOGY,US,2021-11-24,108768289,B25J-0009/1669,0.05,easy_negative,GRAY,False,
17/448266,12508727,Closed loop solution for loading/unloading cartons by truck unloader,"INTELLIGRATED HEADQUARTERS, LLC",INTELLIGRATED HEADQUARTERS,INTELLIGRATED HEADQUARTERS,US,2021-09-21,109049606,B25J-0009/1694,0.05,easy_negative,GRAY,False,
18/514366,12508718,Autonomous floor planning and installation system,Anthony Krejci,ANTHONY KREJCI,ANTHONY KREJCI,US,2023-11-20,109053341,B25J-0011/0055,0.05,easy_negative,GRAY,False,
15/333747,10501221,Device and method for extraction,SIDEL PACKING SOLUTIONS,SIDEL PACKING SOLUTIONS,SIDEL PACKING SOLUTIONS,FR,2016-10-25,109887665,B25J-0015/0028,0.05,easy_negative,GRAY,False,
17/297370,11911913,Method for transferring a pourable medium,BAYER AKTIENGESELLSCHAFT,BAYER,BAYER,DE,2019-11-21,110420776,B25J-0009/1679,0.05,easy_negative,GRAY,False,
18/097092,12233559,Systems and methods for automated framing construction,"BOTBUILT, INC.",BOTBUILT,BOTBUILT,US,2023-01-13,110495346,B25J-0009/1679,0.05,easy_negative,GRAY,False,
18/357709,12544909,Methods and apparatus for controlled material application,The Boeing Company,THE BOEING,THE BOEING,US,2023-07-24,112105415,B25J-0009/042,0.05,easy_negative,GRAY,False,
18/228937,12544916,Apparatus for automatically replacing printing sleeves,UTECO CONVERTING S.P.A.,UTECO CONVERTING,UTECO CONVERTING,IT,2023-08-01,112456709,B25J-0009/1612,0.05,easy_negative,GRAY,False,
15/258957,12558778,Configuring a robotic camera to mimic cinematographic styles,"AUTODESK, INC.",AUTODESK,AUTODESK,US,2016-09-07,112490140,B25J-0009/163,0.05,easy_negative,GRAY,False,
15/918577,10792818,Automated pizza assembly system,"Little Caesar Enterprises, Inc.",LITTLE CAESAR ENTERPRISES,LITTLE CAESAR ENTERPRISES,US,2018-03-12,112598319,B25J-0011/0045,0.05,easy_negative,GRAY,False,
17/134619,11685054,Autonomous path planning and path execution for decontamination of nuclear power plant objects,"CAPSEN ROBOTICS, INC. | WESTINGHOUSE ELECTRIC COMPANY LLC",CAPSEN ROBOTICS,CAPSEN ROBOTICS,US,2020-12-28,112681996,B25J-0011/0085,0.05,easy_negative,GRAY,False,
17/792904,12179366,"Method for avoiding interference of welding equipment, and device for controlling welding equipment","HONDA MOTOR CO., LTD.",HONDA MOTOR,HONDA,JP,2020-12-02,112948691,B25J-0009/1666,0.05,easy_negative,GRAY,False,
15/456113,10279470,System and method for facilitating program sharing,"PLAY-I, INC.",PLAY-I,PLAY-I,US,2017-03-10,112937795,B25J-0009/0081,0.05,easy_negative,E_auto,False,
18/597033,12485547,Head mounted display for remote operation of machinery,"Altec Industries, Inc.",ALTEC INDUSTRIES,ALTEC INDUSTRIES,US,2024-03-06,112952839,B25J-0009/1689,0.05,easy_negative,GRAY,False,
17/494687,11969902,Method for robotic devices to interact with each other,AI Incorporated,AI,AI,CA,2021-10-05,113197932,B25J-0009/1682,0.05,easy_negative,GRAY,False,
18/904470,12420427,Robotic systems and methods for objectively evaluating coating compositions and applicators,SWIMC LLC,SWIMC,SWIMC,US,2024-10-02,113197936,B25J-0011/0075,0.05,easy_negative,GRAY,False,
16/492533,11318621,In-vehicle building material processing system and building material processing method,"IIDA GROUP HOLDINGS CO., LTD.",IIDA GROUP,IIDA GROUP,JP,2017-03-10,113380736,B25J-0011/0055,0.05,easy_negative,GRAY,False,
18/672316,12521893,Stereo video in augmented reality,"Medivis, Inc.",MEDIVIS,MEDIVIS,US,2024-05-23,113610771,B25J-0013/08,0.05,easy_negative,E_auto,False,
18/388561,12589493,Information processing apparatus and storage medium,NEC CORPORATION,NEC,NEC,JP,2023-11-10,113624299,B25J-0009/163,0.05,easy_negative,GRAY,False,
18/466488,12598706,"Method of inserting an electronic components in through-hole technology, THT, into a printed circuit board, PCB, by an industrial robot",Fitech Sp. z o.o.,FITECH SP Z OO,FITECH SP Z OO,PL,2023-09-13,113822466,B25J-0009/1687,0.05,easy_negative,GRAY,False,
18/215235,12600035,"Information processing method, information processing apparatus, robot system, manufacturing method of product, and storage medium",Canon Kabushiki Kaisha,CANON,CANON,JP,2023-06-28,114068372,B25J-0009/1656,0.05,easy_negative,GRAY,False,
18/574421,12600028,Industrial robot comprising an axle drive with a compact construction,Martin Zimmer | Günther Zimmer,MARTIN ZIMMER,MARTIN ZIMMER,DE,2022-06-25,114068367,B25J-0009/103,0.05,easy_negative,GRAY,False,
18/081840,12447634,"Control method for control device controlling robot arm, non-transitory computer-readable storage medium storing computer program, and control device",SEIKO EPSON CORPORATION,SEIKO EPSON,SEIKO EPSON,JP,2022-12-15,114078662,B25J-0009/1674,0.05,easy_negative,GRAY,False,
18/574324,12545556,Transport system and method for controlling transport system,KITO CORPORATION,KITO,KITO,JP,2022-06-27,114174319,B25J-0019/0008,0.05,easy_negative,GRAY,False,
18/102962,12358158,Robot controller and robot system,SEIKO EPSON CORPORATION,SEIKO EPSON,SEIKO EPSON,JP,2023-01-30,114558961,B25J-0013/06,0.05,easy_negative,GRAY,False,
17/595132,11554504,Change-over coupling,FACC AG,FACC,FACC,AT,2020-05-08,114818154,B25J-0015/0408,0.05,easy_negative,GRAY,False,
18/219264,12623352,Automatic massage method,Denis Ledenkov | Maxim Gladilov,DENIS LEDENKOV,DENIS LEDENKOV,AE,2023-07-07,114850767,B25J-0011/008,0.05,easy_negative,GRAY,False,
18/019039,12611777,Robotic system for remote operation of equipment in infectious environments,THE JOHNS HOPKINS UNIVERSITY,THE JOHNS HOPKINS UNIVERSITY,THE JOHNS HOPKINS UNIVERSITY,US,2021-08-02,114836852,B25J-0009/1689,0.05,easy_negative,GRAY,False,
18/397942,12617102,Robotic polishing system and method for using same,PRATT & WHITNEY CANADA CORP.,PRATT & WHITNEY CANADA,PRATT & WHITNEY CANADA,CA,2023-12-27,115019464,B25J-0011/0065,0.05,easy_negative,GRAY,False,
18/201258,12420409,Weld angle correction device,"LINCOLN GLOBAL, INC.",LINCOLN GLOBAL,LINCOLN GLOBAL,US,2023-05-24,115441353,B25J-0009/1661,0.05,easy_negative,GRAY,False,
17/598630,12246433,Device and method for finishing a solid-propellant charge,ARIANEGROUP SAS,ARIANEGROUP,ARIANEGROUP,FR,2020-03-20,115498831,B25J-0011/005,0.05,easy_negative,GRAY,False,
17/546397,11897149,Object handling apparatus,GOOGLE LLC,GOOGLE,ALPHABET,US,2021-12-09,115603331,B25J-0009/1697,0.05,easy_negative,GRAY,False,
18/213275,11826914,Mechanical arm type measuring robot device and application method,Beijing LongRuan Technologies Inc.,BEIJING LONGRUAN TECHNOLOGIES,BEIJING LONGRUAN TECHNOLOGIES,CN,2023-06-23,115580855,B25J-0009/1676,0.05,easy_negative,GRAY,False,
17/864350,12636786,"System, method and device for managing an autonomous robot delivery system for a building",Earth Robotics,EARTH ROBOTICS,EARTH ROBOTICS,US,2022-07-13,115611516,B25J-0009/1679,0.05,easy_negative,GRAY,False,
18/276048,12643236,Device for handling products in containers based on movement by elastic pressure on the top of the containers,Máquinas Sanmartin Ltda,MÁQUINAS SANMARTIN LTDA,MÁQUINAS SANMARTIN LTDA,BR,2021-02-17,115790403,B25J-0009/1687,0.05,easy_negative,E_auto,False,
17/371942,11446826,"Autonomous traverse tire changing bot, autonomous tire changing system, and method therefor","AUTOMATED TIRE, INC.",AUTOMATED TIRE,AUTOMATED TIRE,US,2021-07-09,115706039,B25J-0011/00,0.05,easy_negative,GRAY,False,
17/996095,12661778,Spare robot controller,ABB SCHWEIZ AG,ABB SCHWEIZ,ABB,CH,2020-04-20,116020037,B25J-0009/1602,0.05,easy_negative,GRAY,False,
18/753957,12661792,Real-time text logging by thread-local buffering,INTRINSIC INNOVATION LLC,INTRINSIC INNOVATION,ALPHABET,US,2024-06-25,116020051,B25J-0009/1674,0.05,easy_negative,GRAY,False,
17/513008,11999067,"Robotic laundry separating and repositioning devices, systems, and methods of use","MONOTONY.AI, INC.",MONOTONYAI,MONOTONYAI,US,2021-10-28,116193531,B25J-0009/1669,0.05,easy_negative,GRAY,False,
17/185374,12049164,Automated package transport vehicle,"UNITED PARCEL SERVICE OF AMERICA, INC.",UNITED PARCEL SERVICE OF AMERICA,UNITED PARCEL SERVICE OF AMERICA,US,2021-02-25,116210648,B25J-0009/1682,0.05,easy_negative,GRAY,False,
16/994896,11938630,Edible soft robotic systems and methods,Universal City Studios LLC,UNIVERSAL CITY STUDIOS,UNIVERSAL CITY STUDIOS,US,2020-08-17,116323955,B25J-0009/142,0.05,easy_negative,E_auto,False,
16/986406,12070894,Trimming of contoured polymeric panels,DUPONT DE NEMOURS BELGIUM BV,DUPONT DE NEMOURS BELGIUM,DUPONT DE NEMOURS BELGIUM,BE,2020-08-06,116202561,B25J-0011/006,0.05,easy_negative,GRAY,False,
18/114651,12454059,"Determination device, system, and determination method","PANASONIC INTELLECTUAL PROPERTY MANAGEMENT CO., LTD.",PANASONIC INTELLECTUAL PROPERTY MANAGEMENT,PANASONIC,JP,2023-02-27,116569147,B25J-0009/1694,0.05,easy_negative,GRAY,False,
19/260279,12673429,High-throughput method for preparing anticorrosion coatings,University of Science and Technology Beijing,UNIVERSITY OF SCIENCE AND TECHNOLOGY BEIJING,UNIVERSITY OF SCIENCE AND TECHNOLOGY BEIJING,CN,2025-07-04,116475131,G01N-0001/2813,0.05,easy_negative,GRAY,False,
16/576285,10617032,Robot for a liquid immersion cooling system,"TMGCore, LLC",TMGCORE,TMGCORE,US,2019-09-19,116639946,B25J-0009/0084,0.05,easy_negative,GRAY,False,
17/094939,11134586,External robotic system for liquid immersion cooling platform,"TMGCORE, LLC",TMGCORE,TMGCORE,US,2020-11-11,116643287,B25J-0005/007,0.05,easy_negative,GRAY,False,
19/001845,12617100,Countertop cooking robot,Epifeast Inc.,EPIFEAST,EPIFEAST,US,2024-12-26,116655392,B25J-0011/0045,0.05,easy_negative,GRAY,False,
18/074610,12334868,Solar panel handling system,The AES Corporation,THE AES,THE AES,US,2022-12-05,116645398,B25J-0009/0084,0.05,easy_negative,GRAY,False,
18/572647,12129120,System and method for picking flat-pack articles,SSI SCHÄFER AUTOMATION GMBH (DE),SSI SCHÄFER AUTOMATION (DE),SSI SCHÄFER AUTOMATION (DE),DE,2022-04-27,116630051,B25J-0009/1656,0.05,easy_negative,GRAY,False,
17/829205,11584005,System and method for autonomously scanning and processing a part,GRAYMATTER ROBOTICS INC.,GRAYMATTER ROBOTICS,GRAYMATTER ROBOTICS,US,2022-05-31,116681128,B25J-0009/1633,0.05,easy_negative,GRAY,False,
17/875710,11660750,Autonomous and semi-autonomous control of aerial robotic systems,"Altec Industries, Inc.",ALTEC INDUSTRIES,ALTEC INDUSTRIES,US,2022-07-28,116666777,B25J-0009/1664,0.05,easy_negative,GRAY,False,
18/124451,12583127,Interface system and/or method for refilling assembly systems,"CHEF ROBOTICS, INC.",CHEF ROBOTICS,CHEF ROBOTICS,US,2023-03-21,116694205,B25J-0009/1697,0.05,easy_negative,GRAY,False,
18/279449,12678951,"Device for generating signal for weaving motion, control device, and method",FANUC CORPORATION,FANUC,FANUC,JP,2022-03-23,116709550,B25J-0009/1664,0.05,easy_negative,GRAY,False,
18/432606,12583128,Mobile robot and method for controlling mobile robot,"Samsung Electronics Co., Ltd.",SAMSUNG ELECTRONICS,SAMSUNG,KR,2024-02-05,116688426,B25J-0013/06,0.05,easy_negative,GRAY,False,
18/747879,12678962,Autonomous robots for detecting leaks,The ADT Security Corporation,THE ADT SECURITY,THE ADT SECURITY,US,2024-06-19,116709561,B25J-0009/1694,0.05,easy_negative,GRAY,False,
18/776860,12678938,Automated multi-arm robotic system,"PLUS ONE ROBOTICS, INC.",PLUS ONE ROBOTICS,PLUS ONE ROBOTICS,US,2024-07-18,116709537,B25J-0009/0084,0.05,easy_negative,E_auto,False,
17/483235,11821290,Remote underwater robotic actuator,Kinetic Pressure Control Ltd.,KINETIC PRESSURE CONTROL,KINETIC PRESSURE CONTROL,US,2021-09-23,116768395,B25J-0009/04,0.05,easy_negative,GRAY,False,
