출원번호,등록번호,출원일,발명의 명칭,출원인,출원인_norm,출원인_그룹,출원인_국적1,WIPS패밀리 ID,_패밀리내건수,Current CPC Main,label_v1,label_source,신호_휴머노이드,신호_Tier,신호_제외_수술,신호_제외_외골격,신호_제외_청소,신호_제외_물류전용,신호_제외_완구,_결함
15/766493,10836035,2015-10-07,"Operation control device for movable apparatus, operation control system, and method of controlling operations by movable apparatus",OKURA YUSOKI KABUSHIKI KAISHA,OKURA YUSOKI,OKURA YUSOKI,JP,1050415,1,B25J-0009/1628,GRAY,,False,True,False,False,False,False,False,
16/473859,11541538,2017-12-08,Robot cleaner and control method thereof,LG ELECTRONICS INC.,LG ELECTRONICS,LG,KR,1095533,1,B25J-0009/1664,E_auto,제외전용신호+Tier신호없음,False,False,False,False,True,False,False,
16/454232,11376730,2019-06-27,Modular robotic system,BLUEPRINT LAB PTY LTD,BLUEPRINT LAB PTY,BLUEPRINT LAB PTY,AU,1103629,1,B25J-0009/08,GRAY,,False,True,False,False,False,False,False,
17/271808,11919147,2019-08-29,Gripping apparatus,FASTBRICK IP PTY LTD,FASTBRICK IP PTY,FASTBRICK IP PTY,AU,1145484,1,B25J-0013/086,GRAY,,False,True,False,False,False,False,False,
16/943884,11548152,2020-07-30,Systems and methods for robotic control under contact,"DEXTROUS ROBOTICS, INC.",DEXTROUS ROBOTICS,DEXTROUS ROBOTICS,US,1173640,1,B25J-0009/023,GRAY,,False,True,False,False,False,False,False,
17/139868,11794345,2020-12-31,Unified robotic vehicle systems and methods of control,SARCOS CORP.,SARCOS,SARCOS,US,1209888,1,B25J-0009/1682,GRAY,,False,True,False,False,False,False,False,
16/754342,11433552,2018-10-10,"Method for the adaptive control of a wearable robot, such as an orthesis or a prosthesis, and wearable robot operating according such method",SCUOLA SUPERIORE DI STUDI UNIVERSITARI E DI PERFEZIONAMENTO SANT'ANNA,SCUOLA SUPERIORE DI STUDI UNIVERSITARI E DI PERFEZIONAMENTO SANT'ANNA,SCUOLA SUPERIORE DI STUDI UNIVERSITARI E DI PERFEZIONAMENTO SANT'ANNA,IT,3112987,1,B25J-0013/088,E_auto,제외전용신호+Tier신호없음,False,False,False,True,False,False,False,
16/973170,11673270,2019-06-07,Predictive control method of a robot and related control system,POLITECNICO DI MILANO | SMART ROBOTS S.R.L.,POLITECNICO DI MILANO,POLITECNICO DI MILANO,IT,3388111,1,B25J-0009/1602,GRAY,,False,True,False,False,False,False,False,
15/772368,10695913,2016-10-27,Underactuated robotic hand,UNIVERSITA' DI PISA | FONDAZIONE ISTITUTO ITALIANO DI TECNOLOGIA,UNIVERSITA' DI PISA,UNIVERSITA' DI PISA,IT,3461913,1,B25J-0015/0009,GRAY,,False,True,False,False,False,False,False,
16/229402,11192245,2018-12-21,Independent end-effector control and operation,The Boeing Company,THE BOEING,THE BOEING,US,3770248,1,B25J-0009/1664,GRAY,,False,False,False,False,False,False,False,
14/637822,9469032,2015-03-04,Method and system for robotic assembly parameter optimization,ABB Inc.,ABB,ABB,US,4402629,2,B25J-0009/1687,GRAY,,False,False,False,False,False,False,False,
14/692425,9844876,2015-04-21,Robot cleaner and control method thereof,"SAMSUNG ELECTRONICS CO., LTD.",SAMSUNG ELECTRONICS,SAMSUNG,KR,4505891,1,B25J-0009/1664,E_auto,제외전용신호+Tier신호없음,False,False,False,False,True,False,False,
15/082700,10022862,2016-03-28,Control-command architecture for a mobile robot using articulated limbs,Alderbaran Robotics | Aldebaran Robotics,ALDERBARAN ROBOTICS,ALDERBARAN ROBOTICS,FR,4506304,1,B25J-0009/161,T1_auto,휴머노이드명시/전건T1_OEM,True,True,False,False,False,False,False,
14/804928,9452534,2015-07-21,"Horizontal articulated robot, and method of controlling the same",Seiko Epson Corporation,SEIKO EPSON,SEIKO EPSON,JP,4655037,1,B25J-0013/088,GRAY,,False,True,False,False,False,False,False,
15/587615,10011012,2017-05-05,Semi-autonomous multi-use robot system and method of operation,Battelle Memorial Institute,BATTELLE MEMORIAL INSTITUTE,BATTELLE MEMORIAL INSTITUTE,US,4655505,1,B25J-0009/1666,GRAY,,False,True,False,False,False,False,False,
14/838806,9796088,2015-08-28,Robot cleaner and control method thereof,"SAMSUNG ELECTRONICS CO., LTD.",SAMSUNG ELECTRONICS,SAMSUNG,KR,4687124,1,B25J-0009/1664,E_auto,제외전용신호+Tier신호없음,False,False,False,False,True,False,False,
14/850664,9669551,2015-09-10,Robotic hand and fingers,"NATIONAL TECHNOLOGY & ENGINEERING SOLUTIONS OF SANDIA, LLC",NATIONAL TECHNOLOGY & ENGINEERING SOLUTIONS OF SANDIA,NATIONAL TECHNOLOGY & ENGINEERING SOLUTIONS OF SANDIA,US,4791956,1,B25J-0015/0009,GRAY,,False,True,False,False,False,False,False,
16/932666,11865705,2020-07-17,Teleoperated robotic system,"Sarcos, LC",SARCOS LC,SARCOS LC,US,4795603,3,B25J-0003/04,GRAY,,False,True,False,False,False,False,False,
14/691013,9409293,2015-04-20,Robot,Seiko Epson Corporation,SEIKO EPSON,SEIKO EPSON,JP,4795769,1,B25J-0009/1694,GRAY,,False,False,False,False,False,False,False,
15/248352,9623557,2016-08-26,Localization by learning of wave-signal distributions,iRobot Corporation,IROBOT,IROBOT,US,4844261,1,B25J-0009/1664,GRAY,,False,False,False,False,False,False,False,
15/925099,10792821,2018-03-19,Method and device for decelerating a robot axis arrangement,KUKA Deutschland GmbH,KUKA DEUTSCHLAND,KUKA,DE,4880830,1,B25J-0019/0004,GRAY,,False,False,False,False,False,False,False,
15/490638,10279479,2017-04-18,"Robot calibrating apparatus and robot calibrating method, and robot apparatus and method of controlling robot apparatus",CANON KABUSHIKI KAISHA,CANON,CANON,JP,4896096,1,B25J-0009/1692,GRAY,,False,True,False,False,False,False,False,
15/206933,10150215,2016-07-11,Robot control device and robot,Seiko Epson Corporation,SEIKO EPSON,SEIKO EPSON,JP,4907207,1,B25J-0009/1641,GRAY,,False,True,False,False,False,False,False,
16/367159,10857680,2019-03-27,Self-moving robot and walking method thereof,"ECOVACS ROBOTICS CO., LTD.",ECOVACS ROBOTICS,ECOVACS ROBOTICS,CN,4918500,1,B25J-0011/0085,GRAY,,False,True,False,False,False,False,False,
14/598084,9427863,2015-01-15,Robot cleaner and method of caring for human using the same,LG ELECTRONICS INC.,LG ELECTRONICS,LG,KR,4926540,1,B25J-0009/0003,E_auto,제외전용신호+Tier신호없음,False,False,False,False,True,False,False,
14/601233,10005188,2015-01-21,"Parallel link robot, hand for parallel link robot, and parallel link robot system",KABUSHIKI KAISHA YASKAWA DENKI,YASKAWA DENKI,YASKAWA,JP,4927965,1,B25J-0015/0616,GRAY,,False,False,False,False,False,False,False,
14/619551,9415515,2015-02-11,Method and apparatus for fixing a manipulator axis,KUKA ROBOTER GMBH,KUKA ROBOTER,KUKA,DE,4934131,1,B25J-0009/1674,GRAY,,False,True,False,False,False,False,False,
14/636181,9545722,2015-03-03,"Robot system, robot monitoring device, and robot monitoring method",KABUSHIKI KAISHA YASKAWA DENKI,YASKAWA DENKI,YASKAWA,JP,4939253,1,B25J-0009/1697,GRAY,,False,True,False,False,False,False,False,
15/958518,RE47553,2018-04-20,"Robot, robot system, control device, and control method",Seiko Epson Corporation | Tohoku University,SEIKO EPSON,SEIKO EPSON,JP,4939569,1,B25J-0009/1612,GRAY,,False,True,False,False,False,False,False,
15/617475,9914221,2017-06-08,Teleoperation of machines having at least one actuated mechanism and a fault detection and recovery system,ABB Schweiz AG,ABB SCHWEIZ,ABB,CH,4945999,1,B25J-0009/1689,GRAY,,False,True,False,False,False,False,False,
14/805080,9656387,2015-07-21,Human augmentation of robotic work,International Electronic Machines Corp.,INTERNATIONAL ELECTRONIC MACHINES,INTERNATIONAL ELECTRONIC MACHINES,US,4948274,1,B25J-0009/16,GRAY,,False,True,False,False,False,False,False,
14/678672,9533416,2015-04-03,Method for commanding a multi-axis robot and robot for implementing such a method,STAUBLI FAVERGES,STAUBLI FAVERGES,STAUBLI FAVERGES,FR,4949424,1,B25J-0009/1651,GRAY,,False,True,False,False,False,False,False,
14/728526,9827676,2015-06-02,Robot module,LIEBHERR-VERZAHNTECHNIK GMBH,LIEBHERR-VERZAHNTECHNIK,LIEBHERR-VERZAHNTECHNIK,DE,4964420,1,B25J-0009/1679,GRAY,,False,False,False,False,False,False,False,
14/802418,10016894,2015-07-17,Method and apparatus for controlling a robot,KUKA ROBOTER GMBH,KUKA ROBOTER,KUKA,DE,4979346,1,B25J-0009/1674,GRAY,,False,False,False,False,False,False,False,
14/812816,9950429,2015-07-29,Robot cleaning system and method of controlling robot cleaner,LG ELECTRONICS INC.,LG ELECTRONICS,LG,KR,4981856,1,B25J-0009/1664,E_auto,제외전용신호+Tier신호없음,False,False,False,False,True,False,False,
14/831543,9579787,2015-08-20,Method of programming an industrial robot and industrial robots,KUKA ROBOTER GMBH,KUKA ROBOTER,KUKA,DE,4986852,1,B25J-0009/0081,GRAY,,False,True,False,False,False,False,False,
14/842561,10434655,2015-09-01,Robot apparatus and method for controlling robot apparatus,Canon Kabushiki Kaisha,CANON,CANON,JP,4990227,1,B25J-0009/1697,GRAY,,False,True,False,False,False,False,False,
14/835725,10525594,2015-08-26,"Teaching system, robot system, and teaching method",KABUSHIKI KAISHA YASKAWA DENKI,YASKAWA DENKI,YASKAWA,JP,4990527,1,B25J-0009/1676,GRAY,,False,True,False,False,False,False,False,
14/966778,10071476,2015-12-11,Device with improved actuating means and method for use thereof,SKEL-EX HOLDING B.V.,SKEL-EX,SKEL-EX,NL,5001694,1,B25J-0009/0006,GRAY,,False,True,False,True,False,False,False,
14/933168,10005185,2015-11-05,Flexible cycle time-optimized sharing of a working space for robots,KUKA ROBOTER GMBH,KUKA ROBOTER,KUKA,DE,5007497,1,B25J-0009/1682,GRAY,,False,True,False,False,False,False,False,
14/935935,10029368,2015-11-09,Domestic robotic system and method,F ROBOTICS ACQUISITIONS LTD.,F ROBOTICS ACQUISITIONS,F ROBOTICS ACQUISITIONS,IL,5007732,1,B25J-0009/1666,E_auto,제외전용신호+Tier신호없음,False,False,False,False,True,False,False,
14/929565,9943968,2015-11-02,Method and system for stopping of axes of an industrial robot,KUKA ROBOTER GMBH,KUKA ROBOTER,KUKA,DE,5007892,1,B25J-0019/0004,GRAY,,False,False,False,False,False,False,False,
14/930529,9616564,2015-11-02,Event-based redundancy angle configuration for articulated-arm robots,KUKA ROBOTER GMBH,KUKA ROBOTER,KUKA,DE,5007906,1,B25J-0009/06,GRAY,,False,True,False,False,False,False,False,
14/930850,9821462,2015-11-03,Method for disconnecting a manual control unit from a multi-axis robot and robot for implementing such a method,STAUBLI FAVERGES,STAUBLI FAVERGES,STAUBLI FAVERGES,FR,5011186,1,B25J-0009/1674,GRAY,,False,False,False,False,False,False,False,
14/942711,10029366,2015-11-16,"Control device for motor drive device, control device for multi-axial motor, and control method for motor drive device",CANON KABUSHIKI KAISHA,CANON,CANON,JP,5011300,2,B25J-0009/126,GRAY,,False,True,False,False,False,False,False,
14/874699,10780580,2015-10-05,Teaching apparatus used for operation of industrial robot,"Kobe Steel, Ltd.",KOBE STEEL,KOBE STEEL,JP,5014762,1,B25J-0009/1656,GRAY,,False,True,False,False,False,False,False,
14/953223,9827675,2015-11-27,"Collision avoidance method, control device, and program",TOYOTA JIDOSHA KABUSHIKI KAISHA,TOYOTA JIDOSHA,TOYOTA,JP,5017302,1,B25J-0009/1666,GRAY,,False,True,False,False,False,False,False,
14/959456,9815200,2015-12-04,Safe robot with trajectory progress variables,KUKA ROBOTER GMBH,KUKA ROBOTER,KUKA,DE,5021195,1,B25J-0009/1664,GRAY,,False,True,False,False,False,False,False,
15/005481,9914219,2016-01-25,Robot cleaner and controlling method thereof,"SAMSUNG ELECTRONICS CO., LTD.",SAMSUNG ELECTRONICS,SAMSUNG,KR,5028180,1,B25J-0011/0085,E_auto,제외전용신호+Tier신호없음,False,False,False,False,True,False,False,
15/002394,10016893,2016-01-20,Robot hand controlling method and robotics device,CANON KABUSHIKI KAISHA,CANON,CANON,JP,5032083,1,B25J-0009/1612,GRAY,,False,True,False,False,False,False,False,
15/954544,10857671,2018-04-16,Robot,KABUSHIKI KAISHA YASKAWA DENKI,YASKAWA DENKI,YASKAWA,JP,5039342,1,B25J-0009/12,GRAY,,False,True,False,False,False,False,False,
15/051002,9902065,2016-02-23,Altering an initially predetermined robot path,KUKA ROBOTER GMBH,KUKA ROBOTER,KUKA,DE,5040651,1,B25J-0009/1664,GRAY,,False,False,False,False,False,False,False,
15/058904,10144132,2016-03-02,"Robot controlling method, robot apparatus, program and recording medium",CANON KABUSHIKI KAISHA,CANON,CANON,JP,5041161,1,B25J-0009/1692,GRAY,,False,True,False,False,False,False,False,
15/067686,10335959,2016-03-11,Joint driving apparatus and robot apparatus,Canon Kabushiki Kaisha,CANON,CANON,JP,5041443,1,B25J-0017/00,GRAY,,False,True,False,False,False,False,False,
15/068956,10625431,2016-03-14,Robot and method for mounting balancer to robot,KABUSHIKI KAISHA YASKAWA DENKI,YASKAWA DENKI,YASKAWA,JP,5043379,1,B25J-0019/0012,GRAY,,False,True,False,False,False,False,False,
15/084705,10279474,2016-03-30,Method for improving operation of a robot,HONDA RESEARCH INSTITUTE EUROPE GMBH,HONDA RESEARCH INSTITUTE EUROPE,HONDA,DE,5046604,1,B25J-0009/163,GRAY,,False,True,False,False,False,False,False,
15/078380,10239206,2016-03-23,"Robot controlling method, robot apparatus, program and recording medium",CANON KABUSHIKI KAISHA,CANON,CANON,JP,5048906,1,B25J-0009/1638,GRAY,,False,True,False,False,False,False,False,
15/097639,9981378,2016-04-13,Handheld robot operation unit with an adapter device for a mobile terminal device,KUKA ROBOTER GMBH,KUKA ROBOTER,KUKA,DE,5051105,1,B25J-0009/161,GRAY,,False,True,False,False,False,False,False,
15/097602,10099383,2016-04-13,Handheld robot operation unit and corresponding method,KUKA ROBOTER GMBH,KUKA ROBOTER,KUKA,DE,5051106,1,B25J-0013/02,GRAY,,False,True,False,False,False,False,False,
15/252355,10124490,2016-08-31,Autonomous mobile robot,iRobot Corporation,IROBOT,IROBOT,US,5057935,1,B25J-0009/1694,GRAY,,False,False,False,False,False,False,False,
15/134730,10011011,2016-04-21,Information processing method and information processing apparatus,CANON KABUSHIKI KAISHA,CANON,CANON,JP,5059088,2,B25J-0009/161,GRAY,,False,False,False,False,False,False,False,
15/170034,10071483,2016-06-01,"Robot, robot control apparatus, robot control method, and robot system",Seiko Epson Corporation,SEIKO EPSON,SEIKO EPSON,JP,5064475,1,B25J-0009/1687,GRAY,,False,True,False,False,False,False,False,
15/176676,9999975,2016-06-08,"Method and system for operating and/or monitoring a machine, in particular a robot",KUKA ROBOTER GMBH,KUKA ROBOTER,KUKA,DE,5065788,1,B25J-0009/1666,GRAY,,False,True,False,False,False,False,False,
15/235141,10035267,2016-08-12,Robot system and method for controlling a robot system,ABB SCHWEIZ AG,ABB SCHWEIZ,ABB,CH,5066289,1,B25J-0009/1676,GRAY,,False,True,False,False,False,False,False,
15/190343,10350765,2016-06-23,Switching a control of a robot into a manual operating mode,KUKA ROBOTER GMBH,KUKA ROBOTER,KUKA,DE,5069452,1,B25J-0013/085,GRAY,,False,True,False,False,False,False,False,
15/176799,10059004,2016-06-08,"Robot, information processing system, and storage medium","Ricoh Company, Ltd.",RICOH,RICOH,JP,5069652,1,B25J-0009/1697,GRAY,,False,False,False,False,False,False,False,
15/123394,10226869,2015-03-02,Haptic virtual fixture tools,UNIVERSITY OF WASHINGTON,UNIVERSITY OF WASHINGTON,UNIVERSITY OF WASHINGTON,US,5073498,1,B25J-0009/1689,GRAY,,False,True,False,False,False,False,False,
15/208668,10576629,2016-07-13,Controlling a compliant-controlled robot,KUKA ROBOTER GMBH,KUKA ROBOTER,KUKA,DE,5075569,1,B25J-0009/1633,GRAY,,False,False,False,False,False,False,False,
14/833660,9630315,2015-08-24,Robot with hot-swapped end effectors,"RETHINK ROBOTICS, INC.",RETHINK ROBOTICS,RETHINK ROBOTICS,US,5087627,3,B25J-0009/1646,GRAY,,False,False,False,False,False,False,False,
14/699715,9579799,2015-04-29,Robotic control system using virtual reality input,Coleman P. Parker,COLEMAN P PARKER,COLEMAN P PARKER,US,5089013,1,B25J-0009/1689,GRAY,,False,True,False,False,False,False,False,
15/307841,10239201,2015-04-28,Master-slave system,MUSCLE CORPORATION,MUSCLE,MUSCLE,JP,5089050,1,B25J-0003/00,GRAY,,False,True,False,False,False,False,False,
15/309146,10537996,2015-05-05,Control of swarming robots,GEORGIA TECH RESEARCH CORPORATION,GEORGIA TECH RESEARCH,GEORGIA TECH RESEARCH,US,5090899,1,B25J-0009/1682,GRAY,,False,False,False,False,False,False,False,
15/275961,10201897,2016-09-26,Method for controlling robot and robot system,KABUSHIKI KAISHA YASKAWA DENKI,YASKAWA DENKI,YASKAWA,JP,5095193,1,B25J-0009/1682,GRAY,,False,False,False,False,False,False,False,
15/258815,10272568,2016-09-07,"Robot apparatus, robot controlling method, program, recording medium, and assembly manufacturing method",CANON KABUSHIKI KAISHA,CANON,CANON,JP,5095260,1,B25J-0009/1633,GRAY,,False,True,False,False,False,False,False,
15/315318,10022866,2015-05-26,Robot control device,"KABUSHIKI KAISHA KOBE SEIKO SHO (KOBE STEEL, LTD.)",KOBE SEIKO SHO (KOBE STEEL ),KOBE SEIKO SHO (KOBE STEEL ),JP,5097145,1,B25J-0009/1633,GRAY,,False,True,False,False,False,False,False,
15/320310,10286547,2015-06-19,Robot control system,OMRON CORPORATION,OMRON,OMRON,JP,5102648,1,B25J-0009/0084,GRAY,,False,True,False,False,False,False,False,
14/937061,10052766,2015-11-10,Automatic in-situ registration and calibration of robotic arm/sensor/workspace system,"MICROSOFT TECHNOLOGY LICENSING, LLC",MICROSOFT TECHNOLOGY LICENSING,MICROSOFT TECHNOLOGY LICENSING,US,5104420,1,B25J-0009/1692,GRAY,,False,True,False,False,False,False,False,
15/005362,9522471,2016-01-25,Virtual safety cages for robotic devices,X DEVELOPMENT LLC,X DEVELOPMENT,ALPHABET,US,5109928,2,B25J-0009/1676,GRAY,,False,True,False,False,False,False,False,
15/351778,10239207,2016-11-15,Control of a robot,KUKA ROBOTER GMBH,KUKA ROBOTER,KUKA,DE,5110753,1,B25J-0009/1651,GRAY,,False,True,False,False,False,False,False,
15/522235,10654174,2015-10-28,Universal end of arm robot tool,FESTO SE & CO. KG | FESTO CORPORATION,FESTO & CO KG,FESTO & CO KG,DE,5123712,1,B25J-0015/0061,GRAY,,False,False,False,False,False,False,False,
15/413689,10207406,2017-01-24,"Robot trajectory generation method, robot trajectory generation apparatus, product fabrication method, recording medium, program, and robot system",CANON KABUSHIKI KAISHA,CANON,CANON,JP,5128079,2,B25J-0009/1666,GRAY,,False,True,False,False,False,False,False,
15/410763,10335949,2017-01-19,System for operating mobile robot based on complex map information and operating method thereof,"YUJIN ROBOT CO., LTD.",YUJIN ROBOT,YUJIN ROBOT,KR,5128280,1,B25J-0009/1689,GRAY,,False,False,False,False,False,False,False,
15/518880,10384343,2015-10-14,Modular robotic finger for grasping and dexterous handling,CENTRE NATIONAL DE LA RECHERCHE SCIENTIFIQUE (CNRS) | UNIVERSITE DE POITIERS,CENTRE NATIONAL DE LA RECHERCHE SCIENTIFIQUE (CNRS),CENTRE NATIONAL DE LA RECHERCHE SCIENTIFIQUE (CNRS),FR,5134885,1,B25J-0009/104,GRAY,,False,True,False,False,False,False,False,
15/443181,10040193,2017-02-27,"Motor control system, robot system, and communication method for motor control system",KABUSHIKI KAISHA YASKAWA DENKI,YASKAWA DENKI,YASKAWA,JP,5138123,1,B25J-0009/126,GRAY,,False,False,False,False,False,False,False,
16/081763,11338434,2017-02-24,Controlling process of robots having a behavior tree architecture,MAGAZINO GMBH,MAGAZINO,MAGAZINO,DE,5139604,1,B25J-0009/163,GRAY,,False,False,False,False,False,False,False,
15/017099,10065316,2016-02-05,Systems and methods for safe robot operation,"RETHINK ROBOTICS, INC.",RETHINK ROBOTICS,RETHINK ROBOTICS,US,5141534,1,B25J-0009/1676,GRAY,,False,True,False,False,False,False,False,
15/221081,10513038,2016-07-27,Robot control system,"FUJI XEROX CO., LTD.",FUJI XEROX,FUJI XEROX,JP,5143288,1,B25J-0011/0005,T1_auto,휴머노이드명시/전건T1_OEM,True,False,False,False,False,False,False,
15/535718,10675771,2015-12-15,Industrial robot and method for moving a robot arm in a clean room,KUKA ROBOTER GMBH,KUKA ROBOTER,KUKA,DE,5153098,1,B25J-0019/0075,GRAY,,False,True,False,False,False,False,False,
15/289864,9868207,2016-10-10,Generating robotic grasping instructions for inventory items,"Amazon Technologies, Inc.",AMAZON TECHNOLOGIES,AMAZON,US,5153248,3,B25J-0009/1602,GRAY,,False,True,False,False,False,True,False,
15/474130,10335948,2017-03-30,Abnormality determining device and abnormality determining method,TOYOTA JIDOSHA KABUSHIKI KAISHA,TOYOTA JIDOSHA,TOYOTA,JP,5157478,1,B25J-0009/1674,GRAY,,False,False,False,False,False,False,False,
15/586339,10500729,2017-05-04,Fenceless industrial robot system,OpiFlex Automation AB,OPIFLEX AUTOMATION,OPIFLEX AUTOMATION,SE,5159338,1,B25J-0009/1676,GRAY,,False,True,False,False,False,False,False,
15/549889,10766139,2015-02-13,Method for avoiding collisions between two robots,ABB SCHWEIZ AG,ABB SCHWEIZ,ABB,CH,5167996,1,B25J-0009/1676,GRAY,,False,True,False,False,False,False,False,
15/549829,10688652,2016-02-15,"Robot cleaner, remote control system including the same, and control method thereof",LG ELECTRONICS INC.,LG ELECTRONICS,LG,KR,5170921,1,B25J-0009/0003,E_auto,제외전용신호+Tier신호없음,False,False,False,False,True,False,False,
15/617699,10702989,2017-06-08,"Method of controlling robot apparatus, robot apparatus, and method of manufacturing article",CANON KABUSHIKI KAISHA,CANON,CANON,JP,5171335,1,B25J-0009/1666,GRAY,,False,True,False,False,False,False,False,
15/196510,10118297,2016-06-29,Analysis of end effector operations by a robot,The Boeing Company,THE BOEING,THE BOEING,US,5173942,1,B25J-0009/1692,GRAY,,False,False,False,False,False,False,False,
15/553358,10259122,2016-03-04,Compliant adaptive robot grasper,PRESIDENT AND FELLOWS OF HARVARD COLLEGE,PRESIDENT AND FELLOWS OF HARVARD COLLEGE,PRESIDENT AND FELLOWS OF HARVARD COLLEGE,US,5175216,1,B25J-0015/022,GRAY,,False,True,False,False,False,False,False,
14/660161,9649766,2015-03-17,Systems and methods to facilitate human/robot interaction,"AMAZON TECHNOLOGIES, INC.",AMAZON TECHNOLOGIES,AMAZON,US,5178608,2,B25J-0009/1666,GRAY,,False,True,False,False,False,True,False,
15/647350,10456913,2017-07-12,Method and apparatus for controlling a robot movement of a robot on the basis of a second trajectory,SIEMENS AKTIENGESELLSCHAFT,SIEMENS,SIEMENS,DE,5179417,1,B25J-0009/1664,GRAY,,False,True,False,False,False,False,False,
15/078966,10173328,2016-03-23,Soft robotic actuators and methods of manufacturing the same,"SOFT ROBOTICS, INC.",SOFT ROBOTICS,SOFT ROBOTICS/OXIPITAL,US,5181348,2,B25J-0015/0023,GRAY,,False,True,False,False,False,False,False,
15/656332,10363661,2017-07-21,"Control device, robot, and robot system",Seiko Epson Corporation,SEIKO EPSON,SEIKO EPSON,JP,5182197,1,B25J-0009/1687,GRAY,,False,False,False,False,False,False,False,
15/719243,10786904,2017-09-28,"Method for industrial robot commissioning, industrial robot system and control system using the same",ABB Schweiz AG,ABB SCHWEIZ,ABB,CH,5182355,2,B25J-0009/1692,GRAY,,False,True,False,False,False,False,False,
16/323176,11345018,2017-08-11,Programmable robot for educational purposes,KUBO ROBOTICS APS,KUBO ROBOTICS,KUBO ROBOTICS,DK,5184785,1,B25J-0009/0003,GRAY,,False,True,False,False,False,False,False,
15/572751,10518412,2016-05-10,Robot behavior generation method,NATIONAL INSTITUTE OF ADVANCED INDUSTRIAL SCIENCE AND TEHCHNOLOGY,NATIONAL INSTITUTE OF ADVANCED INDUSTRIAL SCIENCE AND TEHCHNOLOGY,NATIONAL INSTITUTE OF ADVANCED INDUSTRIAL SCIENCE AND TEHCHNOLOGY,JP,5194789,1,B25J-0009/1664,T1_auto,휴머노이드명시/전건T1_OEM,True,False,False,False,False,False,False,
15/570581,10780584,2016-05-19,Remotely operated manual welding method and welding robot implementing such a method,COMMISSARIAT A L'ENERGIE ATOMIQUE ET AUX ENERGIES ALTERNATIVES,COMMISSARIAT A L'ENERGIE ATOMIQUE ET AUX ENERGIES ALTERNATIVES,COMMISSARIAT A L'ENERGIE ATOMIQUE ET AUX ENERGIES ALTERNATIVES,FR,5196463,1,B25J-0009/1689,GRAY,,False,True,False,False,False,False,False,
15/576657,10279469,2016-05-20,Multi-motion-platform parallel robot construction method and parallel robots for same,"HAN, FANYUAN | BEIJING FINE WAY TECHNOLOGY CO., LTD.",HAN FANYUAN,HAN FANYUAN,CN,5200713,1,B25J-0009/003,GRAY,,False,False,False,False,False,False,False,
15/739543,10828777,2016-06-07,Method for the redundancy-optimized planning of the operation of a mobile robot,KUKA ROBOTER GMBH,KUKA ROBOTER,KUKA,DE,5206905,1,B25J-0009/1664,GRAY,,False,True,False,False,False,False,False,
15/194283,10112310,2016-06-27,Food handling gripper,"SOFT ROBOTICS, INC.",SOFT ROBOTICS,SOFT ROBOTICS/OXIPITAL,US,5207890,3,B25J-0015/12,GRAY,,False,True,False,False,False,False,False,
15/741353,10730184,2016-05-23,Robot arm control system,WASEDA UNIVERSITY,WASEDA UNIVERSITY,WASEDA UNIVERSITY,JP,5210179,1,B25J-0009/1633,GRAY,,False,True,False,False,False,False,False,
15/755146,10786908,2016-07-29,Device for attaching to a robot,SIEMENS AKTIENGESELLSCHAFT,SIEMENS,SIEMENS,DE,5211567,1,B25J-0015/0616,GRAY,,False,True,False,False,False,False,False,
15/693970,10688658,2017-09-01,"Method of controlling holding apparatus, holding apparatus, and robot apparatus",CANON KABUSHIKI KAISHA,CANON,CANON,JP,5212627,1,B25J-0009/1633,GRAY,,False,True,False,False,False,False,False,
15/744173,10828769,2016-07-11,"Ascertaining an input command for a robot, said input command being entered by manually exerting a force onto the robot",KUKA ROBOTER GMBH,KUKA ROBOTER,KUKA,DE,5213308,1,B25J-0009/0081,GRAY,,False,True,False,False,False,False,False,
14/807434,10016892,2015-07-23,System and method for determining tool offsets,GOOGLE LLC | X DEVELOPMENT LLC,GOOGLE,ALPHABET,US,5215301,1,B25J-0009/1005,GRAY,,False,False,False,False,False,False,False,
15/729953,10456914,2017-10-11,System and method for determining a work offset,X Development LLC,X DEVELOPMENT,ALPHABET,US,5215362,1,B25J-0009/1664,GRAY,,False,False,False,False,False,False,False,
17/087544,11772283,2020-11-02,Clutched joint modules having a quasi-passive elastic actuator for a robotic assembly,Sarcos Corp.,SARCOS,SARCOS,US,5216174,4,B25J-0019/0041,T1_auto,T1후보-제외신호동반(검증필요),True,True,False,True,False,False,False,
16/336410,11260537,2017-09-26,Machine tool for robot-assisted surface finishing,FERROBOTICS COMPLIANT ROBOT TECHNOLOGY GMBH,FERROBOTICS COMPLIANT ROBOT TECHNOLOGY,FERROBOTICS COMPLIANT ROBOT TECHNOLOGY,AT,5216523,1,B25J-0011/0065,GRAY,,False,True,False,False,False,False,False,
15/747603,10391644,2016-07-19,Robot with a force measuring device,KUKA DEUTSCHLAND GMBH,KUKA DEUTSCHLAND,KUKA,DE,5217132,1,B25J-0019/02,GRAY,,False,True,False,False,False,False,False,
15/372102,10065313,2016-12-07,Robot manipulator system,Harris Corporation,HARRIS,HARRIS,US,5220024,1,B25J-0009/1664,GRAY,,False,True,False,False,False,False,False,
15/751091,10207412,2015-08-10,Platform including an industrial robot,ABB SCHWEIZ AG,ABB SCHWEIZ,ABB,CH,5220686,1,B25J-0011/0025,GRAY,,False,True,False,False,False,False,False,
15/904772,10695910,2018-02-26,Automatic calibration method for robot system,Tyco Electronics (Shanghai) Co. Ltd. | TE Connectivity Corporation,TYCO ELECTRONICS (SHANGHAI),TYCO ELECTRONICS (SHANGHAI),CN,5226097,1,B25J-0009/1692,GRAY,,False,False,False,False,False,False,False,
15/758756,11312016,2016-09-05,Method and system for controlling a robot arrangement,KUKA DEUTSCHLAND GMBH,KUKA DEUTSCHLAND,KUKA,DE,5229710,1,B25J-0009/1674,GRAY,,False,False,False,False,False,False,False,
15/941722,10926406,2018-03-30,"Robot, XY table for a robot and linear transport system",BECKHOFF AUTOMATION GMBH,BECKHOFF AUTOMATION,BECKHOFF AUTOMATION,DE,5231861,1,B25J-0009/106,GRAY,,False,True,False,False,False,False,False,
15/762063,10857672,2016-07-22,Real-time device control system having hierarchical architecture and realtime robot control system using same,RAINBOW ROBOTICS,RAINBOW ROBOTICS,RAINBOW ROBOTICS,KR,5234163,2,B25J-0009/1656,GRAY,,False,False,False,False,False,False,False,
15/830057,10786898,2017-12-04,Method for the automatic configuration of an external control system for the open-loop and/or closed-loop control of a robot system,Bayerische Motoren Werke Aktiengesellschaft,BAYERISCHE MOTOREN WERKE,BAYERISCHE MOTOREN WERKE,DE,5235488,1,B25J-0009/1602,GRAY,,False,True,False,False,False,False,False,
15/864050,10751876,2018-01-08,"Moving robot, method of controlling moving robot, and control program",TOYOTA JIDOSHA KABUSHIKI KAISHA,TOYOTA JIDOSHA,TOYOTA,JP,5237084,1,B25J-0009/1666,GRAY,,False,True,False,False,False,False,False,
15/895438,10836039,2018-02-13,Control device and robot system,Seiko Epson Corporation,SEIKO EPSON,SEIKO EPSON,JP,5241208,1,B25J-0009/1633,GRAY,,False,True,False,False,False,False,False,
15/769926,10737388,2016-10-20,HRC system and method for controlling an HRC system,KUKA SYSTEMS GMBH,KUKA SYSTEMS,KUKA,DE,5241737,1,B25J-0009/1674,GRAY,,False,True,False,False,False,False,False,
15/883711,11059169,2018-01-30,"Method of controlling robot, method of teaching robot, and robot system",CANON KABUSHIKI KAISHA,CANON,CANON,JP,5242840,1,B25J-0009/1612,GRAY,,False,False,False,False,False,False,False,
15/771461,10814484,2016-10-28,"Method, control system and movement setting means for controlling the movements of articulated arms of an industrial robot",KEBA AG,KEBA,KEBA,AT,5243763,1,B25J-0009/1664,GRAY,,False,True,False,False,False,False,False,
15/844633,10625417,2017-12-18,"Control system, setting device, setting method, and storage device",OMRON Corporation,OMRON,OMRON,JP,5244759,1,B25J-0009/1666,GRAY,,False,True,False,False,False,False,False,
15/846206,10625418,2017-12-19,"Control system, controller, control method, and recording medium",OMRON Corporation,OMRON,OMRON,JP,5244760,1,B25J-0009/1666,GRAY,,False,True,False,False,False,False,False,
15/775036,11292128,2016-11-16,Method for programming a force to be applied by a robot,COMMISSARIAT A L'ENERGIE ATOMIQUE ET AUX ENERGIES ALTERNATIVES,COMMISSARIAT A L'ENERGIE ATOMIQUE ET AUX ENERGIES ALTERNATIVES,COMMISSARIAT A L'ENERGIE ATOMIQUE ET AUX ENERGIES ALTERNATIVES,FR,5251778,1,B25J-0009/1664,GRAY,,False,True,False,False,False,False,False,
15/779516,11192251,2016-11-28,Method and device for controlling a robot during co-activity,INSTITUT DE RECHERCHE TECHNOLOGIQUE JULES VERNE | CENTRE NATIONAL DE LA RECHERCHE SCIENTIFIQUE | UNIVERSITE DE NANTES,INSTITUT DE RECHERCHE TECHNOLOGIQUE JULES VERNE,INSTITUT DE RECHERCHE TECHNOLOGIQUE JULES VERNE,FR,5251944,1,B25J-0009/1676,GRAY,,False,True,False,False,False,False,False,
15/361992,10099374,2016-11-28,Robotic safety using wearables,BRAGI GmbH,BRAGI,BRAGI,DE,5255833,1,B25J-0009/1676,GRAY,,False,True,False,False,False,False,False,
15/777773,10518413,2015-12-11,Industrial robot and method for controlling the robot to automatically select which program code to be executed next,ABB SCHWEIZ AG,ABB SCHWEIZ,ABB,CH,5255916,1,B25J-0009/1664,GRAY,,False,True,False,False,False,False,False,
15/780863,10611027,2016-11-29,Assembly apparatus and control method therefor,SONY CORPORATION,SONY,SONY,JP,5256724,1,B25J-0009/1664,GRAY,,False,True,False,False,False,False,False,
17/353084,11504857,2021-06-21,"Wire saw device, and processing method and processing device for workpiece",TAKATORI CORPORATION,TAKATORI,TAKATORI,JP,5259067,1,B25J-0011/0055,GRAY,,False,True,False,False,False,False,False,
15/936452,11065764,2018-03-27,Method of generating robot operation command and robot operation command generation device,KABUSHIKI KAISHA YASKAWA DENKI,YASKAWA DENKI,YASKAWA,JP,5264578,1,B25J-0009/1661,GRAY,,False,False,False,False,False,False,False,
15/982596,10894322,2018-05-17,Robot motion planning,KUKA HUNGÁRIA KORLÁTOLT FELELÕSSÉGÛ TÁRSASÁG,KUKA HUNGÁRIA KORLÁTOLT FELELÕSSÉGÛ TÁRSASÁG,KUKA,HU,5266961,1,B25J-0009/1664,GRAY,,False,True,False,False,False,False,False,
15/893680,10875180,2018-02-11,Robot system,OMRON Corporation,OMRON,OMRON,JP,5267841,1,B25J-0009/1666,GRAY,,False,True,False,False,False,False,False,
15/623304,10625427,2017-06-14,Method for controlling location of end effector of robot using location alignment feedback,The Boeing Company,THE BOEING,THE BOEING,US,5275854,1,B25J-0013/088,GRAY,,False,False,False,False,False,False,False,
16/727979,11511428,2019-12-27,"Switchgear or controlgear with unmanned operation and maintenance, and method of operating the same",ABB SCHWEIZ AG,ABB SCHWEIZ,ABB,CH,5278474,1,B25J-0009/1671,GRAY,,False,False,False,False,False,False,False,
16/629272,11554486,2018-07-05,Method and apparatus for performing control of a movement of a robot arm,SIEMENS AKTIENGESELLSCHAFT,SIEMENS,SIEMENS,DE,5280641,1,B25J-0009/1633,GRAY,,False,True,False,False,False,False,False,
16/032615,11376737,2018-07-11,"Arrangement comprising an automatic movement machine and a delimiting device, delimiting device for the arrangement, and method for operating the arrangement",SIEMENS AKTIENGESELLSCHAFT,SIEMENS,SIEMENS,DE,5282696,1,B25J-0009/1676,GRAY,,False,False,False,False,False,False,False,
16/082777,10946522,2017-03-10,Digital method and automated robotic setup for producing variable-density and arbitrary shaped metallic meshes,ETH ZURICH,ETH ZURICH,ETH ZURICH,CH,5283280,1,B25J-0009/1669,GRAY,,False,False,False,False,False,False,False,
16/083621,11400606,2017-03-09,Articulated robot and method of estimating decrease state of gas in gas spring,KAWASAKI JUKOGYO KABUSHIKI KAISHA,KAWASAKI JUKOGYO,KAWASAKI HEAVY INDUSTRIES,JP,5283595,1,B25J-0019/0095,GRAY,,False,True,False,False,False,False,False,
16/012886,11090807,2018-06-20,"Motion generation method, motion generation device, system, and computer program",OMRON Corporation,OMRON,OMRON,JP,5284006,1,B25J-0009/1666,GRAY,,False,False,False,False,False,False,False,
16/033569,10967512,2018-07-12,Moving robot and controlling method,LG ELECTRONICS INC.,LG ELECTRONICS,LG,KR,5284280,1,B25J-0009/1666,GRAY,,False,False,False,False,False,False,False,
16/033512,10695906,2018-07-12,Moving robot and controlling method,LG ELECTRONICS INC.,LG ELECTRONICS,LG,KR,5284282,1,B25J-0009/1666,GRAY,,False,False,False,False,False,False,False,
16/085162,11318606,2017-03-13,Controlling an automation assembly,KUKA DEUTSCHLAND GMBH,KUKA DEUTSCHLAND,KUKA,DE,5285236,1,B25J-0009/163,GRAY,,False,False,False,False,False,False,False,
16/085783,11498226,2017-03-16,"Protective device for an effector of a manipulator, device for manipulating workpieces, and a method for actuating a device for manipulating workpieces",DEUTSCHES ZENTRUM FÜR LUFT- UND RAUMFAHRT E.V.,DEUTSCHES ZENTRUM FÜR LUFT- UND RAUMFAHRT EV,DEUTSCHES ZENTRUM FÜR LUFT- UND RAUMFAHRT EV,DE,5285274,1,B25J-0019/0075,GRAY,,False,True,False,False,False,False,False,
15/466984,10232510,2017-03-23,Robot control,CMR SURGICAL LIMITED,CMR SURGICAL,CMR SURGICAL,GB,5287509,3,B25J-0009/1638,GRAY,,False,True,True,False,False,False,False,
16/139119,11027431,2018-09-24,Automatic calibration method for robot system,Tyco Electronics (Shanghai) Co. Ltd. | TE Connectivity Corporation,TYCO ELECTRONICS (SHANGHAI),TYCO ELECTRONICS (SHANGHAI),CN,5288681,1,B25J-0009/1692,GRAY,,False,False,False,False,False,False,False,
16/039293,10875193,2018-07-18,"Robot hand apparatus, robot hand system, and holding method","PANASONIC INTELLECTUAL PROPERTY MANAGEMENT CO., LTD.",PANASONIC INTELLECTUAL PROPERTY MANAGEMENT,PANASONIC,JP,5288725,1,B25J-0015/065,GRAY,,False,True,False,False,False,True,False,
16/777918,11511432,2020-01-31,Robot control method,ABB SCHWEIZ AG,ABB SCHWEIZ,ABB,CH,5289271,1,B25J-0009/1676,GRAY,,False,False,False,False,False,False,False,
16/069900,10751880,2017-03-17,"Data storage device, robot system, and data storage method","PANASONIC INTELLECTUAL PROPERTY MANAGEMENT CO., LTD.",PANASONIC INTELLECTUAL PROPERTY MANAGEMENT,PANASONIC,JP,5290261,1,B25J-0009/1674,GRAY,,False,False,False,False,False,False,False,
16/037911,11020856,2018-07-17,Transportation vehicle and method for controlling a robot,Volkswagen AG,VOLKSWAGEN,VOLKSWAGEN,미상,5290920,1,B25J-0009/1694,GRAY,,False,False,False,False,False,False,False,
16/012813,10569414,2018-06-20,"Robot control apparatus, robot control method, and robot control program",OMRON Corporation,OMRON,OMRON,JP,5291380,1,B25J-0009/0093,E_auto,제외전용신호+Tier신호없음,False,False,False,False,False,True,False,
16/058863,11141861,2018-08-08,Method for operating a robot and robotic arm,SIEMENS HEALTHCARE GMBH,SIEMENS HEALTHCARE,SIEMENS HEALTHCARE,DE,5291687,1,B25J-0009/1692,GRAY,,False,True,False,False,False,False,False,
16/090534,11780099,2017-04-04,Robot-aided grinding apparatus,FERROBOTICS COMPLIANT ROBOT TECHNOLOGY GMBH,FERROBOTICS COMPLIANT ROBOT TECHNOLOGY,FERROBOTICS COMPLIANT ROBOT TECHNOLOGY,AT,5292042,1,B25J-0011/0065,GRAY,,False,True,False,False,False,False,False,
15/891344,10814486,2018-02-07,"Information processing device, information processing method, and non-transitory computer-readable recording medium",OMRON Corporation,OMRON,OMRON,JP,5292777,1,B25J-0009/1671,GRAY,,False,True,False,False,False,True,False,
16/104296,11148285,2018-08-17,Operating a hand-guided robot,SIEMENS HEALTHCARE GMBH,SIEMENS HEALTHCARE,SIEMENS HEALTHCARE,DE,5293540,1,B25J-0009/163,GRAY,,False,True,False,False,False,False,False,
15/146692,10016901,2016-05-04,Sprung worm gripper for a robotic device,X DEVELOPMENT LLC,X DEVELOPMENT,ALPHABET,US,5294519,1,B25J-0015/0213,GRAY,,False,True,False,False,False,False,False,
16/051639,10307911,2018-08-01,Robot,"PANASONIC INTTELLECTUAL PROPERTY MANAGEMENT CO., LTD. | Panasonic Intellectual Property Management Co., Ltd.",PANASONIC INTTELLECTUAL PROPERTY MANAGEMENT,PANASONIC,JP,5300924,1,B25J-0009/1697,GRAY,,False,True,False,False,False,False,False,
16/110563,10899002,2018-08-23,"Article movement apparatus, article movement method, and article movement control program",KABUSHIKI KAISHA TOSHIBA | TOSHIBA INFRASTRUCTURE SYSTEMS & SOLUTIONS CORP.,TOSHIBA,TOSHIBA,JP,5301338,1,B25J-0009/0093,GRAY,,False,True,False,False,False,True,False,
16/134969,10807238,2018-09-19,Robot system and method for controlling robot,KABUSHIKI KAISHA YASKAWA DENKI,YASKAWA DENKI,YASKAWA,JP,5305432,1,B25J-0009/1664,GRAY,,False,False,False,False,False,False,False,
16/137647,11130227,2018-09-21,"Robot control device, robot, and robot system",Seiko Epson Corporation,SEIKO EPSON,SEIKO EPSON,미상,5305698,1,B25J-0009/06,GRAY,,False,False,False,False,False,False,False,
16/143674,10953537,2018-09-27,Robot,Seiko Epson Corporation,SEIKO EPSON,SEIKO EPSON,미상,5306562,1,B25J-0009/06,GRAY,,False,True,False,False,False,False,False,
16/142120,10940595,2018-09-26,Robot,Seiko Epson Corporation,SEIKO EPSON,SEIKO EPSON,미상,5306563,1,B25J-0019/0075,GRAY,,False,True,False,False,False,False,False,
16/124206,11007655,2018-09-07,Manipulation unit and robot with manipulated switch,KABUSHIKI KAISHA YASKAWA DENKI,YASKAWA DENKI,YASKAWA,JP,5306757,1,B25J-0015/0683,GRAY,,False,True,False,False,False,False,False,
15/825914,10730180,2017-11-29,User interface for a teleoperated robot,ABB SCHWEIZ AG,ABB SCHWEIZ,ABB,CH,5306968,1,B25J-0009/1689,GRAY,,False,True,False,False,False,False,False,
16/155994,11090810,2018-10-10,Robot system,Seiko Epson Corporation,SEIKO EPSON,SEIKO EPSON,JP,5312296,1,B25J-0009/1692,GRAY,,False,True,False,False,False,False,False,
15/187582,9868214,2016-06-20,Localization of a mobile system,X DEVELOPMENT LLC,X DEVELOPMENT,ALPHABET,US,5313673,1,B25J-0009/1676,GRAY,,False,True,False,False,False,True,False,
16/311929,11207784,2017-06-20,Hand-held robot operating device combination comprising a basic-control position sensor,KUKA DEUTSCHLAND GMBH,KUKA DEUTSCHLAND,KUKA,DE,5315090,1,B25J-0013/02,GRAY,,False,False,False,False,False,False,False,
16/160977,11192244,2018-10-15,"Robot system, robot controller, and method for withdrawing robot",KABUSHIKI KAISHA YASKAWA DENKI,YASKAWA DENKI,YASKAWA,JP,5316177,1,B25J-0009/1633,GRAY,,False,True,False,False,False,False,False,
16/184438,10562195,2018-11-08,"Gripper, in particular pneumatically operated gripper in the form of a vacuum gripper or gripping tongs",FIPA HOLDING GMBH,FIPA,FIPA,DE,5321173,1,B25J-0015/0683,GRAY,,False,True,False,False,False,False,False,
16/135040,11577386,2018-09-19,"Gripping method, gripping system, and program",OMRON CORPORATION,OMRON,OMRON,JP,5322405,1,B25J-0009/1612,GRAY,,False,True,False,False,False,False,False,
16/162509,11034029,2018-10-17,Joint structure for robot,TOYOTA JIDOSHA KABUSHIKI KAISHA,TOYOTA JIDOSHA,TOYOTA,JP,5322446,1,B25J-0015/022,GRAY,,False,True,False,False,False,False,False,
15/835280,10843330,2017-12-07,Resistance-based joint constraint for a master robotic system,Sarcos Corp.,SARCOS,SARCOS,US,5328729,1,B25J-0003/04,GRAY,,False,True,False,False,False,False,False,
16/772270,11548153,2018-12-13,Robot comprising safety system ensuring stopping time and distance,UNIVERSAL ROBOTS A/S,UNIVERSAL ROBOTS A/S,UNIVERSAL ROBOTS A/S,DK,5329313,1,B25J-0009/1674,GRAY,,False,True,False,False,False,False,False,
15/846038,11331809,2017-12-18,Dynamically controlled robotic stiffening element,Sarcos Corp.,SARCOS,SARCOS,US,5331264,1,B25J-0013/025,GRAY,,False,True,False,False,False,False,False,
16/326892,11292123,2017-08-10,"Continuum robot, modification method of kinematic model of continuum robot, and control method of continuum robot",CANON KABUSHIKI KAISHA,CANON,CANON,JP,5332496,1,B25J-0009/065,GRAY,,False,False,False,False,False,False,False,
16/332563, ,2017-09-20,Systems for Robotic Harvesting,"ABUNDANT ROBOTS, INC.",ABUNDANT ROBOTS,ABUNDANT ROBOTS,US,5333009,1,B25J-0015/0658,GRAY,,False,True,False,False,False,False,False,등록번호누락
16/314651,11478935,2017-12-14,Method for robot to automatically find bending position,"NANJING ESTUN ROBOTICS CO., LTD",NANJING ESTUN ROBOTICS,NANJING ESTUN ROBOTICS,CN,5335359,1,B25J-0009/1694,GRAY,,False,True,False,False,False,False,False,
15/755124,11137747,2017-08-16,Control system for a production line drive unit,OMRON CORPORATION,OMRON,OMRON,JP,5338621,1,B25J-0009/1679,GRAY,,False,False,False,False,False,False,False,
16/333145,10987799,2017-06-22,Workpiece processing system,"DMG MORI CO., LTD.",DMG MORI,DMG MORI,JP,5338967,1,B25J-0009/0081,GRAY,,False,False,False,False,False,False,False,
16/617169,10864631,2018-06-18,Robotic grasping prediction using neural networks and geometry aware object representation,GOOGLE LLC,GOOGLE,ALPHABET,US,5343438,1,B25J-0009/1612,GRAY,,False,True,False,False,False,False,False,
16/316041,10882183,2017-05-09,Robot controlling method and welding method,"PANASONIC INTELLECTUAL PROPERTY MANAGEMENT CO., LTD.",PANASONIC INTELLECTUAL PROPERTY MANAGEMENT,PANASONIC,JP,5345045,1,B25J-0009/1641,GRAY,,False,True,False,False,False,False,False,
15/406944,10369702,2017-01-16,Automated work piece moment of inertia (MOI) identification system and method for same,Raytheon Company,RAYTHEON,RAYTHEON,US,5349458,1,B25J-0013/085,GRAY,,False,True,False,False,False,False,False,
16/324918,11241792,2017-09-04,"Method and device for detecting abnormality of encoder, and robot control system","PANASONIC INTELLECTUAL PROPERTY MANAGEMENT CO., LTD.",PANASONIC INTELLECTUAL PROPERTY MANAGEMENT,PANASONIC,JP,5351454,1,B25J-0009/1674,GRAY,,False,False,False,False,False,False,False,
16/248802,11400591,2019-01-16,Control device of robot and control method of robot,OMRON CORPORATION,OMRON,OMRON,JP,5358058,1,B25J-0009/1633,GRAY,,False,False,False,False,False,False,False,
16/276547,10913162,2019-02-14,Robot system and control method of robot,OMRON Corporation,OMRON,OMRON,JP,5358113,1,B25J-0011/0075,GRAY,,False,False,False,False,False,False,False,
16/275346,11052542,2019-02-14,Robot system and control method of robot,OMRON Corporation,OMRON,OMRON,JP,5358114,1,B25J-0009/1697,GRAY,,False,False,False,False,False,False,False,
16/267388,10919147,2019-02-05,Parallel link robot and parallel link robot system,KABUSHIKI KAISHA YASKAWA DENKI,YASKAWA DENKI,YASKAWA,JP,5358360,1,B25J-0009/1065,GRAY,,False,True,False,False,False,False,False,
16/463897,11511446,2017-11-24,Joint structure for robot,KAWASAKI JUKOGYO KABUSHIKI KAISHA,KAWASAKI JUKOGYO,KAWASAKI HEAVY INDUSTRIES,JP,5361578,1,B25J-0017/00,GRAY,,False,True,False,False,False,False,False,
16/939779,11602841,2020-07-27,Systems and methods for remote operating and/or monitoring of a robot,Brain Corporation,BRAIN,BRAIN,US,5361818,1,B25J-0009/161,GRAY,,False,False,False,False,False,False,False,
16/367518,11433531,2019-03-28,Robot system and method for controlling robot,KABUSHIKI KAISHA YASKAWA DENKI,YASKAWA DENKI,YASKAWA,JP,5362684,1,B25J-0009/1005,GRAY,,False,True,False,False,False,False,False,
15/964657,10730185,2018-04-27,"Systems and methods for inspecting, cleaning, and/or repairing one or more blades attached to a rotor of a gas turbine engine using a robotic system",GENERAL ELECTRIC COMPANY,GENERAL ELECTRIC,GENERAL ELECTRIC,US,5367028,1,B25J-0009/1664,GRAY,,False,False,False,False,False,False,False,
15/844062,10369704,2017-12-15,Base systems for supporting soft robotic actuators,"Soft Robotics, Inc.",SOFT ROBOTICS,SOFT ROBOTICS/OXIPITAL,US,5368104,1,B25J-0015/0023,GRAY,,False,True,False,False,False,False,False,
16/468559,11247338,2017-12-14,Robot system and cutting blade,"KYORAKU CO., LTD.",KYORAKU,KYORAKU,JP,5368382,1,B25J-0009/0096,GRAY,,False,True,False,False,False,False,False,
16/426571,11161242,2019-05-30,Method for controlling robot,"PANASONIC INTELLECTUAL PROPERTY MANAGEMENT CO., LTD.",PANASONIC INTELLECTUAL PROPERTY MANAGEMENT,PANASONIC,JP,5368426,1,B25J-0009/1633,GRAY,,False,True,False,False,False,False,False,
16/471633,11338446,2017-10-31,Machining robot and machining method,SUBARU CORPORATION,SUBARU,SUBARU,JP,5373597,1,B25J-0013/085,GRAY,,False,False,False,False,False,False,False,
16/322091,11103996,2017-12-14,Robot joint space point-to-point movement trajectory planning method,"NANJING ESTUN ROBOTICS CO., LTD",NANJING ESTUN ROBOTICS,NANJING ESTUN ROBOTICS,CN,5375241,1,B25J-0009/1664,GRAY,,False,True,False,False,False,False,False,
16/406172,11607808,2019-05-08,"Method, apparatus and system for robotic programming",SIEMENS AKTIENGESELLSCHAFT,SIEMENS,SIEMENS,DE,5375447,1,B25J-0009/1664,GRAY,,False,True,False,False,False,False,False,
16/406182,11584012,2019-05-08,"Method, apparatus, computer-readable storage media for robotic programming",SIEMENS AKTIENGESELLSCHAFT,SIEMENS,SIEMENS,DE,5375448,1,B25J-0009/1671,GRAY,,False,False,False,False,False,False,False,
16/412653,11780089,2019-05-15,Robot control method and apparatus,SIEMENS AKTIENGESELLSCHAFT,SIEMENS,SIEMENS,DE,5377045,1,B25J-0009/1666,GRAY,,False,False,False,False,False,False,False,
16/489116,11850731,2018-02-08,Robot unit having separate actuators and a common counter actuator device for multiple members,SIEMENS AKTIENGESELLSCHAFT,SIEMENS,SIEMENS,DE,5377457,1,B25J-0015/0009,GRAY,,False,True,False,False,False,False,False,
16/417790,11318608,2019-05-21,Control device and robot system,Seiko Epson Corporation,SEIKO EPSON,SEIKO EPSON,미상,5379891,1,B25J-0009/1633,GRAY,,False,False,False,False,False,False,False,
15/423442,10377040,2017-02-02,Systems and methods for assisting a robotic apparatus,BRAIN CORPORATION,BRAIN,BRAIN,US,5383026,2,B25J-0009/1666,GRAY,,False,False,False,False,False,False,False,
15/424058,10661442,2017-02-03,Calibration article for a 3D vision robotic system,ABB SCHWEIZ AG,ABB SCHWEIZ,ABB,CH,5383282,1,B25J-0009/1692,GRAY,,False,False,False,False,False,False,False,
16/452529,11446820,2019-06-26,Robot path generating device and robot system,KABUSHIKI KAISHA YASKA WA DENKI,YASKA WA DENKI,YASKA WA DENKI,JP,5383561,1,B25J-0009/1664,GRAY,,False,True,False,False,False,False,False,
16/517741,11230009,2019-07-22,Robot control method and robot,"PANASONIC INTELLECTUAL PROPERTY MANAGEMENT CO., LTD.",PANASONIC INTELLECTUAL PROPERTY MANAGEMENT,PANASONIC,JP,5385467,1,B25J-0009/1676,GRAY,,False,True,False,False,False,False,False,
16/482600,11364630,2017-02-17,Method for controlling an industrial robot during lead-through programming of the robot and an industrial robot,ABB SCHWEIZ AG,ABB SCHWEIZ,ABB,CH,5386133,1,B25J-0009/1664,GRAY,,False,True,False,False,False,False,False,
16/376938,11148295,2019-04-05,"Systems, devices, components, and methods for a compact robotic gripper with palm-mounted sensing, grasping, and computing devices and components","ROBOTIC MATERIALS, INC.",ROBOTIC MATERIALS,ROBOTIC MATERIALS,US,5387749,2,B25J-0009/1612,GRAY,,False,True,False,False,False,False,False,
16/486950,11413772,2017-02-22,Industrial robot system with supervision sensor,ABB Schweiz AG,ABB SCHWEIZ,ABB,CH,5387770,1,B25J-0019/0066,GRAY,,False,True,False,False,False,False,False,
16/489218,11458643,2018-02-26,Robot controller,KAWASAKI JUKOGYO KABUSHIKI KAISHA,KAWASAKI JUKOGYO,KAWASAKI HEAVY INDUSTRIES,JP,5389061,1,B25J-0019/00,GRAY,,False,False,False,False,False,False,False,
16/382266,11318617,2019-04-12,Manipulator and moving robot,TOYOTA JIDOSHA KABUSHIKI KAISHA,TOYOTA JIDOSHA,TOYOTA,JP,5389598,1,B25J-0009/1674,GRAY,,False,True,False,False,False,False,False,
16/268952,11141856,2019-02-06,Systems and methods for generating control system solutions for robotics environments,Tata Consultancy Services Limited,TATA CONSULTANCY SERVICES,TATA CONSULTANCY SERVICES,IN,5390397,1,B25J-0009/1605,GRAY,,False,False,False,False,False,False,False,
16/413065,11426868,2019-05-15,"Operation device, control system, control method, and non-transitory computer-readable storage medium",KABUSHIKI KAISHA YASKAWA DENKI,YASKAWA DENKI,YASKAWA,JP,5391918,1,B25J-0009/163,GRAY,,False,True,False,False,False,False,False,
16/459622,11123864,2019-07-02,"Motion teaching apparatus, robot system, and motion teaching method",KABUSHIKI KAISHA YASKAWA DENKI,YASKAWA DENKI,YASKAWA,JP,5394169,1,B25J-0009/0081,GRAY,,False,False,False,False,False,False,False,
16/488606,11230015,2017-03-23,Robot system,FUJI CORPORATION,FUJI,FUJI,JP,5397797,1,B25J-0009/1697,GRAY,,False,True,False,False,False,False,False,
16/583429,11446827,2019-09-26,"End effector with movable protective sleeve for machining workpieces, and robot system comprising an end effector",ABB Schweiz AG,ABB SCHWEIZ,ABB,CH,5398339,1,B25J-0015/0019,GRAY,,False,False,False,False,False,False,False,
16/351390,11014235,2019-03-12,Systems and methods for semantic knowledge based dynamic utility calculation,Tata Consultancy Services Limited,TATA CONSULTANCY SERVICES,TATA CONSULTANCY SERVICES,IN,5401339,1,B25J-0009/1661,GRAY,,False,False,False,False,False,False,False,
16/448747,11179848,2019-06-21,Apparatus system and method of controlling a robotic device,Sony Interactive Entertainment Inc.,SONY INTERACTIVE ENTERTAINMENT,SONY,JP,5401364,1,B25J-0009/162,GRAY,,False,False,False,False,False,False,False,
15/941391,11389955,2018-03-30,Servo-pneumatic control systems for soft robotic actuators,"Soft Robotics, Inc.",SOFT ROBOTICS,SOFT ROBOTICS/OXIPITAL,US,5401797,1,B25J-0009/1612,GRAY,,False,True,False,False,False,False,False,
16/641087,11465292,2019-05-20,Modular movable robot,LG ELECTRONICS INC.,LG ELECTRONICS,LG,KR,5405412,1,B25J-0011/008,GRAY,,False,False,False,False,False,False,False,
16/542682,11524414,2019-08-16,"Sensor unit, sensor system, robot hand, robot arm, server device, calculation method, and program",TOYOTA JIDOSHA KABUSHIKI KAISHA,TOYOTA JIDOSHA,TOYOTA,JP,5409420,1,B25J-0013/082,GRAY,,False,True,False,False,False,False,False,
15/967210,10668629,2018-04-30,Structure for a robotic end effector,"SOFT ROBOTICS, INC.",SOFT ROBOTICS,SOFT ROBOTICS/OXIPITAL,US,5410718,2,B25J-0015/0033,GRAY,,False,True,False,False,False,False,False,
16/610328,11123868,2018-04-24,Robot system,NACHI-FUJIKOSHI CORP.,NACHI-FUJIKOSHI,NACHI-FUJIKOSHI,JP,5411041,1,B25J-0009/1664,GRAY,,False,False,False,False,False,False,False,
16/551818,11491652,2019-08-27,Method for programming robots and computing device and computer program,Volkswagen Aktiengesellschaft,VOLKSWAGEN,VOLKSWAGEN,미상,5411256,1,B25J-0009/1656,GRAY,,False,False,False,False,False,False,False,
16/555615,11279504,2019-08-29,Robot system and control method thereof,"HITACHI TRANSPORT SYSTEM, LTD.",HITACHI TRANSPORT SYSTEM,HITACHI TRANSPORT SYSTEM,JP,5411769,1,B25J-0009/1687,GRAY,,False,True,False,False,False,True,False,
16/611602,11420323,2017-05-16,Method and control system for controlling movement sequences of a robot,ABB SCHWEIZ AG,ABB SCHWEIZ,ABB,CH,5413945,1,B25J-0009/0093,GRAY,,False,True,False,False,False,False,False,
16/613867,12103183,2018-05-07,Robot controller,KUKA DEUTSCHLAND GMBH,KUKA DEUTSCHLAND,KUKA,DE,5414532,1,B25J-0009/1633,GRAY,,False,True,True,False,False,False,False,
16/684625,11548168,2019-11-15,"Control device, robot control method, and robot control system",TELEXISTENCE INC.,TELEXISTENCE,TELEXISTENCE,JP,5415065,1,B25J-0013/08,GRAY,,False,True,False,False,False,False,False,
16/684624,11541546,2019-11-15,"Sensation imparting device, robot control system, and robot control method",TELEXISTENCE INC.,TELEXISTENCE,TELEXISTENCE,JP,5415134,1,B25J-0009/1694,GRAY,,False,True,False,False,False,False,False,
16/614510,11167416,2018-05-17,Speed reducer angular transmission error identification system and speed reducer angular transmission error identification method,KAWASAKI JUKOGYO KABUSHIKI KAISHA,KAWASAKI JUKOGYO,KAWASAKI HEAVY INDUSTRIES,JP,5415154,1,B25J-0009/1653,GRAY,,False,True,False,False,False,False,False,
16/614987,11701770,2018-05-17,Robot system and method of controlling robot system,KAWASAKI JUKOGYO KABUSHIKI KAISHA,KAWASAKI JUKOGYO,KAWASAKI HEAVY INDUSTRIES,JP,5415297,1,B25J-0003/04,GRAY,,False,True,False,False,False,False,False,
16/617790,11839985,2018-05-17,Control of a robot assembly,KUKA DEUTSCHLAND GMBH,KUKA DEUTSCHLAND,KUKA,DE,5418179,1,B25J-0009/1697,GRAY,,False,False,False,False,False,False,False,
16/617596,11413749,2018-05-23,"Drive unit of an automation component, in particular a gripping, clamping, and changing or pivoting unit",SCHUNK GMBH & CO. KG SPANN-UND GREIFTECHNIK,SCHUNK & CO KG SPANN-UND GREIFTECHNIK,SCHUNK & CO KG SPANN-UND GREIFTECHNIK,DE,5418186,1,B25J-0009/1643,GRAY,,False,False,False,False,False,False,False,
16/622642,11260527,2018-05-14,Controlling a robot,KUKA DEUTSCHLAND GMBH,KUKA DEUTSCHLAND,KUKA,DE,5423159,2,B25J-0009/1633,GRAY,,False,False,False,False,False,False,False,
16/420852,11285611,2019-05-23,Robot and method of controlling thereof,LG ELECTRONICS INC.,LG ELECTRONICS,LG,KR,5424390,1,B25J-0009/1697,GRAY,,False,True,False,False,False,False,False,
16/591637,11230004,2019-10-03,Robot system and robot control method,KABUSHIKI KAISHA YASKAWA DENKI,YASKAWA DENKI,YASKAWA,JP,5424895,1,B25J-0009/1664,GRAY,,False,False,False,False,False,False,False,
16/666556,11173614,2019-10-29,Control apparatus and robot system,Seiko Epson Corporation,SEIKO EPSON,SEIKO EPSON,미상,5429548,1,B25J-0009/1666,GRAY,,False,True,False,False,False,False,False,
16/031981,10723025,2018-07-10,Computer-implemented methods and systems for generating material processing robotic tool paths,"HYPERTHERM, INC.",HYPERTHERM,HYPERTHERM,US,5432506,2,B25J-0009/1643,GRAY,,False,False,False,False,False,False,False,
16/629995,11148298,2018-07-11,Arrangement for an articulated arm robot and method for determining the positioning of a mount for an end effector of an articulated arm robot,Alina Grädener | Leo Rokeach,ALINA GRÄDENER,ALINA GRÄDENER,DE,5432514,1,B25J-0013/088,GRAY,,False,True,False,False,False,False,False,
16/726302,11613013,2019-12-24,Robot control device,"PANASONIC INTELLECTUAL PROPERTY MANAGEMENT CO., LTD.",PANASONIC INTELLECTUAL PROPERTY MANAGEMENT,PANASONIC,JP,5433003,1,B25J-0009/1635,GRAY,,False,True,False,False,False,False,False,
17/299202,12070866,2019-11-14,Articulated-arm robot,SIEMENS AKTIENGESELLSCHAFT,SIEMENS,SIEMENS,DE,5438312,1,B25J-0009/1674,GRAY,,False,True,False,False,False,False,False,
16/700323,11305426,2019-12-02,Robot for mapping a synthetic sports ground,MABIS,MABIS,MABIS,FR,5439775,1,B25J-0009/1664,GRAY,,False,False,False,False,False,False,False,
16/636497,11478932,2018-06-18,"Handling assembly comprising a handling device for carrying out at least one work step, method, and computer program",ROBERT BOSCH GMBH,ROBERT BOSCH,ROBERT BOSCH,DE,5440681,1,B25J-0009/1671,GRAY,,False,False,False,False,False,False,False,
16/214982,10976728,2018-12-10,Automatic process planning for robotic deburring operations,RAYTHEON TECHNOLOGIES CORPORATION,RAYTHEON TECHNOLOGIES,RAYTHEON TECHNOLOGIES,US,5442672,1,B25J-0013/085,GRAY,,False,False,False,False,False,False,False,
16/662287,11602854,2019-10-24,Method and apparatus for controlling behavior of service robot,"Samsung Electronics Co., Ltd.",SAMSUNG ELECTRONICS,SAMSUNG,KR,5445675,1,B25J-0009/1679,E_auto,제외전용신호+Tier신호없음,False,False,False,False,True,False,False,
16/643690,11331816,2018-08-24,Articulated robot,KAWASAKI JUKOGYO KABUSHIKI KAISHA,KAWASAKI JUKOGYO,KAWASAKI HEAVY INDUSTRIES,JP,5449158,1,B25J-0017/0258,GRAY,,False,True,False,False,False,False,False,
16/643680,11534918,2017-11-06,Device and method for controlling cooperative robot,"HANWHA CO., LTD.",HANWHA,HANWHA,KR,5451822,1,B25J-0009/1674,GRAY,,False,True,False,False,False,False,False,
16/831280,11358280,2020-03-26,"Method, device, and program for processing signals","HANWHA CO., LTD.",HANWHA,HANWHA,KR,5456954,1,B25J-0009/1689,GRAY,,False,False,False,False,False,False,False,
16/756856,11254016,2018-08-30,"Joint mechanism, method for controlling the same, multi-arm device, and robot",GUANGDONG O-MATIC INTELLIGENT ROBOT LIMITED,GUANGDONG O-MATIC INTELLIGENT ROBOT,GUANGDONG O-MATIC INTELLIGENT ROBOT,CN,5460995,1,B25J-0017/00,GRAY,,False,True,False,False,False,False,False,
16/569100,11185975,2019-09-12,Walking control system and control method of robot,Hyundai Motor Company | Kia Motors Corporation,HYUNDAI MOTOR,HYUNDAI MOTOR GROUP,KR,5461378,1,B25J-0009/0006,T1_auto,T1후보-제외신호동반(검증필요),True,True,False,True,False,False,False,
16/131016,10940588,2018-09-13,Hybrid delta robot,Neil Ludban,NEIL LUDBAN,NEIL LUDBAN,US,5464741,1,B25J-0009/1664,GRAY,,False,True,False,False,False,False,False,
16/806845,11813738,2020-03-02,Robot waist skeleton and robot,"CLOUDMINDS (BEIJING) TECHNOLOGIES CO., LTD. | CLOUDMINDS ROBOTICS CO., LTD.",CLOUDMINDS (BEIJING) TECHNOLOGIES,CLOUDMINDS (BEIJING) TECHNOLOGIES,CN,5465833,1,B25J-0017/00,GRAY,,False,False,False,False,False,False,False,
16/802849,11518037,2020-02-27,Robot system and control method,SEIKO EPSON CORPORATION,SEIKO EPSON,SEIKO EPSON,미상,5465877,1,B25J-0009/1687,GRAY,,False,True,False,False,False,False,False,
16/761059,11826912,2018-10-26,Method and control means for controlling a robot assembly,KUKA DEUTSCHLAND GMBH,KUKA DEUTSCHLAND,KUKA,DE,5466283,1,B25J-0009/1664,GRAY,,False,True,False,False,False,False,False,
16/762393,11633858,2018-10-24,Method and system for simulating a braking operation of a robot,KUKA DEUTSCHLAND GMBH,KUKA DEUTSCHLAND,KUKA,DE,5470490,1,B25J-0009/1602,GRAY,,False,False,False,False,False,False,False,
16/762338,11584018,2018-11-07,User interactive electronic system and method for controlling a robotic arm,TEENAGE ENGINEERING AB,TEENAGE ENGINEERING,TEENAGE ENGINEERING,SE,5471145,1,B25J-0011/003,GRAY,,False,True,False,False,False,False,False,
16/830439,11590665,2020-03-26,Robot,SEIKO EPSON CORPORATION,SEIKO EPSON,SEIKO EPSON,미상,5474723,1,B25J-0009/161,GRAY,,False,False,False,False,False,False,False,
16/882888,11642800,2020-05-26,Apparatus and method for use with robot,ABB SCHWEIZ AG,ABB SCHWEIZ,ABB,CH,5475070,1,B25J-0019/021,GRAY,,False,True,False,False,False,False,False,
16/766391,11541531,2018-11-13,Method for controlling a manipulation robot and device implementing such a method,COMMISSARIAT A L'ENERGIE ATOMIQUE ET AUX ENERGIES ALTERNATIVES,COMMISSARIAT A L'ENERGIE ATOMIQUE ET AUX ENERGIES ALTERNATIVES,COMMISSARIAT A L'ENERGIE ATOMIQUE ET AUX ENERGIES ALTERNATIVES,FR,5475244,1,B25J-0009/0081,GRAY,,False,True,False,False,False,False,False,
16/767766,11826911,2018-11-20,Method and system for controlling a robot,KUKA DEUTSCHLAND GMBH,KUKA DEUTSCHLAND,KUKA,DE,5475334,1,B25J-0009/1643,GRAY,,False,False,False,False,False,False,False,
15/827334,10828778,2017-11-30,Method for operating a robot,ABB SCHWEIZ AG,ABB SCHWEIZ,ABB,CH,5476076,1,B25J-0009/1671,GRAY,,False,True,False,False,False,False,False,
16/844859,11518050,2020-04-09,Robot,"CLOUDMINDS ROBOTICS CO., LTD.",CLOUDMINDS ROBOTICS,CLOUDMINDS ROBOTICS,CN,5479412,1,B25J-0019/007,GRAY,,False,True,False,False,False,False,False,
16/905904,11325249,2020-06-18,Modular robot control method and system,"Beijing KEYi Technology Co., Ltd.",BEIJING KEYI TECHNOLOGY,BEIJING KEYI TECHNOLOGY,CN,5483869,1,B25J-0009/1617,GRAY,,False,False,False,False,False,False,False,
15/860377,10913154,2018-01-02,Systems and method for robotic learning of industrial tasks based on human demonstration,GENERAL ELECTRIC COMPANY,GENERAL ELECTRIC,GENERAL ELECTRIC,US,5487359,1,B25J-0009/1664,GRAY,,False,False,False,False,False,False,False,
16/765444,11648678,2018-11-07,"Systems, devices, articles, and methods for calibration of rangefinders and robots",KINDRED SYSTEMS II INC. | OCADO CANADA HOLDINGS INC.,KINDRED SYSTEMS II,KINDRED SYSTEMS II,CA,5488845,1,B25J-0009/1692,GRAY,,False,True,False,False,False,False,False,
17/610168,12076865,2020-05-11,"Method, computer program product and robot control system for the contact-based localization of objects that can be moved when manipulated by robot, and robot",SIEMENS AKTIENGESELLSCHAFT,SIEMENS,SIEMENS,DE,5489317,1,B25J-0009/1633,GRAY,,False,True,False,False,False,False,False,
15/930473,11193755,2020-05-13,"Measurement system, measurement device, measurement method, and measurement program",OMRON CORPORATION,OMRON,OMRON,JP,5490334,1,B25J-0009/1697,GRAY,,False,True,False,False,False,False,False,
16/962210,11833696,2019-01-14,Vision-based sensor system and control method for robot arms,TECHNISCHE UNIVERSITÄT MÜNCHEN,TECHNISCHE UNIVERSITÄT MÜNCHEN,TECHNISCHE UNIVERSITÄT MÜNCHEN,DE,5491274,1,B25J-0009/1697,GRAY,,False,True,False,False,False,False,False,
16/941988,11926065,2020-07-29,Vision-based operation for robot,ABB SCHWEIZ AG,ABB SCHWEIZ,ABB,CH,5494534,1,B25J-0009/1697,GRAY,,False,True,False,False,False,False,False,
16/964605,11345024,2018-12-19,Drive device and robot device,SONY CORPORATION,SONY,SONY,JP,5494558,1,B25J-0009/102,GRAY,,False,False,False,False,False,False,False,
16/805226,11498220,2020-02-28,Control system and control method,OMRON Corporation,OMRON,OMRON,JP,5500003,1,B25J-0009/1692,GRAY,,False,False,False,False,False,False,False,
16/946358,11400588,2020-06-18,Robot control apparatus and robot control system,DAIHEN CORPORATION,DAIHEN,DAIHEN,JP,5500213,1,B25J-0009/161,GRAY,,False,False,False,False,False,False,False,
16/971915,12064870,2018-12-21,"Soundproofing device, robot apparatus, method for controlling robot apparatus, and program",SONY CORPORATION,SONY,SONY,JP,5502970,1,B25J-0009/0003,GRAY,,False,False,False,False,False,False,False,
15/947714,11633863,2018-04-06,Condition-based robot audio techniques,"DIGITAL DREAM LABS, INC.",DIGITAL DREAM LABS,DIGITAL DREAM LABS,US,5504380,1,B25J-0011/001,GRAY,,False,False,False,False,False,False,False,
16/970374,11420325,2018-03-05,"Method, apparatus and system for controlling a robot, and storage medium",OMRON CORPORATION,OMRON,OMRON,JP,5504981,1,B25J-0009/161,GRAY,,False,True,False,False,False,False,False,
16/969184,11945120,2019-02-19,"Robot control device, abnormality diagnosis method, and non-transitory computer readable medium",OMRON CORPORATION,OMRON,OMRON,JP,5506171,1,B25J-0009/1674,GRAY,,False,False,False,False,False,False,False,
16/977472,11673266,2019-02-20,Robot control device for issuing motion command to robot on the basis of motion sequence of basic motions,OMRON CORPORATION,OMRON,OMRON,JP,5508385,1,B25J-0009/1664,GRAY,,False,False,False,False,False,False,False,
16/980877,11819998,2019-02-21,Article transfer device,"ISHIDA CO., LTD.",ISHIDA,ISHIDA,JP,5510198,1,B25J-0009/1612,GRAY,,False,True,False,False,False,False,False,
17/029064,11110609,2020-09-23,Method for controlling a robot arm,ABB SCHWEIZ AG,ABB SCHWEIZ,ABB,CH,5517793,1,B25J-0009/1697,GRAY,,False,True,False,False,False,False,False,
17/048813,12005577,2019-04-16,Robot assembly,KUKA DEUTSCHLAND GMBH,KUKA DEUTSCHLAND,KUKA,DE,5518426,1,B25J-0009/161,GRAY,,False,True,False,False,False,False,False,
15/733744,11787037,2019-03-20,"Behavior estimation apparatus, behavior estimation method, and behavior estimation program",UNIVERSITY OF TSUKUBA,UNIVERSITY OF TSUKUBA,UNIVERSITY OF TSUKUBA,JP,5518957,1,B25J-0003/00,GRAY,,False,True,False,False,False,False,False,
16/997945,11745340,2020-08-20,Robot controller,KABUSHIKI KAISHA YASKAWA DENKI,YASKAWA DENKI,YASKAWA,JP,5519644,1,B25J-0009/1633,GRAY,,False,True,False,False,False,False,False,
17/046833,11938624,2018-04-24,Parallel kinematic robot,ABB SCHWEIZ AG,ABB SCHWEIZ,ABB,CH,5519787,1,B25J-0009/0051,GRAY,,False,False,False,False,False,False,False,
17/040075,11865723,2019-04-30,Control method for a robotic system,VANDERBILT UNIVERSITY,VANDERBILT UNIVERSITY,VANDERBILT UNIVERSITY,US,5523207,1,B25J-0009/1664,GRAY,,False,True,False,True,False,False,False,
17/054344,11820007,2018-05-11,Abnormality detection device and abnormality detection method,"NISSAN MOTOR CO., LTD.",NISSAN MOTOR,NISSAN MOTOR,JP,5524055,1,B25J-0009/1674,GRAY,,False,False,False,False,False,False,False,
17/046801,11850739,2019-02-22,"Robot control device, maintenance management method, and maintenance management program",OMRON CORPORATION,OMRON,OMRON,JP,5525164,1,B25J-0019/0066,GRAY,,False,False,False,False,False,False,False,
17/096999,11458629,2020-11-13,Robot system and method of operating the same,KAWASAKI JUKOGYO KABUSHIKI KAISHA,KAWASAKI JUKOGYO,KAWASAKI HEAVY INDUSTRIES,JP,5527141,1,B25J-0009/0087,GRAY,,False,False,False,False,False,False,False,
17/096180,11759953,2020-11-12,"Encoder abnormality detecting method, operation control device, robot, and robot system","PANASONIC INTELLECTUAL PROPERTY MANAGEMENT CO., LTD.",PANASONIC INTELLECTUAL PROPERTY MANAGEMENT,PANASONIC,JP,5527169,1,B25J-0009/1674,GRAY,,False,True,False,False,False,False,False,
16/953013,12017351,2020-11-19,"Remote control system, information processing method, and non-transitory computer-readable recording medium",TELEXISTENCE INC.,TELEXISTENCE,TELEXISTENCE,JP,5529077,1,B25J-0009/0081,GRAY,,False,True,False,False,False,False,False,
16/972449,11992953,2018-06-04,Abnormality determination device and abnormality determination method,"NISSAN MOTOR CO., LTD.",NISSAN MOTOR,NISSAN MOTOR,JP,5531216,1,B25J-0009/1674,GRAY,,False,False,False,False,False,False,False,
17/253973,11813755,2019-07-30,"Robot control device, robot control method, and robot control program","KABUSHIKI KAISHA KOBE SEIKO SHO (KOBE STEEL, LTD.)",KOBE SEIKO SHO (KOBE STEEL ),KOBE SEIKO SHO (KOBE STEEL ),JP,5536072,1,B25J-0009/1674,GRAY,,False,True,False,False,False,False,False,
17/253486,12036677,2019-06-12,Method and system for transferring an end effector of a robot between one end effector pose and a further end effector pose,KUKA DEUTSCHLAND GMBH,KUKA DEUTSCHLAND,KUKA,DE,5537240,1,B25J-0009/1643,GRAY,,False,False,False,False,False,False,False,
17/255110,11904479,2019-06-06,"Method for controlling drives of a robot, and robot system",SEW-EURODRIVE GMBH & CO. KG,SEW-EURODRIVE & CO KG,SEW-EURODRIVE & CO KG,DE,5537384,1,B25J-0009/1671,GRAY,,False,False,False,False,False,False,False,
17/091184,11660751,2020-11-06,"Method, robot system and computer readable medium for determining a safety zone and for path planning for robots",SIEMENS AKTIENGESELLSCHAFT,SIEMENS,SIEMENS,DE,5542328,1,B25J-0009/1666,GRAY,,False,True,False,False,False,False,False,
17/136344,11717961,2020-12-29,Robot control method and robot control device,"PANASONIC INTELLECTUAL PROPERTY MANAGEMENT CO., LTD.",PANASONIC INTELLECTUAL PROPERTY MANAGEMENT,PANASONIC,JP,5542959,1,B25J-0009/1641,GRAY,,False,True,False,False,False,False,False,
16/952740,11607812,2020-11-19,"Conveyance control system, conveyance control program, and conveyance control method",TOYOTA JIDOSHA KABUSHIKI KAISHA,TOYOTA JIDOSHA,TOYOTA,JP,5548027,1,B25J-0009/1679,GRAY,,False,False,False,False,False,False,False,
16/905881,11654548,2020-06-18,Subunit module for constructing modular robot,"BEIJING KEYI TECHNOLOGY CO., LTD.",BEIJING KEYI TECHNOLOGY,BEIJING KEYI TECHNOLOGY,CN,5548182,1,B25J-0009/08,GRAY,,False,False,False,False,False,False,False,
17/272974,11945113,2019-03-15,"Parameter adjustment device, parameter adjustment method, and program",OMRON CORPORATION,OMRON,OMRON,JP,5551873,1,B25J-0009/1612,GRAY,,False,True,False,False,False,False,False,
17/272487,12134190,2019-03-15,"Grasping position and orientation registration device, grasping position and orientation registration method, and program",OMRON CORPORATION,OMRON,OMRON,JP,5551874,1,B25J-0009/1612,GRAY,,False,True,False,False,False,False,False,
17/170911,11717962,2021-02-09,Method for controlling movement of a robot,ABB Schweiz AG,ABB SCHWEIZ,ABB,CH,5552556,1,B25J-0009/1651,GRAY,,False,True,False,False,False,False,False,
17/172098,11833697,2021-02-10,Method of programming an industrial robot,ABB Schweiz AG,ABB SCHWEIZ,ABB,CH,5555052,1,B25J-0009/1671,GRAY,,False,True,False,False,False,False,False,
16/541149,11648681,2019-08-15,Axis-invariant based multi-axis robot system inverse kinematics modeling and solving methods,Hehua Ju,HEHUA JU,HEHUA JU,CN,5555101,1,B25J-0009/1607,GRAY,,False,True,False,False,False,False,False,
17/267248,11794356,2019-07-24,Electric gripping device,KOREA ATOMIC ENERGY RESEARCH INSTITUTE,KOREA ATOMIC ENERGY RESEARCH INSTITUTE,KOREA ATOMIC ENERGY RESEARCH INSTITUTE,KR,5556475,1,B25J-0015/022,GRAY,,False,True,False,False,False,False,False,
16/552070,11654561,2019-08-27,Automated construction robot systems and methods,ASCEND ROBOTICS LLC,ASCEND ROBOTICS,ASCEND ROBOTICS,US,5560944,1,B25J-0009/1669,GRAY,,False,True,False,False,False,False,False,
17/192737,11992960,2021-03-04,"Robot system, control apparatus of robot system, control method of robot system, imaging apparatus, and storage medium",Canon Kabushiki Kaisha,CANON,CANON,JP,5564500,1,B25J-0009/1697,GRAY,,False,False,False,False,False,False,False,
16/137744,11241795,2018-09-21,"Soft package, robot system for processing the same, and method thereof","Beijing Jingdong Shangke Information Technology Co., Ltd. | JD.com American Technologies Corporation",BEIJING JINGDONG SHANGKE INFORMATION TECHNOLOGY,BEIJING JINGDONG SHANGKE INFORMATION TECHNOLOGY,CN,5566764,1,B25J-0009/1697,GRAY,,False,True,False,False,False,False,False,
16/831459,11318610,2020-03-26,Robotic gripper for writing and object creation,Tata Consultancy Services Limited,TATA CONSULTANCY SERVICES,TATA CONSULTANCY SERVICES,IN,5567212,1,B25J-0009/1633,GRAY,,False,True,False,False,False,False,False,
17/162191,11787043,2021-01-29,"Robot, vehicle for mounting robot, and mobile robot",SEIKO EPSON CORPORATION,SEIKO EPSON,SEIKO EPSON,미상,5570259,1,B25J-0009/12,GRAY,,False,True,False,False,False,False,False,
17/278879,11926036,2019-09-26,Information processing device and scheduling method,SONY CORPORATION,SONY,SONY,JP,5571668,1,B25J-0011/0045,GRAY,,False,False,False,False,False,False,False,
16/159383,11192253,2018-10-12,Systems and methods for conditional robotic teleoperation,"TOYOTA RESEARCH INSTITUTE, INC.",TOYOTA RESEARCH INSTITUTE,TOYOTA,US,5573330,1,B25J-0009/1689,GRAY,,False,True,False,False,False,False,False,
17/278321,12109693,2019-10-08,Control system and control method,OMRON CORPORATION,OMRON,OMRON,JP,5573691,1,B25J-0009/0084,GRAY,,False,False,False,False,False,False,False,
17/286239,11938621,2019-09-17,"Robot dual-joint unit, and legged robot and cooperative manipulator using the same","HANGZHOU YUSHU TECHNOLOGY CO.,LTD.",HANGZHOU YUSHU TECHNOLOGY COLTD,HANGZHOU YUSHU TECHNOLOGY COLTD,CN,5575699,1,B25J-0017/025,GRAY,,False,True,False,False,False,False,False,
17/187533,11759957,2021-02-26,System and method for member articulation,Hamilton Sundstrand Corporation,HAMILTON SUNDSTRAND,HAMILTON SUNDSTRAND,US,5578846,1,B25J-0009/1697,GRAY,,False,True,False,False,False,False,False,
17/293177,12059807,2018-11-12,Sensor-free force/torque sensing in an articulated electromechanical actuator-driven robot,MAGNA INTERNATIONAL INC.,MAGNA INTERNATIONAL,MAGNA INTERNATIONAL,CA,5583718,1,B25J-0009/1653,GRAY,,False,True,False,False,False,False,False,
17/190411,11878429,2021-03-03,"Robot control apparatus, robot control system, and robot control method",KABUSHIKI KAISHA YASKAWA DENKI,YASKAWA DENKI,YASKAWA,JP,5585586,1,B25J-0009/1674,GRAY,,False,True,False,False,False,False,False,
17/213285,11712803,2021-03-26,Teaching method,SEIKO EPSON CORPORATION,SEIKO EPSON,SEIKO EPSON,미상,5587859,1,B25J-0009/1656,GRAY,,False,True,False,False,False,False,False,
17/270442,11745355,2019-10-17,"Control device, control method, and non-transitory computer-readable storage medium",OMRON CORPORATION,OMRON,OMRON,JP,5589056,1,B25J-0009/1697,GRAY,,False,True,False,False,False,False,False,
17/214908,12122989,2021-03-28,"Cell production apparatus, cell production method, computer-readable storage medium, and cell production system",KABUSHIKI KAISHA YASKAWA DENKI,YASKAWA DENKI,YASKAWA,JP,5590591,1,B25J-0009/1697,GRAY,,False,False,False,False,False,False,False,
17/209436,11639002,2021-03-23,"Control system, control method, and program",TOYOTA JIDOSHA KABUSHIKI KAISHA,TOYOTA JIDOSHA,TOYOTA,JP,5590592,1,B25J-0013/006,GRAY,,False,False,False,False,False,False,False,
17/418997,12036675,2019-12-27,"Robot control device, robot system, and robot control method",KAWASAKI JUKOGYO KABUSHIKI KAISHA,KAWASAKI JUKOGYO,KAWASAKI HEAVY INDUSTRIES,JP,5599298,1,B25J-0009/163,GRAY,,False,False,False,False,False,False,False,
17/275311,12049011,2019-11-27,"Robot control device, robot control method, and recording medium storing robot control program",OMRON CORPORATION,OMRON,OMRON,JP,5604847,1,B25J-0009/1666,GRAY,,False,True,False,False,False,False,False,
17/424017,11992957,2019-02-05,Mounting-related device and rail device,FUJI CORPORATION,FUJI,FUJI,JP,5611040,1,B25J-0009/1682,GRAY,,False,True,False,False,False,False,False,
16/297030,11613018,2019-03-08,Robotic manipulation intelligence systems and methods for automatic restocking of items in retail store environments,ABB SCHWEIZ AG,ABB SCHWEIZ,ABB,CH,5620829,1,B25J-0009/1669,GRAY,,False,True,False,False,False,False,False,
17/360676,11707841,2021-06-28,Automated fiber bundle placement apparatus,TSUDAKOMA KOGYO KABUSHIKI KAISHA,TSUDAKOMA KOGYO,TSUDAKOMA KOGYO,JP,5621799,1,B25J-0009/1633,GRAY,,False,True,False,False,False,False,False,
17/275307,11981032,2019-03-15,"Robot control device, method and program for a recovery after an obstruction",OMRON CORPORATION,OMRON,OMRON,JP,5622282,1,B25J-0009/1664,GRAY,,False,True,False,False,False,False,False,
17/432965,11878414,2020-03-10,Joint structure of robot,KAWASAKI JUKOGYO KABUSHIKI KAISHA,KAWASAKI JUKOGYO,KAWASAKI HEAVY INDUSTRIES,JP,5623458,1,B25J-0009/106,GRAY,,False,True,False,False,False,False,False,
16/750855,11511425,2020-01-23,Robot stopping parallel to installed object and method of stopping the same,LG ELECTRONICS INC.,LG ELECTRONICS,LG,KR,5624603,1,B25J-0009/1666,GRAY,,False,False,False,False,False,False,False,
17/599181,11919167,2020-03-19,Specifying safe velocities for a robot manipulator,FRANKA EMIKA GMBH,FRANKA EMIKA,FRANKA,DE,5629204,1,B25J-0009/1651,GRAY,,False,True,False,False,False,False,False,
16/832690,11642796,2020-03-27,Tactile perception apparatus for robotic systems,"RIOS INTELLIGENT MACHINES, INC.",RIOS INTELLIGENT MACHINES,RIOS INTELLIGENT MACHINES,US,5631159,2,B25J-0015/08,GRAY,,False,True,False,False,False,False,False,
16/385592,11312581,2019-04-16,Object grasp system and method,ABB SCHWEIZ AG,ABB SCHWEIZ,ABB,CH,5634839,1,B25J-0009/1612,GRAY,,False,True,False,False,False,False,False,
17/617673,11820024,2019-06-17,"Coordinate system calibration method, device, and computer readable medium","SIEMENS LTD., CHINA",SIEMENS CHINA,SIEMENS CHINA,CN,5640840,1,B25J-0009/1692,GRAY,,False,True,False,False,False,False,False,
17/594512,11426873,2020-06-05,"Sorting system, mobile robot, method for operating a sorting system, computer program product and computer-readable medium",BYSTRONIC LASER AG,BYSTRONIC LASER,BYSTRONIC LASER,CH,5641550,1,B25J-0009/1669,GRAY,,False,True,False,False,False,True,False,
16/527076,11633848,2019-07-31,Independent pan of coaxial robotic arm and perception housing,X Development LLC,X DEVELOPMENT,ALPHABET,US,5646127,1,B25J-0009/102,GRAY,,False,True,False,False,False,False,False,
16/792088,11865714,2020-02-14,Robotic limb,"Samsung Electronics Co., Ltd. | Samsung Electronics Company, Ltd.",SAMSUNG ELECTRONICS,SAMSUNG,KR,5646662,1,B25J-0009/0018,GRAY,,False,True,True,False,False,False,False,
17/615449,12109683,2019-06-06,"Tactile sensor, robot hand, and robot",OMRON CORPORATION,OMRON,OMRON,JP,5650168,1,B25J-0013/082,GRAY,,False,True,False,False,False,False,False,
17/490363,11878430,2021-09-30,Handling appliance having an adaptive collision protection system,ROBERT BOSCH GMBH,ROBERT BOSCH,ROBERT BOSCH,DE,5651490,1,B25J-0009/1676,GRAY,,False,True,False,False,False,False,False,
17/575549,12109694,2022-01-13,Industrial robot,BECKHOFF AUTOMATION GMBH,BECKHOFF AUTOMATION,BECKHOFF AUTOMATION,DE,5655099,1,B25J-0009/08,GRAY,,False,True,False,False,False,False,False,
16/541541,11235459,2019-08-15,Inverse kinematic solver for wrist offset robots,INTRINSIC INNOVATION LLC,INTRINSIC INNOVATION,ALPHABET,US,5657643,1,B25J-0009/1607,GRAY,,False,True,False,False,False,False,False,
17/624013,11999049,2020-07-03,Tactile feedback of an end effector of a robot manipulator over different orientation ranges,FRANKA EMIKA GMBH,FRANKA EMIKA,FRANKA,DE,5660046,1,B25J-0009/1633,GRAY,,False,True,False,False,False,False,False,
17/574577,12138796,2022-01-13,Torque control of a motor,KABUSHIKI KAISHA YASKAWA DENKI,YASKAWA DENKI,YASKAWA,JP,5662752,1,B25J-0009/1633,GRAY,,False,True,False,False,False,False,False,
17/615676,12090634,2020-07-03,Robot cell for machine tool or assembly machine,INDUSTRIE-PARTNER GMBH RADEBEUL-COSWIG,INDUSTRIE-PARTNER RADEBEUL-COSWIG,INDUSTRIE-PARTNER RADEBEUL-COSWIG,DE,5665426,1,B25J-0013/089,GRAY,,False,True,False,False,False,False,False,
17/206426,11433530,2021-03-19,Mobile robotic manipulator with telepresence system,TATA CONSULTANCY SERVICES LIMITED,TATA CONSULTANCY SERVICES,TATA CONSULTANCY SERVICES,IN,5674438,1,B25J-0009/0009,GRAY,,False,True,False,False,False,False,False,
17/633284,12070864,2019-08-22,"Robot control system, robot control method, and recording medium",NEC CORPORATION,NEC,NEC,JP,5675449,1,B25J-0009/1661,GRAY,,False,False,False,False,False,False,False,
17/199182,11794347,2021-03-11,Navigation of tele-robot in dynamic environment using in-situ intelligence,TATA CONSULTANCY SERVICES LIMITED,TATA CONSULTANCY SERVICES,TATA CONSULTANCY SERVICES,IN,5682241,1,B25J-0009/1689,GRAY,,False,False,False,False,False,False,False,
17/753630,11820006,2019-09-27,Apparatus and method for calibrating laser displacement sensor for use with robot,ABB SCHWEIZ AG,ABB SCHWEIZ,ABB,CH,5686886,1,B25J-0019/022,GRAY,,False,False,False,False,False,False,False,
17/194978,11820004,2021-03-08,Transportation apparatus and transportation robot provided with transportation apparatus,"HAI ROBOTICS CO., LTD.",HAI ROBOTICS,HAI ROBOTICS,CN,5689226,1,B25J-0018/025,GRAY,,False,True,False,False,False,True,False,
16/591014,11389968,2019-10-02,Systems and methods for determining pose of objects held by flexible end effectors,"TOYOTA RESEARCH INSTITUTE, INC.",TOYOTA RESEARCH INSTITUTE,TOYOTA,US,5689886,1,B25J-0009/1612,GRAY,,False,True,False,False,False,False,False,
17/775997,12115680,2019-12-03,Computerized engineering tool and methodology to develop neural skills for a robotics system,SIEMENS AKTIENGESELLSCHAFT,SIEMENS,SIEMENS,DE,5698269,1,B25J-0009/1671,GRAY,,False,True,False,False,False,False,False,
17/772074,11642789,2020-10-30,Automatic calibration method and device for robot vision system,NEUROMEKA,NEUROMEKA,NEUROMEKA,KR,5699153,1,B25J-0009/1692,GRAY,,False,False,False,False,False,False,False,
17/783650,12090630,2020-12-11,Robot system,KAWASAKI JUKOGYO KABUSHIKI KAISHA,KAWASAKI JUKOGYO,KAWASAKI HEAVY INDUSTRIES,JP,5713803,1,B25J-0013/02,GRAY,,False,True,False,False,False,False,False,
17/788772,12097627,2020-12-21,"Control apparatus for robotic system, control method for robotic system, computer-readable storage medium storing a computer control program, and robotic system",OMRON CORPORATION,OMRON,OMRON,JP,5727309,1,B25J-0009/1697,GRAY,,False,True,False,False,False,False,False,
17/702904,12053895,2022-03-24,Capturing environmental scans using automated transporter robot,"FARO TECHNOLOGIES, INC.",FARO TECHNOLOGIES,FARO TECHNOLOGIES,US,5738162,1,B25J-0009/1697,GRAY,,False,False,False,False,False,False,False,
17/301765,11919150,2021-04-14,Securement apparatus and method of use,"Muth Mirror Systems, LLC",MUTH MIRROR SYSTEMS,MUTH MIRROR SYSTEMS,US,5757387,1,B25J-0015/0052,GRAY,,False,True,False,False,False,False,False,
17/214810,11975451,2021-03-27,Simulation-in-the-loop tuning of robot parameters for system modeling and control,"Mitsubishi Electric Research Laboratories, Inc.",MITSUBISHI ELECTRIC RESEARCH LABORATORIES,MITSUBISHI ELECTRIC,US,5769390,1,B25J-0009/163,GRAY,,False,True,False,False,False,False,False,
18/012061,11865706,2021-07-02,Robot,DAILY COLOR INC.,DAILY COLOR,DAILY COLOR,JP,5784220,1,B25J-0005/00,GRAY,,False,False,False,False,False,False,False,
17/992349,11964388,2022-11-22,Continuum arm robot,ROLLS-ROYCE plc,ROLLS-ROYCE,ROLLS-ROYCE,GB,5802245,1,B25J-0009/065,GRAY,,False,True,False,False,False,False,False,
17/648869,12059814,2022-01-25,Object-based robot control,"Boston Dynamics, Inc.",BOSTON DYNAMICS,HYUNDAI MOTOR GROUP(2021~)/구글·소프트뱅크(이전),US,5856695,1,B25J-0009/1689,GRAY,,False,False,False,False,False,False,False,
17/982868,11839970,2022-11-08,System and method for preventing debris buildup in vacuum sensor lines,"MATERIAL HANDLING SYSTEMS, INC.",MATERIAL HANDLING SYSTEMS,MATERIAL HANDLING SYSTEMS,US,5957390,1,B25J-0015/0616,GRAY,,False,False,False,False,False,False,False,
16/935810,11597077,2020-07-22,Cable suspended robot for industrial plants,SAUDI ARABIAN OIL COMPANY,SAUDI ARABIAN OIL,SAUDI ARABIAN OIL,SA,8894483,1,B25J-0009/0078,GRAY,,False,False,False,False,False,False,False,
14/662696,9545721,2015-03-19,"Robotic device, method for controlling robotic device, and computer program",Seiko Epson Corporation,SEIKO EPSON,SEIKO EPSON,JP,16111459,2,B25J-0009/1694,GRAY,,False,True,False,False,False,False,False,
14/990913,10131054,2016-01-08,"Object gripping system, object gripping method, storage medium and robot system",Canon Kabushiki Kaisha,CANON,CANON,JP,16125220,1,B25J-0009/1679,GRAY,,False,True,False,False,False,False,False,
15/944146,10814476,2018-04-03,Robot system,Seiko Epson Corporation,SEIKO EPSON,SEIKO EPSON,JP,16146150,1,B25J-0009/0093,GRAY,,False,True,False,False,False,False,False,
15/413772,10293484,2017-01-24,Robot device and method of controlling the robot device,SONY CORPORATION,SONY,SONY,JP,16270978,1,B25J-0009/1666,GRAY,,False,True,False,False,False,False,False,
15/258436,9908241,2016-09-07,"Robot device, method of controlling the same, computer program, and robot system",SONY CORPORATION,SONY,SONY,JP,16306994,2,B25J-0009/1697,GRAY,,False,True,False,False,False,False,False,
15/193715,9950425,2016-06-27,Robot control apparatus and robot system,Seiko Epson Corporation,SEIKO EPSON,SEIKO EPSON,JP,16341691,1,B25J-0009/1602,GRAY,,False,False,False,False,False,False,False,
14/590032,9463573,2015-01-06,"Robot control system, robot system, and sensor information processing apparatus",Seiko Epson Corporation,SEIKO EPSON,SEIKO EPSON,JP,16364568,1,B25J-0009/1694,GRAY,,False,True,False,False,False,False,False,
14/807643,10239204,2015-07-23,Method of controlling robot and robot,Seiko Epson Corporation,SEIKO EPSON,SEIKO EPSON,JP,16406535,1,B25J-0009/1607,GRAY,,False,False,False,False,False,False,False,
14/594723,9211642,2015-01-12,"Robot apparatus, assembling method, and recording medium",Seiko Epson Corporation,SEIKO EPSON,SEIKO EPSON,JP,16416026,1,B25J-0009/1633,GRAY,,False,True,False,False,False,False,False,
14/672291,9527214,2015-03-30,"Robot apparatus, method for controlling the same, and computer program",Sony Corporation,SONY,SONY,JP,16436646,2,B25J-0009/1697,GRAY,,False,False,False,False,False,False,False,
15/058706,10399222,2016-03-02,Robot,Seiko Epson Corporation,SEIKO EPSON,SEIKO EPSON,JP,16535448,2,B25J-0009/1651,GRAY,,False,False,False,False,False,False,False,
15/098230,10183397,2016-04-13,"Robot device, robot control method, program, and recording medium",Canon Kabushiki Kaisha,CANON,CANON,JP,16667102,1,B25J-0009/1633,GRAY,,False,True,False,False,False,False,False,
15/014274,9895800,2016-02-03,"Robot, robot control device, and robot system",Seiko Epson Corporation,SEIKO EPSON,SEIKO EPSON,JP,16686411,1,B25J-0009/1628,GRAY,,False,True,False,False,False,False,False,
15/352389,10232509,2016-11-15,Robot apparatus,Canona Kabushiki Kaisha | CANON KABUSHIKI KAISHA,CANONA,CANON,JP,16773702,1,B25J-0009/163,GRAY,,False,True,False,False,False,False,False,
15/671652,9999974,2017-08-08,Robot,Seiko Epson Corporation,SEIKO EPSON,SEIKO EPSON,JP,16777215,1,B25J-0009/1641,GRAY,,False,True,False,False,False,False,False,
15/873848,10661443,2018-01-17,"Robot apparatus, robot controlling method, program and recording medium",CANON KABUSHIKI KAISHA,CANON,CANON,JP,16798327,1,B25J-0013/088,GRAY,,False,True,False,False,False,False,False,
14/618326,9517563,2015-02-10,Robot system using visual feedback,FANUC CORPORATION,FANUC,FANUC,JP,16813467,1,B25J-0009/1697,GRAY,,False,True,False,False,False,False,False,
14/623044,9604360,2015-02-16,Robot system for preventing accidental dropping of conveyed objects,Fanuc Corporation,FANUC,FANUC,JP,16813487,1,B25J-0009/163,GRAY,,False,True,False,False,False,True,False,
14/618184,9327399,2015-02-10,Movement control method for mobile robot,TOYOTA JIDOSHA KABUSHIKI KAISHA,TOYOTA JIDOSHA,TOYOTA,JP,16813505,1,B25J-0009/1605,GRAY,,False,True,False,False,False,False,False,
14/590223,9452532,2015-01-06,"Robot, device and method for controlling robot, and computer-readable non-transitory recording medium","Panasonic Intellectual Property Management Co., Ltd.",PANASONIC INTELLECTUAL PROPERTY MANAGEMENT,PANASONIC,JP,16818975,1,B25J-0009/1676,GRAY,,False,True,False,False,False,False,False,
14/638465,9687985,2015-03-04,"Robot hand having workpiece positioning function, robot system, and method of positioning and gripping workpiece",Fanuc Corporation,FANUC,FANUC,JP,16829844,1,B25J-0015/0616,GRAY,,False,True,False,False,False,False,False,
14/616992,9327408,2015-02-09,Robot control device detecting contact with external environment,FANUC CORPORATION,FANUC,FANUC,JP,16830165,1,B25J-0013/085,GRAY,,False,True,False,False,False,False,False,
14/644829,9481091,2015-03-11,Robot system for taking out bulk stacked workpieces and judgment method for judging workpiece gripping state,Fanuc Corporation,FANUC,FANUC,JP,16830167,1,B25J-0009/1697,GRAY,,False,True,False,False,False,False,False,
14/667301,9701017,2015-03-24,Process application robot system having function for managing process condition,FANUC CORPORATION,FANUC,FANUC,JP,16844301,1,B25J-0009/1656,GRAY,,False,True,False,False,False,False,False,
14/639209,9302398,2015-03-05,Robot system for determining operator by biometric authentication,FANUC CORPORATION,FANUC,FANUC,JP,16844318,1,B25J-0019/06,GRAY,,False,True,False,False,False,False,False,
14/684930,9566707,2015-04-13,Robot controller and robot system for moving robot in response to force,FANUC CORPORATION,FANUC,FANUC,JP,16856776,1,B25J-0009/0081,GRAY,,False,True,False,False,False,False,False,
14/684625,9623567,2015-04-13,Robot control device for controlling robot moved according to applied force,FANUC CORPORATION,FANUC,FANUC,JP,16856777,1,B25J-0013/085,GRAY,,False,True,False,False,False,False,False,
14/684806,9662790,2015-04-13,Robot controller and robot system for moving robot in response to force,FANUC CORPORATION,FANUC,FANUC,JP,16856778,1,B25J-0009/161,GRAY,,False,False,False,False,False,False,False,
14/684655,9555548,2015-04-13,Robot control device for controlling robot moved according to applied force,FANUC CORPORATION,FANUC,FANUC,JP,16856779,1,B25J-0009/1694,GRAY,,False,True,False,False,False,False,False,
14/686931,10005186,2015-04-15,Workpiece conveying device having positioning structure,Fanuc Corporation,FANUC,FANUC,JP,16857836,1,B25J-0015/0028,GRAY,,False,True,False,False,False,False,False,
14/698322,9682478,2015-04-28,Safety monitoring device for robot gripping and carrying workpiece,Fanuc Corporation,FANUC,FANUC,JP,16861442,1,B25J-0009/1674,GRAY,,False,True,False,False,False,False,False,
14/693939,9676099,2015-04-23,Control device for performing flexible control of robot,FANUC CORPORATION,FANUC,FANUC,JP,16861445,1,B25J-0009/1633,GRAY,,False,False,False,False,False,False,False,
14/708005,9604364,2015-05-08,Picking apparatus and picking method,TOSHIBA KIKAI KABUSHIKI KAISHA,TOSHIBA KIKAI,TOSHIBA KIKAI,JP,16864752,1,B25J-0009/1697,GRAY,,False,True,False,False,False,False,False,
14/708411,10471603,2015-05-11,System for conveying workpiece having external force monitoring function,FANUC CORPORATION,FANUC,FANUC,JP,16868945,1,B25J-0013/085,GRAY,,False,False,False,False,False,False,False,
15/476808,10363660,2017-03-31,"Robot system controlling method, program, recording medium, robot system, and diagnosis apparatus",Canon Kabushiki Kaisha,CANON,CANON,JP,16868953,1,B25J-0009/1676,GRAY,,False,True,False,False,False,False,False,
14/725421,9586321,2015-05-29,"Robot, control method of robot, and control device of robot",Seiko Epson Corporation,SEIKO EPSON,SEIKO EPSON,JP,16875637,1,B25J-0009/1697,GRAY,,False,True,False,False,False,False,False,
14/726992,9802319,2015-06-01,"Robot, robot system, and control method",Seiko Epson Corporation,SEIKO EPSON,SEIKO EPSON,JP,16875645,1,B25J-0009/1697,GRAY,,False,True,False,False,False,False,False,
14/734458,9908242,2015-06-09,Robot control device provided with function of reflecting points of difference of setting data compared with,FANUC CORPORATION,FANUC,FANUC,JP,16879531,1,B25J-0013/06,GRAY,,False,False,False,False,False,False,False,
14/742090,9821459,2015-06-17,Multi-joint robot having function for repositioning arm,FANUC CORPORATION,FANUC,FANUC,JP,16887492,1,B25J-0009/1633,GRAY,,False,True,False,False,False,False,False,
14/794338,9701014,2015-07-08,Robot control device for preventing misjudgment by collision judging part,FANUC CORPORATION,FANUC,FANUC,JP,16896192,1,B25J-0009/1612,GRAY,,False,True,False,False,False,False,False,
14/794396,9682475,2015-07-08,Robot program modification system,FANUC CORPORATION,FANUC,FANUC,JP,16896197,1,B25J-0009/163,GRAY,,False,False,False,False,False,False,False,
14/797926,10427302,2015-07-13,Robot control apparatus capable of transferring workpiece having parameter exceeding rated workpiece parameter,FANUC CORPORATION,FANUC,FANUC,JP,16896983,1,B25J-0009/1674,GRAY,,False,False,False,False,False,False,False,
14/800804,10105846,2015-07-16,Robot control system having stop function,FANUC CORPORATION,FANUC,FANUC,JP,16899542,1,B25J-0009/1674,GRAY,,False,True,False,False,False,False,False,
14/810964,9492921,2015-07-28,Robot controller having detachable teaching pendant,FANUC CORPORATION,FANUC,FANUC,JP,16904824,1,B25J-0009/0081,GRAY,,False,False,False,False,False,False,False,
14/817247,9895806,2015-08-04,Control device for robot that performs work by pressing tool against workpiece,FANUC CORPORATION,FANUC,FANUC,JP,16910585,1,B25J-0009/1679,GRAY,,False,False,False,False,False,False,False,
14/833541,10265860,2015-08-24,Method and apparatus for controlling operations of robot,DENSO WAVE INCORPORATED,DENSO WAVE,DENSO,JP,16914478,1,B25J-0013/088,GRAY,,False,True,False,False,False,False,False,
14/827924,9902059,2015-08-17,"Robot teaching apparatus, method, and robot system",Canon Kabushiki Kaisha,CANON,CANON,JP,16917795,1,B25J-0009/0081,GRAY,,False,True,False,False,False,False,False,
14/843523,10065306,2015-09-02,"Traveling robot, motion planning method for traveling robot, and storage medium storing program for traveling robot",TOYOTA JIDOSHA KABUSHIKI KAISHA,TOYOTA JIDOSHA,TOYOTA,JP,16919912,1,B25J-0005/007,GRAY,,False,True,False,False,False,False,False,
15/508443,10195748,2015-08-31,Humanoid robot,INTERMAN CORPORATION,INTERMAN,INTERMAN,JP,16922021,1,B25J-0015/12,T1_auto,휴머노이드명시/전건T1_OEM,True,False,False,False,False,False,False,
15/842423,10618176,2017-12-14,"Robot apparatus, robot control method, program, and recording medium",Canon Kabushiki Kaisha,CANON,CANON,JP,16928749,1,B25J-0009/1694,GRAY,,False,True,False,False,False,False,False,
14/851476,9694499,2015-09-11,Article pickup apparatus for picking up randomly piled articles,Fanuc Corporation,FANUC,FANUC,JP,16928758,1,B25J-0009/1697,GRAY,,False,False,False,False,False,False,False,
14/854088,9782898,2015-09-15,Robot controller for avoiding problem regarding robot at the time of emergency stop,FANUC CORPORATION,FANUC,FANUC,JP,16931823,1,B25J-0009/1676,GRAY,,False,False,False,False,False,False,False,
14/862249,9636827,2015-09-23,Robot system for performing force control,FANUC CORPORATION,FANUC,FANUC,JP,16934119,1,B25J-0011/005,GRAY,,False,True,False,False,False,False,False,
14/858287,9908237,2015-09-18,Compliant motion control for robot,Seiko Epson Corporation | Tahoku University | Tohoku University,SEIKO EPSON,SEIKO EPSON,JP,16934620,1,B25J-0009/1633,GRAY,,False,False,False,False,False,False,False,
14/874575,9718189,2015-10-05,Robot teaching device for teaching robot offline,FANUC CORPORATION,FANUC,FANUC,JP,16939887,1,B25J-0009/1687,GRAY,,False,False,False,False,False,False,False,
14/854792,10759064,2015-09-15,Robot and method for designing robot shape,DENSO WAVE INCORPORATED | DENSO CORPORATION,DENSO WAVE,DENSO,JP,16945902,1,B25J-0019/007,GRAY,,False,True,False,False,False,False,False,
14/937883,10052765,2015-11-11,Robot system having augmented reality-compatible display,FANUC CORPORATION,FANUC,FANUC,JP,16969941,1,B25J-0009/1671,GRAY,,False,False,False,False,False,False,False,
15/450402,10173326,2017-03-06,Industrial robot teaching method with calculating a position,NIDEC SANKYO CORPORATION,NIDEC SANKYO,NIDEC SANKYO,JP,16969943,1,B25J-0009/1697,GRAY,,False,True,False,False,False,False,False,
14/943608,9505129,2015-11-17,Robot control device for stopping robot by detecting contact force with person,FANUC CORPORATION,FANUC,FANUC,JP,16975219,1,B25J-0009/1676,GRAY,,False,False,False,False,False,False,False,
14/990115,9636823,2016-01-07,Robot control device for updating rotation angle by plurality of rotation angle detectors,Fanuc Corporation,FANUC,FANUC,JP,16982409,1,B25J-0009/1664,GRAY,,False,True,False,False,False,False,False,
14/988129,10173321,2016-01-05,Robot system provided with a plurality of controllers which operate a plurality of industrial robots,DENSO WAVE INCORPORATED,DENSO WAVE,DENSO,JP,16982441,1,B25J-0009/1674,GRAY,,False,False,False,False,False,False,False,
14/991220,9884424,2016-01-08,Display control apparatus and method for same,CANON KABUSHIKI KAISHA,CANON,CANON,JP,16985154,1,B25J-0009/1697,GRAY,,False,False,False,False,False,False,False,
15/000714,9737991,2016-01-19,Robot control device controlling robot based on external force applied to robot and robot system,FANUC CORPORATION,FANUC,FANUC,JP,16988945,1,B25J-0009/1674,GRAY,,False,True,False,False,False,False,False,
14/809694,10618169,2015-07-27,Robot,"JANOME SEWING MACHINE CO., LTD.",JANOME SEWING MACHINE,JANOME SEWING MACHINE,JP,16991240,1,B25J-0009/1674,GRAY,,False,False,False,False,False,False,False,
15/002831,10201901,2016-01-21,"Robot apparatus, method for controlling robot, program, and recording medium",CANON KABUSHIKI KAISHA,CANON,CANON,JP,16997516,1,B25J-0009/1694,GRAY,,False,True,False,False,False,False,False,
15/014689,9764475,2016-02-03,"Workpiece taking out robot system having conversion-calculation function of position and orientation, and workpiece taking out method",FANUC CORPORATION,FANUC,FANUC,JP,16999288,1,B25J-0009/1697,GRAY,,False,True,False,False,False,False,False,
15/043621,9902070,2016-02-15,Robot system and robot control method for adjusting position of coolant nozzle,FANUC CORPORATION,FANUC,FANUC,JP,17002084,1,B25J-0009/1697,GRAY,,False,False,False,False,False,False,False,
15/042385,9987756,2016-02-12,"Hand device, robot arm, and robot","HONDA MOTOR CO., LTD.",HONDA MOTOR,HONDA,JP,17002205,1,B25J-0019/0091,GRAY,,False,True,False,False,False,False,False,
14/629556,9427868,2015-02-24,Method for developing and controlling a robot to have movements matching an animation character,"Disney Enterprises, Inc.",DISNEY ENTERPRISES,DISNEY ENTERPRISES,US,17005338,1,B25J-0009/1605,T1_auto,휴머노이드명시/전건T1_OEM,True,True,False,False,False,False,False,
15/056301,9808934,2016-02-29,Robot control apparatus judging restart of operation program,FANUC CORPORATION,FANUC,FANUC,JP,17013008,1,B25J-0009/1676,GRAY,,False,False,False,False,False,False,False,
15/063511,9776328,2016-03-08,Robot control apparatus having function of detecting contact with object or person,FANUC CORPORATION,FANUC,FANUC,JP,17024774,1,B25J-0009/1676,GRAY,,False,True,False,False,False,False,False,
15/070364,9914215,2016-03-15,Robot control apparatus and robot system,Seiko Epson Corporation,SEIKO EPSON,SEIKO EPSON,JP,17027264,2,B25J-0009/1633,GRAY,,False,True,False,False,False,False,False,
15/066202,10173325,2016-03-10,"Robot, robot control apparatus and robot system",Seiko Epson Corporation,SEIKO EPSON,SEIKO EPSON,JP,17031086,1,B25J-0009/1697,GRAY,,False,True,False,False,False,False,False,
15/072648,9884425,2016-03-17,"Robot, robot control device, and robotic system",Seiko Epson Corporation,SEIKO EPSON,SEIKO EPSON,JP,17031087,1,B25J-0009/1697,GRAY,,False,False,False,False,False,False,False,
15/072663,10022864,2016-03-17,"Robot control apparatus, robot system, and robot control method",Seiko Epson Corporation,SEIKO EPSON,SEIKO EPSON,JP,17032916,1,B25J-0009/1633,GRAY,,False,True,False,False,False,False,False,
15/546250,10500733,2016-03-23,"Displacement detecting apparatus, torque detecting apparatus, robot apparatus and displacement detecting method",CANON KABUSHIKI KAISHA,CANON,CANON,JP,17037900,1,B25J-0013/085,GRAY,,False,False,False,False,False,False,False,
15/087592,10076840,2016-03-31,"Information processing apparatus, information processing method, and program",CANON KABUSHIKI KAISHA,CANON,CANON,JP,17038116,1,B25J-0009/1666,GRAY,,False,True,False,False,False,False,False,
15/092749,9925668,2016-04-07,"Robot, control unit, and control method",SEIKO EPSON CORPORATION | TOHOKU UNIVERSITY,SEIKO EPSON,SEIKO EPSON,JP,17039140,1,B25J-0009/1664,GRAY,,False,False,False,False,False,False,False,
15/097662,10245725,2016-04-13,Robot apparatus and method for controlling robot apparatus,CANON KABUSHIKI KAISHA,CANON,CANON,JP,17042821,1,B25J-0009/1633,GRAY,,False,True,False,False,False,False,False,
15/157658,10099380,2016-05-18,"Robot, robot control device, and robot system",Seiko Epson Corporation,SEIKO EPSON,SEIKO EPSON,JP,17058008,1,B25J-0009/1697,GRAY,,False,False,False,False,False,False,False,
15/171326,10112297,2016-06-02,"Robot control apparatus, robot, and robot system",Seiko Epson Corporation,SEIKO EPSON,SEIKO EPSON,JP,17058016,1,B25J-0009/1633,GRAY,,False,True,False,False,False,False,False,
15/175039,9889561,2016-06-07,Robot controller having function for displaying robot and force,FANUC CORPORATION,FANUC,FANUC,JP,17062686,1,B25J-0009/1633,GRAY,,False,True,False,False,False,False,False,
15/183978,10052767,2016-06-16,"Robot, control device, and control method",Seiko Epson Corporation,SEIKO EPSON,SEIKO EPSON,JP,17067534,1,B25J-0009/1697,GRAY,,False,False,False,False,False,False,False,
15/179419,9925666,2016-06-10,Operation system of robot arm,DENSO WAVE INCORPORATED,DENSO WAVE,DENSO,JP,17072635,1,B25J-0009/1633,GRAY,,False,True,False,False,False,False,False,
15/196046,10016898,2016-06-29,Robot system using a vision sensor,FANUC CORPORATION,FANUC,FANUC,JP,17072640,1,B25J-0009/1697,GRAY,,False,True,False,False,False,False,False,
15/194629,9862094,2016-06-28,Interference check system for machine tool and robot,FANUC CORPORATION,FANUC,FANUC,JP,17075134,1,B25J-0009/1666,GRAY,,False,False,False,False,False,False,False,
15/203848,9724825,2016-07-07,Robot controller for robot which sets two objects in combined state,FANUC CORPORATION,FANUC,FANUC,JP,17077237,1,B25J-0009/1633,GRAY,,False,False,False,False,False,False,False,
15/200385,10259121,2016-07-01,"Robot apparatus, and measuring method of rotation driving apparatus",CANON KABUSHIKI KAISHA,CANON,CANON,JP,17077276,1,B25J-0013/088,GRAY,,False,True,False,False,False,False,False,
15/211491,10201896,2016-07-15,"Processing method, operation command generator, non-transitory computer-readable storage medium storing program, and processing system",KABUSHIKI KAISHA YASKAWA DENKI,YASKAWA DENKI,YASKAWA,JP,17080324,1,B25J-0009/1679,GRAY,,False,False,False,False,False,False,False,
15/201924,10286563,2016-07-05,Robot system and cable,Seiko Epson Corporation,SEIKO EPSON,SEIKO EPSON,JP,17081161,1,B25J-0019/0025,GRAY,,False,False,False,False,False,False,False,
15/208607,10052762,2016-07-13,Method of controlling robot with hand gripping two workpieces and robot control apparatus,FANUC CORPORATION,FANUC,FANUC,JP,17081162,1,B25J-0009/1651,GRAY,,False,True,False,False,False,False,False,
15/188989,10011017,2016-06-22,Industrial robot system and control method thereof,FANUC CORPORATION,FANUC,FANUC,JP,17086131,1,B25J-0013/085,GRAY,,False,True,False,False,False,False,False,
15/221769,10155311,2016-07-28,Method for processing specimen and specimen processing system,KABUSHIKI KAISHA YASKAWA DENKI,YASKAWA DENKI,YASKAWA,JP,17086145,1,B25J-0009/1633,GRAY,,False,False,False,False,False,False,False,
15/073564,10173330,2016-03-17,Robot arm,KABUSHIKI KAISHA YASKAWA DENKI,YASKAWA DENKI,YASKAWA,JP,17086182,1,B25J-0019/0062,GRAY,,False,True,False,False,False,False,False,
15/227146,9827673,2016-08-03,Robot controller inhibiting shaking of tool tip in robot equipped with travel axis,FANUC CORPORATION,FANUC,FANUC,JP,17090761,1,B25J-0009/1641,GRAY,,False,False,False,False,False,False,False,
15/223605,9969083,2016-07-29,Control apparatus of motor,TOYOTA JIDOSHA KABUSHIKI KAISHA,TOYOTA JIDOSHA,TOYOTA,JP,17090765,2,B25J-0009/1633,GRAY,,False,True,False,False,False,False,False,
15/241231,9855656,2016-08-19,Robot control device for controlling motor-driven robot,FANUC CORPORATION,FANUC,FANUC,JP,17096315,1,B25J-0009/1628,GRAY,,False,False,False,False,False,False,False,
15/755779,10814483,2016-10-27,"Data conversion apparatus, robot, program, and information processing method",DENTSU GROUP INC.,DENTSU GROUP,DENTSU GROUP,JP,17096353,1,B25J-0009/1664,GRAY,,False,False,False,False,False,False,False,
15/244106,10369703,2016-08-23,"Robot, control device, and robot system",Seiko Epson Corporation,SEIKO EPSON,SEIKO EPSON,JP,17100245,1,B25J-0013/089,GRAY,,False,True,False,False,False,False,False,
15/246634,10105848,2016-08-25,Machine that stops movement of member on drive axis due to abnormality in brake,FANUC CORPORATION,FANUC,FANUC,JP,17100262,1,B25J-0009/1674,GRAY,,False,False,False,False,False,False,False,
15/256979,10195744,2016-09-06,"Control device, robot, and robot system",SEIKO EPSON CORPORATION,SEIKO EPSON,SEIKO EPSON,JP,17103871,1,B25J-0013/085,GRAY,,False,False,False,False,False,False,False,
15/257025,9956686,2016-09-06,Deflection measurement system for measuring deflection of articulated robot,FANUC CORPORATION,FANUC,FANUC,JP,17107437,1,B25J-0009/1638,GRAY,,False,True,False,False,False,False,False,
15/267478,10189164,2016-09-16,"Robot, control device, and robot system",Seiko Epson Corporation,SEIKO EPSON,SEIKO EPSON,JP,17107454,1,B25J-0013/088,GRAY,,False,False,False,False,False,False,False,
15/265534,10471593,2016-09-14,"Rotation driving apparatus, robot apparatus, control program, and article manufacturing method",CANON KABUSHIKI KAISHA,CANON,CANON,JP,17111040,1,B25J-0009/1651,GRAY,,False,True,False,False,False,False,False,
15/281874,10300608,2016-09-30,Robot operating apparatus provided with handles for operating robot,FANUC CORPORATION,FANUC,FANUC,JP,17113858,2,B25J-0013/085,GRAY,,False,True,False,False,False,False,False,
15/281091,9969090,2016-09-30,Robot system equipped with camera for capturing image of target mark,FANUC CORPORATION,FANUC,FANUC,JP,17119047,1,B25J-0009/1697,GRAY,,False,False,False,False,False,False,False,
15/284820,10406692,2016-10-04,"Robot system, robot, and robot control apparatus",SEIKO EPSON CORPORATION,SEIKO EPSON,SEIKO EPSON,JP,17119062,2,B25J-0009/1694,GRAY,,False,True,False,False,False,False,False,
15/281084,9937620,2016-09-30,Robot system having function to calculate position and orientation of sensor,FANUC CORPORATION,FANUC,FANUC,JP,17121852,1,B25J-0009/1651,GRAY,,False,False,False,False,False,False,False,
15/292524,10449667,2016-10-13,Robot pedestal having support structure for controller,FANUC CORPORATION,FANUC,FANUC,JP,17121857,1,B25J-0009/0009,GRAY,,False,False,False,False,False,False,False,
15/290286,10105840,2016-10-11,Robot system including plurality of controllers connected via network,FANUC CORPORATION,FANUC,FANUC,JP,17124147,1,B25J-0009/0084,GRAY,,False,False,False,False,False,False,False,
15/298808,10189161,2016-10-20,Calibration system and calibration method calibrating mechanical parameters of wrist part of robot,FANUC CORPORATION,FANUC,FANUC,JP,17124150,1,B25J-0009/1692,GRAY,,False,True,False,False,False,False,False,
15/768821,11014233,2016-09-23,"Teaching point correcting method, program, recording medium, robot apparatus, imaging point creating method, and imaging point creating apparatus",CANON KABUSHIKI KAISHA,CANON,CANON,JP,17124155,1,B25J-0009/163,GRAY,,False,True,False,False,False,False,False,
15/335863,10335964,2016-10-27,Method and system for controlling robot,DENSO WAVE INCORPORATED,DENSO WAVE,DENSO,JP,17126737,1,B25J-0019/06,GRAY,,False,True,False,False,False,False,False,
15/292132,9902067,2016-10-13,Offline robot programming device,FANUC CORPORATION,FANUC,FANUC,JP,17131838,1,B25J-0009/1666,GRAY,,False,True,False,False,False,False,False,
15/298983,10695905,2016-10-20,Robot control apparatus and robot control method,CANON KABUSHIKI KAISHA,CANON,CANON,JP,17131861,1,B25J-0009/1612,GRAY,,False,True,False,False,False,False,False,
15/246599,10464211,2016-08-25,Generating control signal for tele-presence robot,International Business Machines Corporation,INTERNATIONAL BUSINESS MACHINES,INTERNATIONAL BUSINESS MACHINES,US,17136326,1,B25J-0009/1689,GRAY,,False,True,False,False,False,False,False,
15/293414,10118295,2016-10-14,Manual feed apparatus of robot for calculating operable range of robot,FANUC CORPORATION,FANUC,FANUC,JP,17137882,1,B25J-0009/163,GRAY,,False,True,False,False,False,False,False,
15/360851,10259118,2016-11-23,Robot system having function of simplifying teaching operation and improving operating performance by learning,FANUC CORPORATION,FANUC,FANUC,JP,17137887,1,B25J-0009/1679,GRAY,,False,False,False,False,False,False,False,
15/358925,9855664,2016-11-22,Robot safety system,DENSO WAVE INCORPORATED,DENSO WAVE,DENSO,JP,17137898,1,B25J-0019/06,GRAY,,False,False,False,False,False,False,False,
15/297258,10022879,2016-10-19,Robot controller which records state of occurrence of emergency stop of robot,FANUC CORPORATION,FANUC,FANUC,JP,17142491,1,B25J-0019/06,GRAY,,False,False,False,False,False,False,False,
15/364807,10071481,2016-11-30,Safety system for industrial robots,DENSO WAVE INCORPORATED,DENSO WAVE,DENSO,JP,17142496,1,B25J-0009/1676,GRAY,,False,True,False,False,False,False,False,
15/358265,10252413,2016-11-22,Robot and robot system,SEIKO EPSON CORPORATION,SEIKO EPSON,SEIKO EPSON,JP,17142497,1,B25J-0009/0027,GRAY,,False,False,False,False,False,False,False,
15/341744,10328585,2016-11-02,Robot control device and robot system,DENSO WAVE INCORPORATED,DENSO WAVE,DENSO,JP,17142501,1,B25J-0019/06,GRAY,,False,False,False,False,False,False,False,
15/372733,10300605,2016-12-08,"Robot, controller, and robot system",Seiko Epson Corporation,SEIKO EPSON,SEIKO EPSON,JP,17146171,1,B25J-0009/1694,GRAY,,False,False,False,False,False,False,False,
15/347882,10245733,2016-11-10,"Robot, method for controlling robot, and recording medium","PANASONIC INTELLECTUAL PROPERTY MANAGEMENT CO., LTD.",PANASONIC INTELLECTUAL PROPERTY MANAGEMENT,PANASONIC,JP,17146209,1,B25J-0011/009,GRAY,,False,True,False,False,False,False,False,
15/274118,10040197,2016-09-23,Control device for mobile robot,"HONDA MOTOR CO., LTD",HONDA MOTOR,HONDA,JP,17149538,1,B25J-0009/1669,T1_auto,휴머노이드명시/전건T1_OEM,True,True,False,False,False,False,False,
15/209489,10335951,2016-07-13,"Information processing apparatus, information processing method, robot control apparatus, and robot system",Canon Kabushiki Kaisha,CANON,CANON,JP,17171340,1,B25J-0009/1697,GRAY,,False,False,False,False,False,False,False,
16/076642,11123883,2017-02-07,Work robot,KAWASAKI JUKOGYO KABUSHIKI KAISHA,KAWASAKI JUKOGYO,KAWASAKI HEAVY INDUSTRIES,JP,17174425,2,B25J-0019/06,GRAY,,False,True,False,False,False,False,False,
15/422692,10384349,2017-02-02,Processing robot system in which processing device is connected to robot to perform processing,FANUC CORPORATION,FANUC,FANUC,JP,17174431,1,B25J-0011/005,GRAY,,False,False,False,False,False,False,False,
15/440367,10857675,2017-02-23,"Control device, robot, and robot system",Seiko Epson Corporation,SEIKO EPSON,SEIKO EPSON,미상,17181001,1,B25J-0009/1679,GRAY,,False,False,False,False,False,False,False,
15/432096,10293494,2017-02-14,Bulk workpiece picking system and method,FANUC CORPORATION,FANUC,FANUC,JP,17185231,1,B25J-0015/0608,GRAY,,False,False,False,False,False,False,False,
15/453556,10807252,2017-03-08,Rotation axis module and articulated robot,FANUC CORPORATION,FANUC,FANUC,JP,17189568,1,B25J-0019/0029,GRAY,,False,True,False,False,False,False,False,
15/458994,10377038,2017-03-15,Robot controller and robot control method,KABUSHIKI KAISHA YASKAWA DENKI | KABUSHIKI KAISHA YASAKAWA DENKI,YASKAWA DENKI,YASKAWA,JP,17193952,1,B25J-0009/1651,GRAY,,False,True,False,False,False,False,False,
15/460781,10882182,2017-03-16,"Robot apparatus, control method of robot apparatus, and recording medium",CANON KABUSHIKI KAISHA,CANON,CANON,JP,17193958,1,B25J-0009/1633,GRAY,,False,True,False,False,False,False,False,
15/458280,10350768,2017-03-14,"Control device, robot, and robot system",Seiko Epson Corporation,SEIKO EPSON,SEIKO EPSON,JP,17193964,2,B25J-0013/085,GRAY,,False,False,False,False,False,False,False,
15/458319,10377043,2017-03-14,"Robot control apparatus, robot, and robot system",Seiko Epson Corporation,SEIKO EPSON,SEIKO EPSON,JP,17193965,1,B25J-0013/085,GRAY,,False,False,False,False,False,False,False,
15/466378,10286551,2017-03-22,"Robot system that controls robot including multiple mechanical units, the mechanical units, and robot control device",FANUC CORPORATION,FANUC,FANUC,JP,17198657,1,B25J-0009/163,GRAY,,False,False,False,False,False,False,False,
15/467434,10525598,2017-03-23,Positioning system using robot,FANUC CORPORATION,FANUC,FANUC,JP,17198672,1,B25J-0009/1697,GRAY,,False,True,False,False,False,False,False,
15/470049,10252425,2017-03-27,System for determining robot position having an imaging element to image the mark on a rotatable arm,Seiko Epson Corporation,SEIKO EPSON,SEIKO EPSON,JP,17204267,1,B25J-0013/089,GRAY,,False,True,False,False,False,False,False,
15/463056,10406683,2017-03-20,Robot and control method thereof,"HONDA MOTOR CO., LTD.",HONDA MOTOR,HONDA,JP,17204295,1,B25J-0009/1612,GRAY,,False,True,False,False,False,False,False,
15/450309,10160119,2017-03-06,Robot system,Fanuc Corporation,FANUC,FANUC,JP,17204302,1,B25J-0015/0491,GRAY,,False,False,False,False,False,False,False,
15/473197,10800033,2017-03-29,"Robot control apparatus, robot control method, robot system, and storage medium",CANON KABUSHIKI KAISHA,CANON,CANON,JP,17204317,1,B25J-0009/1612,GRAY,,False,True,False,False,False,False,False,
15/463255,10213916,2017-03-20,Control apparatus and robot system,Seiko Epson Corporation,SEIKO EPSON,SEIKO EPSON,JP,17204344,1,B25J-0009/0084,GRAY,,False,True,False,False,False,False,False,
15/194017,10076845,2016-06-27,"Robot system, instruction input device, non-transitory computer-readable recording medium, and control method for robot system","PANASONIC INTELLECTUAL PROPERTY MANAGEMENT CO., LTD.",PANASONIC INTELLECTUAL PROPERTY MANAGEMENT,PANASONIC,JP,17211201,1,B25J-0019/06,GRAY,,False,False,False,False,False,False,False,
15/479369,10857668,2017-04-05,"Robot, control device, and robot system",Seiko Epson Corporation,SEIKO EPSON,SEIKO EPSON,미상,17211418,1,B25J-0009/047,GRAY,,False,True,False,False,False,False,False,
16/092225,10994412,2017-04-06,Robot control device and robot provided with the same,KAWASAKI JUKOGYO KABUSHIKI KAISHA,KAWASAKI JUKOGYO,KAWASAKI HEAVY INDUSTRIES,JP,17211419,1,B25J-0009/06,GRAY,,False,True,False,False,False,False,False,
15/923366,10144136,2018-03-16,Panel holding device and panel holding method,"Honda Motor Co., Ltd.",HONDA MOTOR,HONDA,JP,17212522,1,B25J-0015/009,GRAY,,False,False,False,False,False,False,False,
15/484634,10300598,2017-04-11,Robot with daisy-chainable robot arm,FANUC CORPORATION,FANUC,FANUC,JP,17214731,1,B25J-0009/12,GRAY,,False,True,False,False,False,False,False,
15/490044,10618175,2017-04-18,"Vibration measurement method for moving part, vibration measurement method for robot, and control device",Seiko Epson Corporation,SEIKO EPSON,SEIKO EPSON,JP,17220201,1,B25J-0009/1694,GRAY,,False,True,False,False,False,False,False,
15/494899,10532461,2017-04-24,Robot and robot system,Seiko Epson Corporation,SEIKO EPSON,SEIKO EPSON,JP,17220202,1,B25J-0009/1633,GRAY,,False,True,False,False,False,False,False,
15/497860,10427299,2017-04-26,"Device for robot, robot control device, and robot system",Seiko Epson Corporation,SEIKO EPSON,SEIKO EPSON,JP,17220210,1,B25J-0009/163,GRAY,,False,False,False,False,False,False,False,
15/497205,10315305,2017-04-26,Robot control apparatus which displays operation program including state of additional axis,FANUC CORPORATION,FANUC,FANUC,JP,17220217,1,B25J-0009/00,GRAY,,False,True,False,False,False,False,False,
16/846517,11090815,2020-04-13,"Robot, control device, and robot system",Seiko Epson Corporation,SEIKO EPSON,SEIKO EPSON,미상,17227173,1,B25J-0013/085,GRAY,,False,False,False,False,False,False,False,
15/602511,10434665,2017-05-23,Robot including tool having shock-absorbing member,FANUC CORPORATION,FANUC,FANUC,JP,17230273,1,B25J-0019/0091,GRAY,,False,True,False,False,False,False,False,
16/095489,10576638,2017-05-16,Teaching device,UNITED SEVEN CORPORATION,UNITED SEVEN,UNITED SEVEN,JP,17233505,1,B25J-0013/02,GRAY,,False,False,False,False,False,False,False,
15/602980,10335950,2017-05-23,Robot control apparatus and robot control method,FANUC CORPORATION,FANUC,FANUC,JP,17233527,1,B25J-0009/1692,GRAY,,False,False,False,False,False,False,False,
15/601136,10919145,2017-05-22,Horizontally articulated robot,Seiko Epson Corporation,SEIKO EPSON,SEIKO EPSON,미상,17233528,1,B25J-0009/04,GRAY,,False,True,False,False,False,False,False,
15/622430,10343285,2017-06-14,"Robot, control device, and robot system",Seiko Epson Corporation,SEIKO EPSON,SEIKO EPSON,JP,17240267,1,B25J-0011/0075,GRAY,,False,False,False,False,False,False,False,
15/453252,10576618,2017-03-08,"Robot having communication with human, robot control method, and non-transitory recording medium","CASIO COMPUTER CO., LTD.",CASIO COMPUTER,CASIO COMPUTER,JP,17243382,1,B25J-0009/0003,GRAY,,False,False,False,False,False,False,False,
15/446473,10350760,2017-03-01,"Robot, robot control system, robot control method, and non-transitory computer-readable recording medium","CASIO COMPUTER CO., LTD.",CASIO COMPUTER,CASIO COMPUTER,JP,17243385,1,B25J-0011/0005,GRAY,,False,False,False,False,False,False,False,
15/633230,10850405,2017-06-26,Robot hand,DENSO WAVE INCORPORATED,DENSO WAVE,DENSO,JP,17247149,1,B25J-0015/08,GRAY,,False,True,False,False,False,False,False,
15/635613,10562196,2017-06-28,"Robot, control device, and robot system",Seiko Epson Corporation,SEIKO EPSON,SEIKO EPSON,JP,17247179,1,B25J-0018/005,GRAY,,False,True,False,False,False,False,False,
15/447947,10556339,2017-03-02,"Mobile robot, movement control system, and movement control method","FUJI XEROX CO., LTD.",FUJI XEROX,FUJI XEROX,JP,17250977,2,B25J-0009/1664,GRAY,,False,False,False,False,False,False,False,
15/620803,10583564,2017-06-12,Robot and method used in robot,"PANASONIC INTELLECTUAL PROPERTY MANAGEMENT CO., LTD.",PANASONIC INTELLECTUAL PROPERTY MANAGEMENT,PANASONIC,JP,17252991,1,B25J-0013/085,GRAY,,False,True,False,True,False,False,False,
15/653953,10220513,2017-07-19,"Robot control apparatus, robot and robot system",Seiko Epson Corporation,SEIKO EPSON,SEIKO EPSON,JP,17256120,1,B25J-0009/1633,GRAY,,False,False,False,False,False,False,False,
15/613984,10639791,2017-06-05,Dynamic laser touch-sensing with multiple robot dynamic user frame,FANUC CORPORATION,FANUC,FANUC,US,17256122,1,B25J-0009/163,GRAY,,False,False,False,False,False,False,False,
15/631556,10384345,2017-06-23,Safety management method and safety management system,Fanuc Corporation,FANUC,FANUC,JP,17259079,1,B25J-0009/1656,GRAY,,False,False,False,False,False,False,False,
15/655612,9969085,2017-07-20,Robot control device and method of controlling same,FANUC CORPORATION,FANUC,FANUC,JP,17259113,1,B25J-0009/1651,GRAY,,False,True,False,False,False,False,False,
15/672056,10350758,2017-08-08,Robot control unit for assembly robot,FANUC CORPORATION,FANUC,FANUC,JP,17265584,1,B25J-0009/1687,GRAY,,False,True,False,False,False,False,False,
15/676503,10507583,2017-08-14,Robot control device,FANUC CORPORATION,FANUC,FANUC,JP,17268264,1,B25J-0009/1697,GRAY,,False,True,False,False,False,False,False,
15/687806,10583565,2017-08-28,"Control apparatus, robot and robot system",Seiko Epson Corporation,SEIKO EPSON,SEIKO EPSON,JP,17273465,1,B25J-0013/085,GRAY,,False,False,False,False,False,False,False,
15/676109,10603788,2017-08-14,Robot simulation apparatus,FANUC CORPORATION,FANUC,FANUC,JP,17277349,1,B25J-0009/1605,GRAY,,False,False,False,False,False,False,False,
15/695140,10899018,2017-09-05,Human-collaborative robot,FANUC CORPORATION,FANUC,FANUC,JP,17277373,1,B25J-0013/085,GRAY,,False,True,False,False,False,False,False,
15/700302,10702987,2017-09-11,Robot system having teach pendant communicating with robot controller,FANUC CORPORATION,FANUC,FANUC,JP,17280790,1,B25J-0009/161,GRAY,,False,False,False,False,False,False,False,
15/704160,10537988,2017-09-14,"Controller, robot and robot system",Seiko Epson Corporation,SEIKO EPSON,SEIKO EPSON,JP,17280802,1,B25J-0009/0081,GRAY,,False,True,False,False,False,False,False,
15/662724,10350754,2017-07-28,Control device for robot,DENSO WAVE INCORPORATED,DENSO WAVE,DENSO,JP,17287456,1,B25J-0009/1633,GRAY,,False,True,False,False,False,False,False,
15/709613,10549425,2017-09-20,Carrier device for taking out objects one by one by optimal route,FANUC CORPORATION,FANUC,FANUC,JP,17287488,1,B25J-0009/1664,GRAY,,False,True,False,False,False,True,False,
15/711668,10589420,2017-09-21,Hand device,Fanuc Corporation,FANUC,FANUC,JP,17287499,1,B25J-0009/06,GRAY,,False,True,False,False,False,False,False,
15/714201,11090803,2017-09-25,Horizontal articulated robot,Seiko Epson Corporation,SEIKO EPSON,SEIKO EPSON,미상,17287510,1,B25J-0009/161,GRAY,,False,True,False,False,False,False,False,
15/709601,10442085,2017-09-20,Production system for performing cooperative work by operator and robot,FANUC CORPORATION,FANUC,FANUC,JP,17287533,1,B25J-0009/1676,GRAY,,False,True,False,False,False,False,False,
15/677140,10464215,2017-08-15,Voice interaction device and control method therefor,TOYOTA JIDOSHA KABUSHIKI KAISHA,TOYOTA JIDOSHA,TOYOTA,JP,17292439,1,B25J-0011/0015,GRAY,,False,False,False,False,False,False,False,
15/724417,10486306,2017-10-04,"Control device for controlling robot by learning action of person, robot system, and production system",FANUC CORPORATION,FANUC,FANUC,JP,17295852,1,B25J-0009/163,GRAY,,False,True,False,False,False,False,False,
15/787571,10974395,2017-10-18,Method and system for controlling indoor autonomous robot,NAVER LABS CORPORATION,NAVER LABS,NAVER LABS,KR,17300013,1,B25J-0013/089,E_auto,제외전용신호+Tier신호없음,False,False,False,False,True,False,False,
15/788054,10953547,2017-10-19,"Control apparatus, robot, and robot system",Seiko Epson Corporation,SEIKO EPSON,SEIKO EPSON,미상,17301660,1,B25J-0009/1682,GRAY,,False,True,False,False,False,False,False,
15/795266,11103993,2017-10-27,"Robot system, robot system control method, and action command generation device",KABUSHIKI KAISHA YASKAWA DENKI,YASKAWA DENKI,YASKAWA,JP,17301682,1,B25J-0009/1612,GRAY,,False,False,False,False,False,False,False,
15/792832,10350749,2017-10-25,Robot control device having learning control function,FANUC CORPORATION,FANUC,FANUC,JP,17301721,1,B25J-0009/0081,GRAY,,False,False,False,False,False,False,False,
15/788171,10792808,2017-10-19,Robot and robot system,Seiko Epson Corporation,SEIKO EPSON,SEIKO EPSON,JP,17312868,1,B25J-0009/161,GRAY,,False,False,False,False,False,False,False,
16/464025,11014251,2017-11-24,Joint structure for robot,KAWASAKI JUKOGYO KABUSHIKI KAISHA,KAWASAKI JUKOGYO,KAWASAKI HEAVY INDUSTRIES,JP,17312888,1,B25J-0017/00,GRAY,,False,True,False,False,False,False,False,
16/463973,11338453,2017-11-24,Joint structure for robot,KAWASAKI JUKOGYO KABUSHIKI KAISHA,KAWASAKI JUKOGYO,KAWASAKI HEAVY INDUSTRIES,JP,17312889,1,B25J-0017/0266,GRAY,,False,True,False,False,False,False,False,
15/687902,10434647,2017-08-28,"Robot control device, a robot control method, and a picking device",Kabushiki Kaisha Toshiba,TOSHIBA,TOSHIBA,JP,17312907,1,B25J-0009/1633,GRAY,,False,True,False,False,False,False,False,
15/815544,10493632,2017-11-16,Robot control device for controlling robot and method for estimating disturbance value applied to robot,FANUC CORPORATION,FANUC,FANUC,JP,17317721,1,B25J-0013/085,GRAY,,False,False,False,False,False,False,False,
15/828484,10456932,2017-12-01,Conduction path structure of robot,FANUC CORPORATION,FANUC,FANUC,JP,17317727,1,B25J-0019/0075,GRAY,,False,True,False,False,False,False,False,
15/828599,10456917,2017-12-01,"Robot system including a plurality of robots, robot controller and robot control method",FANUC CORPORARATION | FANUC CORPORATION,FANUC CORPORARATION,FANUC,JP,17321633,1,B25J-0009/1669,GRAY,,False,False,False,False,False,False,False,
15/838563,10513039,2017-12-12,Teach pendant and robot system provided with the same,FANUC CORPORATION,FANUC,FANUC,JP,17321682,1,B25J-0013/06,GRAY,,False,False,False,False,False,False,False,
15/845452,10668620,2017-12-18,Method and apparatus for correcting motions of robot,DENSO WAVE INCORPORATED,DENSO WAVE,DENSO,JP,17325950,1,B25J-0009/1641,GRAY,,False,False,False,False,False,False,False,
15/807296,10040203,2017-11-08,Robot hand,FANUC CORPORATION,FANUC,FANUC,JP,17328781,1,B25J-0015/0095,GRAY,,False,True,False,False,False,False,False,
15/831490,10350762,2017-12-05,"Autonomously moving body, movement controlling method, and recording medium storing movement controlling program",PANASONIC INTELLECTUAL PROPERTY CORPORATION OF AMERICA,PANASONIC INTELLECTUAL PROPERTY OF AMERICA,PANASONIC,US,17331210,1,B25J-0011/0085,E_auto,제외전용신호+Tier신호없음,False,False,False,False,True,False,False,
15/867311,10583558,2018-01-10,Robot control device,FANUC CORPORATION,FANUC,FANUC,JP,17337379,1,B25J-0009/1653,GRAY,,False,True,False,False,False,False,False,
15/867339,10953540,2018-01-10,Robot control device,FANUC CORPORATION,FANUC,FANUC,JP,17337380,1,B25J-0009/1653,GRAY,,False,True,False,False,False,False,False,
15/858374,10946525,2017-12-29,Robot control system and robot control method,"HITACHI, LTD.",HITACHI,HITACHI,JP,17340344,1,B25J-0009/1682,GRAY,,False,False,False,False,False,False,False,
15/860226,10300600,2018-01-02,Control system having learning control function and control method,FANUC CORPORATION,FANUC,FANUC,JP,17340345,1,B25J-0009/163,GRAY,,False,False,False,False,False,False,False,
15/856315,10421187,2017-12-28,"Robot program modification device, robot control device, robot simulation device, and robot program modification method",FANUC CORPORATION,FANUC,FANUC,JP,17340346,1,B25J-0009/1676,GRAY,,False,False,False,False,False,False,False,
15/880685,10792812,2018-01-26,Control device and robot system,Seiko Epson Corporation,SEIKO EPSON,SEIKO EPSON,JP,17340356,1,B25J-0009/1633,GRAY,,False,False,False,False,False,False,False,
15/876857,10434662,2018-01-22,Gripping device for linear actuation,INTERSCIENCE,INTERSCIENCE,INTERSCIENCE,FR,17340362,1,B25J-0015/0226,GRAY,,False,True,False,False,False,False,False,
15/867360,10239215,2018-01-10,Transfer tool,Fanuc Corporation,FANUC,FANUC,JP,17350361,1,B25J-0015/0014,GRAY,,False,True,False,False,False,False,False,
16/485739,11267122,2018-02-09,"Robot control device, robot system, and method of controlling robot",KAWASAKI JUKOGYO KABUSHIKI KAISHA,KAWASAKI JUKOGYO,KAWASAKI HEAVY INDUSTRIES,JP,17350365,1,B25J-0009/1674,GRAY,,False,False,False,False,False,False,False,
15/892990,10618164,2018-02-09,Robot system having learning control function and learning control method,FANUC CORPORATION,FANUC,FANUC,JP,17350382,1,B25J-0009/163,GRAY,,False,False,False,False,False,False,False,
15/897208,10427297,2018-02-15,"Robot operation command system, tablet terminal and control method of tablet terminal",FANUC CORPORATION,FANUC,FANUC,JP,17350384,1,B25J-0009/161,GRAY,,False,True,False,False,False,False,False,
15/868754,10618170,2018-01-11,Robot system,FANUC CORPORATION,FANUC,FANUC,JP,17350392,1,B25J-0009/1674,GRAY,,False,True,False,False,False,False,False,
15/897848,10434649,2018-02-15,Workpiece pick up system,Fanuc Corporation,FANUC,FANUC,JP,17353587,1,B25J-0009/1669,GRAY,,False,False,False,False,False,False,False,
15/887283,10766142,2018-02-02,Electronic device manufacturing apparatus and electronic device manufacturing method,"PANASONIC INTELLECTUAL PROPERTY MANAGEMENT CO., LTD.",PANASONIC INTELLECTUAL PROPERTY MANAGEMENT,PANASONIC,JP,17356312,1,B25J-0009/1687,GRAY,,False,False,False,False,False,False,False,
15/905029,10478970,2018-02-26,Robot system,FANUC CORPORATION,FANUC,FANUC,JP,17360670,1,B25J-0009/1676,GRAY,,False,True,False,False,False,False,False,
15/892497,10137578,2018-02-09,"Joint structure, hand device, robot arm and robot","HONDA MOTOR CO., LTD.",HONDA MOTOR,HONDA,JP,17360747,1,B25J-0015/08,GRAY,,False,True,False,False,False,False,False,
15/910559,10933538,2018-03-02,"End effector, hand device and robot equipped with the same","HONDA MOTOR CO., LTD.",HONDA MOTOR,HONDA,JP,17360748,1,B25J-0015/08,GRAY,,False,True,False,False,False,False,False,
16/926029,10906179,2020-07-10,Mobile robot and method of tracking mobile robot,PANASONIC CORPORATION,PANASONIC,PANASONIC,JP,17363561,1,B25J-0009/1664,GRAY,,False,False,False,False,False,False,False,
15/901811,11000949,2018-02-21,"Robot for controlling learning in view of operation in production line, and method of controlling the same",FANUC CORPORATION,FANUC,FANUC,JP,17365259,1,B25J-0009/1641,GRAY,,False,False,False,False,False,False,False,
15/913981,10695909,2018-03-07,Robot system and robot control method,FANUC CORPORATION,FANUC,FANUC,JP,17365278,1,B25J-0009/1676,GRAY,,False,False,False,False,False,False,False,
16/861694,11110613,2020-04-29,"Holding mechanism, transfer device, handling robot system, and robot handling method",Kabushiki Kaisha Toshiba,TOSHIBA,TOSHIBA,JP,17368556,1,B25J-0015/026,GRAY,,False,True,False,False,False,False,False,
15/922590,11235475,2018-03-15,"Robotic apparatus, interchangeable tool, and method for controlling robotic apparatus",Canon Kabushiki Kaisha,CANON,CANON,JP,17372227,1,B25J-0015/0475,GRAY,,False,True,False,False,False,False,False,
15/926192,10800035,2018-03-20,Center-of-gravity-of-load position calculator for robot and method thereof,DENSO WAVE INCORPORATED,DENSO WAVE,DENSO,JP,17372238,1,B25J-0009/1638,GRAY,,False,True,False,False,False,False,False,
15/935627,11040451,2018-03-26,Teaching device and teaching method,Seiko Epson Corporation,SEIKO EPSON,SEIKO EPSON,미상,17379232,1,B25J-0009/1697,GRAY,,False,True,False,False,False,False,False,
16/498926,11123879,2018-03-20,Finger mechanism and humanoid hand incorporating same finger mechanism,"PREFERRED NETWORKS, INC.",PREFERRED NETWORKS,PREFERRED NETWORKS,JP,17379268,1,B25J-0015/0009,T1_auto,휴머노이드명시/전건T1_OEM,True,True,False,False,False,False,False,
15/892544,10144130,2018-02-09,Autonomous mobile system,"HONDA MOTOR CO., LTD.",HONDA MOTOR,HONDA,JP,17381465,1,B25J-0009/1666,T1_auto,휴머노이드명시/전건T1_OEM,True,True,False,False,False,False,False,
15/935456,10730182,2018-03-26,"Action information learning device, robot control system and action information learning method",FANUC CORPORATION,FANUC,FANUC,JP,17382821,1,B25J-0009/163,GRAY,,False,True,False,False,False,False,False,
15/941608,10836037,2018-03-30,Control device and robot system,Seiko Epson Corporation,SEIKO EPSON,SEIKO EPSON,JP,17382822,1,B25J-0009/1628,GRAY,,False,False,False,False,False,False,False,
15/933930,10864634,2018-03-23,Control device and robot system,Seiko Epson Corporation,SEIKO EPSON,SEIKO EPSON,미상,17382823,1,B25J-0009/1633,GRAY,,False,True,False,False,False,False,False,
15/910492,10478965,2018-03-02,Robot system,Fanuc Corporation,FANUC,FANUC,JP,17382837,1,B25J-0009/0081,GRAY,,False,False,False,False,False,False,False,
15/936490,10549422,2018-03-27,"Robot controller, machine learning device and machine learning method",FANUC CORPORATION,FANUC,FANUC,JP,17382839,1,B25J-0009/163,GRAY,,False,True,False,False,False,True,False,
15/925448,11345019,2018-03-19,Robot teaching apparatus,FANUC CORPORATION,FANUC,FANUC,JP,17386628,1,B25J-0009/0081,GRAY,,False,False,False,False,False,False,False,
15/950569,10442088,2018-04-11,Hand-held robot teaching device,FANUC CORPORATION,FANUC,FANUC,JP,17386691,1,B25J-0013/06,GRAY,,False,True,False,False,False,False,False,
15/901098,10562185,2018-02-21,Robot system,FANUC CORPORATION,FANUC,FANUC,JP,17386724,1,B25J-0009/1676,GRAY,,False,True,False,False,False,False,False,
15/954949,10882189,2018-04-17,Control device and robot system,Seiko Epson Corporation,SEIKO EPSON,SEIKO EPSON,미상,17386730,1,B25J-0009/1692,GRAY,,False,False,False,False,False,False,False,
15/953034,11084166,2018-04-13,Continuum robot control system and continuum robot control method,CANON KABUSHIKI KAISHA,CANON,CANON,JP,17386732,2,B25J-0009/104,GRAY,,False,False,False,False,False,False,False,
15/958602,10828773,2018-04-20,Voice interactive robot and voice interaction system,TOYOTA JIDOSHA KABUSHIKI KAISHA,TOYOTA JIDOSHA,TOYOTA,JP,17393144,1,B25J-0009/1602,GRAY,,False,True,False,False,False,False,False,
15/964397,10486307,2018-04-27,Robot control device and computer readable medium,FANUC CORPORATION,FANUC,FANUC,JP,17396077,1,B25J-0009/1661,GRAY,,False,True,False,False,False,False,False,
15/701913,10537995,2017-09-12,"Controller and control method of robot, and robot system",Seiko Epson Corporation,SEIKO EPSON,SEIKO EPSON,JP,17396084,1,B25J-0009/163,GRAY,,False,False,False,False,False,False,False,
15/872085,10773391,2018-01-16,Control device and robot system,Seiko Epson Corporation,SEIKO EPSON,SEIKO EPSON,JP,17396085,1,B25J-0013/085,GRAY,,False,True,False,False,False,False,False,
15/918486,10889001,2018-03-12,Service provision system,"HITACHI, LTD.",HITACHI,HITACHI,JP,17398873,1,B25J-0013/006,GRAY,,False,False,False,False,False,False,False,
15/976082,11059172,2018-05-10,Control apparatus and robot system,Seiko Epson Corporation,SEIKO EPSON,SEIKO EPSON,미상,17399959,1,B25J-0009/1664,GRAY,,False,False,False,False,False,False,False,
15/948046,10647003,2018-04-09,Programming device and robot control method,Fanuc Corporation,FANUC,FANUC,JP,17399974,2,B25J-0009/1697,GRAY,,False,False,False,False,False,False,False,
15/925883,10434652,2018-03-20,Workpiece picking system,Fanuc Corporation,FANUC,FANUC,JP,17399993,1,B25J-0009/1684,GRAY,,False,False,False,False,False,False,False,
16/615030,11478919,2018-05-17,Robot system and method of controlling the robot system,KAWASAKI JUKOGYO KABUSHIKI KAISHA,KAWASAKI JUKOGYO,KAWASAKI HEAVY INDUSTRIES,JP,17399999,1,B25J-0003/04,GRAY,,False,True,False,False,False,False,False,
15/981026,10773399,2018-05-16,Control device and robot system,Seiko Epson Corporation,SEIKO EPSON,SEIKO EPSON,JP,17405232,1,B25J-0019/028,GRAY,,False,True,False,False,False,False,False,
15/987608,11192255,2018-05-23,"Robot hand, control method of robot hand, and robot apparatus",Canon Kabushiki Kaisha,CANON,CANON,JP,17407804,1,B25J-0009/1694,GRAY,,False,True,False,False,False,False,False,
15/984738,10894315,2018-05-21,Robot controller and robot system,Seiko Epson Corporation,SEIKO EPSON,SEIKO EPSON,미상,17407806,1,B25J-0009/0081,GRAY,,False,False,False,False,False,False,False,
15/987935,10427298,2018-05-24,Robot system displaying information for teaching robot,FANUC CORPORATION,FANUC,FANUC,JP,17407819,1,B25J-0009/161,GRAY,,False,True,False,False,False,False,False,
15/995384,10668619,2018-06-01,Controller and machine learning device,Fanuc Corporation,FANUC,FANUC,JP,17407866,1,B25J-0009/163,GRAY,,False,True,False,False,False,False,False,
15/993779,10532460,2018-05-31,Robot teaching device that sets teaching point based on motion image of workpiece,FANUC CORPORATION,FANUC,FANUC,JP,17407871,1,B25J-0009/163,GRAY,,False,True,False,False,False,True,False,
16/003476,10960542,2018-06-08,Control device and robot system,Seiko Epson Corporation,SEIKO EPSON,SEIKO EPSON,미상,17407890,1,B25J-0009/1666,GRAY,,False,True,False,False,False,False,False,
16/003333,10994414,2018-06-08,Control device and robot system,Seiko Epson Corporation,SEIKO EPSON,SEIKO EPSON,미상,17407891,1,B25J-0009/161,GRAY,,False,False,False,False,False,False,False,
15/997855,10759049,2018-06-05,"Service providing system, database, and service providing device","HONDA MOTOR CO., LTD.",HONDA MOTOR,HONDA,JP,17407894,1,B25J-0009/1661,GRAY,,False,False,False,False,False,False,False,
15/995702,10576628,2018-06-01,Controller and machine learning device,Fanuc Corporation,FANUC,FANUC,JP,17410897,1,B25J-0009/163,GRAY,,False,True,False,False,False,False,False,
15/992444,10343281,2018-05-30,Powerline-controlled electric drive inverters,Infineon Technologies Austria AG,INFINEON TECHNOLOGIES AUSTRIA,INFINEON TECHNOLOGIES AUSTRIA,AT,17412220,1,B25J-0009/1674,GRAY,,False,True,False,False,False,False,False,
16/004464,10899010,2018-06-11,Cable damage detection assistance apparatus and cable damage detection assistance method in robot mechanism,FANUC CORPORATION,FANUC,FANUC,JP,17412959,1,B25J-0009/1674,GRAY,,False,False,False,False,False,False,False,
16/008143,10730183,2018-06-14,"Learning device, controller, and control system",FANUC CORPORATION,FANUC,FANUC,JP,17412982,1,B25J-0009/163,GRAY,,False,False,False,False,False,False,False,
15/984467,10773383,2018-05-21,Robot high frequency position streaming,FANUC AMERICA CORPORATION,FANUC AMERICA,FANUC,US,17413010,1,B25J-0009/1664,GRAY,,False,True,False,False,False,False,False,
16/013089,10589419,2018-06-20,Robot and robot system,Seiko Epson Corporation,SEIKO EPSON,SEIKO EPSON,JP,17416942,1,B25J-0009/0009,GRAY,,False,True,False,False,False,False,False,
16/003800,10625415,2018-06-08,Robot system,FANUC CORPORATION,FANUC,FANUC,JP,17416974,1,B25J-0018/04,E_auto,제외전용신호+Tier신호없음,False,False,False,False,False,True,False,
16/609295,11440185,2018-03-02,"Multi-operation unit integration device, control method therefor, and autonomous learning type robot device","HITACHI, LTD.",HITACHI,HITACHI,JP,17420950,1,B25J-0009/163,GRAY,,False,True,False,False,False,False,False,
16/017111,11027424,2018-06-25,"Robot hand, robot apparatus, and method of controlling robot hand",Canon Kabushiki Kaisha,CANON,CANON,JP,17420971,1,B25J-0009/1612,GRAY,,False,True,False,False,False,False,False,
16/018078,10646995,2018-06-26,"Robot that carries out learning control in applications requiring constant speeds, and control method thereof",FANUC CORPORATION,FANUC,FANUC,JP,17423485,1,B25J-0009/163,GRAY,,False,False,False,False,False,False,False,
16/003533,10611031,2018-06-08,Robot system,Fanuc Corporation,FANUC,FANUC,JP,17423492,1,B25J-0009/1692,GRAY,,False,False,False,False,False,False,False,
16/003773,10870199,2018-06-08,Robot system and robot teaching method,FANUC CORPORATION,FANUC,FANUC,JP,17426984,1,B25J-0009/0081,GRAY,,False,True,False,False,False,False,False,
16/036542,11833687,2018-07-16,"Robot apparatus, control method for the robot apparatus, assembly method using the robot apparatus, and recording medium",Canon Kabushiki Kaisha,CANON,CANON,JP,17427020,1,B25J-0009/1635,GRAY,,False,True,False,False,False,False,False,
16/039338,10888992,2018-07-19,Robot system and method for controlling robot system,KABUSHIKI KAISHA YASKAWA DENKI,YASKAWA DENKI,YASKAWA,JP,17427042,1,B25J-0009/0096,GRAY,,False,True,False,False,False,False,False,
16/019713,10946521,2018-06-27,"Movement planning apparatus, moving robot, and movement planning program",TOYOTA JIDOSHA KABUSHIKI KAISHA,TOYOTA JIDOSHA,TOYOTA,JP,17429135,1,B25J-0009/1666,GRAY,,False,False,False,False,False,False,False,
16/200500,11198221,2018-11-26,Autonomously acting robot that wears clothes,"GROOVE X, INC.",GROOVE X,GROOVE X,JP,17430822,1,B25J-0011/001,GRAY,,False,False,False,False,False,False,False,
16/046474,10759056,2018-07-26,Control unit for articulated robot,FANUC CORPORATION,FANUC,FANUC,JP,17432754,1,B25J-0009/1697,GRAY,,False,True,False,False,False,False,False,
16/019699,10493626,2018-06-27,"Robot arm, method of estimating amount of iron powder contained in lubricant of connecting part of robot arm, and abnormality sign determination system",TOYOTA JIDOSHA KABUSHIKI KAISHA,TOYOTA JIDOSHA,TOYOTA,JP,17432766,1,B25J-0009/1674,GRAY,,False,True,False,False,False,False,False,
16/636139,11865697,2018-07-27,Robot system and method for operating same,KAWASAKI JUKOGYO KABUSHIKI KAISHA,KAWASAKI JUKOGYO,KAWASAKI HEAVY INDUSTRIES,JP,17432769,1,B25J-0013/06,GRAY,,False,True,False,False,False,False,False,
16/047003,10675767,2018-07-27,Robot system and robot controller,FANUC CORPORATION,FANUC,FANUC,JP,17432771,1,B25J-0013/084,GRAY,,False,True,False,False,False,False,False,
16/050405,10556343,2018-07-31,Simulation device and simulation method for robot system,FANUC CORPORATION,FANUC,FANUC,JP,17432781,1,B25J-0009/1671,GRAY,,False,False,False,False,False,False,False,
16/039289,10946534,2018-07-18,"Robot hand apparatus, robot hand system, and holding method","Panasonic Intellectual Property Management Co., Ltd.",PANASONIC INTELLECTUAL PROPERTY MANAGEMENT,PANASONIC,JP,17432790,1,B25J-0015/065,GRAY,,False,True,False,False,False,True,False,
16/055650,10953538,2018-08-06,Control device and learning device,Fanuc Corporation,FANUC,FANUC,JP,17437317,1,B25J-0009/163,GRAY,,False,True,False,False,False,False,False,
16/059256,11117266,2018-08-09,"Control device, robot, and robot system",Seiko Epson Corporation,SEIKO EPSON,SEIKO EPSON,미상,17439858,1,B25J-0013/02,GRAY,,False,False,False,False,False,False,False,
16/104682,11084168,2018-08-17,Article stacking apparatus and machine learning apparatus,FANUC CORPORATION,FANUC,FANUC,JP,17442692,1,B25J-0009/163,GRAY,,False,True,False,False,False,False,False,
16/057105,10786906,2018-08-07,Robot system,FANUC CORPORATION,FANUC,FANUC,JP,17442711,2,B25J-0013/06,GRAY,,False,True,False,False,False,False,False,
16/054180,10507581,2018-08-03,Robot system,FANUC CORPORATION,FANUC,FANUC,JP,17442723,1,B25J-0009/163,GRAY,,False,False,False,False,False,False,False,
16/117448,10569419,2018-08-30,Control device and robot system,Seiko Epson Corporation,SEIKO EPSON,SEIKO EPSON,JP,17446679,1,B25J-0009/1697,GRAY,,False,True,False,False,False,False,False,
16/643767,11370105,2018-08-27,Robot system and method for operating same,KAWASAKI JUKOGYO KABUSHIKI KAISHA,KAWASAKI JUKOGYO,KAWASAKI HEAVY INDUSTRIES,JP,17446687,1,B25J-0003/00,GRAY,,False,True,False,False,False,False,False,
16/105412,11440188,2018-08-20,Robot system,FANUC CORPORATION,FANUC,FANUC,JP,17446748,1,B25J-0009/1666,GRAY,,False,True,False,False,False,False,False,
16/127788,10946513,2018-09-11,Robot and robot system,Seiko Epson Corporation,SEIKO EPSON,SEIKO EPSON,미상,17451299,1,B25J-0009/0078,GRAY,,False,True,False,False,False,False,False,
16/117518,10737385,2018-08-30,"Machine learning device, robot system, and machine learning method",FANUC CORPORATION,FANUC,FANUC,JP,17451304,1,B25J-0009/163,GRAY,,False,True,False,False,False,False,False,
16/126024,11077553,2018-09-10,Robot and offset correction device for force sensor,Seiko Epson Corporation,SEIKO EPSON,SEIKO EPSON,미상,17452049,1,B25J-0009/1633,GRAY,,False,True,False,False,False,False,False,
15/889644,10661445,2018-02-06,"Holding mechanism, manipulator, and handling robot system",Kabushiki Kaisha Toshiba,TOSHIBA,TOSHIBA,JP,17453523,1,B25J-0015/0023,GRAY,,False,True,False,False,False,False,False,
15/904472,10821609,2018-02-26,"Robot control apparatus, system and method","HITACHI, LTD.",HITACHI,HITACHI,JP,17455749,1,B25J-0013/006,GRAY,,False,False,False,False,False,False,False,
16/115562,10569418,2018-08-29,"Robot controller for executing calibration, measurement system and calibration method",FANUC CORPORATION,FANUC,FANUC,JP,17456526,1,B25J-0009/1692,GRAY,,False,False,False,False,False,False,False,
16/029461,11007641,2018-07-06,Continuum robot control methods and apparatus,CANON USA INC.,CANON USA,CANON,US,17459049,2,B25J-0009/1625,GRAY,,False,True,False,False,False,False,False,
16/117612,11845194,2018-08-30,Robot system and workpiece picking method,"FANUC CORPORATION | PREFERRED NETWORKS, INC.",FANUC,FANUC,JP,17459206,1,B25J-0009/1697,GRAY,,False,False,False,False,False,False,False,
16/131485,10611032,2018-09-14,Measurement system,Fanuc Corporation,FANUC,FANUC,JP,17459214,1,B25J-0009/1692,GRAY,,False,False,False,False,False,False,False,
16/101638,10870205,2018-08-13,Robot system,FANUC CORPORATION,FANUC,FANUC,JP,17459224,1,B25J-0009/1697,GRAY,,False,False,False,False,False,False,False,
16/140729,11305438,2018-09-25,"Robot control device, robot, and robot system",Seiko Epson Corporation,SEIKO EPSON,SEIKO EPSON,미상,17459234,1,B25J-0019/0029,GRAY,,False,False,False,False,False,False,False,
16/136051,11135725,2018-09-19,"Robot control system, robot control method and user apparatus for robot control system","Honda Motor Co., Ltd.",HONDA MOTOR,HONDA,JP,17463198,1,B25J-0013/006,GRAY,,False,False,False,False,False,False,False,
16/143763,11351672,2018-09-27,"Robot, control device, and robot system",Seiko Epson Corporation,SEIKO EPSON,SEIKO EPSON,미상,17463200,1,B25J-0009/1697,GRAY,,False,False,False,False,False,False,False,
16/143952,10836033,2018-09-27,Robot,Seiko Epson Corporation,SEIKO EPSON,SEIKO EPSON,JP,17463219,1,B25J-0009/161,GRAY,,False,False,False,False,False,False,False,
16/141173,10875198,2018-09-25,Robot system,FANUC CORPORATION,FANUC,FANUC,JP,17463230,1,B25J-0019/06,GRAY,,False,True,False,False,False,False,False,
16/652484,11534907,2018-10-01,Management system and control method,OKAMURA CORPORATION,OKAMURA,OKAMURA,JP,17463233,1,B25J-0003/00,GRAY,,False,True,False,False,False,False,False,
16/133704,10710241,2018-09-18,Controller for limiting speed of robot component,FANUC CORPORATION,FANUC,FANUC,JP,17463256,1,B25J-0009/1666,GRAY,,False,True,False,False,False,False,False,
16/116911,10618173,2018-08-30,Processing system and method for controlling processing machine,FANUC CORPORATION,FANUC,FANUC,JP,17465843,1,B25J-0009/1692,GRAY,,False,False,False,False,False,False,False,
16/131030,10850396,2018-09-14,Controller for monitoring movement direction of operation tool,FANUC CORPORATION,FANUC,FANUC,JP,17467620,1,B25J-0009/1666,GRAY,,False,True,False,False,False,False,False,
16/245261,11285614,2019-01-11,Autonomously acting robot that understands physical contact,"GROOVE X, INC.",GROOVE X,GROOVE X,JP,17469727,1,B25J-0011/0005,GRAY,,False,False,False,False,False,False,False,
16/154190,10744645,2018-10-08,Measurement system,FANUC CORPORATION,FANUC,FANUC,JP,17469898,1,B25J-0009/1692,GRAY,,False,False,False,False,False,False,False,
16/170495,10870201,2018-10-25,SCARA robot,Seiko Epson Corporation,SEIKO EPSON,SEIKO EPSON,JP,17473289,1,B25J-0009/1602,GRAY,,False,True,False,False,False,False,False,
16/172136,11097419,2018-10-26,Robot system,FANUC CORPORATION,FANUC,FANUC,JP,17476657,1,B25J-0009/1664,GRAY,,False,True,False,False,False,False,False,
16/180166,11110602,2018-11-05,Robot control device and robot system,Seiko Epson Corporation,SEIKO EPSON,SEIKO EPSON,미상,17479239,1,B25J-0009/1664,GRAY,,False,False,False,False,False,False,False,
16/185400,11407108,2018-11-09,Horizontal articulated robot and return-to-origin method thereof,NIDEC SANKYO CORPORATION,NIDEC SANKYO,NIDEC SANKYO,JP,17479278,1,B25J-0009/1664,GRAY,,False,True,False,False,False,False,False,
16/143469,10786899,2018-09-27,Device for calculating stowage pattern and robot controller,FANUC CORPORATION,FANUC,FANUC,JP,17482967,1,B25J-0009/163,E_auto,제외전용신호+Tier신호없음,False,False,False,False,False,True,False,
16/194699,10800048,2018-11-19,Robot,Seiko Epson Corporation,SEIKO EPSON,SEIKO EPSON,JP,17486242,1,B25J-0019/0004,GRAY,,False,False,False,False,False,False,False,
16/194767,10894327,2018-11-19,Robot,Seiko Epson Corporation,SEIKO EPSON,SEIKO EPSON,미상,17486244,1,B25J-0019/0029,GRAY,,False,False,False,False,False,False,False,
16/189187,10864630,2018-11-13,Control device and machine learning device,Fanuc Corporation,FANUC,FANUC,JP,17486255,1,B25J-0009/1612,GRAY,,False,True,False,False,False,False,False,
16/197364,11241796,2018-11-21,Robot system and method for controlling robot system,KABUSHIKI KAISHA YASKAWA DENKI,YASKAWA DENKI,YASKAWA,JP,17486264,1,B25J-0009/1697,GRAY,,False,False,False,False,False,False,False,
16/177432,11173601,2018-11-01,Teaching device for performing robot teaching operations and teaching method,FANUC CORPORATION,FANUC,FANUC,JP,17486271,1,B25J-0009/163,GRAY,,False,True,False,False,False,False,False,
16/180358,10807240,2018-11-05,Robot control device for setting jog coordinate system,FANUC CORPORATION,FANUC,FANUC,JP,17486274,1,B25J-0009/1664,GRAY,,False,True,False,False,False,False,False,
16/174611,11565421,2018-10-30,Robot and robot system,FANUC CORPORATION,FANUC,FANUC,JP,17486309,2,B25J-0009/1697,GRAY,,False,False,False,False,False,False,False,
16/197358,11034022,2018-11-21,"Robot teaching system, controller and hand guide unit",FANUC CORPORATION,FANUC,FANUC,JP,17486312,1,B25J-0009/1664,GRAY,,False,False,False,False,False,False,False,
16/142669,10807247,2018-09-26,Robot operation apparatus,FANUC CORPORATION,FANUC,FANUC,JP,17486315,1,B25J-0013/02,GRAY,,False,True,False,False,False,False,False,
16/185599,11084171,2018-11-09,Tool posture control apparatus,FANUC CORPORATION,FANUC,FANUC,JP,17486317,1,B25J-0009/1694,GRAY,,False,False,False,False,False,False,False,
16/150440,10603798,2018-10-03,Robot,FANUC CORPORATION,FANUC,FANUC,JP,17490423,1,B25J-0013/085,GRAY,,False,True,False,False,False,False,False,
16/178601,10828776,2018-11-02,Control device for limiting speed of robot,FANUC CORPORATION,FANUC,FANUC,JP,17490426,1,B25J-0009/1651,GRAY,,False,True,False,False,False,False,False,
16/196598,11130234,2018-11-20,Robot and collision detection method therefor,FANUC CORPORATION,FANUC,FANUC,JP,17490428,1,B25J-0009/1666,GRAY,,False,True,False,False,False,False,False,
16/181691,11358287,2018-11-06,Input device and robot control system,FANUC CORPORATION,FANUC,FANUC,JP,17490439,1,B25J-0013/088,GRAY,,False,True,False,False,False,False,False,
16/194391,10940585,2018-11-19,Vibration suppression device,FANUC CORPORATION,FANUC,FANUC,JP,17490453,1,B25J-0009/163,GRAY,,False,True,False,False,False,False,False,
16/181823,11413759,2018-11-06,"Robot apparatus, control method for controlling the same, non-transitory computer-readable recording medium, manufacturing system, and method for manufacturing an article",Canon Kabushiki Kaisha,CANON,CANON,JP,17490480,1,B25J-0009/1694,GRAY,,False,True,False,False,False,False,False,
16/201550,10994422,2018-11-27,Robot system for adjusting operation parameters,FANUC CORPORATION,FANUC,FANUC,JP,17495340,1,B25J-0009/1656,GRAY,,False,False,False,False,False,False,False,
16/217512,11192263,2018-12-12,Robot hand and control method for the robot hand,Canon Kabushiki Kaisha,CANON,CANON,JP,17495342,1,B25J-0015/103,GRAY,,False,True,False,False,False,False,False,
16/223891,11130232,2018-12-18,Robot system,NIDEC SANKYO CORPORATION,NIDEC SANKYO,NIDEC SANKYO,JP,17498197,1,B25J-0009/1656,GRAY,,False,True,False,False,False,False,False,
16/223909,11014252,2018-12-18,Robot system,NIDEC SANKYO CORPORATION,NIDEC SANKYO,NIDEC SANKYO,JP,17498198,1,B25J-0019/06,GRAY,,False,True,False,False,False,False,False,
16/226906,11052545,2018-12-20,Method of attaching tip to pipette,KAWASAKI JUKOGYO KABUSHIKI KAISHA | SYSMEX CORPORATION | MEDICAROID CORPORATION,KAWASAKI JUKOGYO,KAWASAKI HEAVY INDUSTRIES,JP,17504525,1,B25J-0011/005,GRAY,,False,False,False,False,False,False,False,
16/237156,11207777,2018-12-31,Robot controlling device and automatic assembling system,"Hitachi, Ltd.",HITACHI,HITACHI,JP,17510399,1,B25J-0009/1666,GRAY,,False,True,False,False,False,False,False,
16/247706,11298822,2019-01-15,"Robot, method of controlling robot, and robot control device",Canon Kabushiki Kaisha,CANON,CANON,JP,17510427,1,B25J-0009/1633,GRAY,,False,True,False,False,False,False,False,
16/220594,10814482,2018-12-14,Robot controller,Fanuc Corporation,FANUC,FANUC,JP,17510435,1,B25J-0009/1651,GRAY,,False,False,False,False,False,False,False,
16/241148,11141855,2019-01-07,"Robot system, method of controlling robot arm, recording medium, and method of manufacturing an article",CANON KABUSHIKI KAISHA,CANON,CANON,JP,17510446,1,B25J-0009/102,GRAY,,False,True,False,False,False,False,False,
16/247862,10391639,2019-01-15,Transfer tool and robot,Fanuc Corporation,FANUC,FANUC,JP,17513550,1,B25J-0015/0014,GRAY,,False,True,False,False,False,False,False,
16/257164,11167417,2019-01-25,Robot control device and robot system,Seiko Epson Corporation,SEIKO EPSON,SEIKO EPSON,미상,17513576,1,B25J-0009/1661,GRAY,,False,False,False,False,False,False,False,
16/245573,10780579,2019-01-11,Work robot system,FANUC CORPORATION,FANUC,FANUC,JP,17516851,1,B25J-0009/1633,GRAY,,False,False,False,False,False,False,False,
16/278455,11185993,2019-02-18,Robot control device and robot system,Seiko Epson Corporation,SEIKO EPSON,SEIKO EPSON,미상,17525880,1,B25J-0013/06,GRAY,,False,True,False,False,False,False,False,
16/268114,10960549,2019-02-05,Vibration analyzer and vibration analysis method,FANUC CORPORATION,FANUC,FANUC,JP,17525908,1,B25J-0009/1694,GRAY,,False,False,False,False,False,False,False,
16/271321,10807249,2019-02-08,Robot,FANUC CORPORATION,FANUC,FANUC,JP,17525912,1,B25J-0015/0019,GRAY,,False,False,False,False,False,False,False,
16/262456,11110615,2019-01-30,"Robot hand, robot, and method for adjusting hand width of robot hand",FANUC CORPORATION,FANUC,FANUC,JP,17529994,1,B25J-0015/0061,GRAY,,False,True,False,False,False,False,False,
16/288422,11090817,2019-02-28,"Robot hand, robot and robot system capable of gripping workpiece, and method of rotating and inserting workpiece into hole",Fanuc Corporation,FANUC,FANUC,JP,17532873,1,B25J-0015/103,GRAY,,False,True,False,False,False,False,False,
16/288364,10882188,2019-02-28,Controller and control method for collaborative robot,Fanuc Corporation,FANUC,FANUC,JP,17536694,1,B25J-0009/1666,GRAY,,False,True,False,False,False,True,False,
16/352112,10611035,2019-03-13,"Apparatus for supporting workpiece, method of supporting workpiece, and robot arm",Toyota Jidosha Kabushiki Kaisha,TOYOTA JIDOSHA,TOYOTA,JP,17536714,1,B25J-0015/0076,GRAY,,False,True,False,False,False,False,False,
16/283819,11376740,2019-02-25,Autonomously acting robot that recognizes direction of sound source,"GROOVE X, INC.",GROOVE X,GROOVE X,JP,17542811,1,B25J-0009/1694,GRAY,,False,False,False,False,False,False,False,
16/296571,10953543,2019-03-08,"Operation program setting apparatus for robot, robot, and method of controlling robot",FANUC CORPORATION,FANUC,FANUC,JP,17545800,1,B25J-0009/1664,GRAY,,False,False,False,False,False,False,False,
16/352984,11185981,2019-03-14,"Robot control apparatus, robot control method, and program",NIDEC CORPORATION,NIDEC,NIDEC,JP,17545844,1,B25J-0009/1651,GRAY,,False,True,False,False,False,False,False,
16/354381,11235461,2019-03-15,Controller and machine learning device,Fanuc Corporation,FANUC,FANUC,JP,17545848,1,B25J-0009/163,GRAY,,False,True,False,False,False,False,False,
16/362387,10987806,2019-03-22,Production method and production system that use robot,FANUC CORPORATION,FANUC,FANUC,JP,17549864,1,B25J-0009/1633,GRAY,,False,True,False,False,False,False,False,
16/361207,11253999,2019-03-22,"Machine learning device, robot control device and robot vision system using machine learning device, and machine learning method",FANUC CORPORATION,FANUC,FANUC,JP,17549900,1,B25J-0009/163,GRAY,,False,True,False,False,False,False,False,
16/369037,11518023,2019-03-29,"Control device, robot, and robot system",SEIKO EPSON CORPORATION,SEIKO EPSON,SEIKO EPSON,JP,17554762,1,B25J-0009/161,GRAY,,False,False,False,False,False,False,False,
16/369349,11534910,2019-03-29,Control device for displaying a relationship between robot output and device input,SEIKO EPSON CORPORATION,SEIKO EPSON,SEIKO EPSON,미상,17554769,1,B25J-0009/161,GRAY,,False,False,False,False,False,False,False,
16/360249,11433540,2019-03-21,"Robot control apparatus, and method and program for obtaining angle of joint of robot",NIDEC CORPORATION,NIDEC,NIDEC,JM,17554775,1,B25J-0009/046,GRAY,,False,True,False,False,False,False,False,
16/369009,11273554,2019-03-29,Method and device for evaluating calibration precision,NIDEC CORPORATION,NIDEC,NIDEC,JP,17554789,1,B25J-0009/1692,GRAY,,False,False,False,False,False,False,False,
16/360943,10994427,2019-03-21,Robot with safety fence and robot system,FANUC CORPORATION,FANUC,FANUC,JP,17558237,1,B25J-0019/06,GRAY,,False,True,False,False,False,False,False,
16/372700,10814481,2019-04-02,Robot system for performing learning control by using motor encoder and sensor,Fanuc Corporation,FANUC,FANUC,JP,17558242,1,B25J-0009/163,GRAY,,False,False,False,False,False,False,False,
16/266231,11207788,2019-02-04,Hand control apparatus and hand control system,FANUC CORPORATION,FANUC,FANUC,JP,17558253,1,B25J-0013/082,GRAY,,False,True,False,False,False,False,False,
16/293965,11130236,2019-03-06,"Robot movement teaching apparatus, robot system, and robot controller",FANUC CORPORATION,FANUC,FANUC,JP,17564063,1,B25J-0009/1697,GRAY,,False,True,False,False,False,False,False,
16/353245,11161256,2019-03-14,Robot gravity balancer and robot,FANUC CORPORATION,FANUC,FANUC,JP,17564095,1,B25J-0019/0016,GRAY,,False,True,False,False,False,False,False,
16/377252,11220002,2019-04-08,Robot simulation device,FANUC CORPORATION,FANUC,FANUC,JP,17564110,1,B25J-0009/1605,GRAY,,False,True,False,False,False,False,False,
16/394593,11059181,2019-04-25,"Control apparatus, robot, and robot system",SEIKO EPSON CORPORATION,SEIKO EPSON,SEIKO EPSON,JP,17564117,1,B25J-0013/06,GRAY,,False,True,False,False,False,False,False,
16/394178,11389954,2019-04-25,Robot control device,SEIKO EPSON CORPORATION,SEIKO EPSON,SEIKO EPSON,JP,17564120,1,B25J-0009/161,GRAY,,False,True,False,False,False,False,False,
16/394384,11161249,2019-04-25,Robot control apparatus and robot system,Seiko Epson Corporation,SEIKO EPSON,SEIKO EPSON,미상,17564130,1,B25J-0009/1694,GRAY,,False,False,False,False,False,False,False,
17/051030,11534914,2019-04-26,Method and system for teaching robot,KAWASAKI JUKOGYO KABUSHIKI KAISHA,KAWASAKI JUKOGYO,KAWASAKI HEAVY INDUSTRIES,JP,17564150,1,B25J-0009/163,GRAY,,False,True,False,False,False,False,False,
16/386140,11285603,2019-04-16,"Information processing apparatus, control method, robot system, and storage medium",Canon Kabushiki Kaisha,CANON,CANON,JP,17564154,1,B25J-0009/1664,GRAY,,False,True,False,False,False,False,False,
16/391953,11338452,2019-04-23,Robot hand including a plurality of grippers and a method of handling a wire harness using a robot hand,FANUC CORPORATION,FANUC,FANUC,JP,17564155,1,B25J-0015/0057,GRAY,,False,True,False,False,False,False,False,
16/372922,11584016,2019-04-02,Robot controller and system,FANUC CORPORATION,FANUC,FANUC,JP,17564161,1,B25J-0009/1697,GRAY,,False,True,False,False,False,False,False,
16/386350,10987802,2019-04-17,Control device,FANUC CORPORATION,FANUC,FANUC,JP,17566752,1,B25J-0009/161,GRAY,,False,True,False,False,False,False,False,
16/381022,11541542,2019-04-11,"Service providing system, information processing apparatus, and method of controlling service providing system","HITACHI, LTD.",HITACHI,HITACHI,JP,17567023,1,B25J-0009/1671,GRAY,,False,False,False,False,False,False,False,
16/395446,11014227,2019-04-26,"Drive device including plurality of motors configured to drive one operation shaft, and robot including drive device",FANUC CORPORATION,FANUC,FANUC,JP,17569636,1,B25J-0009/04,GRAY,,False,True,False,False,False,False,False,
17/093651,11613004,2020-11-10,"Deflection amount estimating device, robot control device and method of estimating amount of deflection",KAWASAKI JUKOGYO KABUSHIKI KAISHA,KAWASAKI JUKOGYO,KAWASAKI HEAVY INDUSTRIES,JP,17569648,1,B25J-0009/1065,GRAY,,False,True,False,False,False,False,False,
16/384927,11027426,2019-04-16,Robot system and control method of robot system for taking out workpieces loaded in bulk,FANUC CORPORATION,FANUC,FANUC,JP,17571961,1,B25J-0009/1666,GRAY,,False,True,False,False,False,False,False,
16/419185,10960553,2019-05-22,Robot control device and robot system,Seiko Epson Corporation,SEIKO EPSON,SEIKO EPSON,미상,17574816,1,B25J-0013/085,GRAY,,False,True,False,False,False,False,False,
16/420237,11376745,2019-05-23,"Control device, robot, and robot system",SEIKO EPSON CORPORATION,SEIKO EPSON,SEIKO EPSON,JP,17577677,1,B25J-0013/088,GRAY,,False,True,False,False,False,False,False,
16/422812,11826909,2019-05-24,"Driving mechanism, robot apparatus, method for controlling driving mechanism, method of manufacturing an article using robot arm, and storage medium",Canon Kabushiki Kaisha,CANON,CANON,JP,17580215,1,B25J-0009/126,GRAY,,False,True,False,False,False,False,False,
16/432175,11707855,2019-06-05,Cover for robots and detection system,DENSO WAVE INCORPORATED,DENSO WAVE,DENSO,JP,17580239,1,B25J-0019/0075,GRAY,,False,False,False,False,False,False,False,
16/420308,11254001,2019-05-23,"Controller, control system and ladder program",FANUC CORPORATION,FANUC,FANUC,JP,17582511,1,B25J-0009/1658,GRAY,,False,False,False,False,False,False,False,
16/439573,11338442,2019-06-12,"Robot apparatus, control method for robot apparatus, article manufacturing method using robot apparatus, and storage medium",Canon Kabushiki Kaisha,CANON,CANON,JP,17586669,1,B25J-0009/1687,GRAY,,False,False,False,False,False,False,False,
16/445212,11230003,2019-06-19,Robot system configured to perform learning control,FANUC CORPORATION,FANUC,FANUC,JP,17590340,1,B25J-0009/163,GRAY,,False,False,False,False,False,False,False,
16/451374,11548160,2019-06-25,"Three-dimensional measuring device, controller, and robot system",SEIKO EPSON CORPORATION,SEIKO EPSON,SEIKO EPSON,JP,17592118,1,B25J-0009/1697,GRAY,,False,True,False,False,False,False,False,
16/453628,11130241,2019-06-26,Robot,FANUC CORPORATION,FANUC,FANUC,JP,17594727,1,B25J-0013/06,GRAY,,False,True,False,False,False,False,False,
16/458193,11433537,2019-07-01,Automatic path generation device,FANUC CORPORATION,FANUC,FANUC,JP,17598640,1,B25J-0009/1664,GRAY,,False,False,False,False,False,False,False,
16/460298,11254008,2019-07-02,Method and device of controlling robot system,CANON KABUSHIKI KAISHA,CANON,CANON,JP,17598651,1,B25J-0009/1697,GRAY,,False,True,False,False,False,False,False,
16/516488,11167415,2019-07-19,"Control apparatus, horizontal articulated robot and robot system",Seiko Epson Corporation,SEIKO EPSON,SEIKO EPSON,미상,17598671,1,B25J-0009/1641,GRAY,,False,True,False,False,False,False,False,
14/835351,10046461,2015-08-25,Link structure and assembly including cable guide system for robotic mechanical manipulator structure,Paul Ekas,PAUL EKAS,PAUL EKAS,US,17598681,1,B25J-0015/0009,GRAY,,False,True,False,False,False,False,False,
16/458847,11007645,2019-07-01,Mobile robot and control method,"PANASONIC INTELLECTUAL PROPERTY MANAGEMENT CO., LTD.",PANASONIC INTELLECTUAL PROPERTY MANAGEMENT,PANASONIC,JP,17600474,1,B25J-0009/1666,GRAY,,False,False,False,False,False,False,False,
16/517719,11440202,2019-07-22,"Robot, control device and control method",SEIKO EPSON CORPORATION,SEIKO EPSON,SEIKO EPSON,JP,17601607,1,B25J-0013/087,GRAY,,False,True,False,False,False,False,False,
16/517999,11338440,2019-07-22,Robot system and calibration method,FANUC CORPORATION,FANUC,FANUC,JP,17604857,1,B25J-0009/1692,GRAY,,False,False,False,False,False,False,False,
17/265073,11878423,2019-07-30,Robot system,KAWASAKI JUKOGYO KABUSHIKI KAISHA,KAWASAKI JUKOGYO,KAWASAKI HEAVY INDUSTRIES,JP,17604865,1,B25J-0009/1664,GRAY,,False,True,False,False,False,False,False,
17/265007,11964391,2019-07-30,Robot system,KAWASAKI JUKOGYO KABUSHIKI KAISHA,KAWASAKI JUKOGYO,KAWASAKI HEAVY INDUSTRIES,JP,17604866,1,B25J-0009/1656,GRAY,,False,True,False,False,False,False,False,
17/549424,11806865,2021-12-13,Rotary actuator and robot,NIDEC CORPORATION,NIDEC,NIDEC,JP,17609571,1,B25J-0019/0004,GRAY,,False,True,False,False,False,False,False,
16/545114,11318609,2019-08-20,"Control device, robot system, and robot",Seiko Epson Corporation,SEIKO EPSON,SEIKO EPSON,미상,17612582,1,B25J-0009/1633,GRAY,,False,False,False,False,False,False,False,
16/545109,11389958,2019-08-20,"Robot system, robot, and control method",SEIKO EPSON CORPORATION,SEIKO EPSON,SEIKO EPSON,JP,17612583,1,B25J-0009/1633,GRAY,,False,False,False,False,False,False,False,
16/546420,11312021,2019-08-21,"Control apparatus, robot system, and control method",Seiko Epson Corporation,SEIKO EPSON,SEIKO EPSON,미상,17612594,1,B25J-0013/085,GRAY,,False,False,False,False,False,False,False,
16/520186,12090664,2019-07-23,Interference avoidance device and robot system,FANUC CORPORATION,FANUC,FANUC,JP,17612609,1,B25J-0009/1666,GRAY,,False,True,False,False,False,False,False,
16/287197,11179851,2019-02-27,"Robot control device, robot control parameter adjustment method, and non-transitory storage medium storing program",KABUSHIKI KAISHA TOSHIBA,TOSHIBA,TOSHIBA,JP,17615460,1,B25J-0009/1671,GRAY,,False,True,False,False,False,False,False,
16/503793,11897135,2019-07-05,Human-cooperative robot system,FANUC CORPORATION,FANUC,FANUC,JP,17615467,1,B25J-0009/1633,GRAY,,False,False,False,False,False,False,False,
16/538047,11123877,2019-08-12,Robot hand,FANUC CORPORATION,FANUC,FANUC,JP,17615482,1,B25J-0013/02,GRAY,,False,True,False,False,False,False,False,
17/272255,11986957,2019-08-08,"Moving robot, moving robot control method and program therefor",NIPPON TELEGRAPH AND TELEPHONE CORPORATION,NIPPON TELEGRAPH AND TELEPHONE,NIPPON TELEGRAPH AND TELEPHONE,JP,17617650,1,B25J-0009/1617,GRAY,,False,True,False,False,False,False,False,
16/540660,10967528,2019-08-14,Maintenance jig for balancer of robot,FANUC CORPORATION,FANUC,FANUC,JP,17619185,1,B25J-0019/0066,GRAY,,False,True,False,False,False,False,False,
16/542499,11161254,2019-08-16,Robot hand,FANUC CORPORATION,FANUC,FANUC,JP,17621393,1,B25J-0015/10,GRAY,,False,True,False,False,False,False,False,
16/525710,11179858,2019-07-30,Robot arm,TOYOTA JIDOSHA KABUSHIKI KAISHA,TOYOTA JIDOSHA,TOYOTA,JP,17622536,1,B25J-0019/0062,GRAY,,False,True,False,False,False,False,False,
16/576446,11478934,2019-09-19,Method and apparatus for controlling robot,DENSO WAVE INCORPORATED,DENSO WAVE,DENSO,JP,17624944,1,B25J-0009/1674,GRAY,,False,True,False,False,False,False,False,
16/585937,11279021,2019-09-27,Method and apparatus for controlling robots,DENSO WAVE INCORPORATED,DENSO WAVE,DENSO,JP,17629096,1,B25J-0009/0081,GRAY,,False,False,False,False,False,False,False,
16/555334,11192247,2019-08-29,Robot controller for controlling arc motion of robot,FANUC CORPORATION,FANUC,FANUC,JP,17629114,1,B25J-0009/1664,GRAY,,False,True,False,False,False,False,False,
16/585076,11541552,2019-09-27,Control device controlling robot and robot system,SEIKO EPSON CORPORATION,SEIKO EPSON,SEIKO EPSON,미상,17629116,1,B25J-0009/1674,GRAY,,False,False,False,False,False,False,False,
16/549511,10857683,2019-08-23,Robot hand,FANUC CORPORATION,FANUC,FANUC,JP,17629117,1,B25J-0015/0293,GRAY,,False,True,False,False,False,False,False,
16/585005,10751889,2019-09-27,Robot,Seiko Epson Corporation,SEIKO EPSON,SEIKO EPSON,JP,17629120,1,B25J-0019/0054,GRAY,,False,True,False,False,False,False,False,
16/585198,11052543,2019-09-27,"Control device, robot system, and robot",SEIKO EPSON CORPORATION,SEIKO EPSON,SEIKO EPSON,JP,17629144,1,B25J-0009/1697,GRAY,,False,True,False,False,False,False,False,
16/589186,11724388,2019-10-01,Robot controller and display device using augmented reality and mixed reality,FANUC CORPORATION,FANUC,FANUC,JP,17633644,1,B25J-0009/161,GRAY,,False,True,False,False,False,False,False,
16/570893,11285606,2019-09-13,"Control device, robot, control method, and non-transitory computer-readable recording medium","CASIO COMPUTER CO., LTD.",CASIO COMPUTER,CASIO COMPUTER,JP,17633651,1,B25J-0009/1676,GRAY,,False,False,False,False,False,False,False,
16/588081,12005582,2019-09-30,Controller and control system,Fanuc Corporation,FANUC,FANUC,JP,17633661,1,B25J-0009/1633,GRAY,,False,True,False,False,False,False,False,
16/589441,11254007,2019-10-01,Machine tool,OKUMA CORPORATION,OKUMA,OKUMA,JP,17636702,1,B25J-0009/1628,GRAY,,False,False,False,False,False,False,False,
16/597170,12103179,2019-10-09,"Method of controlling robot body, method of manufacturing product, robot apparatus, and recording medium",Canon Kabushiki Kaisha,CANON,CANON,JP,17636739,1,B25J-0009/1612,GRAY,,False,True,False,False,False,False,False,
17/281762,11897138,2019-09-30,"Injection apparatus, injection method, and injection program",SONY CORPORATION,SONY,SONY,JP,17636742,1,B25J-0009/1653,GRAY,,False,True,False,False,False,False,False,
16/597876,11254005,2019-10-10,Robot control device,FANUC CORPORATION,FANUC,FANUC,JP,17636746,1,B25J-0009/1676,GRAY,,False,True,False,False,False,False,False,
16/139902,10913156,2018-09-24,Robot system with end tool metrology position coordinates determination system,Mitutoyo Corporation,MITUTOYO,MITUTOYO,JP,17636751,1,B25J-0009/1664,GRAY,,False,False,False,False,False,False,False,
16/782085,11045948,2020-02-05,"Control apparatus, work robot, non-transitory computer-readable medium, and control method","MUJIN, INC.",MUJIN,MUJIN,JP,17639462,2,B25J-0009/163,GRAY,,False,True,False,False,False,False,False,
16/585820,11338439,2019-09-27,Robot control method,FANUC CORPORATION,FANUC,FANUC,JP,17642145,1,B25J-0009/1676,GRAY,,False,True,False,False,False,False,False,
16/659835,11491661,2019-10-22,Communication robot and control program of communication robot,TOYOTA JIDOSHA KABUSHIKI KAISHA,TOYOTA JIDOSHA,TOYOTA,JP,17643665,1,B25J-0011/0015,GRAY,,False,True,False,False,False,False,False,
16/661481,11485022,2019-10-23,Dialogue apparatus and control program for dialogue apparatus,TOYOTA JIDOSHA KABUSHIKI KAISHA,TOYOTA JIDOSHA,TOYOTA,JP,17643736,1,B25J-0011/0005,GRAY,,False,False,False,False,False,False,False,
16/666623,11738469,2019-10-29,"Control apparatus, robot system, and control method",SEIKO EPSON CORPORATION,SEIKO EPSON,SEIKO EPSON,미상,17645267,1,B25J-0013/06,GRAY,,False,True,False,False,False,False,False,
16/667963,11312008,2019-10-30,"Robot system, robot, robot control device, robot control method, and encoder",Seiko Epson Corporation,SEIKO EPSON,SEIKO EPSON,미상,17645292,1,B25J-0009/102,GRAY,,False,False,False,False,False,False,False,
16/571433,11305434,2019-09-16,Robot system,FANUC CORPORATION,FANUC,FANUC,JP,17645333,1,B25J-0009/1633,GRAY,,False,True,False,False,False,False,False,
16/662801,11123861,2019-10-24,Robot system,FANUC CORPORATION,FANUC,FANUC,JP,17648871,1,B25J-0009/1612,GRAY,,False,False,False,False,False,False,False,
16/598193,11325257,2019-10-10,Operation program creation device,FANUC CORPORATION,FANUC,FANUC,JP,17654211,1,B25J-0009/1671,GRAY,,False,True,False,False,False,False,False,
16/596792,11597079,2019-10-09,"Robot apparatus, robot system, robot control method, and storage medium","HONDA MOTOR CO., LTD.",HONDA MOTOR,HONDA,JP,17654240,1,B25J-0009/163,GRAY,,False,True,False,False,False,False,False,
16/689391,11325259,2019-11-20,Monitor system for robot and robot system,FANUC CORPORATION,FANUC,FANUC,JP,17654304,1,B25J-0009/1676,GRAY,,False,True,False,False,False,False,False,
16/693567,10960551,2019-11-25,Sensor system and robot hand,TOYOTA JIDOSHA KABUSHIKI KAISHA,TOYOTA JIDOSHA,TOYOTA,JP,17657484,1,B25J-0013/082,GRAY,,False,True,False,False,False,False,False,
16/684303,11707842,2019-11-14,Robot system and coordinate conversion method,FANUC CORPORATION,FANUC,FANUC,JP,17661120,1,B25J-0009/1664,GRAY,,False,True,False,False,False,False,False,
16/710656,11833682,2019-12-11,"Robot, method, and manipulating system",TOYOTA JIDOSHA KABUSHIKI KAISHA,TOYOTA JIDOSHA,TOYOTA,JP,17663864,1,B25J-0009/1612,GRAY,,False,True,False,False,False,False,False,
16/709725,11597083,2019-12-10,"Robot apparatus, robot system, control method of robot apparatus, product manufacturing method using robot apparatus, and storage medium",Canon Kabushiki Kaisha,CANON,CANON,JP,17666763,1,B25J-0009/1664,GRAY,,False,False,False,False,False,False,False,
16/683350,11577391,2019-11-14,"Trajectory generation device, trajectory generation method, and robot system","HITACHI, LTD.",HITACHI,HITACHI,JP,17668796,1,B25J-0009/1664,GRAY,,False,True,False,False,False,False,False,
16/724505,11312013,2019-12-23,Robot system and robot control method,Seiko Epson Corporation,SEIKO EPSON,SEIKO EPSON,미상,17672034,1,B25J-0009/161,GRAY,,False,False,False,False,False,False,False,
16/715666,11254000,2019-12-16,"Machine teaching terminal, machine, non-transitory computer readable medium storing a program, and safety confirmation method for teaching machine",Fanuc Corporation,FANUC,FANUC,JP,17677151,1,B25J-0009/163,GRAY,,False,True,False,False,False,False,False,
16/738006,11654556,2020-01-09,Determination apparatus for determining an operation of an industrial robot,FANUC CORPORATION,FANUC,FANUC,JP,17677177,1,B25J-0009/1633,GRAY,,False,True,False,False,False,False,False,
16/704639,11440206,2019-12-05,Robot device and thermal displacement amount estimation device,FANUC CORPORATION,FANUC,FANUC,JP,17681309,1,B25J-0019/0054,GRAY,,False,True,False,False,False,False,False,
16/774183,11745339,2020-01-28,Horizontal articulated robot,SEIKO EPSON CORPORATION,SEIKO EPSON,SEIKO EPSON,JP,17685148,1,B25J-0009/1633,GRAY,,False,True,False,False,False,False,False,
16/751222,11267132,2020-01-24,Robot system,FANUC CORPORATION,FANUC,FANUC,JP,17685152,1,B25J-0013/00,GRAY,,False,True,False,False,False,False,False,
16/775494,11383389,2020-01-29,"Robot, robot system, and robot control apparatus",SEIKO EPSON CORPORATION,SEIKO EPSON,SEIKO EPSON,JP,17685160,1,B25J-0013/00,GRAY,,False,False,False,False,False,False,False,
16/748820,11577399,2020-01-22,"Robot system, method for controlling robot, robot controller, and non-transitory computer-readable storage medium",KABUSHIKI KAISHA YASKAWA DENKI,YASKAWA DENKI,YASKAWA,JP,17685169,1,B25J-0009/1697,GRAY,,False,False,False,False,False,False,False,
16/776872,11787046,2020-01-30,"Control device, robot system, and display method",SEIKO EPSON CORPORATION,SEIKO EPSON,SEIKO EPSON,미상,17685182,1,B25J-0009/1612,GRAY,,False,True,False,False,False,False,False,
17/299785,11865721,2019-12-19,Work determination apparatus and work determination method,MITSUBISHI ELECTRIC CORPORATION,MITSUBISHI ELECTRIC,MITSUBISHI ELECTRIC,JP,17687763,1,B25J-0009/1653,GRAY,,False,True,False,False,False,False,False,
16/791501,11472027,2020-02-14,Apparatus and method for controlling robot,DENSO WAVE INCORPORATED,DENSO WAVE,DENSO,JP,17692776,1,B25J-0009/1651,GRAY,,False,False,False,False,False,False,False,
16/797132,11590648,2020-02-21,"Robot system, control apparatus, and control method",SEIKO EPSON CORPORATION,SEIKO EPSON,SEIKO EPSON,미상,17692844,1,B25J-0009/12,GRAY,,False,False,False,False,False,False,False,
16/802605,11654567,2020-02-27,Robot system and control method,SEIKO EPSON CORPORATION,SEIKO EPSON,SEIKO EPSON,미상,17699017,1,B25J-0009/1682,GRAY,,False,True,False,False,False,False,False,
16/809708,11660746,2020-03-05,"Separate moving and positioning modes for a robot, method providing separate moving and positioning modes for the robot, method of manufacturing a product, and a recording medium",Canon Kabushiki Kaisha,CANON,CANON,JP,17702426,1,B25J-0009/1633,GRAY,,False,True,False,False,False,False,False,
16/797812,11833664,2020-02-21,"Robot apparatus, control method for robot apparatus, method of manufacturing article using robot apparatus, communication device, communication method, control program, and recording medium",Canon Kabushiki Kaisha,CANON,CANON,JP,17702438,1,B25J-0013/006,GRAY,,False,True,False,False,False,False,False,
16/816442,11623340,2020-03-12,"Robot system, control apparatus, and control method",SEIKO EPSON CORPORATION,SEIKO EPSON,SEIKO EPSON,미상,17705915,1,B25J-0009/04,GRAY,,False,False,False,False,False,False,False,
16/701798,11767181,2019-12-03,Robotic system with handling mechanism and method of operation thereof,"Mujin, Inc.",MUJIN,MUJIN,JP,17705949,1,B25J-0015/10,GRAY,,False,True,False,False,False,False,False,
16/740856,11969876,2020-01-13,Robot and control method of robot,"PANASONIC INTELLECTUAL PROPERTY MANAGEMENT CO., LTD.",PANASONIC INTELLECTUAL PROPERTY MANAGEMENT,PANASONIC,JP,17709569,1,B25J-0011/0005,GRAY,,False,False,False,False,False,False,False,
16/823597,11858133,2020-03-19,"Articulated robot system, and driving method and control apparatus for articulate arm thereof",DENSO WAVE INCORPORATED,DENSO WAVE,DENSO,JP,17710155,1,B25J-0009/06,GRAY,,False,True,False,False,False,False,False,
16/817607,11331810,2020-03-13,"Device, method and program for estimating weight and position of gravity center of load by using robot",FANUC CORPORATION,FANUC,FANUC,JP,17710160,1,B25J-0013/085,GRAY,,False,True,False,False,False,False,False,
16/824738,12005569,2020-03-20,Moisture intrusion detection system and moisture intrusion detection method,OKUMA CORPORATION,OKUMA,OKUMA,JP,17710180,1,B25J-0013/087,GRAY,,False,False,False,False,False,False,False,
16/825300,12064885,2020-03-20,Robot hand controller,DENSO WAVE INCORPORATED,DENSO WAVE,DENSO,JP,17710184,1,B25J-0009/1694,GRAY,,False,True,False,False,False,False,False,
16/825253,11691288,2020-03-20,Robot control system,FANUC CORPORATION,FANUC,FANUC,JP,17714936,1,B25J-0009/1674,GRAY,,False,True,False,False,False,False,False,
16/829103,11465280,2020-03-25,"Robot control device, robot control method, and robot system",Seiko Epson Corporation,SEIKO EPSON,SEIKO EPSON,미상,17714942,1,B25J-0009/1628,GRAY,,False,False,False,False,False,False,False,
16/821743,11376736,2020-03-17,"Activity area restriction method, robot control apparatus, and notifier","HONDA MOTOR CO., LTD.",HONDA MOTOR,HONDA,JP,17720116,1,B25J-0009/1666,GRAY,,False,False,False,False,False,False,False,
16/814364,11325261,2020-03-10,Transfer device and delivery system,FANUC CORPORATION,FANUC,FANUC,JP,17720140,1,B25J-0009/1697,GRAY,,False,True,False,False,False,False,False,
16/838274,11440197,2020-04-02,Robot system and imaging method,Seiko Epson Corporation,SEIKO EPSON,SEIKO EPSON,미상,17724302,1,B25J-0009/1697,GRAY,,False,True,False,False,False,False,False,
16/856115,11787044,2020-04-23,Display method,SEIKO EPSON CORPORATION,SEIKO EPSON,SEIKO EPSON,미상,17732667,1,B25J-0009/1605,GRAY,,False,False,False,False,False,False,False,
16/857240,11639003,2020-04-24,Teaching device and robot system,SEIKO EPSON CORPORATION,SEIKO EPSON,SEIKO EPSON,미상,17732677,1,B25J-0013/06,GRAY,,False,False,False,False,False,False,False,
16/857224,11358281,2020-04-24,Control method by robot system and robot system,Seiko Epson Corporation,SEIKO EPSON,SEIKO EPSON,미상,17732678,1,B25J-0009/1689,GRAY,,False,False,False,False,False,False,False,
17/606333,12005587,2020-04-23,Robot system and operation authority setting program,DENSO WAVE INCORPORATED,DENSO WAVE,DENSO,JP,17732686,1,B25J-0009/1676,GRAY,,False,True,False,False,False,False,False,
16/859087,11529730,2020-04-27,Robot system,NIDEC SANKYO CORPORATION,NIDEC SANKYO,NIDEC SANKYO,JP,17732710,1,B25J-0009/08,GRAY,,False,False,False,False,False,False,False,
16/826530,11628573,2020-03-23,Unmanned transfer robot system,FANUC CORPORATION,FANUC,FANUC,JP,17734406,1,B25J-0009/162,GRAY,,False,False,False,False,False,False,False,
16/874750,11465285,2020-05-15,"Robot system, control apparatus, and control method for robot",SEIKO EPSON CORPORATION,SEIKO EPSON,SEIKO EPSON,미상,17737563,1,B25J-0009/1674,GRAY,,False,True,False,False,False,False,False,
16/879974,11565418,2020-05-21,Robot system,SEIKO EPSON CORPORATION,SEIKO EPSON,SEIKO EPSON,미상,17740469,1,B25J-0009/1676,GRAY,,False,True,False,False,False,False,False,
16/856622,11876816,2020-04-23,Anomaly monitoring device,FANUC CORPORATION,FANUC,FANUC,JP,17740484,1,B25J-0009/1674,GRAY,,False,False,False,False,False,False,False,
17/608849,12005576,2020-05-20,Teaching system,KAWASAKI JUKOGYO KABUSHIKI KAISHA,KAWASAKI JUKOGYO,KAWASAKI HEAVY INDUSTRIES,JP,17740490,1,B25J-0009/1602,GRAY,,False,False,False,False,False,False,False,
16/881118,11465288,2020-05-22,Method of controlling robot,SEIKO EPSON CORPORATION,SEIKO EPSON,SEIKO EPSON,미상,17740491,1,B25J-0009/0093,GRAY,,False,True,False,False,False,False,False,
16/837123,11420345,2020-04-01,Robot,FANUC CORPORATION,FANUC,FANUC,JP,17743016,1,B25J-0019/06,GRAY,,False,False,False,False,False,False,False,
16/856548,11389959,2020-04-23,Robot system,FANUC CORPORATION,FANUC,FANUC,JP,17743039,1,B25J-0009/1633,GRAY,,False,False,False,False,False,False,False,
16/887028,11577402,2020-05-29,Robot system and portable teaching device,SEIKO EPSON CORPORATION,SEIKO EPSON,SEIKO EPSON,미상,17743045,1,B25J-0013/06,GRAY,,False,True,False,False,False,False,False,
16/886922,11667031,2020-05-29,Teaching method,SEIKO EPSON CORPORATION,SEIKO EPSON,SEIKO EPSON,미상,17745747,1,B25J-0009/163,GRAY,,False,True,False,False,False,False,False,
16/883461,11813740,2020-05-26,Camera and robot system,"I-PRO CO., LTD.",I-PRO,I-PRO,JP,17745799,1,B25J-0019/023,GRAY,,False,True,False,False,False,False,False,
16/844529,12030188,2020-04-09,Collaborative robot system,FANUC CORPORATION,FANUC,FANUC,JP,17747095,1,B25J-0009/1666,GRAY,,False,True,False,False,False,False,False,
16/860139,11345027,2020-04-28,Simulation device,FANUC CORPORATION,FANUC,FANUC,JP,17748542,1,B25J-0009/1605,E_auto,제외전용신호+Tier신호없음,False,False,False,False,False,True,False,
16/889807,11285602,2020-06-02,Adjustment support device,FANUC CORPORATION,FANUC,FANUC,JP,17753658,1,B25J-0009/163,GRAY,,False,True,False,False,False,False,False,
16/837176,11285619,2020-04-01,Robot hand and robot,FANUC CORPORATION,FANUC,FANUC,JP,17755962,1,B25J-0015/0033,GRAY,,False,True,False,False,False,False,False,
16/879975,11331815,2020-05-21,Rotary shaft structure and robot,FANUC CORPORATION,FANUC,FANUC,JP,17755993,1,B25J-0017/00,GRAY,,False,True,False,False,False,False,False,
17/624371,12128556,2020-07-06,Robot system,"KAWASAKI JUKOGYO KABUSHIKI KAISHA | KYOTO SEISAKUSHO CO., LTD.",KAWASAKI JUKOGYO,KAWASAKI HEAVY INDUSTRIES,JP,17761282,1,B25J-0009/0087,GRAY,,False,False,False,False,False,False,False,
17/001743,11554501,2020-08-25,Robot system and control method,SEIKO EPSON CORPORATION,SEIKO EPSON,SEIKO EPSON,미상,17777765,1,B25J-0005/007,GRAY,,False,True,False,False,False,False,False,
16/985683,12042937,2020-08-05,Robot programming device and robot programming method,FANUC CORPORATION,FANUC,FANUC,JP,17777788,1,B25J-0009/1658,GRAY,,False,False,False,False,False,False,False,
16/934393,11654577,2020-07-21,Robot system,FANUC CORPORATION,FANUC,FANUC,JP,17783596,1,B25J-0013/085,GRAY,,False,True,False,False,False,False,False,
16/991264,12097607,2020-08-12,Robot controller,FANUC CORPORATION,FANUC,FANUC,JP,17786653,1,B25J-0013/006,GRAY,,False,False,False,False,False,False,False,
16/986262,11919171,2020-08-06,Robot controller,FANUC CORPORATION,FANUC,FANUC,JP,17786678,1,B25J-0009/1666,GRAY,,False,True,False,False,False,False,False,
17/064006,11642791,2020-10-06,Autonomous mobile robot and control program for autonomous mobile robot,NATIONAL UNIVERSITY CORPORATION SHIZUOKA UNIVERSITY | NATIONAL UNIVERSITY CORPORATION IWATE UNIVERSITY | TOYOTA JIDOSHA KABUSHIKI KAISHA,NATIONAL UNIVERSITY SHIZUOKA UNIVERSITY,NATIONAL UNIVERSITY SHIZUOKA UNIVERSITY,JP,17801948,1,B25J-0009/1676,GRAY,,False,True,False,False,True,False,False,
17/067646,11400584,2020-10-10,Teaching method,SEIKO EPSON CORPORATION,SEIKO EPSON,SEIKO EPSON,JP,17803105,1,B25J-0009/0081,GRAY,,False,True,False,False,False,False,False,
17/070847,11945096,2020-10-14,Product conveyance robot,TOYOTA JIDOSHA KABUSHIKI KAISHA,TOYOTA JIDOSHA,TOYOTA,JP,17804575,1,B25J-0011/008,GRAY,,False,False,False,False,False,False,False,
17/018345,11806874,2020-09-11,Robot system,FANUC CORPORATION,FANUC,FANUC,JP,17805917,1,B25J-0009/1633,GRAY,,False,True,False,False,False,False,False,
17/084838,11833686,2020-10-30,Control method and calculation device,SEIKO EPSON CORPORATION,SEIKO EPSON,SEIKO EPSON,미상,17809510,1,B25J-0009/162,GRAY,,False,True,False,False,False,False,False,
17/084787,11518026,2020-10-30,Control method and calculation device,SEIKO EPSON CORPORATION,SEIKO EPSON,SEIKO EPSON,미상,17809511,1,B25J-0009/162,GRAY,,False,True,False,False,False,False,False,
16/667170,11370121,2019-10-29,Method and system for determining poses for camera calibration,"MUJIN, INC.",MUJIN,MUJIN,JP,17809547,1,B25J-0009/1692,GRAY,,False,False,False,False,False,False,False,
17/097127,11738458,2020-11-13,Control method for robot system,SEIKO EPSON CORPORATION,SEIKO EPSON,SEIKO EPSON,미상,17816532,1,B25J-0009/162,GRAY,,False,True,False,False,False,False,False,
17/103738,11511424,2020-11-24,Surgical robot and method of manipulating positioner,KAWASAKI JUKOGYO KABUSHIKI KAISHA | MEDICAROID CORPORATION,KAWASAKI JUKOGYO,KAWASAKI HEAVY INDUSTRIES,JP,17819861,2,B25J-0009/1664,GRAY,,False,True,True,False,False,False,False,
17/102717,11969900,2020-11-24,"Teaching apparatus, control method, and teaching program",SEIKO EPSON CORPORATION,SEIKO EPSON,SEIKO EPSON,JP,17820486,1,B25J-0009/1671,GRAY,,False,True,False,False,False,False,False,
17/105526,11752630,2020-11-26,Speed control method for robot to which one of a plurality of end effectors is detachably attachable and robot system including robot to which one of a plurality of end effectors is detachably attachable,SEIKO EPSON CORPORATION,SEIKO EPSON,SEIKO EPSON,JP,17820514,1,B25J-0009/1674,GRAY,,False,True,False,False,False,False,False,
17/081171,11224979,2020-10-27,Parallel link robot,FANUC CORPORATION,FANUC,FANUC,JP,17820544,1,B25J-0009/0051,GRAY,,False,True,False,False,False,False,False,
17/104724,11577381,2020-11-25,"Teaching apparatus, robot system, and teaching program",SEIKO EPSON CORPORATION,SEIKO EPSON,SEIKO EPSON,미상,17820551,1,B25J-0009/0081,GRAY,,False,True,False,False,False,False,False,
17/097476,11584017,2020-11-13,"Conveyance system, trained model generation method, trained model, control method, and program",TOYOTA JIDOSHA KABUSHIKI KAISHA,TOYOTA JIDOSHA,TOYOTA,JP,17822348,1,B25J-0009/1697,GRAY,,False,False,False,False,False,False,False,
17/090947,11623343,2020-11-06,Controller,FANUC CORPORATION,FANUC,FANUC,JP,17825092,1,B25J-0009/1602,GRAY,,False,False,False,False,False,False,False,
17/092454,11590654,2020-11-09,"Conveyance robot system, method of controlling a conveyance robot and non-transitory computer readable storage medium storing a robot control program",TOYOTA JIDOSHA KABUSHIKI KAISHA,TOYOTA JIDOSHA,TOYOTA,JP,17826150,1,B25J-0009/1674,E_auto,제외전용신호+Tier신호없음,False,False,False,False,False,True,False,
17/004420,11850748,2020-08-27,"Picking robot, picking method, and computer program product",KABUSHIKI KAISHA TOSHIBA,TOSHIBA,TOSHIBA,JP,17826157,1,B25J-0009/1612,GRAY,,False,False,False,False,False,False,False,
17/117126,11213959,2020-12-10,"Identification number setting system, identification number setting method, and robot system",SEIKO EPSON CORPORATION,SEIKO EPSON,SEIKO EPSON,JP,17826166,1,B25J-0019/0029,GRAY,,False,False,False,False,False,False,False,
17/094839,11590652,2020-11-11,Measuring device,KEYENCE CORPORATION,KEYENCE,KEYENCE,JP,17826174,1,B25J-0009/1664,GRAY,,False,True,False,False,False,False,False,
17/118759,11485012,2020-12-11,Control method and robot system,SEIKO EPSON CORPORATION,SEIKO EPSON,SEIKO EPSON,미상,17826179,1,B25J-0009/1633,GRAY,,False,True,False,False,False,False,False,
17/090022,11433532,2020-11-05,Robot joint structure,FANUC CORPORATION,FANUC,FANUC,JP,17826186,1,B25J-0009/102,GRAY,,False,True,False,False,False,False,False,
17/635271,11691295,2020-11-26,Robot hand,"SHINANO KENSHI CO., LTD.",SHINANO KENSHI,SHINANO KENSHI,JP,17826197,1,B25J-0015/0226,GRAY,,False,True,False,False,False,False,False,
17/639542,11806869,2020-09-07,Driving force transmission device and robot hand,KAMOSEIKO KABUSHIKI KAISHA,KAMOSEIKO,KAMOSEIKO,JP,17827173,1,B25J-0009/102,GRAY,,False,True,False,False,False,False,False,
17/118910,11628563,2020-12-11,Control method and robot system,SEIKO EPSON CORPORATION,SEIKO EPSON,SEIKO EPSON,미상,17828969,1,B25J-0009/163,GRAY,,False,True,False,False,False,False,False,
17/148663,11752628,2021-01-14,"Control method for robot, and robot system",SEIKO EPSON CORPORATION,SEIKO EPSON,SEIKO EPSON,JP,17839276,1,B25J-0009/1656,GRAY,,False,True,False,False,False,False,False,
17/155259,11701780,2021-01-22,Control method for mobile robot,SEIKO EPSON CORPORATION,SEIKO EPSON,SEIKO EPSON,미상,17844516,1,B25J-0009/1692,GRAY,,False,True,False,False,False,False,False,
17/161749,11951632,2021-01-29,Robotic system and control device,SEIKO EPSON CORPORATION,SEIKO EPSON,SEIKO EPSON,JP,17847387,1,B25J-0009/1674,GRAY,,False,False,False,False,False,False,False,
17/161714,11660742,2021-01-29,Teaching method and robot system,SEIKO EPSON CORPORATION,SEIKO EPSON,SEIKO EPSON,JP,17848569,1,B25J-0009/0081,GRAY,,False,True,False,False,False,False,False,
17/166817,11673271,2021-02-03,"Trajectory generation apparatus, multi-link system, and trajectory generation method",DENSO CORPORATION,DENSO,DENSO,JP,17849557,1,B25J-0009/1666,GRAY,,False,True,False,False,False,False,False,
17/005361,11820023,2020-08-28,Robot system and computer program product,KABUSHIKI KAISHA TOSHIBA,TOSHIBA,TOSHIBA,JP,17852836,1,B25J-0009/1692,GRAY,,False,True,False,False,False,False,False,
17/186038,11691290,2021-02-26,Robot control method and robot system,SEIKO EPSON CORPORATION,SEIKO EPSON,SEIKO EPSON,미상,17858396,1,B25J-0009/1697,GRAY,,False,True,False,False,False,False,False,
17/183454,11707844,2021-02-24,Robot control system and robot control method,"HITACHI, LTD.",HITACHI,HITACHI,JP,17858406,1,B25J-0009/1666,GRAY,,False,True,False,False,False,False,False,
17/178616,11731272,2021-02-18,"Robot, control device, and information processing device",CANON KABUSHIKI KAISHA,CANON,CANON,JP,17866088,1,B25J-0009/1664,GRAY,,False,True,False,False,False,False,False,
17/203773,12128564,2021-03-17,Control method for robot and robot system,SEIKO EPSON CORPORATION,SEIKO EPSON,SEIKO EPSON,JP,17869319,1,B25J-0009/1633,GRAY,,False,True,False,False,False,False,False,
17/204979,11759955,2021-03-18,Calibration method,SEIKO EPSON CORPORATION,SEIKO EPSON,SEIKO EPSON,미상,17869330,1,B25J-0009/1692,GRAY,,False,True,False,False,False,False,False,
17/056163,11820019,2019-03-29,Robot control apparatus and robot control method,SONY CORPORATION,SONY,SONY,JP,17875890,1,B25J-0009/1661,GRAY,,False,False,False,False,False,False,False,
17/008818,11919175,2020-09-01,Robotic system with collision avoidance mechanism and method of operation thereof,"Mujin, Inc.",MUJIN,MUJIN,JP,17887579,1,B25J-0009/1676,GRAY,,False,True,False,False,False,False,False,
17/235978,11731276,2021-04-21,Robot system and control method for robot,SEIKO EPSON CORPORATION,SEIKO EPSON,SEIKO EPSON,미상,17889548,1,B25J-0009/1674,GRAY,,False,False,False,False,False,False,False,
17/343938,11701775,2021-06-10,Method of setting target force upper limit and robot system,SEIKO EPSON CORPORATION,SEIKO EPSON,SEIKO EPSON,미상,17906143,1,B25J-0009/163,GRAY,,False,True,False,False,False,False,False,
17/243883,11731275,2021-04-29,"Robot control system, robot control method, and computer-readable storage medium",TOYOTA JIDOSHA KABICHIKI KAISHA | TOYOTA JIDOSHA KABUSHIKI KAISHA,TOYOTA JIDOSHA KABICHIKI KAISHA,TOYOTA,JP,17906145,1,B25J-0009/1669,GRAY,,False,True,False,False,False,False,False,
17/349443,11964828,2021-06-16,Method and device for controlling workpiece suction-gripping actions of robot,DENSO WAVE INCORPORATED,DENSO WAVE,DENSO,JP,17906162,1,B25J-0015/0616,GRAY,,False,True,False,False,False,False,False,
17/361425,11951625,2021-06-29,Control method for robot and robot system,SEIKO EPSON CORPORATION,SEIKO EPSON,SEIKO EPSON,JP,17913572,1,B25J-0009/1633,GRAY,,False,True,False,False,False,False,False,
17/377547,11820015,2021-07-16,Overshoot amount detection method and robot system,SEIKO EPSON CORPORATION,SEIKO EPSON,SEIKO EPSON,미상,17919268,1,B25J-0009/1638,GRAY,,False,False,False,False,False,False,False,
17/381365,11839971,2021-07-21,"Teaching control method for robot, robot system, and computer program",SEIKO EPSON CORPORATION,SEIKO EPSON,SEIKO EPSON,미상,17920767,1,B25J-0009/0081,GRAY,,False,True,False,False,False,False,False,
17/381224,11833679,2021-07-21,Teaching control method for robot and robot system,SEIKO EPSON CORPORATION,SEIKO EPSON,SEIKO EPSON,JP,17920768,1,B25J-0009/0081,GRAY,,False,False,False,False,False,False,False,
17/386566,11858146,2021-07-28,Working method and robot system,SEIKO EPSON CORPORATION,SEIKO EPSON,SEIKO EPSON,JP,17923295,1,B25J-0009/1679,GRAY,,False,False,False,False,False,False,False,
16/998134,11772265,2020-08-20,"Method, system, and non-transitory computer-readable recording medium for controlling movement of a robot","BEAR ROBOTICS, INC.",BEAR ROBOTICS,BEAR ROBOTICS,US,17931067,1,B25J-0009/1664,GRAY,,False,False,False,False,False,False,False,
17/381787,11850759,2021-07-21,Control method and system for robot,NAVER LABS CORPORATION,NAVER LABS,NAVER LABS,KR,17934264,1,B25J-0009/1697,GRAY,,False,False,False,False,False,False,False,
17/463616,11958199,2021-09-01,Robot control device and robot system,SEIKO EPSON CORPORATION,SEIKO EPSON,SEIKO EPSON,JP,17935811,1,B25J-0009/1674,GRAY,,False,True,False,False,False,False,False,
17/472779,12109702,2021-09-13,"Method of adjusting force control parameter, robot system, and force control parameter adjustment program",SEIKO EPSON CORPORATION,SEIKO EPSON,SEIKO EPSON,JP,17939875,1,B25J-0009/163,GRAY,,False,True,False,False,False,False,False,
17/502106,11839978,2021-10-15,Method of adjusting force control parameter,SEIKO EPSON CORPORATION,SEIKO EPSON,SEIKO EPSON,미상,17953313,1,B25J-0009/163,GRAY,,False,True,False,False,False,False,False,
17/529301,11370119,2021-11-18,Distributed congestion control method and robot,"SYRIUS ROBOTICS CO., LTD.",SYRIUS ROBOTICS,SYRIUS ROBOTICS,CN,17965753,1,B25J-0009/1682,GRAY,,False,False,False,False,False,False,False,
17/554225,11766789,2021-12-17,"Shooting system, shooting method therefor, and program",TOYOTA JIDOSHA KABUSHIKI KAISHA,TOYOTA JIDOSHA,TOYOTA,JP,17977485,1,B25J-0019/023,GRAY,,False,False,False,False,False,False,False,
17/221377,11806866,2021-04-02,Robotic systems with routing stability mechanisms,"MUJIN, INC.",MUJIN,MUJIN,JP,17986516,1,B25J-0019/0025,GRAY,,False,True,False,False,False,False,False,
17/584413,12138798,2022-01-26,Control method for robot system and robot system,SEIKO EPSON CORPORATION,SEIKO EPSON,SEIKO EPSON,JP,17989848,1,B25J-0009/1653,E_auto,제외전용신호+Tier신호없음,False,False,False,False,False,True,False,
17/524727,11964402,2021-11-11,"Robot control system, robot control method, and control program",TOYOTA JIDOSHA KABUSHIKI KAISHA,TOYOTA JIDOSHA,TOYOTA,JP,17994236,1,B25J-0009/1697,GRAY,,False,False,False,False,False,False,False,
17/666600,11820009,2022-02-08,Robot system,SEIKO EPSON CORPORATION,SEIKO EPSON,SEIKO EPSON,JP,17994718,1,B25J-0009/0084,GRAY,,False,True,False,False,False,False,False,
17/671545,12109706,2022-02-14,"Control device, robot system, control method, and non-transitory computer-readable medium","Honda Motor Co., Ltd.",HONDA MOTOR,HONDA,JP,18013067,1,B25J-0009/1664,GRAY,,False,True,False,False,False,False,False,
17/674804,11628577,2022-02-17,Robot hand,"Honda Motor Co., Ltd.",HONDA MOTOR,HONDA,JP,18015218,1,B25J-0015/0009,T1_auto,휴머노이드명시/전건T1_OEM,True,True,False,False,False,False,False,
17/655458,11969906,2022-03-18,Collaborative robot system and assembly set thereof,TOYOTA JIDOSHA KABUSHIKI KAISHA,TOYOTA JIDOSHA,TOYOTA,JP,18024412,1,B25J-0009/1674,GRAY,,False,True,False,False,False,False,False,
17/141186,11833690,2021-01-04,Robotic system with dynamic motion adjustment mechanism and methods of operating same,"MUJIN, INC.",MUJIN,MUJIN,JP,18024995,1,B25J-0009/1664,GRAY,,False,False,False,False,False,False,False,
17/375334,11969897,2021-07-14,"Method, system, and non-transitory computer-readable recording medium for controlling a serving robot","Bear Robotics, Inc.",BEAR ROBOTICS,BEAR ROBOTICS,US,18057760,1,B25J-0009/1664,GRAY,,False,False,False,False,False,False,False,
17/935293,12097619,2022-09-26,Predictive control method for torque-rate control and vibration suppression,FANUC CORPORATION,FANUC,FANUC,JP,18217664,1,B25J-0009/1633,GRAY,,False,True,False,False,False,False,False,
14/944603,10058996,2015-11-18,Robot adaptive placement system with end-effector position estimation,"PERSIMMON TECHNOLOGIES, CORP.",PERSIMMON TECHNOLOGIES,PERSIMMON TECHNOLOGIES,US,20670281,1,B25J-0009/1638,GRAY,,False,False,False,False,False,False,False,
15/455517,10118291,2017-03-10,Robotic systems for supporting a user,MASSACHUSETTS INSTITUTE OF TECHNOLOGY,MASSACHUSETTS INSTITUTE OF TECHNOLOGY,MASSACHUSETTS INSTITUTE OF TECHNOLOGY,US,20671317,1,B25J-0009/0006,GRAY,,False,False,False,False,False,False,False,
15/579941,10421185,2016-06-07,Follow-up control device for an exoskeleton robot,"HANGZHOU QISU TECHNOLOGY CO., LTD.",HANGZHOU QISU TECHNOLOGY,HANGZHOU QISU TECHNOLOGY,CN,20671780,1,B25J-0009/101,GRAY,,False,True,False,True,False,False,False,
16/605284,11951619,2018-04-25,Cabled differential for cable controlled joint,The Board of Trustees of the Leland Stanford Junior University,THE BOARD OF TRUSTEES OF THE LELAND STANFORD JUNIOR UNIVERSITY,THE BOARD OF TRUSTEES OF THE LELAND STANFORD JUNIOR UNIVERSITY,US,20677279,1,B25J-0009/102,GRAY,,False,True,False,False,False,False,False,
16/687838,11292131,2019-11-19,"Localization method and apparatus, and robot and computer readable storage medium","CLOUDMINDS (SHANGHAI) ROBOTICS SYSTEMS CO., LTD.",CLOUDMINDS (SHANGHAI) ROBOTICS SYSTEMS,CLOUDMINDS (SHANGHAI) ROBOTICS SYSTEMS,CN,20677459,1,B25J-0009/1666,GRAY,,False,False,False,False,False,False,False,
16/760265,11511429,2018-10-31,Method of improving safety of robot and method of evaluating safety of robot,"SAFETICS, INC.",SAFETICS,SAFETICS,KR,20679015,1,B25J-0009/1671,GRAY,,False,True,False,False,False,False,False,
16/566608,11400594,2019-09-10,Zero teach for robotic continuous path,FANUC AMERICA CORPORATION,FANUC AMERICA,FANUC,US,20681923,1,B25J-0009/1671,GRAY,,False,False,False,False,False,False,False,
16/609752,11904475,2019-03-06,"Robot and operating system, control device, control method and storage medium thereof","BEIJING MAGIC PAL TECHNOLOGY CO., LTD. | BEIJING TOMATO TIME TECHNOLOGY CO., LTD.",BEIJING MAGIC PAL TECHNOLOGY,BEIJING MAGIC PAL TECHNOLOGY,CN,20683319,1,B25J-0009/1664,GRAY,,False,False,False,False,False,False,False,
16/296188,11548166,2019-03-07,Collaborative task execution with humans and robotic vehicles,"SKYLLA TECHNOLOGIES, INC.",SKYLLA TECHNOLOGIES,SKYLLA TECHNOLOGIES,US,20683766,1,B25J-0013/085,GRAY,,False,True,False,False,False,False,False,
16/705621,11442429,2019-12-06,Systems and methods for advance anomaly detection in a discrete manufacturing process with a task performed by a human-robot team,"Mitsubishi Electric Research Laboratories, Inc.",MITSUBISHI ELECTRIC RESEARCH LABORATORIES,MITSUBISHI ELECTRIC,US,20685547,1,B25J-0009/1674,GRAY,,False,True,False,False,False,False,False,
17/541729,11731268,2021-12-03,Hyper elastic soft growing robot,KOREA ADVANCED INSTITUTE OF SCIENCE AND TECHNOLOGY,KOREA ADVANCED INSTITUTE OF SCIENCE AND TECHNOLOGY,KOREA ADVANCED INSTITUTE OF SCIENCE AND TECHNOLOGY,KR,20695484,1,B25J-0009/142,GRAY,,False,False,False,False,False,False,False,
15/539877,10343288,2015-12-25,Machining method and machining system,KAWASAKI JUKOGYO KABUSHIKI KAISHA,KAWASAKI JUKOGYO,KAWASAKI HEAVY INDUSTRIES,JP,20795098,1,B25J-0013/085,GRAY,,False,True,False,False,False,False,False,
15/807574,10836042,2017-11-09,Robot system,KABUSHIKI KAISHA YASKAWA DENKI,YASKAWA DENKI,YASKAWA,JP,20799859,1,B25J-0009/1676,GRAY,,False,False,False,False,False,False,False,
15/758540,10688665,2016-01-06,"Robot system, and control method",HITACHI LTD.,HITACHI,HITACHI,JP,20801683,1,B25J-0009/1612,GRAY,,False,True,False,False,False,True,False,
16/097858,11045955,2017-04-28,Robot control device,MITSUBISHI ELECTRIC CORPORATION,MITSUBISHI ELECTRIC,MITSUBISHI ELECTRIC,JP,20802822,1,B25J-0009/1676,GRAY,,False,True,False,False,False,False,False,
15/955702,10894320,2018-04-18,Robot system and robot control method,KABUSHIKI KAISHA YASKAWA DENKI,YASKAWA DENKI,YASKAWA,JP,20804715,1,B25J-0009/163,GRAY,,False,False,False,False,False,False,False,
16/334726,11173612,2016-09-23,"Robot system, robot controller, robot control method, and robot program",YAMAHA HATSUDOKI KABUSHIKI KAISHA,YAMAHA HATSUDOKI,YAMAHA HATSUDOKI,JP,20813875,1,B25J-0009/1656,GRAY,,False,False,False,False,False,False,False,
16/314454,11110612,2017-05-22,"Processing device, system, and control method",SONY CORPORATION,SONY,SONY,JP,20814356,1,B25J-0013/006,GRAY,,False,True,False,False,False,False,False,
16/478582,11400601,2017-12-27,"Speech and behavior control device, robot, storage medium storing control program, and control method for speech and behavior control device",SHARP KABUSHIKI KAISHA,SHARP,SHARP,JP,20820163,1,B25J-0013/003,GRAY,,False,False,False,False,False,False,False,
16/623483,11787068,2017-06-29,Robot joint structure,SONY INTERACTIVE ENTERTAINMENT INC.,SONY INTERACTIVE ENTERTAINMENT,SONY,JP,20823012,1,B25J-0017/00,GRAY,,False,True,False,False,False,False,False,
16/640252,11376739,2017-09-06,Workpiece transport robot,FUJI CORPORATION,FUJI,FUJI,JP,20823331,1,B25J-0009/1692,GRAY,,False,True,False,False,False,False,False,
16/606889,11213952,2018-04-23,Articulated robot and articulated robot system,NIDEC CORPORATION,NIDEC,NIDEC,JP,20825451,1,B25J-0009/046,GRAY,,False,True,False,False,False,False,False,
16/621381,11613021,2018-06-11,Operation system,KAWASAKI JUKOGYO KABUSHIKI KAISHA,KAWASAKI JUKOGYO,KAWASAKI HEAVY INDUSTRIES,JP,20827092,1,B25J-0009/1697,GRAY,,False,True,False,False,False,False,False,
16/780867,11446823,2020-02-03,Method for transmitting information in controller and method for detecting abnormality in encoder,"PANASONIC INTELLECTUAL PROPERTY MANAGEMENT CO., LTD.",PANASONIC INTELLECTUAL PROPERTY MANAGEMENT,PANASONIC,JP,20830061,1,B25J-0009/1674,GRAY,,False,True,False,False,False,False,False,
16/965649,11826902,2018-11-27,Robot system and method for controlling robot,"HONDA MOTOR CO., LTD.",HONDA MOTOR,HONDA,JP,20832982,1,B25J-0013/084,GRAY,,False,False,False,False,False,False,False,
16/978249,12138774,2018-03-12,Robot,SONY INTERACTIVE ENTERTAINMENT INC.,SONY INTERACTIVE ENTERTAINMENT,SONY,JP,20833406,1,B25J-0011/001,GRAY,,False,True,False,False,False,False,False,
16/958963,11780084,2018-01-16,"Robotic device, control method for robotic device, and program",SONY INTERACTIVE ENTERTAINMENT INC.,SONY INTERACTIVE ENTERTAINMENT,SONY,JP,20835206,1,B25J-0009/163,GRAY,,False,False,False,False,False,False,False,
17/053523,11926057,2018-06-14,Robot system,YAMAHA HATSUDOKI KABUSHIKI KAISHA,YAMAHA HATSUDOKI,YAMAHA HATSUDOKI,JP,20838044,1,B25J-0009/1669,GRAY,,False,False,False,False,False,False,False,
17/048525,12103160,2019-04-24,"Rotation connecting mechanism, robot, robot arm, and robot hand",MITSUBISHI ELECTRIC CORPORATION,MITSUBISHI ELECTRIC,MITSUBISHI ELECTRIC,JP,20839525,1,B25J-0011/00,T1_auto,휴머노이드명시/전건T1_OEM,True,True,False,False,False,False,False,
17/053466,11945115,2018-06-14,Machine learning device and robot system provided with same,YAMAHA HATSUDOKI KABUSHIKI KAISHA,YAMAHA HATSUDOKI,YAMAHA HATSUDOKI,JP,20839585,1,B25J-0009/163,GRAY,,False,True,False,False,False,False,False,
17/137116,11738445,2020-12-29,Remote control system,JAPAN SCIENCE AND TECHNOLOGY AGENCY,JAPAN SCIENCE AND TECHNOLOGY AGENCY,JAPAN SCIENCE AND TECHNOLOGY AGENCY,JP,20842227,1,B25J-0003/04,GRAY,,False,True,False,False,False,False,False,
17/417585,11986964,2019-08-07,"Path determination device, robot, and path determination method","HONDA MOTOR CO., LTD.",HONDA MOTOR,HONDA,JP,20846271,1,B25J-0009/1666,GRAY,,False,True,False,False,False,False,False,
17/413635,12030192,2019-02-08,"Motion model calculation device, control device, joint mechanism, and motion model calculation method",NEC CORPORATION,NEC,NEC,JP,20849857,1,B25J-0009/163,GRAY,,False,True,False,False,False,False,False,
17/911142,11691282,2020-03-26,"Friction compensation device, and robot control device",MITSUBISHI ELECTRIC CORPORATION,MITSUBISHI ELECTRIC,MITSUBISHI ELECTRIC,JP,21118162,1,B25J-0009/1641,GRAY,,False,True,False,False,False,False,False,
17/716544,11999069,2022-04-08,"End effector, and control device for controlling end effector","PANASONIC INTELLECTUAL PROPERTY MANAGEMENT CO., LTD.",PANASONIC INTELLECTUAL PROPERTY MANAGEMENT,PANASONIC,JP,21122732,1,B25J-0009/1697,GRAY,,False,True,False,False,False,False,False,
17/904701,12090633,2021-03-03,Robot control device,FANUC CORPORATION,FANUC,FANUC,JP,21127051,1,B25J-0013/085,GRAY,,False,True,False,False,False,False,False,
17/816727,12109682,2022-08-02,Assistance for robot manipulation,TOKYO INSTITUTE OF TECHNOLOGY | KABUSHIKI KAISHA YASKAWA DENKI,TOKYO INSTITUTE OF TECHNOLOGY,TOKYO INSTITUTE OF TECHNOLOGY,JP,21145585,1,B25J-0013/06,GRAY,,False,True,False,False,False,False,False,
14/732434,9517565,2015-06-05,Feeding assistant robot,NATIONAL REHABILITATION CENTER,NATIONAL REHABILITATION CENTER,NATIONAL REHABILITATION CENTER,KR,23698084,1,B25J-0011/009,GRAY,,False,True,False,False,False,False,False,
14/670278,9662782,2015-03-26,Mobile robot for detecting and repairing damages of hull,Mokpo National Maritime University Industry-Academic Cooperation Foundation,MOKPO NATIONAL MARITIME UNIVERSITY INDUSTRY-ACADEMIC COOPERATION FOUNDATION,MOKPO NATIONAL MARITIME UNIVERSITY INDUSTRY-ACADEMIC COOPERATION FOUNDATION,KR,24197336,1,B25J-0005/007,GRAY,,False,False,False,False,False,False,False,
15/308404,10369695,2015-04-28,Device for planning path of mobile robot and method for planning path of mobile robot,"HANWHA LAND SYSTEMS CO., LTD. | HANWHA DEFENSE CO., LTD.",HANWHA LAND SYSTEMS,HANWHA LAND SYSTEMS,KR,24209640,1,B25J-0009/1666,GRAY,,False,False,False,False,False,False,False,
15/674528,10493621,2017-08-11,Robot arm having hydraulic rotary actuators,KNR SYSTEMS INC.,KNR SYSTEMS,KNR SYSTEMS,KR,24244385,1,B25J-0009/146,GRAY,,False,True,False,False,False,False,False,
14/675788,9517725,2015-04-01,Auto revising system for around view monitoring and method thereof,Hyundai Motor Company | Kia Motors Corporation,HYUNDAI MOTOR,HYUNDAI MOTOR GROUP,KR,24255265,1,B25J-0009/1679,GRAY,,False,False,False,False,False,False,False,
16/168846,10967515,2018-10-24,Apparatus for remotely controlling robots and control method thereof,DAEGU GYEONGBUK INSTITUTE OF SCIENCE AND TECHNOLOGY,DAEGU GYEONGBUK INSTITUTE OF SCIENCE AND TECHNOLOGY,DAEGU GYEONGBUK INSTITUTE OF SCIENCE AND TECHNOLOGY,KR,24283003,1,B25J-0009/1682,GRAY,,False,True,False,False,False,False,False,
15/558199,10744638,2016-03-14,Robot arm,KOREA UNIVERSITY OF TECHNOLOGY AND EDUCATION INDUSTRY-UNIVERSITY COOPERATION FOUNDATION,KOREA UNIVERSITY OF TECHNOLOGY AND EDUCATION INDUSTRY-UNIVERSITY COOPERATION FOUNDATION,KOREA UNIVERSITY OF TECHNOLOGY AND EDUCATION INDUSTRY-UNIVERSITY COOPERATION FOUNDATION,KR,24321910,1,B25J-0009/104,GRAY,,False,True,False,False,False,False,False,
15/562899,10751884,2016-04-07,"Joint actuator, and joint structure of leg-supporting robot comprising same","ANGEL ROBOTICS CO., LTD.",ANGEL ROBOTICS,ANGEL ROBOTICS,KR,24329215,1,B25J-0013/04,GRAY,,False,True,False,False,False,False,False,
15/572488,10807232,2016-06-07,Articulated robot actuator,"ANGEL ROBOTICS CO., LTD.",ANGEL ROBOTICS,ANGEL ROBOTICS,KR,24352857,1,B25J-0009/06,GRAY,,False,True,False,False,False,False,False,
15/219066,10005183,2016-07-25,Apparatus for providing robot motion data adaptive to change in work environment and method therefor,ELECTRONICS AND TELECOMMUNICATIONS RESEARCH INSTITUTE,ELECTRONICS AND TELECOMMUNICATIONS RESEARCH INSTITUTE,ELECTRONICS AND TELECOMMUNICATIONS RESEARCH INSTITUTE,KR,24367693,1,B25J-0009/1664,GRAY,,False,False,False,False,False,False,False,
14/941143,9950428,2015-11-13,Method and system for controlling wearable robot,HYUNDAI MOTOR COMPANY,HYUNDAI MOTOR,HYUNDAI MOTOR GROUP,KR,24372597,1,B25J-0009/1633,GRAY,,False,True,False,True,False,False,False,
14/953536,9815195,2015-11-30,"Detachable device for loading unit of robot, robot, and controlling method of robot using the same",KOREA INSTITUTE OF MACHINERY & MATERIALS,KOREA INSTITUTE OF MACHINERY & MATERIALS,KOREA INSTITUTE OF MACHINERY & MATERIALS,KR,24373799,1,B25J-0009/1612,GRAY,,False,True,False,False,False,False,False,
15/177929,10179408,2016-06-09,Cooperation robot for vehicle production system and method for controlling the same,Kia Motors Corporation,KIA MOTORS,HYUNDAI MOTOR GROUP,KR,24391096,1,B25J-0013/085,GRAY,,False,True,False,False,False,False,False,
15/334441,10780583,2016-10-26,System and method of controlling robot,"HANWHA PRECISION MACHINERY CO., LTD.",HANWHA PRECISION MACHINERY,HANWHA PRECISION MACHINERY,KR,24398833,1,B25J-0009/161,GRAY,,False,False,False,False,False,False,False,
15/332312,10124488,2016-10-24,Robot control system and method for planning driving path of robot,Korea Institute of Science and Technology,KOREA INSTITUTE OF SCIENCE AND TECHNOLOGY,KOREA INSTITUTE OF SCIENCE AND TECHNOLOGY,KR,24400359,1,B25J-0009/1666,T1_auto,휴머노이드명시/전건T1_OEM,True,True,False,False,False,False,False,
15/775764,10723016,2016-11-10,Wearable hand robot,NATIONAL REHABILITATION CENTER,NATIONAL REHABILITATION CENTER,NATIONAL REHABILITATION CENTER,KR,24406597,1,B25J-0009/0006,GRAY,,False,True,False,False,False,False,False,
15/183144,10086513,2016-06-15,Wearable robot device and method of controlling the wearable robot device,HYUNDAI MOTOR COMPANY,HYUNDAI MOTOR,HYUNDAI MOTOR GROUP,KR,24419201,1,B25J-0009/1633,E_auto,제외전용신호+Tier신호없음,False,False,False,True,False,False,False,
15/387259,10322509,2016-12-21,Wheel nut engagement checking system and checking method,Hyundai Motor Company | Kia Motors Corporation,HYUNDAI MOTOR,HYUNDAI MOTOR GROUP,KR,24447605,1,B25J-0009/1694,E_auto,제외전용신호+Tier신호없음,False,False,False,False,False,True,False,
15/342336,10118298,2016-11-03,Lower body supporting robot system and control method thereof,HYUNDAI MOTOR COMPANY,HYUNDAI MOTOR,HYUNDAI MOTOR GROUP,KR,24459499,1,B25J-0013/089,GRAY,,False,True,False,False,False,False,False,
15/371857,10507575,2016-12-07,Attitude-supporting apparatus of wearable robot and attitude-supporting method using the same,Hyundai Motor Company,HYUNDAI MOTOR,HYUNDAI MOTOR GROUP,KR,24506252,1,B25J-0009/0006,GRAY,,False,True,False,True,False,False,False,
16/463117,11253993,2017-03-29,Method for modeling robot simplified for stable walking control of bipedal robot,KOREA INSTITUTE OF SCIENCE AND TECHNOLOGY,KOREA INSTITUTE OF SCIENCE AND TECHNOLOGY,KOREA INSTITUTE OF SCIENCE AND TECHNOLOGY,KR,24533839,1,B25J-0009/0006,T1_auto,휴머노이드명시/전건T1_OEM,True,True,False,False,False,False,False,
15/603559,10471601,2017-05-24,Apparatus and method of controlling robot arm,"HANWHA PRECISION MACHINERY CO., LTD.",HANWHA PRECISION MACHINERY,HANWHA PRECISION MACHINERY,KR,24535952,1,B25J-0009/1692,GRAY,,False,True,False,False,False,False,False,
15/460763,10377041,2017-03-16,Apparatus for and method of setting boundary plane,"HANWHA PRECISION MACHINERY CO., LTD.",HANWHA PRECISION MACHINERY,HANWHA PRECISION MACHINERY,KR,24540665,1,B25J-0009/1666,GRAY,,False,True,False,False,False,False,False,
15/494767,10556337,2017-04-24,Method of and apparatus for managing behavior of robot,"HANWHA PRECISION MACHINERY CO., LTD.",HANWHA PRECISION MACHINERY,HANWHA PRECISION MACHINERY,KR,24540666,1,B25J-0009/161,GRAY,,False,False,False,False,False,False,False,
16/482350,11161250,2017-03-22,Moving robot and control method therefor,LG ELECTRONICS INC.,LG ELECTRONICS,LG,KR,24563181,1,B25J-0011/008,GRAY,,False,True,False,False,False,False,False,
16/728385,11485029,2018-06-29,Working robot,INDUSTRY-UNIVERSITY COOPERATION FOUNDATION HANYANG UNIVERSITY ERICA CAMPUS,INDUSTRY-UNIVERSITY COOPERATION FOUNDATION HANYANG UNIVERSITY ERICA CAMPUS,INDUSTRY-UNIVERSITY COOPERATION FOUNDATION HANYANG UNIVERSITY ERICA CAMPUS,KR,24606101,1,B25J-0018/04,GRAY,,False,False,False,False,False,False,False,
15/824710,10220524,2017-11-28,Robot arm for die casting,Hyundai Motor Company | Kia Motors Corporation,HYUNDAI MOTOR,HYUNDAI MOTOR GROUP,KR,24620625,1,B25J-0019/0054,GRAY,,False,True,False,False,False,False,False,
15/704782,10486305,2017-09-14,"Method, computer program and system for controlling a plurality of robots, and computer-readable storage medium",ROBERT BOSCH GMBH,ROBERT BOSCH,ROBERT BOSCH,DE,24625214,1,B25J-0009/0084,GRAY,,False,False,False,False,False,False,False,
16/755847,10888997,2018-10-10,Device for implementing robot motions using propulsive force,Seung Whan Jung,SEUNG WHAN JUNG,SEUNG WHAN JUNG,KR,24632812,2,B25J-0009/1664,GRAY,,False,False,False,False,False,False,False,
16/755593,11897122,2018-10-11,Robot hand,NAVER CORPORATION | NAVER LABS CORPORATION | KOREA UNIVERSITY OF TECHNOLOGY AND EDUCATION INDUSTRY-UNIVERSITY COOPERATION FOUNDATION,NAVER,NAVER,KR,24638699,1,B25J-0015/0233,GRAY,,False,True,True,False,False,False,False,
16/760257,11931896,2018-10-30,Robot system for controlling load of machine depending on tool wear and method for controlling load of machine using the same,KOREA INSTITUTE OF INDUSTRIAL TECHNOLOGY,KOREA INSTITUTE OF INDUSTRIAL TECHNOLOGY,KOREA INSTITUTE OF INDUSTRIAL TECHNOLOGY,KR,24644257,1,B25J-0009/1633,GRAY,,False,True,False,False,False,False,False,
16/881740,11565399,2020-05-22,Wearable hand robot,REPUBLIC OF KOREA (NATIONAL REHABILITATION CENTER),REPUBLIC OF KOREA (NATIONAL REHABILITATION CENTER),REPUBLIC OF KOREA (NATIONAL REHABILITATION CENTER),KR,24654320,1,B25J-0009/0006,GRAY,,False,True,False,False,False,False,False,
16/165413,10987805,2018-10-19,System and method for balance control of humanoid,Korea Institute of Science and Technology,KOREA INSTITUTE OF SCIENCE AND TECHNOLOGY,KOREA INSTITUTE OF SCIENCE AND TECHNOLOGY,KR,24682209,1,B25J-0009/1633,T1_auto,휴머노이드명시/전건T1_OEM,True,True,False,False,False,False,False,
16/556150,11511422,2019-08-29,Artificial intelligence server for determining route of robot and method for the same,LG ELECTRONICS INC.,LG ELECTRONICS,LG,KR,24686099,1,B25J-0009/1664,GRAY,,False,False,False,False,False,False,False,
16/580923,11279024,2019-09-24,Hand of robot and control method thereof,LG ELECTRONICS INC.,LG ELECTRONICS,LG,KR,24687600,1,B25J-0009/1612,GRAY,,False,True,True,False,False,False,False,
16/555686,11590649,2019-08-29,Grip manipulator and method for controlling the same,LG ELECTRONICS INC.,LG ELECTRONICS,LG,KR,24688067,1,B25J-0009/1612,GRAY,,False,True,False,False,False,False,False,
16/570149,11435753,2019-09-13,Robot having cleaning function for securing camera vision and method of controlling the same,LG ELECTRONICS INC.,LG ELECTRONICS,LG,KR,24690572,1,B25J-0019/023,GRAY,,False,False,False,False,False,False,False,
16/490309,11400599,2019-01-30,Stock management robot,LG ELECTRONICS INC.,LG ELECTRONICS,LG,KR,24693242,1,B25J-0005/007,GRAY,,False,True,False,False,False,False,False,
16/582764,11679512,2019-09-25,Tool changer and tool change system including the same,LG ELECTRONICS INC.,LG ELECTRONICS,LG,KR,24695057,1,B25J-0015/0408,GRAY,,False,True,False,False,False,False,False,
16/490207,11511410,2019-06-17,Artificial intelligence (AI) robot and control method thereof,LG ELECTRONICS INC.,LG ELECTRONICS,LG,KR,24695076,1,B25J-0009/0003,GRAY,,False,True,False,False,False,False,False,
16/598565,11213956,2019-10-10,Robot system and method for controlling the same,LG ELECTRONICS INC.,LG ELECTRONICS,LG,KR,24701107,1,B25J-0013/081,GRAY,,False,True,False,False,False,False,False,
16/168048,10946516,2018-10-23,"Computed-torque based controller, parameter determination method thereof and performance analysis method thereof",Korea Institute of Science and Technology,KOREA INSTITUTE OF SCIENCE AND TECHNOLOGY,KOREA INSTITUTE OF SCIENCE AND TECHNOLOGY,KR,24708343,1,B25J-0009/163,GRAY,,False,True,False,False,False,False,False,
16/866394,11766779,2020-05-04,Mobile robot for recognizing queue and operating method of mobile robot,LG ELECTRONICS INC.,LG ELECTRONICS,LG,KR,24710950,1,B25J-0009/1669,GRAY,,False,False,False,False,False,False,False,
16/438627,11325260,2019-06-12,Method for operating moving robot,LG ELECTRONICS INC.,LG ELECTRONICS,LG,KR,24725569,2,B25J-0009/1697,GRAY,,False,False,False,False,False,False,False,
16/616405,11554487,2019-05-07,Robot navigating through waypoints based on obstacle avoidance and method of robot's navigation,LG ELECTRONICS INC.,LG ELECTRONICS,LG,KR,24726817,1,B25J-0009/1666,GRAY,,False,True,False,False,False,False,False,
16/754299,11597096,2019-05-20,Modular mobile robot comprising porter module,LG ELECTRONICS INC.,LG ELECTRONICS,LG,KR,24726837,1,B25J-0011/008,GRAY,,False,False,False,False,False,False,False,
16/503811,11498204,2019-07-05,Robot,LG ELECTRONICS INC.,LG ELECTRONICS,LG,KR,24738074,1,B25J-0009/0009,GRAY,,False,False,False,False,False,False,False,
16/433247,11325268,2019-06-06,Electronic device and method for calculating at least one parameter for measuring external force,"Samsung Electronics Co., Ltd.",SAMSUNG ELECTRONICS,SAMSUNG,KR,24750568,1,B25J-0013/085,GRAY,,False,True,False,False,False,False,False,
16/680909,11267124,2019-11-12,System and method for calibrating robot,"Samsung Electronics Co., Ltd.",SAMSUNG ELECTRONICS,SAMSUNG,KR,24778148,1,B25J-0009/1692,GRAY,,False,True,False,False,False,False,False,
16/754874,11279047,2018-10-04,Robot arm with a robot-hand drive device,KUKA DEUTSCHLAND GMBH,KUKA DEUTSCHLAND,KUKA,DE,24778336,1,B25J-0018/00,GRAY,,False,True,False,False,False,False,False,
17/088906,11485023,2020-11-04,Robot controlling method using portable device including touchscreen,"AJINEXTEK CO., LTD.",AJINEXTEK,AJINEXTEK,KR,24782420,1,B25J-0013/06,GRAY,,False,False,False,False,False,False,False,
17/312147,12090635,2019-12-10,Finger mechanism and robot hand comprising same,KOREA INSTITUTE OF MACHINERY & MATERIALS,KOREA INSTITUTE OF MACHINERY & MATERIALS,KOREA INSTITUTE OF MACHINERY & MATERIALS,KR,24791452,1,B25J-0015/0009,GRAY,,False,True,False,False,False,False,False,
16/732524,11104007,2020-01-02,Apparatus and method for controlling robot,Research & Business Foundation Sungkyunkwan University,RESEARCH & BUSINESS FOUNDATION SUNGKYUNKWAN UNIVERSITY,RESEARCH & BUSINESS FOUNDATION SUNGKYUNKWAN UNIVERSITY,KR,24802995,1,B25J-0013/085,GRAY,,False,True,False,False,False,False,False,
16/526283,11654575,2019-07-30,Robot,LG ELECTRONICS INC.,LG ELECTRONICS,LG,KR,24804415,1,B25J-0013/003,GRAY,,False,False,False,False,False,False,False,
17/288276,12145256,2019-11-22,Healthcare robot and control method therefor,"SAMSUNG ELECTRONICS CO., LTD.",SAMSUNG ELECTRONICS,SAMSUNG,KR,24804765,1,B25J-0011/008,GRAY,,False,True,False,False,False,False,False,
16/743678,11173609,2020-01-15,Hand-eye calibration method and system,"Samsung Electronics Co., Ltd",SAMSUNG ELECTRONICS,SAMSUNG,미상,24808608,1,B25J-0009/0084,GRAY,,False,False,False,False,False,False,False,
17/424247,11938637,2020-01-07,Robot and control method thereof,"SAMSUNG ELECTRONICS CO., LTD.",SAMSUNG ELECTRONICS,SAMSUNG,KR,24811281,1,B25J-0009/1666,GRAY,,False,True,False,False,False,False,False,
16/804651,11292124,2020-02-28,Echinoderm inspired variable stiffness soft actuator connected ossicle structure and robot apparatus comprising the same,KOREA ADVANCED INSTITUTE OF SCIENCE AND TECHNOLOGY,KOREA ADVANCED INSTITUTE OF SCIENCE AND TECHNOLOGY,KOREA ADVANCED INSTITUTE OF SCIENCE AND TECHNOLOGY,KR,24830093,1,B25J-0009/1005,GRAY,,False,True,False,False,False,False,False,
16/838152,11478921,2020-04-02,Spherical robot including ring member,"Samsung Electronics Co., Ltd.",SAMSUNG ELECTRONICS,SAMSUNG,KR,24831968,1,B25J-0005/00,GRAY,,False,False,False,False,False,False,False,
16/498324,11376742,2019-05-15,Robot and method of controlling the same,LG ELECTRONICS INC.,LG ELECTRONICS,LG,KR,24845727,1,B25J-0011/001,GRAY,,False,False,False,False,False,False,False,
17/370034,12090627,2021-07-08,Method and system for controlling robot arm for performing coffee drip,"XYZ, INC.",XYZ,XYZ,KR,24854712,1,B25J-0011/0045,GRAY,,False,True,False,False,False,False,False,
17/736471,12134188,2022-05-04,Module and method for linking driving units of robot system,"ROBOTIS CO., LTD.",ROBOTIS,ROBOTIS,KR,24874411,1,B25J-0009/08,GRAY,,False,False,False,False,False,False,False,
16/656298,11123880,2019-10-17,Robot and operating method thereof,LG ELECTRONICS INC.,LG ELECTRONICS,LG,KR,24881491,1,B25J-0015/0616,GRAY,,False,False,False,False,False,False,False,
16/787646,11207785,2020-02-11,Tool changer and tool change system,LG ELECTRONICS INC.,LG ELECTRONICS,LG,KR,24886330,1,B25J-0015/0441,GRAY,,False,True,False,False,False,False,False,
16/748348,11738470,2020-01-21,Tool changer and tool change system having the same,LG ELECTRONICS INC.,LG ELECTRONICS,LG,KR,24892583,1,B25J-0015/0608,GRAY,,False,True,False,False,False,False,False,
16/683687,11426878,2019-11-14,Method for controlling robot based on brain-computer interface and apparatus for controlling meal assistance robot thereof,Korea Institute of Science and Technology,KOREA INSTITUTE OF SCIENCE AND TECHNOLOGY,KOREA INSTITUTE OF SCIENCE AND TECHNOLOGY,KR,24894818,1,B25J-0011/008,GRAY,,False,False,False,False,False,False,False,
16/904302,11724397,2020-06-17,Robot and method for controlling the same,LG ELECTRONICS INC.,LG ELECTRONICS,LG,KR,24897251,1,B25J-0009/1666,GRAY,,False,True,False,False,False,False,False,
16/803759,11511445,2020-02-27,Gripper,LG ELECTRONICS INC.,LG ELECTRONICS,LG,KR,24903954,1,B25J-0015/12,GRAY,,False,True,False,False,False,False,False,
17/188120,11752640,2021-03-01,Robot joint structure and robot hand comprising same,DAEGU GYEONGBUK INSTITUTE OF SCIENCE AND TECHNOLOGY,DAEGU GYEONGBUK INSTITUTE OF SCIENCE AND TECHNOLOGY,DAEGU GYEONGBUK INSTITUTE OF SCIENCE AND TECHNOLOGY,KR,24904556,1,B25J-0015/0009,GRAY,,False,True,False,False,False,False,False,
17/777078,12145279,2020-11-16,Method and apparatus for calibrating position of robot using 3D scanner,CMES INC.,CMES,CMES,KR,24910068,1,B25J-0009/1692,GRAY,,False,False,False,False,False,False,False,
17/423756,11865717,2019-04-08,Method of controlling movement of cart robot in response to change in travel surface using artificial intelligence and cart robot implementing the same,LG ELECTRONICS INC.,LG ELECTRONICS,LG,KR,24910100,1,B25J-0009/1633,GRAY,,False,True,False,False,False,False,False,
16/875260,11524413,2020-05-15,Emergency stop of robot,LG ELECTRONICS INC.,LG ELECTRONICS,LG,KR,24917109,1,B25J-0009/1674,E_auto,제외전용신호+Tier신호없음,False,False,False,False,True,False,False,
16/628447,11285608,2019-01-03,Server and robot system including the same,LG ELECTRONICS INC.,LG ELECTRONICS,LG,KR,24944489,1,B25J-0009/1689,GRAY,,False,False,False,False,False,False,False,
17/204946,11660744,2021-03-18,Module-type robot control system,KOREA INSTITUTE OF SCIENCE AND TECHNOLOGY,KOREA INSTITUTE OF SCIENCE AND TECHNOLOGY,KOREA INSTITUTE OF SCIENCE AND TECHNOLOGY,KR,24961932,1,B25J-0009/08,GRAY,,False,False,False,False,False,False,False,
17/426920,12145261,2021-05-26,String actuator-based exoskeleton robot,KOREA ADVANCED INSTITUTE OF SCIENCE AND TECHNOLOGY,KOREA ADVANCED INSTITUTE OF SCIENCE AND TECHNOLOGY,KOREA ADVANCED INSTITUTE OF SCIENCE AND TECHNOLOGY,KR,24982456,1,B25J-0009/0006,GRAY,,False,True,False,True,False,False,False,
17/103019,11633850,2020-11-24,Tactile sensor module for robot-hand and grasping method using the same,KOREA INSTITUTE OF SCIENCE AND TECHNOLOGY,KOREA INSTITUTE OF SCIENCE AND TECHNOLOGY,KOREA INSTITUTE OF SCIENCE AND TECHNOLOGY,KR,24990152,1,B25J-0009/1612,GRAY,,False,True,False,False,False,False,False,
17/971035,12110631,2022-10-21,Steam ironing system for vehicle seat cover,"HANUL SYSTEM CO., LTD.",HANUL SYSTEM,HANUL SYSTEM,KR,25012202,1,B25J-0011/00,GRAY,,False,False,False,False,False,False,False,
17/101551,11318622,2020-11-23,Wearable robot hand device removable from hand structure,KOREA INSTITUTE OF SCIENCE AND TECHNOLOGY,KOREA INSTITUTE OF SCIENCE AND TECHNOLOGY,KOREA INSTITUTE OF SCIENCE AND TECHNOLOGY,KR,25018474,1,B25J-0009/104,GRAY,,False,True,False,True,False,False,False,
17/679279,11986967,2022-02-24,Apparatus for treating substrate and method for detecting state of substrate,"Semes Co., Ltd.",SEMES,SEMES,KR,25120255,1,B25J-0009/1697,GRAY,,False,False,False,False,False,False,False,
17/698211,11685057,2022-03-18,Robot hand module,Hyundai Motor Company | Kia Corporation,HYUNDAI MOTOR,HYUNDAI MOTOR GROUP,KR,25144097,1,B25J-0015/0009,T1_auto,휴머노이드명시/전건T1_OEM,True,True,False,False,False,False,False,
18/535621,12017366,2023-12-11,Palletizing system,"BRILS Co., Ltd.",BRILS,BRILS,KR,25167682,1,B25J-0009/1676,GRAY,,False,True,False,False,False,True,False,
17/847508,12128544,2022-06-23,Service robot system and method for operating the same,HYUNDAI MOTOR COMPANY | KIA CORPORATION,HYUNDAI MOTOR,HYUNDAI MOTOR GROUP,KR,25205209,1,B25J-0011/008,GRAY,,False,False,False,False,False,False,False,
18/315196,12145265,2023-05-10,Pivot joint,FESTO SE & CO. KG,FESTO & CO KG,FESTO & CO KG,DE,25253330,1,B25J-0009/14,GRAY,,False,True,False,False,False,False,False,
17/588426,11541530,2022-01-31,Compliant mechanism for improving axial load sensing in robotic actuators,"Harmonic Bionics, Inc.",HARMONIC BIONICS,HARMONIC BIONICS,US,25323776,1,B25J-0009/0006,GRAY,,False,True,False,True,False,False,False,
15/257642,11074031,2016-09-06,Systems and methods for dynamic audio processing,Colin Leonard,COLIN LEONARD,COLIN LEONARD,US,27550504,1,B25J-0011/003,GRAY,,False,False,False,False,False,False,False,
15/492517,10265851,2017-04-20,Apparatus and method for enabling rapid configuration and reconfiguration of a robotic assemblage,Richard A. Skrinde,RICHARD A SKRINDE,RICHARD A SKRINDE,US,27594699,1,B25J-0009/163,GRAY,,False,False,False,False,False,False,False,
15/085239,9486922,2016-03-30,Systems and methods for determining a status of a component of a device,X DEVELOPMENT LLC,X DEVELOPMENT,ALPHABET,US,27640737,1,B25J-0009/1692,GRAY,,False,False,False,False,False,False,False,
14/602700,9561589,2015-01-22,Methods and systems for selecting a velocity profile for controlling a robotic device,X DEVELOPMENT LLC,X DEVELOPMENT,ALPHABET,US,27655637,2,B25J-0009/1651,GRAY,,False,True,False,False,False,False,False,
14/656676,9757855,2015-03-12,Multimodal dynamic robotic systems,THE REGENTS OF THE UNIVERSITY OF CALIFORNIA,THE REGENTS OF THE UNIVERSITY OF CALIFORNIA,THE REGENTS OF THE UNIVERSITY OF CALIFORNIA,US,27673899,3,B25J-0005/007,GRAY,,False,True,False,False,False,False,False,
14/719196,9457468,2015-05-21,Human and robotic distributed operating system (HaRD-OS),"INVIA ROBOTICS, INC.",INVIA ROBOTICS,INVIA ROBOTICS,US,27685719,1,B25J-0009/163,GRAY,,False,True,False,False,False,False,False,
14/712579,9446523,2015-05-14,Programming of a robotic arm using a motion capture system,Autofuss,AUTOFUSS,AUTOFUSS,US,27687888,4,B25J-0009/1697,GRAY,,False,True,False,False,False,False,False,
15/946917,10864629,2018-04-06,System and method for controlling a position of an articulated robotic arm,"CORINDUS, INC.",CORINDUS,CORINDUS,US,27693018,2,B25J-0009/161,GRAY,,False,True,True,False,False,False,False,
14/738162,9358688,2015-06-12,Machine for aligning items in a pattern and a method of use,Gary Lee Drew,GARY LEE DREW,GARY LEE DREW,US,27694539,1,B25J-0009/1687,GRAY,,False,True,False,False,False,False,False,
14/736343,9862097,2015-06-11,Industrial robot system having sensor assembly,"Recognition Robotics, Inc. | Zagar Inc.",RECOGNITION ROBOTICS,RECOGNITION ROBOTICS,US,27698798,1,B25J-0009/1697,GRAY,,False,True,False,False,False,False,False,
14/978445,9975249,2015-12-22,Neuromuscular model-based sensing and control paradigm for a robotic leg,Massachusetts Institute of Technology,MASSACHUSETTS INSTITUTE OF TECHNOLOGY,MASSACHUSETTS INSTITUTE OF TECHNOLOGY,US,27748913,1,B25J-0009/1694,GRAY,,False,True,False,True,False,False,False,
14/595163,9821457,2015-01-12,Adaptive robotic interface apparatus and methods,Brain Corporation,BRAIN,BRAIN,US,27756796,1,B25J-0009/161,GRAY,,False,False,False,False,False,False,False,
14/703050,9280159,2015-05-04,Shutdown method by using local control board,Google Inc.,GOOGLE,ALPHABET,US,27770506,2,B25J-0009/1674,T1_auto,휴머노이드명시/전건T1_OEM,True,False,False,False,False,False,False,
14/613054,9302393,2015-02-03,Intelligent auditory humanoid robot and computerized verbalization system programmed to perform auditory and verbal artificial intelligence processes,Alan Rosen | David B. Rosen,ALAN ROSEN,ALAN ROSEN,US,27778873,1,B25J-0009/1694,T1_auto,휴머노이드명시/전건T1_OEM,True,False,False,False,False,False,False,
15/075569,9914217,2016-03-21,Transferable intelligent control device,iRobot Corporation,IROBOT,IROBOT,US,27781292,3,B25J-0009/1658,GRAY,,False,False,False,False,False,False,False,
15/178858,9987751,2016-06-10,Geometrically appropriate tool selection assistance for determined work site dimensions,"Intuitive Surgical Operations, Inc.",INTUITIVE SURGICAL OPERATIONS,INTUITIVE SURGICAL OPERATIONS,US,27806564,2,B25J-0009/1697,GRAY,,False,False,False,False,False,False,False,
14/595873,9381642,2015-01-13,Wearable robot assisting manual tasks,MASSACHUSETTS INSTITUTE OF TECHNOLOGY,MASSACHUSETTS INSTITUTE OF TECHNOLOGY,MASSACHUSETTS INSTITUTE OF TECHNOLOGY,US,27808773,1,B25J-0009/0006,GRAY,,False,True,False,True,False,False,False,
15/165336,9731420,2016-05-26,System for configuring a robotic manipulator,"Amazon Technologies, Inc.",AMAZON TECHNOLOGIES,AMAZON,US,27808775,2,B25J-0009/1697,GRAY,,False,True,False,False,False,False,False,
15/230776,10093019,2016-08-08,Determination of robot behavior,"BOSTON DYNAMICS, INC.",BOSTON DYNAMICS,HYUNDAI MOTOR GROUP(2021~)/구글·소프트뱅크(이전),US,27830537,3,B25J-0009/1605,GRAY,,False,True,False,False,False,False,False,
15/243034,10189158,2016-08-22,Robot manipulator with modular torque controlled link,X DEVELOPMENT LLC,X DEVELOPMENT,ALPHABET,US,27833237,1,B25J-0009/1045,GRAY,,False,True,False,False,False,False,False,
14/617036,9475193,2015-02-09,Unmanned ground vehicle stability control,Harris Corporation,HARRIS,HARRIS,US,27843931,1,B25J-0009/1674,GRAY,,False,True,False,False,False,False,False,
14/624665,9481086,2015-02-18,Control method for floating-base robots including generating feasible motions using time warping,"Disney Enterprises, Inc.",DISNEY ENTERPRISES,DISNEY ENTERPRISES,US,27846159,1,B25J-0009/1664,T1_auto,휴머노이드명시/전건T1_OEM,True,True,False,False,False,False,False,
14/669374,9486921,2015-03-26,Methods and systems for distributing remote assistance to facilitate robotic object manipulation,X DEVELOPMENT LLC,X DEVELOPMENT,ALPHABET,US,27848460,2,B25J-0009/1679,GRAY,,False,True,False,False,False,True,False,
15/287303,10035262,2016-10-06,Robotic gripper with multiple pairs of gripping fingers,GOOGLE LLC,GOOGLE,ALPHABET,US,27848462,1,B25J-0009/1612,GRAY,,False,True,False,False,False,False,False,
15/007558,9744665,2016-01-27,Optimization of observer robot locations,X DEVELOPMENT LLC,X DEVELOPMENT,ALPHABET,US,27865561,3,B25J-0005/007,GRAY,,False,False,False,False,False,False,False,
15/135189,9744667,2016-04-21,System and method for promoting safety of a robotic appendage,"Fetch Robotics, Inc.",FETCH ROBOTICS,FETCH ROBOTICS,US,27865562,1,B25J-0009/1653,GRAY,,False,False,False,False,False,False,False,
14/933443,9744677,2015-11-05,Robotic fingers and end effectors including same,IROBOT CORPORATION,IROBOT,IROBOT,US,27865566,1,B25J-0015/08,GRAY,,False,True,False,False,False,False,False,
14/929768,9533419,2015-11-02,Robotic finger and hand,"BOSTON DYNAMICS, INC.",BOSTON DYNAMICS,HYUNDAI MOTOR GROUP(2021~)/구글·소프트뱅크(이전),US,27867688,2,B25J-0015/12,GRAY,,False,True,False,False,False,False,False,
15/372126,10052763,2016-12-07,Distributed system for management and analytics of robotic devices,X DEVELOPMENT LLC,X DEVELOPMENT,ALPHABET,US,27877980,1,B25J-0009/1661,GRAY,,False,True,False,False,False,False,False,
14/713569,9561592,2015-05-15,Ground plane compensation for legged robots,"BOSTON DYNAMICS, INC.",BOSTON DYNAMICS,HYUNDAI MOTOR GROUP(2021~)/구글·소프트뱅크(이전),US,27877981,2,B25J-0005/00,GRAY,,False,True,False,False,False,False,False,
14/925992,9579805,2015-10-29,Brake device of robot arm,QUANTA STORAGE INC.,QUANTA STORAGE,QUANTA STORAGE,TW,27884851,1,B25J-0019/0004,GRAY,,False,True,False,False,False,False,False,
14/634523,9586318,2015-02-27,Modular robot with smart device,"Toyota Motor Engineering & Manufacturing North America, Inc.",TOYOTA MOTOR ENGINEERING & MANUFACTURING NORTH AMERICA,TOYOTA,US,27887274,2,B25J-0009/161,GRAY,,False,False,False,False,False,False,False,
15/415227,9919416,2017-01-25,Methods and systems for providing feedback during teach mode,X Development LLC,X DEVELOPMENT,ALPHABET,US,27889465,1,B25J-0009/0081,GRAY,,False,True,False,False,False,False,False,
14/704583,9597801,2015-05-05,Automated data center,CenturyLink Intellectual Property LLC,CENTURYLINK INTELLECTUAL PROPERTY,CENTURYLINK INTELLECTUAL PROPERTY,US,27891425,3,B25J-0009/1666,GRAY,,False,True,False,False,False,False,False,
14/835424,9616568,2015-08-25,Generating a grasp affordance for an object based on a thermal image of the object that is captured following human manipulation of the object,X DEVELOPMENT LLC,X DEVELOPMENT,ALPHABET,US,27898373,1,B25J-0009/1612,GRAY,,False,True,False,False,False,False,False,
15/484929,10780588,2017-04-11,End effector for a robotic arm,Sarcos LC,SARCOS LC,SARCOS LC,US,27898377,1,B25J-0013/086,GRAY,,False,True,False,False,False,False,False,
14/638973,9643314,2015-03-04,"Robot control, training and collaboration in an immersive virtual reality environment",THE JOHNS HOPKINS UNIVERSITY,THE JOHNS HOPKINS UNIVERSITY,THE JOHNS HOPKINS UNIVERSITY,US,27908388,2,B25J-0009/1605,GRAY,,False,True,False,False,False,False,False,
14/966912,9694494,2015-12-11,Feature identification and extrapolation for robotic item grasping,"AMAZON TECHNOLOGIES, INC.",AMAZON TECHNOLOGIES,AMAZON,US,27917849,4,B25J-0009/1612,GRAY,,False,True,False,False,False,False,False,
15/188932,9671777,2016-06-21,Training robots to execute actions in physics-based virtual environment,TruPhysics GmbH,TRUPHYSICS,TRUPHYSICS,DE,27918384,1,B25J-0009/1671,GRAY,,False,False,False,False,False,False,False,
15/586377,10328572,2017-05-04,Systems and methods for robotic device authentication,GOOGLE LLC,GOOGLE,ALPHABET,US,27920202,1,B25J-0009/161,GRAY,,False,True,False,False,False,False,False,
14/815624,9676098,2015-07-31,Data collection from living subjects and controlling an autonomous robot using the data,Heinz Hemken,HEINZ HEMKEN,HEINZ HEMKEN,US,27920203,1,B25J-0009/163,GRAY,,False,True,False,False,False,False,False,
14/723349,9687982,2015-05-27,Adapting programming of a robot and/or control of the robot based on one or more parameters of an end effector of the robot,X DEVELOPMENT LLC,X DEVELOPMENT,ALPHABET,US,27924590,2,B25J-0009/1612,GRAY,,False,True,False,False,False,False,False,
14/810171,9707681,2015-07-27,Anti-collision management of overlapping robotic movements,SIEMENS INDUSTRY SOFTWARE LTD.,SIEMENS INDUSTRY SOFTWARE,SIEMENS INDUSTRY SOFTWARE,IL,27931697,1,B25J-0009/1682,GRAY,,False,True,False,False,False,False,False,
15/208784,10065312,2016-07-13,Unscented optimization and control allocation,"The United States of America, as represented by the Secretary of the Navy",THE UNITED STATES OF AMERICA AS REPRESENTED BY THE SECRETARY OF THE NAVY,THE UNITED STATES OF AMERICA AS REPRESENTED BY THE SECRETARY OF THE NAVY,US,27938352,1,B25J-0009/1628,GRAY,,False,True,False,False,False,False,False,
15/670404,10632616,2017-08-07,Smart robot part,"Boston Dymanics, Inc. | Boston Dynamics, Inc.",BOSTON DYMANICS,BOSTON DYMANICS,US,27944984,1,B25J-0009/1602,GRAY,,False,False,False,False,False,False,False,
14/884659,9757862,2015-10-15,Tactile sensor,Technische Universität München,TECHNISCHE UNIVERSITÄT MÜNCHEN,TECHNISCHE UNIVERSITÄT MÜNCHEN,DE,27947389,1,B25J-0009/1697,GRAY,,False,True,False,False,False,False,False,
15/707985,10155310,2017-09-18,Adaptive predictor apparatus and methods,Brain Corporation,BRAIN,BRAIN,US,27949751,3,B25J-0009/163,GRAY,,False,False,False,False,False,False,False,
15/676902,10800038,2017-08-14,System and method for confinement of a robotic device,Al Incorporated | Bobsweep Inc.,AL,AL,CA,27949753,1,B25J-0009/1666,GRAY,,False,False,False,False,False,False,False,
14/931458,9789607,2015-11-03,Achieving a target gait in a legged robot based on steering commands,"BOSTON DYNAMICS, INC.",BOSTON DYNAMICS,HYUNDAI MOTOR GROUP(2021~)/구글·소프트뱅크(이전),US,27958772,2,B25J-0013/006,GRAY,,False,True,False,False,False,False,False,
14/843288,9789610,2015-09-02,Safe path planning for collaborative robots,X DEVELOPMENT LLC,X DEVELOPMENT,ALPHABET,US,27958774,1,B25J-0009/1666,GRAY,,False,True,False,False,False,False,False,
14/837046,9796085,2015-08-27,Mobile device for manipulating objects,"HANDHABUNGS-, AUTOMATISIERUNGS- UND PRAEZISIONSTECHNIK GMBH",HANDHABUNGS- AUTOMATISIERUNGS- UND PRAEZISIONSTECHNIK,HANDHABUNGS- AUTOMATISIERUNGS- UND PRAEZISIONSTECHNIK,DE,27961005,1,B25J-0009/162,GRAY,,False,True,False,False,False,False,False,
15/047820,9802314,2016-02-19,Soft body robot for physical interaction with humans,"Disney Enterprises, Inc.",DISNEY ENTERPRISES,DISNEY ENTERPRISES,US,27963278,1,B25J-0009/1633,T1_auto,휴머노이드명시/전건T1_OEM,True,True,False,False,False,False,False,
14/695166,9802317,2015-04-24,Methods and systems for remote perception assistance to facilitate robotic object manipulation,X DEVELOPMENT LLC,X DEVELOPMENT,ALPHABET,US,27963280,1,B25J-0009/1687,GRAY,,False,True,False,False,False,False,False,
15/788391,10160114,2017-10-19,Trajectory planning with droppable objects,X Development LLC,X DEVELOPMENT,ALPHABET,US,27970272,1,B25J-0009/163,GRAY,,False,False,False,False,False,False,False,
15/246221,9821472,2016-08-24,Gripping mechanism having a large stroke,M. Mohsen Saadat,M MOHSEN SAADAT,M MOHSEN SAADAT,DE,27970276,1,B25J-0015/0028,GRAY,,False,True,False,False,False,False,False,
15/135449,9827669,2016-04-21,Robotic torso sensing system and method,"Fetch Robotics, Inc.",FETCH ROBOTICS,FETCH ROBOTICS,US,27972504,1,B25J-0009/161,GRAY,,False,False,False,False,False,False,False,
14/938909,9827679,2015-11-12,Specifiable mobility for a robotic device,SIEMENS AKTIENGESELLSCHAFT,SIEMENS,SIEMENS,DE,27972508,1,B25J-0009/1689,GRAY,,False,True,False,False,False,False,False,
15/062478,9833906,2016-03-07,Method of path planning for array-based pick-and-place performed with robotic arm and compensator for use with the method,HIWIN TECHNOLOGIES CORP.,HIWIN TECHNOLOGIES,HIWIN TECHNOLOGIES,TW,27974797,1,B25J-0009/1692,GRAY,,False,True,False,False,False,False,False,
14/746392,9833907,2015-06-22,Proximity-based binding,X DEVELOPMENT LLC,X DEVELOPMENT,ALPHABET,US,27974798,1,B25J-0013/065,GRAY,,False,True,False,False,False,False,False,
14/820337,9844880,2015-08-06,Unmanned vehicle retrofitting applique assembly,"KAIROS AUTONOMI, INC.",KAIROS AUTONOMI,KAIROS AUTONOMI,US,27978694,1,B25J-0009/1679,GRAY,,False,True,False,False,False,False,False,
14/746072,9844881,2015-06-22,Robotic device including machine vision,GM GLOBAL TECHNOLOGY OPERATIONS LLC,GM GLOBAL TECHNOLOGY OPERATIONS,GM,US,27978695,1,B25J-0009/1697,GRAY,,False,True,False,False,False,False,False,
15/016578,9849595,2016-02-05,Contact force limiting with haptic feedback for a tele-operated robot,ABB SCHWEIZ AG,ABB SCHWEIZ,ABB,CH,27980573,1,B25J-0013/025,GRAY,,False,True,False,False,False,False,False,
15/073651,9855658,2016-03-18,Drone assisted adaptive robot control,Rahul Babu,RAHUL BABU,RAHUL BABU,US,27982825,1,B25J-0011/0075,GRAY,,False,True,False,False,False,False,False,
15/853695,10150218,2017-12-22,Automated digit interchange,X Development LLC,X DEVELOPMENT,ALPHABET,US,27982826,1,B25J-0015/0475,GRAY,,False,True,False,False,False,False,False,
14/810349,9862090,2015-07-27,Surrogate: a body-dexterous mobile manipulation robot with a tracked base,CALIFORNIA INSTITUTE OF TECHNOLOGY,CALIFORNIA INSTITUTE OF TECHNOLOGY,CALIFORNIA INSTITUTE OF TECHNOLOGY,US,27985134,1,B25J-0009/06,GRAY,,False,True,False,False,False,False,False,
14/823500,9868213,2015-08-11,Incidental robot-human contact detection,EMPIRE TECHNOLOGY DEVELOPMENT LLC,EMPIRE TECHNOLOGY DEVELOPMENT,EMPIRE TECHNOLOGY DEVELOPMENT,US,27987150,1,B25J-0009/1676,GRAY,,False,True,False,False,False,False,False,
14/831549,9895809,2015-08-20,Visual annotations in robot control interfaces,X DEVELOPMENT LLC,X DEVELOPMENT,ALPHABET,US,27997207,3,B25J-0009/1689,GRAY,,False,False,False,False,False,False,False,
15/879190,10514348,2018-01-24,Impedance signature analyzer to control automated actions,TEXAS INSTRUMENTS INCORPORATED,TEXAS INSTRUMENTS,TEXAS INSTRUMENTS,US,27999520,1,B25J-0009/1679,GRAY,,False,False,False,False,False,False,False,
15/099895,9919421,2016-04-15,Method and apparatus for robot path teaching,ABB SCHWEIZ AG,ABB SCHWEIZ,ABB,CH,28005934,2,B25J-0013/025,GRAY,,False,True,False,False,False,False,False,
14/752966,9925662,2015-06-28,Generating a trained robot path based on physical manipulation of the robot and based on training user interface input(s) associated with the physical manipulation,X DEVELOPMENT LLC,X DEVELOPMENT,ALPHABET,US,28008228,1,B25J-0009/16,GRAY,,False,True,False,False,False,False,False,
15/099314,9931749,2016-04-14,Remote presence robotic system,John C. Nappo | Daleroy Sibanda | Emre Tanirgan | Peter A. Zachares,JOHN C NAPPO,JOHN C NAPPO,US,28010472,1,B25J-0009/161,GRAY,,False,True,False,False,False,False,False,
15/905353,10449675,2018-02-26,Method and apparatus for robot-supported placement of objects,FerRobotics Compliant Robot Technology GmbH,FERROBOTICS COMPLIANT ROBOT TECHNOLOGY,FERROBOTICS COMPLIANT ROBOT TECHNOLOGY,AT,28012709,1,B25J-0009/1687,GRAY,,False,True,False,False,False,False,False,
15/137735,9943959,2016-04-25,Map localizing with partially obstructed ranging devices for autonomous robots and vehicles,"Disney Enterprises, Inc.",DISNEY ENTERPRISES,DISNEY ENTERPRISES,US,28014868,1,B25J-0009/1664,GRAY,,False,False,False,False,False,False,False,
15/096896,9956688,2016-04-12,System and method for predicting robotic power disconnection,"Fetch Robotius, Inc. | Fetch Robotics, Inc.",FETCH ROBOTIUS,FETCH ROBOTIUS,US,28019334,1,B25J-0019/027,GRAY,,False,False,False,False,False,False,False,
15/206066,9962831,2016-07-08,"Biomimetic humanoid robotic model, control system, and simulation process",Stephen Favis,STEPHEN FAVIS,STEPHEN FAVIS,US,28021570,3,B25J-0009/1075,T1_auto,휴머노이드명시/전건T1_OEM,True,False,False,False,False,False,False,
14/988390,9969082,2016-01-05,Robotic systems and methods for task scoring and selection,"BOSTON DYNAMICS, INC.",BOSTON DYNAMICS,HYUNDAI MOTOR GROUP(2021~)/구글·소프트뱅크(이전),US,28024005,1,B25J-0009/1661,GRAY,,False,True,False,False,False,False,False,
14/958440,9975241,2015-12-03,Machine object determination based on human interaction,Intel Corporation,INTEL,INTEL,US,28026075,1,B25J-0009/161,GRAY,,False,False,False,False,False,False,False,
15/086493,10350757,2016-03-31,Service robot assessment and operation,Avaya Inc.,AVAYA,AVAYA,US,28026076,1,B25J-0009/1679,GRAY,,False,True,False,False,False,False,False,
15/181244,9975256,2016-06-13,Robotic gripper with digits controlled by shared fluid volume,"Amazon Technologies, Inc.",AMAZON TECHNOLOGIES,AMAZON,US,28026079,1,B25J-0015/10,GRAY,,False,True,False,False,False,True,False,
14/795554,9975258,2015-07-09,Air flow cooling system and self balancing robot incorporating the same,"FACEBOOK, INC.",FACEBOOK,FACEBOOK,US,28026080,1,B25J-0019/0054,GRAY,,False,True,False,False,False,False,False,
15/172766,9981382,2016-06-03,Support stand to reorient the grasp of an object by a robot,X DEVELOPMENT LLC,X DEVELOPMENT,ALPHABET,US,28028253,1,B25J-0009/1666,GRAY,,False,True,False,False,False,False,False,
14/637278,9981389,2015-03-03,Robotics platforms incorporating manipulators having common joint designs,California Institute of Technology,CALIFORNIA INSTITUTE OF TECHNOLOGY,CALIFORNIA INSTITUTE OF TECHNOLOGY,US,28028257,1,B25J-0015/08,GRAY,,False,True,False,False,False,False,False,
15/089355,9987745,2016-04-01,Execution of robotic tasks,"BOSTON DYNAMICS, INC.",BOSTON DYNAMICS,HYUNDAI MOTOR GROUP(2021~)/구글·소프트뱅크(이전),US,28030567,1,B25J-0009/1661,GRAY,,False,True,False,False,False,False,False,
14/827701,9987749,2015-08-17,Control interface for robotic humanoid avatar system and related methods,"UNIVERSITY OF CENTRAL FLORIDA RESEARCH FOUNDATION, INC. | NAVY, SECRETARY OF THE UNITED STATES OF AMERICA",UNIVERSITY OF CENTRAL FLORIDA RESEARCH FOUNDATION,UNIVERSITY OF CENTRAL FLORIDA RESEARCH FOUNDATION,US,28030569,1,B25J-0009/1689,T1_auto,휴머노이드명시/전건T1_OEM,True,False,False,False,False,False,False,
15/151852,10011016,2016-05-11,Surface markers and methods for use,X DEVELOPMENT LLC,X DEVELOPMENT,ALPHABET,US,28039081,1,B25J-0011/0085,GRAY,,False,False,False,False,False,False,False,
15/146688,10011019,2016-05-04,Wind-up gripper for a robotic device,X DEVELOPMENT LLC,X DEVELOPMENT,ALPHABET,US,28039082,1,B25J-0015/022,GRAY,,False,True,False,False,False,False,False,
15/798415,10022874,2017-10-31,Robotic hand,UBTECH Robotics Corp.,UBTECH ROBOTICS,UBTECH,CN,28043525,1,B25J-0015/0028,GRAY,,False,True,False,False,False,False,False,
16/020667,10239203,2018-06-27,Movable closed-chain linkage for robot arm of media element storage library,Oracle International Corporation,ORACLE INTERNATIONAL,ORACLE INTERNATIONAL,US,28045733,1,B25J-0009/106,GRAY,,False,True,False,False,False,False,False,
14/966717,10029372,2015-12-11,Control system and method for brake bleeding,GENERAL ELECTRIC COMPANY,GENERAL ELECTRIC,GENERAL ELECTRIC,US,28045734,1,B25J-0009/1697,GRAY,,False,True,False,False,False,False,False,
15/341985,10035263,2016-11-02,System and method for inspection and maintenance of hazardous spaces,"VEOLIA NUCLEAR SOLUTIONS, INC.",VEOLIA NUCLEAR SOLUTIONS,VEOLIA NUCLEAR SOLUTIONS,US,28047822,2,B25J-0009/162,GRAY,,False,True,False,False,False,False,False,
15/376011,10035266,2016-12-12,Generating robot trajectories using a real time trajectory generator and a path optimizer,X DEVELOPMENT LLC,X DEVELOPMENT,ALPHABET,US,28047824,1,B25J-0009/1664,GRAY,,False,True,False,False,False,False,False,
14/868320,10039219,2015-09-28,Method and devices for picking and placing workpieces into devices under manufacture using dual robots,"WESTERN DIGITAL TECHNOLOGIES, INC.",WESTERN DIGITAL TECHNOLOGIES,WESTERN DIGITAL TECHNOLOGIES,US,28048988,1,B25J-0009/023,GRAY,,False,False,False,False,False,False,False,
14/608309,10040194,2015-01-29,Order picking method and mechanism,"VECNA TECHNOLOGIES, INC.",VECNA TECHNOLOGIES,VECNA TECHNOLOGIES,US,28049671,3,B25J-0005/007,GRAY,,False,True,False,False,False,True,False,
15/188021,10040195,2016-06-21,Recognizing a location of a robot shared in multiple data centers,International Business Machines Corporation,INTERNATIONAL BUSINESS MACHINES,INTERNATIONAL BUSINESS MACHINES,US,28049672,1,B25J-0009/1664,GRAY,,False,False,False,False,False,False,False,
15/204768,10040196,2016-07-07,System and method for in-flight robotic arm retargeting,Technologies Holding Corp. | Technologies Holdings Corp.,TECHNOLOGIES,TECHNOLOGIES,US,28049673,1,B25J-0009/1664,GRAY,,False,True,False,False,False,False,False,
15/184869,10052764,2016-06-16,Automated and adjustable platform surface,"TOYOTA MOTOR ENGINEERING & MANUFACUTRING NORTH AMERICA, INC. | Toyota Motor Engineering & Manufacturing North America, Inc.",TOYOTA MOTOR ENGINEERING & MANUFACUTRING NORTH AMERICA,TOYOTA,US,28054332,1,B25J-0009/1664,GRAY,,False,False,False,False,False,False,False,
14/980196,10052768,2015-12-28,Determining null bias of a hydraulic valve of a robot,"BOSTON DYNAMICS, INC.",BOSTON DYNAMICS,HYUNDAI MOTOR GROUP(2021~)/구글·소프트뱅크(이전),US,28054333,2,B25J-0009/20,GRAY,,False,True,False,False,False,False,False,
15/184725,10058997,2016-06-16,Space extrapolation for robot task performance,X DEVELOPMENT LLC,X DEVELOPMENT,ALPHABET,US,28056690,2,B25J-0009/1661,GRAY,,False,True,False,False,False,False,False,
15/009621,10059003,2016-01-28,Multi-resolution localization system,X DEVELOPMENT LLC,X DEVELOPMENT,ALPHABET,US,28056692,3,B25J-0009/1697,GRAY,,False,True,False,False,False,False,False,
15/189292,10059005,2016-06-22,Method for teaching a robotic arm to pick or place an object,QUANTA STORAGE INC.,QUANTA STORAGE,QUANTA STORAGE,TW,28056693,1,B25J-0009/1697,GRAY,,False,True,False,False,False,False,False,
15/658189,10059007,2017-07-24,Finger-aligned extendable gripping mechanisms for item manipulation,"Amazon Technologies, Inc.",AMAZON TECHNOLOGIES,AMAZON,US,28056694,1,B25J-0015/0028,GRAY,,False,True,False,False,False,False,False,
15/148518,10059008,2016-05-06,Method and apparatus for using vibration to release parts held by a robotic gripper,ABB SCHWEIZ AG,ABB SCHWEIZ,ABB,CH,28056695,1,B25J-0015/0616,GRAY,,False,True,False,False,False,False,False,
15/177319,10065311,2016-06-08,Singularity handling for robot jogging,X DEVELOPMENT LLC,X DEVELOPMENT,ALPHABET,US,28059066,1,B25J-0009/1664,GRAY,,False,True,False,False,False,False,False,
14/705493,10071487,2015-05-06,Systems and methods for compiling robotic assemblies,Massachusetts Institute of Technology,MASSACHUSETTS INSTITUTE OF TECHNOLOGY,MASSACHUSETTS INSTITUTE OF TECHNOLOGY,US,28061421,1,B25J-0019/007,GRAY,,False,True,False,False,False,False,False,
15/823612,10081111,2017-11-28,Robotic hand,UBTECH ROBOTICS CORP.,UBTECH ROBOTICS,UBTECH,CN,28064754,1,B25J-0015/0213,GRAY,,False,True,False,False,False,False,True,
15/644531,10086510,2017-07-07,Dual robotic case packing system for standup product,"Fallas Automation, Inc.",FALLAS AUTOMATION,FALLAS AUTOMATION,US,28066732,1,B25J-0009/0093,E_auto,제외전용신호+Tier신호없음,False,False,False,False,False,True,False,
15/374160,10086512,2016-12-09,"Protection apparatus for a manipulation device on a handling device, as well as handling device",ROBERT BOSCH GMBH,ROBERT BOSCH,ROBERT BOSCH,DE,28066733,1,B25J-0009/101,GRAY,,False,True,False,False,False,False,False,
15/016727,10105845,2016-02-05,Modular robot system,"BOSTON DYNAMICS, INC.",BOSTON DYNAMICS,HYUNDAI MOTOR GROUP(2021~)/구글·소프트뱅크(이전),US,28073667,2,B25J-0009/14,GRAY,,False,False,False,False,False,False,False,
15/726089,10105853,2017-10-05,Flexible robot end-effector for assembling door closure,GM Global Technology Operations LLC,GM GLOBAL TECHNOLOGY OPERATIONS,GM,US,28073670,1,B25J-0015/0052,GRAY,,False,True,False,False,False,False,False,
14/850888,10118296,2015-09-10,Tagged robot sensor data,X DEVELOPMENT LLC,X DEVELOPMENT,ALPHABET,US,28078280,1,B25J-0009/1656,GRAY,,False,False,False,False,False,False,False,
15/236225,10131051,2016-08-12,Anticipation-based robotic object grasping,"Amazon Technologies, Inc.",AMAZON TECHNOLOGIES,AMAZON,US,28082983,1,B25J-0009/1612,GRAY,,False,True,False,False,False,False,False,
15/265547,10131053,2016-09-14,Real time robot collision avoidance,X DEVELOPMENT LLC,X DEVELOPMENT,ALPHABET,US,28082984,1,B25J-0009/1666,GRAY,,False,True,False,False,False,False,False,
15/663704,10143933,2017-07-29,Robot,UBTECH ROBOTICS CORP.,UBTECH ROBOTICS,UBTECH,CN,28087536,1,B25J-0009/0006,GRAY,,False,True,False,False,False,False,False,
15/221555,10150213,2016-07-27,Guide placement by a robotic device,X DEVELOPMENT LLC,X DEVELOPMENT,ALPHABET,US,28089821,2,B25J-0009/0084,GRAY,,False,True,False,False,False,False,False,
15/384176,10160115,2016-12-19,Dynamic byte order determination and conversion for robotic component,"AMAZON TECHNOLOGIES, INC.",AMAZON TECHNOLOGIES,AMAZON,US,28093449,1,B25J-0009/1643,GRAY,,False,False,False,False,False,False,False,
15/177326,10166676,2016-06-08,Kinesthetic teaching of grasp parameters for grasping of objects by a grasping end effector of a robot,X DEVELOPMENT LLC,X DEVELOPMENT,ALPHABET,US,28095835,1,B25J-0013/085,GRAY,,False,True,False,False,False,False,False,
15/641232,10166681,2017-07-04,Bluetooth speaker and robot interaction system,UBTECH ROBOTICS CORP.,UBTECH ROBOTICS,UBTECH,CN,28095836,1,B25J-0013/003,GRAY,,False,False,False,False,False,False,False,
14/941879,10179407,2015-11-16,Dynamic multi-sensor and multi-robot interface system,ROBOLOGICS LTD.,ROBOLOGICS,ROBOLOGICS,IL,28100493,1,B25J-0009/1692,GRAY,,False,False,False,False,False,False,False,
14/679286,10189159,2015-04-06,Methods and systems for detecting states of operation of a robotic device,X DEVELOPMENT LLC,X DEVELOPMENT,ALPHABET,US,28104222,1,B25J-0009/1653,GRAY,,False,False,False,False,False,False,False,
14/920592,10201903,2015-10-22,Punch-in / punch-out smoothing for takeover of automated movement with haptic controller,VERILY LIFE SCIENCES LLC,VERILY LIFE SCIENCES,ALPHABET,US,28108437,2,B25J-0013/084,GRAY,,False,False,False,False,False,False,False,
35/503117,D841068,2016-05-03,Actuator for robots,ROBOTIS CO. LTD.,ROBOTIS,ROBOTIS,KR,28110002,1, ,GRAY,,False,True,False,False,False,False,False,
15/828414,10207403,2017-11-30,Robotic platform and assembly,"FACEBOOK, INC.",FACEBOOK,FACEBOOK,US,28110454,1,B25J-0009/162,GRAY,,False,True,False,False,False,False,False,
16/241934,11077555,2019-01-07,Method to minimize collisions of mobile robotic device,AI Incorporated,AI,AI,CA,28110456,2,B25J-0009/1666,GRAY,,False,True,False,False,False,False,False,
15/815583,10220509,2017-11-16,Anti-shake method of robot and robot thereof,UBTECH ROBOTICS CORP,UBTECH ROBOTICS,UBTECH,CN,28115311,1,B25J-0009/12,GRAY,,False,True,False,False,False,False,False,
15/339201,10220517,2016-10-31,"System, method and computer program product for controlling a mission-oriented robot based on a user's emotional state",INTERNATIONAL BUSINESS MACHINES CORPORATION,INTERNATIONAL BUSINESS MACHINES,INTERNATIONAL BUSINESS MACHINES,US,28115313,1,B25J-0009/1694,GRAY,,False,False,False,False,False,False,False,
15/883426,10239218,2018-01-30,Structural frame for covered and animated segments of a robotic figure,"DISNEY ENTERPRISES, INC.",DISNEY ENTERPRISES,DISNEY ENTERPRISES,US,28121905,1,B25J-0018/06,GRAY,,False,True,False,False,False,False,False,
15/620873,10245723,2017-06-13,Portable dry chemical delivery robot,Jose Luna | Burl Fuller | Jerry Fuller,JOSE LUNA,JOSE LUNA,US,28124251,1,B25J-0009/1602,E_auto,제외전용신호+Tier신호없음,False,False,False,False,False,True,False,
15/226259,10259117,2016-08-02,On-demand robot virtualization,"AT&T Intellectual Property I, L.P.",AT&T INTELLECTUAL PROPERTY I LP,AT&T INTELLECTUAL PROPERTY I LP,US,28129116,2,B25J-0009/1661,GRAY,,False,False,False,False,False,False,False,
15/626279,10265862,2017-06-19,Robotic end effectors for use with robotic manipulators,UNIVERSITY OF SOUTH FLORIDA,UNIVERSITY OF SOUTH FLORIDA,UNIVERSITY OF SOUTH FLORIDA,US,28131549,4,B25J-0015/0038,GRAY,,False,True,False,False,False,False,False,
15/321727,10279472,2016-10-28,Servo control system and robot,UBTECH ROBOTICS CORP.,UBTECH ROBOTICS,UBTECH,CN,28136542,1,B25J-0009/126,GRAY,,False,True,False,False,False,False,False,
15/739054,10279477,2016-06-29,Automated smart book inventory and shelving robot based on RFID technology,NANJING UNIVERSITY,NANJING UNIVERSITY,NANJING UNIVERSITY,CN,28136543,1,B25J-0009/1669,GRAY,,False,False,False,False,False,False,False,
15/331423,10279480,2016-10-21,Sensor fusion,X DEVELOPMENT LLC,X DEVELOPMENT,ALPHABET,US,28136544,1,B25J-0009/162,GRAY,,False,True,False,False,False,False,False,
15/367195,10286550,2016-12-02,Robot teaching system and control method thereof,NATIONAL TAIPEI UNIVERSITY OF TECHNOLOGY,NATIONAL TAIPEI UNIVERSITY OF TECHNOLOGY,NATIONAL TAIPEI UNIVERSITY OF TECHNOLOGY,TW,28139052,1,B25J-0009/163,GRAY,,False,False,False,False,False,False,False,
15/491886,10286558,2017-04-19,Autonomous robotic vehicles for mobile storage and trash collection applications,"BOSTON INCUBATOR CENTER, LLC",BOSTON INCUBATOR CENTER,BOSTON INCUBATOR CENTER,US,28139054,1,B25J-0011/008,GRAY,,False,True,False,False,False,False,False,
15/583028,10286564,2017-05-01,System for locally generating electricity on a robotic device,"LINCOLN GLOBAL, INC.",LINCOLN GLOBAL,LINCOLN GLOBAL,US,28139055,1,B25J-0019/005,GRAY,,False,True,False,False,False,False,False,
15/181207,10286565,2016-06-13,Skin replacement for robotic manipulator,"Amazon Technologies, Inc.",AMAZON TECHNOLOGIES,AMAZON,US,28139056,1,B25J-0009/142,GRAY,,False,True,False,False,False,True,False,
15/437292,10293491,2017-02-20,Automated bin packing tool,"SOUTHERN FABRICATION WORKS, LLC",SOUTHERN FABRICATION WORKS,SOUTHERN FABRICATION WORKS,US,28141566,2,B25J-0015/0014,GRAY,,False,True,False,False,False,True,False,
15/799774,10702994,2017-10-31,Finger assembly having a talon and spin paddle actuation,"Amazon Technologies, Inc.",AMAZON TECHNOLOGIES,AMAZON,US,28141567,2,B25J-0015/0028,GRAY,,False,True,False,False,False,False,False,
15/668684,10300611,2017-08-03,End effector assembly and method of operation to grasp non-planar articles,MGS Machine Corporation,MGS MACHINE,MGS MACHINE,US,28144118,1,B25J-0015/0616,GRAY,,False,True,False,False,False,False,False,
16/032307,10307913,2018-07-11,Robotic gripper,"Control & Power Systems, Inc.",CONTROL & POWER SYSTEMS,CONTROL & POWER SYSTEMS,US,28146661,1,B25J-0015/12,GRAY,,False,True,False,False,False,False,False,
15/458982, ,2017-03-15,Modular Snake Arm with Articulated Drive Shaft,Lon Radin,LON RADIN,LON RADIN,US,28149274,1,B25J-0009/08,GRAY,,False,True,False,False,False,False,False,등록번호누락
15/589673,10322506,2017-05-08,"Systems, devices, articles, and methods for using trained robots",Kindred Systems Inc.,KINDRED SYSTEMS,KINDRED SYSTEMS,CA,28151904,3,B25J-0009/1664,GRAY,,False,True,False,False,False,False,False,
14/951866,10322508,2015-11-25,Robotic devices and methods of operating robotic devices,SIEMENS HEALTHCARE GMBH | KUKA ROBOTER GMHB,SIEMENS HEALTHCARE,SIEMENS HEALTHCARE,DE,28151905,1,B25J-0009/1653,GRAY,,False,False,False,False,False,False,False,
15/321729,10328571,2016-10-28,Servo control system and robot,UBTECH ROBOTICS CORP.,UBTECH ROBOTICS,UBTECH,CN,28154132,1,B25J-0009/126,GRAY,,False,True,False,False,False,False,False,
15/435544,10335946,2017-02-17,Compositional impedance programming for robots,MASSACHUSETTS INSTITUTE OF TECHNOLOGY,MASSACHUSETTS INSTITUTE OF TECHNOLOGY,MASSACHUSETTS INSTITUTE OF TECHNOLOGY,US,28156876,1,B25J-0009/1641,GRAY,,False,True,False,False,False,False,False,
15/409232,10335952,2017-01-18,Monitoring and controlling the movement of mobile robots,INTERNATIONAL BUSINESS MACHINES CORPORATION,INTERNATIONAL BUSINESS MACHINES,INTERNATIONAL BUSINESS MACHINES,US,28156877,1,B25J-0009/1697,E_auto,제외전용신호+Tier신호없음,False,False,False,False,False,True,False,
15/496062,10335957,2017-04-25,Magnetically activated tool changer,"ATI Industrial Automation, Inc.",ATI INDUSTRIAL AUTOMATION,ATI INDUSTRIAL AUTOMATION,US,28156878,1,B25J-0015/0416,GRAY,,False,True,False,False,False,False,False,
15/909869,10335962,2018-03-01,Comprehensive fault detection and diagnosis of robots,KNOWLEDGE INITIATIVES LLC,KNOWLEDGE INITIATIVES,KNOWLEDGE INITIATIVES,US,28156880,1,B25J-0019/0095,GRAY,,False,False,False,False,False,False,False,
15/219459,10350766,2016-07-26,Extended-reach assist device for performing assembly tasks,GM Global Technology Operations LLC | Universite Laval,GM GLOBAL TECHNOLOGY OPERATIONS,GM,US,28162242,1,B25J-0013/085,GRAY,,False,True,False,False,False,False,False,
16/433684,10675766,2019-06-06,System for introducing physical experiences into virtual reality (VR) worlds,"DISNEY ENTERPRISES, INC.",DISNEY ENTERPRISES,DISNEY ENTERPRISES,US,28165884,1,B25J-0011/003,GRAY,,False,True,False,False,False,False,False,
14/749944,10363656,2015-06-25,Multi-robot gradient based adaptive navigation system,Santa Clara University,SANTA CLARA UNIVERSITY,SANTA CLARA UNIVERSITY,US,28166652,1,B25J-0009/0084,GRAY,,False,False,False,False,False,False,False,
15/060528,10363659,2016-03-03,System and method for load balancing of robots to create more equivalent task loads across task servers,"Fetch Robotics, Inc.",FETCH ROBOTICS,FETCH ROBOTICS,US,28166653,1,B25J-0009/1669,GRAY,,False,True,False,False,False,True,False,
15/348013,10369693,2016-11-10,Cable suspended robotic system,X DEVELOPMENT LLC,X DEVELOPMENT,ALPHABET,US,28168931,1,B25J-0009/104,GRAY,,False,False,False,False,False,False,False,
16/137705,10369709,2018-09-21,"Flexible suction device, robot system and method using the same","Beijing Jingdong Shangke Information Technology Co., Ltd. | JD.com American Technologies Corporation",BEIJING JINGDONG SHANGKE INFORMATION TECHNOLOGY,BEIJING JINGDONG SHANGKE INFORMATION TECHNOLOGY,CN,28168932,1,B25J-0018/06,GRAY,,False,True,False,False,False,False,False,
15/185241,10377042,2016-06-17,Vision-based robot control system,INTEL CORPORATION,INTEL,INTEL,US,28171590,1,B25J-0009/1697,GRAY,,False,False,False,False,False,False,False,
15/811725,10377045,2017-11-14,Robotic hand,UBTECH ROBOTICS CORP.,UBTECH ROBOTICS,UBTECH,CN,28171592,1,B25J-0015/0213,GRAY,,False,True,False,False,False,False,True,
16/233131,10384352,2018-12-27,Finger of robotic hand and robot having the same,UBTECH Robotics Corp,UBTECH ROBOTICS,UBTECH,CN,28174312,1,B25J-0015/08,GRAY,,False,True,False,False,False,False,False,
15/492422,10406685,2017-04-20,Robot end effector control,X DEVELOPMENT LLC,X DEVELOPMENT,ALPHABET,US,28182643,1,B25J-0009/1633,GRAY,,False,True,False,False,False,False,False,
15/874571,10414040,2018-01-18,Robotic dolly transfer systems having floating couplings,"Toyota Motor Engineering & Manufacturing North America, Inc.",TOYOTA MOTOR ENGINEERING & MANUFACTURING NORTH AMERICA,TOYOTA,US,28185353,1,B25J-0005/02,GRAY,,False,True,False,False,False,False,False,
15/446685,10434659,2017-03-01,"Systems, devices, articles, and methods for user input",Kindred Systems Inc.,KINDRED SYSTEMS,KINDRED SYSTEMS,US,28193161,1,B25J-0013/025,GRAY,,False,False,False,False,False,False,False,
16/351458,10449677,2019-03-12,Robotic gripping assist,United Arab Emirates University,UNITED ARAB EMIRATES UNIVERSITY,UNITED ARAB EMIRATES UNIVERSITY,AE,28198876,1,B25J-0009/0006,GRAY,,False,True,False,True,False,False,False,
15/406118,10456910,2017-01-13,Educational systems comprising programmable controllers and methods of teaching therewith,PURDUE RESEARCH FOUNDATION,PURDUE RESEARCH FOUNDATION,PURDUE RESEARCH FOUNDATION,US,28201567,1,B25J-0009/161,GRAY,,False,False,False,False,False,False,False,
16/102434,10456929,2018-08-13,Negative pressure actuated soft bending actuator,SCHLUMBERGER TECHNOLOGY CORPORATION,SCHLUMBERGER TECHNOLOGY,SCHLUMBERGER TECHNOLOGY,US,28201573,1,B25J-0015/0616,GRAY,,False,True,False,False,False,False,False,
15/458976,10464208,2017-03-15,"Computer-implemented method for setting device identification, main control circuit, and robot",UBTECH ROBOTICS CORP.,UBTECH ROBOTICS,UBTECH,CN,28204388,1,B25J-0009/16,GRAY,,False,False,False,False,False,False,False,
15/471944,10464212,2017-03-28,Method and system for tele-operated inventory management system,"AMAZON TECHNOLOGIES, INC.",AMAZON TECHNOLOGIES,AMAZON,US,28204389,1,B25J-0009/1689,GRAY,,False,True,False,False,False,True,False,
15/721369,10464217,2017-09-29,Robotic gripper with driven belts,"Traptic, Inc.",TRAPTIC,TRAPTIC,US,28204390,1,B25J-0015/10,GRAY,,False,True,False,False,False,False,False,
15/995459,10471591,2018-06-01,Object hand-over between robot and actor,X Development LLC,X DEVELOPMENT,ALPHABET,US,28207203,2,B25J-0009/1612,GRAY,,False,True,False,False,False,False,False,
15/800847,10471597,2017-11-01,Adaptive perception for industrial robotic systems,"Amazon Technologies, Inc.",AMAZON TECHNOLOGIES,AMAZON,US,28207206,1,B25J-0009/1674,GRAY,,False,True,False,False,False,True,False,
15/695902,10471599,2017-09-05,Robotic item manipulation using magnetic coupling,"Amazon Technologies, Inc.",AMAZON TECHNOLOGIES,AMAZON,US,28207208,1,B25J-0009/1679,GRAY,,False,True,False,False,False,False,False,
15/321728,10478967,2016-10-28,Servo control system and robot,UBTECH ROBOTICS CORP.,UBTECH ROBOTICS,UBTECH,CN,28209936,1,B25J-0009/126,GRAY,,False,True,False,False,False,False,False,
15/095366,10478975,2016-04-11,Fabrication of robotic mechanisms and systems from planar substrates,WORCESTER POLYTECHNIC INSTITUTE,WORCESTER POLYTECHNIC INSTITUTE,WORCESTER POLYTECHNIC INSTITUTE,US,28209938,1,B25J-0019/007,GRAY,,False,False,False,False,False,False,False,
15/331437,10493617,2016-10-21,Robot control,X DEVELOPMENT LLC,X DEVELOPMENT,ALPHABET,US,28215381,3,B25J-0005/007,GRAY,,False,True,False,False,False,False,False,
15/389699,10493624,2016-12-23,Mobile robot,X Development LLC,X DEVELOPMENT,ALPHABET,US,28215384,1,B25J-0009/1633,GRAY,,False,False,False,False,False,False,False,
15/492619,10500726,2017-04-20,Facilitating device control,KINDRED SYSTEMS INC.,KINDRED SYSTEMS,KINDRED SYSTEMS,US,28218014,1,B25J-0009/1664,GRAY,,False,False,False,False,False,False,False,
15/668804,10513032,2017-08-04,"Method of controlling robotic arm with human computer interaction, and terminal and system for same","Shenzhen XiaoR Geek Technology Co., Ltd",SHENZHEN XIAOR GEEK TECHNOLOGY,SHENZHEN XIAOR GEEK TECHNOLOGY,CN,28222565,1,B25J-0009/1664,GRAY,,False,True,False,False,False,False,False,
16/233139,10518420,2018-12-27,Finger of robotic hand and robot having the same,UBTECH ROBOTICS CORP,UBTECH ROBOTICS,UBTECH,CN,28224585,1,B25J-0015/0009,GRAY,,False,True,False,False,False,False,False,
14/729770,10525600,2015-06-03,Robotic system with haptic cutting tool,"L3HARRIS TECHNOLOGIES, INC.",L3HARRIS TECHNOLOGIES,L3HARRIS TECHNOLOGIES,US,28227170,2,B25J-0013/025,GRAY,,False,True,False,False,False,False,False,
15/641391,10532464,2017-07-05,Walking robot,Luis Guzman,LUIS GUZMAN,LUIS GUZMAN,US,28229524,1,B25J-0011/0005,T1_auto,휴머노이드명시/전건T1_OEM,True,True,False,False,False,False,False,
15/679472,10537993,2017-08-17,Apparatus and method for surface finishing,Matthew S. Ulliman | Jeff Martin,MATTHEW S ULLIMAN,MATTHEW S ULLIMAN,US,28231458,1,B25J-0009/106,GRAY,,False,False,False,False,False,False,False,
15/664839,10556338,2017-07-31,Compliant finger tip for item manipulation,"Amazon Technologies, Inc.",AMAZON TECHNOLOGIES,AMAZON,US,28238052,1,B25J-0009/1612,GRAY,,False,True,False,False,False,False,False,
15/472740,10562180,2017-03-29,Fluidic robotic actuator system and method,"OTHER LAB, LLC",OTHER LAB,OTHER LAB,US,28240207,1,B25J-0009/142,GRAY,,False,True,False,False,False,False,False,
15/348709,10562191,2016-11-10,Method of controlling devices with sensation of applied force,Robomotive Laboratories LLC,ROBOMOTIVE LABORATORIES,ROBOMOTIVE LABORATORIES,US,28240209,1,B25J-0013/088,GRAY,,False,True,False,False,False,False,False,
15/472662,10576620,2017-03-29,Robotic mobility device and control,IKUTUKI,IKUTUKI,IKUTUKI,US,28245363,1,B25J-0009/0006,GRAY,,False,True,False,True,False,False,False,
15/429241,10583557,2017-02-10,Redundant underactuated robot with multi-mode control framework,GM Global Technology Operations LLC,GM GLOBAL TECHNOLOGY OPERATIONS,GM,US,28247890,2,B25J-0009/1643,GRAY,,False,True,False,False,False,False,False,
14/993918,10589421,2016-01-12,Mechanical energy transfer system,Douglas H. DeCandia,DOUGLAS H DECANDIA,DOUGLAS H DECANDIA,US,28250058,1,B25J-0009/10,GRAY,,False,False,False,False,False,False,False,
16/010629,10589423,2018-06-18,"Robot vision super visor for hybrid homing, positioning and workspace UFO detection enabling industrial robot use for consumer applications",Shambhu Nath Roy,SHAMBHU NATH ROY,SHAMBHU NATH ROY,US,28250059,1,B25J-0009/1666,GRAY,,False,True,False,False,False,False,False,
14/872531,10589428,2015-10-01,Automatic distribution of control functions between multiple knob controllers based on proximity and relative positioning of the knobs,VERILY LIFE SCIENCES LLC,VERILY LIFE SCIENCES,ALPHABET,US,28250061,1,B25J-0009/161,GRAY,,False,False,False,False,False,False,False,
15/391836,10596702,2016-12-27,Reconfigurable mobile cable robot,INSTITUT DE RECHERCHE TECHNOLOGIQUE JULES VERNE,INSTITUT DE RECHERCHE TECHNOLOGIQUE JULES VERNE,INSTITUT DE RECHERCHE TECHNOLOGIQUE JULES VERNE,FR,28252712,1,B25J-0009/1666,GRAY,,False,True,False,False,False,False,False,
16/502862,10596704,2019-07-03,"Generate, simulate, and execute a reusable robotics solution recipe to execute a robotic solution","RAPYUTA ROBOTICS, CO., LTD.",RAPYUTA ROBOTICS,RAPYUTA ROBOTICS,JP,28252714,1,B25J-0009/1656,E_auto,제외전용신호+Tier신호없음,False,False,False,False,False,True,False,
16/027247,10596712,2018-07-03,Brake triggering device for a robot arm,QUANTA STORAGE INC.,QUANTA STORAGE,QUANTA STORAGE,TW,28252716,1,B25J-0019/0004,GRAY,,False,True,False,False,False,False,False,
15/569363,10603789,2016-05-24,Manually taught robot and method for manually teaching robot,"SUZHOU AMTF ROBOTS CO., LTD",SUZHOU AMTF ROBOTS,SUZHOU AMTF ROBOTS,CN,28255285,1,B25J-0009/163,GRAY,,False,True,False,False,False,False,False,
16/009905,10611037,2018-06-15,Concentric suction cup array for end-of-arm tool,"Amazon Technologies, Inc.",AMAZON TECHNOLOGIES,AMAZON,US,28257913,1,B25J-0015/0683,GRAY,,False,False,False,False,False,False,False,
15/856152,10632609,2017-12-28,Linkage mechanism and robot having the same,UBTECH ROBOTICS CORP.,UBTECH ROBOTICS,UBTECH,CN,28265793,1,B25J-0009/0006,T1_auto,휴머노이드명시/전건T1_OEM,True,True,False,False,False,False,False,
15/807587,10632614,2017-11-09,Motion-controlling method of robot and the robot thereof,UBTECH ROBOTICS CORP.,UBTECH ROBOTICS,UBTECH,CN,28265795,1,B25J-0009/16,GRAY,,False,True,False,False,False,False,False,
16/161099,10632615,2018-10-16,"Servo driving method, apparatus, and robot thereof",UBTECH ROBOTICS CORP,UBTECH ROBOTICS,UBTECH,CN,28265796,1,B25J-0009/16,GRAY,,False,True,False,False,False,False,False,
15/432923,10632620,2017-02-15,Motion control method and robot using same,UBTECH ROBOTICS CORP.,UBTECH ROBOTICS,UBTECH,CN,28265797,1,B25J-0009/1664,GRAY,,False,False,False,False,False,False,False,
15/616038,10632626,2017-06-07,Biologically-inspired joints and systems and methods of use thereof,WORCESTER POLYTECHNIC INSTITUTE,WORCESTER POLYTECHNIC INSTITUTE,WORCESTER POLYTECHNIC INSTITUTE,US,28265800,1,B25J-0017/00,GRAY,,False,True,False,False,False,False,False,
16/538728,10639790,2019-08-12,Robotic gripper,Aaron Thomas Bacon | Aerick William Bacon | Thomas Dell Bacon,AARON THOMAS BACON,AARON THOMAS BACON,US,28268443,2,B25J-0009/1612,GRAY,,False,True,False,False,False,False,False,
15/660496,10646993,2017-07-26,Robots linkable to perform tasks in coordinated teams,"FACEBOOK, INC.",FACEBOOK,FACEBOOK,US,28271114,1,B25J-0009/042,GRAY,,False,True,False,False,False,False,False,
15/496565,10646994,2017-04-25,Robot virtualization leveraging Geo analytics and augmented reality,"AT&T Intellectual Property I, L.P.",AT&T INTELLECTUAL PROPERTY I LP,AT&T INTELLECTUAL PROPERTY I LP,US,28271115,2,B25J-0009/1602,GRAY,,False,False,False,False,False,False,False,
15/799741,10654176,2017-10-31,Finger assembly having a talon and barrel cam actuation,"Amazon Technologies, Inc.",AMAZON TECHNOLOGIES,AMAZON,US,28273558,1,B25J-0015/028,GRAY,,False,True,False,False,False,False,False,
15/946986,10661446,2018-04-06,Jamming grippers with stencil moldings,AURORA FLIGHT SCIENCES CORPORATION,AURORA FLIGHT SCIENCES,AURORA FLIGHT SCIENCES,US,28276093,1,B25J-0015/0023,GRAY,,False,True,False,False,False,False,False,
15/484515,10994426,2017-04-11,Robotic manipulator with supplementary damping,"PERSIMMON TECHNOLOGIES, CORP.",PERSIMMON TECHNOLOGIES,PERSIMMON TECHNOLOGIES,US,28276094,2,B25J-0019/0091,GRAY,,False,True,False,False,False,False,False,
16/082738,10668615,2017-04-28,Service robot and method for controlling same,GOERTEK INC.,GOERTEK,GOERTEK,CN,28278657,1,B25J-0005/007,GRAY,,False,False,False,False,False,False,False,
15/169517,10668623,2016-05-31,Method and system for robotic adaptive production,ABB SCHWEIZ AG | FORD MOTOR COMPANY,ABB SCHWEIZ,ABB,CH,28278659,1,B25J-0009/1679,GRAY,,False,False,False,False,False,False,False,
15/785040,10675761,2017-10-16,Mode architecture for general purpose robotics,"MAGIC LEAP, INC.",MAGIC LEAP,MAGIC LEAP,US,28281188,3,B25J-0009/1682,E_auto,제외전용신호+Tier신호없음,False,False,False,False,False,True,False,
15/828423,10678242,2017-11-30,Differential drive robotic platform and assembly,"FACEBOOK, INC.",FACEBOOK,FACEBOOK,US,28281753,2,B25J-0009/162,GRAY,,False,True,False,False,False,False,False,
16/370890,10682756,2019-03-30,Driving assembly and robotic hand having the same,UBTECH ROBOTICS CORP,UBTECH ROBOTICS,UBTECH,CN,28283619,1,B25J-0009/104,T1_auto,휴머노이드명시/전건T1_OEM,True,True,False,False,False,False,False,
16/517587,11845180,2019-07-20,Wireless quick change end effector system for use with a robot,ZEBRA TECHNOLOGIES CORPORATION,ZEBRA TECHNOLOGIES,ZEBRA TECHNOLOGIES,US,28285834,1,B25J-0015/0441,GRAY,,False,True,False,False,False,False,False,
16/114220,10717188,2018-08-28,Spatial cross-axis transmission mechanism and robot having the same,UBTECH ROBOTICS CORP,UBTECH ROBOTICS,UBTECH,CN,28296137,1,B25J-0009/10,GRAY,,False,False,False,False,False,False,False,
16/235160,10717199,2018-12-28,Spring-support mechanism for parallel robots,VIETTEL GROUP,VIETTEL GROUP,VIETTEL GROUP,VN,28296141,1,B25J-0019/0016,GRAY,,False,True,False,False,False,False,False,
15/960571,10744643,2018-04-24,Robot servo jitter suppression method and device,UBTECH ROBOTICS CORP,UBTECH ROBOTICS,UBTECH,CN,28306193,1,B25J-0009/1653,GRAY,,False,True,False,False,False,False,False,
16/994933,11053618,2020-08-17,Unwrinkling systems and methods,"SOFTWEAR AUTOMATION, INC.",SOFTWEAR AUTOMATION,SOFTWEAR AUTOMATION,US,28306400,1,B25J-0009/1697,GRAY,,False,True,False,False,False,False,False,
15/960272,10759051,2018-04-23,Architecture and methods for robotic mobile manipulation system,GENERAL ELECTRIC COMPANY,GENERAL ELECTRIC,GENERAL ELECTRIC,US,28311454,1,B25J-0009/1664,GRAY,,False,True,False,False,False,False,False,
15/953022,10766145,2018-04-13,Eye in-hand robot,BROWN UNIVERSITY,BROWN UNIVERSITY,BROWN UNIVERSITY,US,28314110,1,B25J-0015/0004,GRAY,,False,True,False,False,False,False,False,
15/934498,10766149,2018-03-23,Optimization-based spring lattice deformation model for soft materials,"AMAZON TECHNOLOGIES, INC.",AMAZON TECHNOLOGIES,AMAZON,US,28314111,2,B25J-0015/0616,GRAY,,False,False,False,False,False,False,False,
15/528412,10780576,2015-11-23,Suspended automation system,Kenneth C. Miller,KENNETH C MILLER,KENNETH C MILLER,US,28319338,2,B25J-0009/161,GRAY,,False,True,False,False,False,False,False,
15/902816,10780578,2018-02-22,Reaching mobile robots,"Boston Dynamics, Inc.",BOSTON DYNAMICS,HYUNDAI MOTOR GROUP(2021~)/구글·소프트뱅크(이전),US,28319339,1,B25J-0009/162,GRAY,,False,True,False,False,False,False,False,
16/672616,10782267,2019-11-04,Mobile non-destructive testing inspection system,EQUATE PETROCHEMICAL COMPANY,EQUATE PETROCHEMICAL,EQUATE PETROCHEMICAL,KW,28319733,1,B25J-0005/007,GRAY,,False,True,False,False,False,False,False,
15/892456,10786901,2018-02-09,Method for programming robot in vision base coordinate,QUANTA STORAGE INC.,QUANTA STORAGE,QUANTA STORAGE,TW,28321729,1,B25J-0009/1656,GRAY,,False,False,False,False,False,False,False,
16/308086,10786907,2016-10-28,Manipulator and robot with fingertip module,"SHENZHEN DORABOT ROBOTICS CO., LTD.",SHENZHEN DORABOT ROBOTICS,SHENZHEN DORABOT ROBOTICS,CN,28321732,1,B25J-0015/0009,GRAY,,False,True,False,False,False,True,False,
16/107088,10786910,2018-08-21,Extending robotic arm,MASSACHUSETTS INSTITUTE OF TECHNOLOGY,MASSACHUSETTS INSTITUTE OF TECHNOLOGY,MASSACHUSETTS INSTITUTE OF TECHNOLOGY,US,28321733,1,B25J-0018/025,GRAY,,False,True,False,False,False,False,False,
15/839109,10792809,2017-12-12,Robot grip detection using non-contact sensors,X Development LLC,X DEVELOPMENT,ALPHABET,US,28324030,2,B25J-0009/1612,GRAY,,False,True,False,False,False,False,False,
15/842707,10792810,2017-12-14,Artificial intelligence system for learning robotic control policies,"AMAZON TECHNOLOGIES, INC.",AMAZON TECHNOLOGIES,AMAZON,US,28324031,1,B25J-0009/163,GRAY,,False,True,False,False,False,False,False,
15/963546,10792813,2018-04-26,Managing robot resources,X Development LLC,X DEVELOPMENT,ALPHABET,US,28324032,3,B25J-0009/1661,GRAY,,False,True,False,False,False,False,False,
16/318180,10800031,2017-07-26,Spherical parallel manipulator architecture for shoulder robotic exoskeleton,ARIZONA BOARD OF REGENTS ON BEHALF OF ARIZONA STATE UNIVERSITY,ARIZONA BOARD OF REGENTS ON BEHALF OF ARIZONA STATE UNIVERSITY,ARIZONA BOARD OF REGENTS ON BEHALF OF ARIZONA STATE UNIVERSITY,US,28326733,1,B25J-0009/0006,GRAY,,False,True,False,True,False,False,False,
15/842737,10800040,2017-12-14,Simulation-real world feedback loop for learning robotic control policies,"AMAZON TECHNOLOGIES, INC.",AMAZON TECHNOLOGIES,AMAZON,US,28326735,2,B25J-0009/1671,GRAY,,False,True,False,False,False,False,False,
16/363840,10800042,2019-03-25,Executing centralized and decentralized controlled plans collaboratively by autonomous robots,"RAPYUTA ROBOTICS CO., LTD",RAPYUTA ROBOTICS,RAPYUTA ROBOTICS,JP,28326736,1,B25J-0009/1682,GRAY,,False,True,False,False,False,True,False,
15/902843,10800049,2018-02-22,Maneuvering mobile robots,"Boston Dynamics, Inc.",BOSTON DYNAMICS,HYUNDAI MOTOR GROUP(2021~)/구글·소프트뱅크(이전),US,28326738,1,B25J-0019/002,GRAY,,False,True,False,False,False,False,False,
15/865203,10807246,2018-01-08,Mobile robotic device and method of controlling the same manipulator for locomotion and manipulation,"Beijing Jingdong Shangke Information Technology Co., Ltd. | JD.com American Technologies Corporation",BEIJING JINGDONG SHANGKE INFORMATION TECHNOLOGY,BEIJING JINGDONG SHANGKE INFORMATION TECHNOLOGY,CN,28329466,1,B25J-0009/1697,GRAY,,False,True,False,False,False,False,False,
16/320854,10814473,2017-07-26,Mechanism for alleviating the effects of joint misalignment between users and wearable robots,ARIZONA BOARD OF REGENTS ON BEHALF OF ARIZONA STATE UNIVERSITY,ARIZONA BOARD OF REGENTS ON BEHALF OF ARIZONA STATE UNIVERSITY,ARIZONA BOARD OF REGENTS ON BEHALF OF ARIZONA STATE UNIVERSITY,US,28332121,1,B25J-0009/0006,GRAY,,False,True,False,True,False,False,False,
15/995242,10814479,2018-06-01,Automated assembly station,"NYX, INC.",NYX,NYX,US,28332123,1,B25J-0009/1005,GRAY,,False,True,False,False,False,False,False,
16/378151,10821611,2019-04-08,Multi-zone end effector,"AMAZON TECHNOLOGIES, INC.",AMAZON TECHNOLOGIES,AMAZON,US,28334810,1,B25J-0015/0052,GRAY,,False,True,False,False,False,False,False,
15/952409,10828780,2018-04-13,Airplane passenger service robot,The Boeing Company,THE BOEING,THE BOEING,US,28337571,1,B25J-0009/1674,GRAY,,False,False,False,False,False,False,False,
16/301055,10828784,2017-06-16,Method and apparatus for controlling dancing of service robot,GOERTEK INC.,GOERTEK,GOERTEK,CN,28337572,1,B25J-0011/0035,GRAY,,False,False,False,False,False,False,False,
16/418993,10836030,2019-05-21,Bionic robot and spine apparatus thereof,China Jiliang University,CHINA JILIANG UNIVERSITY,CHINA JILIANG UNIVERSITY,CN,28340352,1,B25J-0009/10,GRAY,,False,False,False,False,False,False,False,
16/779054,10836043,2020-01-31,Mobile device automation robot,FMR LLC,FMR,FMR,US,28340354,1,B25J-0009/026,GRAY,,False,False,False,False,False,False,False,
16/219601,10843348,2018-12-13,Actuator and gripper assembly,"Amazon Technologies, Inc.",AMAZON TECHNOLOGIES,AMAZON,US,28343070,1,B25J-0015/0683,GRAY,,False,True,False,False,False,True,False,
16/208669,10850391,2018-12-04,Pressurizing housing for a soft robotic actuator,"Soft Robotics, Inc.",SOFT ROBOTICS,SOFT ROBOTICS/OXIPITAL,US,28345583,2,B25J-0009/142,GRAY,,False,True,False,False,False,False,False,
15/985213,10850395,2018-05-21,System and methods for multiple-place swarm foraging with dynamic depots,STC.UNM,STCUNM,STCUNM,US,28345585,1,B25J-0009/1666,GRAY,,False,True,False,False,False,False,False,
15/957571,10850397,2018-04-19,System and method for providing in-cockpit actuation of aircraft controls,AURORA FLIGHT SCIENCES CORPORATION,AURORA FLIGHT SCIENCES,AURORA FLIGHT SCIENCES,US,28345586,1,B25J-0005/02,GRAY,,False,True,False,False,False,False,False,
15/965711,10850406,2018-04-27,"Non-planar shearing auxetic structures, devices, and methods",MASSACHUSETTS INSTITUTE OF TECHNOLOGY,MASSACHUSETTS INSTITUTE OF TECHNOLOGY,MASSACHUSETTS INSTITUTE OF TECHNOLOGY,US,28345588,1,B25J-0015/12,GRAY,,False,True,False,False,False,False,False,
16/370889,10857681,2019-03-30,Finger of robotic hand and robot having the same,UBTECH ROBOTICS CORP,UBTECH ROBOTICS,UBTECH,CN,28348331,1,B25J-0015/0009,T1_auto,휴머노이드명시/전건T1_OEM,True,True,False,False,False,False,False,
16/149128,10875177,2018-10-02,Partitioning method for a work space of a robot,TECHMAN ROBOT INC.,TECHMAN ROBOT,TECHMAN ROBOT,TW,28354781,1,B25J-0009/1653,GRAY,,False,True,False,False,False,False,False,
16/660822,10875179,2019-10-23,Impedance control method for biped robot and apparatus and biped robot using the same,UBTECH ROBOTICS CORP LTD,UBTECH ROBOTICS,UBTECH,CN,28354783,1,B25J-0009/1664,T1_auto,휴머노이드명시/전건T1_OEM,True,True,False,False,False,False,False,
15/889490,10875189,2018-02-06,System and method for manipulating deformable objects,City University of Hong Kong,CITY UNIVERSITY OF HONG KONG,CITY UNIVERSITY OF HONG KONG,HK,28354785,1,B25J-0013/087,GRAY,,False,True,False,False,False,False,False,
16/192188,10875190,2018-11-15,Patterned and instrumented directional adhesives for enhanced gripping with industrial manipulators,The Board of Trustees of the Leland Stanford Junior University,THE BOARD OF TRUSTEES OF THE LELAND STANFORD JUNIOR UNIVERSITY,THE BOARD OF TRUSTEES OF THE LELAND STANFORD JUNIOR UNIVERSITY,US,28354786,1,B25J-0015/008,GRAY,,False,True,False,False,False,False,False,
16/236521,10882184,2018-12-30,Servo motion control method and apparatus and robot using the same,UBTECH ROBOTICS CORP.,UBTECH ROBOTICS,UBTECH,CN,28357266,1,B25J-0009/1664,GRAY,,False,True,False,False,False,False,False,
15/979456,10882187,2018-05-14,Method of planning a cleaning route for a cleaning robot and a chip for achieving the same,"Zhuhai Amicro Semiconductor Co., Ltd.",ZHUHAI AMICRO SEMICONDUCTOR,ZHUHAI AMICRO SEMICONDUCTOR,CN,28357268,1,B25J-0009/1666,E_auto,제외전용신호+Tier신호없음,False,False,False,False,True,False,False,
16/671164,10894319,2019-10-31,Servo control method and apparatus and robot using the same,UBTECH ROBOTICS CORP LTD,UBTECH ROBOTICS,UBTECH,CN,28361543,1,B25J-0009/161,GRAY,,False,True,False,False,False,False,False,
17/114490,11787059,2020-12-07,Method and system for selecting a preferred robotic grasp of an object-of-interest using pairwise ranking,ZEBRA TECHNOLOGIES CORPORATION,ZEBRA TECHNOLOGIES,ZEBRA TECHNOLOGIES,US,28363347,1,B25J-0009/1682,GRAY,,False,True,False,False,False,False,False,
16/277350,10899012,2019-02-15,Coordinated robot to robot component assembly,GM GLOBAL TECHNOLOGY OPERATIONS LLC,GM GLOBAL TECHNOLOGY OPERATIONS,GM,US,28363348,1,B25J-0009/1682,GRAY,,False,True,False,False,False,False,False,
16/033138,10899017,2018-07-11,System for co-adaptation of robot control to human biomechanics,"HRL Laboratories, LLC",HRL LABORATORIES,HRL LABORATORIES,US,28363351,1,B25J-0011/008,GRAY,,False,True,False,False,False,False,False,
16/880789,10906180,2020-05-21,Monitoring and maintaining an intravenous assembly without medical staff involvement for safe distancing enforcement,"123IV, Inc.",123IV,123IV,US,28365964,2,B25J-0009/1674,GRAY,,False,True,False,False,False,False,False,
16/022709,10913155,2018-06-29,Robot and method for controlling joints thereof,UBTECH ROBOTICS CORP,UBTECH ROBOTICS,UBTECH,CN,28368322,1,B25J-0009/1664,GRAY,,False,True,False,False,True,False,False,
15/978294,10913158,2018-05-14,Robotic system,Caterpillar Inc.,CATERPILLAR,CATERPILLAR,US,28368323,1,B25J-0009/1674,GRAY,,False,True,False,False,False,False,False,
16/586568,10913165,2019-09-27,Rotating end of arm tool including asymmetrical independently controllable suction zones,"AMAZON TECHNOLOGIES, INC.",AMAZON TECHNOLOGIES,AMAZON,US,28368325,2,B25J-0015/0616,GRAY,,False,True,False,False,False,False,False,
15/934568,10919151,2018-03-23,Robotic device control optimization using spring lattice deformation model,"AMAZON TECHNOLOGIES, INC.",AMAZON TECHNOLOGIES,AMAZON,US,28370637,1,B25J-0009/163,GRAY,,False,True,False,False,False,False,False,
15/954532,10919152,2018-04-16,Teleoperating of robots with tasks by mapping to human operator pose,"NIMBLE ROBOTICS, INC.",NIMBLE ROBOTICS,NIMBLE ROBOTICS,US,28370638,1,B25J-0009/163,GRAY,,False,True,False,False,False,False,False,
15/870613,10926408,2018-01-12,Artificial intelligence system for efficiently learning robotic control policies,"Amazon Technologies, Inc.",AMAZON TECHNOLOGIES,AMAZON,US,28373349,2,B25J-0009/163,GRAY,,False,True,False,False,False,False,False,
14/919382,10926409,2015-10-21,Systems and methods for controlling walking robots,University of South Florida,UNIVERSITY OF SOUTH FLORIDA,UNIVERSITY OF SOUTH FLORIDA,US,28373350,1,B25J-0009/1633,GRAY,,False,True,False,False,False,False,False,
16/286631,10927931,2019-02-27,Robot and arm assembly thereof,UBTECH ROBOTICS CORP,UBTECH ROBOTICS,UBTECH,CN,28373711,1,B25J-0017/0258,T1_auto,휴머노이드명시/전건T1_OEM,True,True,False,False,False,False,False,
15/960242,10933526,2018-04-23,Method and robotic system for manipulating instruments,GENERAL ELECTRIC COMPANY,GENERAL ELECTRIC,GENERAL ELECTRIC,US,28376027,1,B25J-0009/161,GRAY,,False,True,True,False,False,False,False,
16/262591,10933537,2019-01-30,End of arm tool including feedback,"AMAZON TECHNOLOGIES, INC.",AMAZON TECHNOLOGIES,AMAZON,US,28376030,1,B25J-0015/0683,GRAY,,False,True,False,False,False,False,False,
17/183688,11472026,2021-02-24,Robotic control,X Development LLC,X DEVELOPMENT,ALPHABET,US,28378680,1,B25J-0009/163,GRAY,,False,False,False,False,False,False,False,
16/581791,10942502,2019-09-25,Control method for electronically controlled servo mechanism and electronically controlled servo mechanism and robot thereof,UBTECH ROBOTICS CORP LTD,UBTECH ROBOTICS,UBTECH,CN,28379090,1,B25J-0009/163,GRAY,,False,True,False,False,False,False,False,
16/044344,10946518,2018-07-24,Spatiotemporal controller for controlling robot operation,"inVia Robotics, Inc.",INVIA ROBOTICS,INVIA ROBOTICS,US,28380869,2,B25J-0009/1664,GRAY,,False,True,False,False,False,True,False,
16/201382,10953551,2018-11-27,Soft actuator and gripper assembly,"Amazon Technologies, Inc.",AMAZON TECHNOLOGIES,AMAZON,US,28383391,1,B25J-0015/0023,GRAY,,False,True,False,False,False,True,False,
15/993401,10960543,2018-05-30,Robotic point capture and motion control,SISU DEVICES LLC,SISU DEVICES,SISU DEVICES,US,28386015,1,B25J-0009/1669,GRAY,,False,False,False,False,False,False,False,
16/140541,10960552,2018-09-25,Footed robot landing control method and device,UBTECH ROBOTICS CORP,UBTECH ROBOTICS,UBTECH,CN,28386016,1,B25J-0013/085,GRAY,,False,True,False,False,False,False,False,
16/212634,10967500,2018-12-06,"Motion control method and apparatus for robot, and robot with the same",UBTECH ROBOTICS CORP,UBTECH ROBOTICS,UBTECH,CN,28388530,1,B25J-0009/0006,GRAY,,False,True,False,False,False,False,False,
16/647278,10967504,2018-09-13,Continuum robots with multi-scale motion through equilibrium modulation,VANDERBILT UNIVERSITY,VANDERBILT UNIVERSITY,VANDERBILT UNIVERSITY,US,28388531,2,B25J-0009/065,GRAY,,False,False,False,False,False,False,False,
16/009155,10967524,2018-06-14,System and method for conversion of rotational motion into linear actuation by mechanical stacking or unstacking of connected links,James P. Morgan,JAMES P MORGAN,JAMES P MORGAN,US,28388533,1,B25J-0009/104,GRAY,,False,True,False,False,False,False,False,
16/291304,10967527,2019-03-04,Brake release device and robot manipulator employing same,"DELTA ELECTRONICS, INC.",DELTA ELECTRONICS,DELTA ELECTRONICS,TW,28388534,1,B25J-0019/0004,GRAY,,False,True,False,False,False,False,False,
16/449007,10968051,2019-06-21,Adjustable robotic end of arm tool for multiple object handling,"Amazon Technologies, Inc.",AMAZON TECHNOLOGIES,AMAZON,US,28388656,1,B25J-0015/0014,GRAY,,False,True,False,False,False,True,False,
16/050213,10981273,2018-07-31,Action teaching method for robotic arm and gesture teaching device,"DELTA ELECTRONICS, INC.",DELTA ELECTRONICS,DELTA ELECTRONICS,TW,28393453,1,B25J-0009/163,GRAY,,False,True,False,False,False,False,False,
16/261572,10981275,2019-01-30,"Robot control method, apparatus and storage medium with the same",UBTECH ROBOTICS CORP,UBTECH ROBOTICS,UBTECH,CN,28393455,1,B25J-0009/1664,GRAY,,False,True,False,False,False,False,False,
16/212273,10981276,2018-12-06,Tool calibration apparatus for robotic arm,"DELTA ELECTRONICS, INC.",DELTA ELECTRONICS,DELTA ELECTRONICS,TW,28393456,1,B25J-0009/1692,GRAY,,False,True,False,False,False,False,False,
15/814756,10987800,2017-11-16,Rotary supplemental axis for robot,ABB SCHWEIZ AG,ABB SCHWEIZ,ABB,CH,28395806,1,B25J-0009/102,GRAY,,False,True,False,False,False,False,False,
15/842825,10987808,2017-12-14,Systems and methods for providing a control solution for an actuator,THE BOARD OF TRUSTEES OF THE LELAND STANFORD JUNIOR UNIVERSITY,THE BOARD OF TRUSTEES OF THE LELAND STANFORD JUNIOR UNIVERSITY,THE BOARD OF TRUSTEES OF THE LELAND STANFORD JUNIOR UNIVERSITY,US,28395807,2,B25J-0009/1669,T1_auto,휴머노이드명시/전건T1_OEM,True,True,False,False,False,False,False,
16/694328,10994425,2019-11-25,Collaborative robot hand bearing for high-torque tightening applications,"TOYOTA MOTOR ENGINEERING & MANUFACTURING NORTH AMERICA, INC.",TOYOTA MOTOR ENGINEERING & MANUFACTURING NORTH AMERICA,TOYOTA,US,28398298,1,B25J-0019/0008,GRAY,,False,True,False,False,False,False,False,
16/020823,11000945,2018-06-27,Wearable robotic systems for supporting a load,MASSACHUSETTS INSTITUTE OF TECHNOLOGY,MASSACHUSETTS INSTITUTE OF TECHNOLOGY,MASSACHUSETTS INSTITUTE OF TECHNOLOGY,US,28400708,1,B25J-0009/0006,GRAY,,False,True,False,True,False,False,False,
16/074776,11000958,2017-01-27,Deflection element,FESTO AG & CO. KG,FESTO & CO KG,FESTO & CO KG,DE,28400711,1,B25J-0017/0275,GRAY,,False,True,False,False,False,False,False,
16/669554,11007639,2019-10-31,Joint control method for serial robot and serial robot using the same,UBTECH ROBOTICS CORP LTD,UBTECH ROBOTICS,UBTECH,CN,28403154,1,B25J-0009/06,GRAY,,False,True,False,False,False,False,False,
16/172052,11014226,2018-10-26,Automated pick and place apparatuses with object alignment systems,"Toyota Motor Engineering & Manufacturing North America, Inc.",TOYOTA MOTOR ENGINEERING & MANUFACTURING NORTH AMERICA,TOYOTA,US,28405557,1,B25J-0009/0096,GRAY,,False,True,False,False,False,False,False,
16/508718,11014237,2019-07-11,"Methods, systems, and apparatuses, for path planning and execution in a robotic system","INTELLIGRATED HEADQUARTERS, LLC",INTELLIGRATED HEADQUARTERS,INTELLIGRATED HEADQUARTERS,US,28405561,1,B25J-0009/1664,GRAY,,False,True,False,False,False,False,False,
16/122439,11014240,2018-09-05,Robot having dynamic safety zones,ABB SCHWEIZ AG,ABB SCHWEIZ,ABB,CH,28405563,1,B25J-0009/1676,GRAY,,False,False,False,False,False,False,False,
16/022013,11014314,2018-06-28,End effector for forming prepreg plies on highly contoured surfaces,The Boeing Company,THE BOEING,THE BOEING,US,28405575,1,B25J-0015/0019,GRAY,,False,True,False,False,False,False,False,
16/231967,11020853,2018-12-25,"Robot, method for controlling motion of a robot and non-transitory readable medium",UBTECH ROBOTICS CORP,UBTECH ROBOTICS,UBTECH,CN,28407988,1,B25J-0009/1664,GRAY,,False,False,False,False,False,False,False,
16/622209,11027416,2017-11-14,Two-wheeled self-balancing robot,"GOERTEK TECHNOLOGY CO., LTD.",GOERTEK TECHNOLOGY,GOERTEK TECHNOLOGY,CN,28410411,1,B25J-0005/007,GRAY,,False,True,False,False,False,False,False,
16/159218,11027430,2018-10-12,Systems and methods for latency compensation in robotic teleoperation,"Toyota Research Institute, Inc.",TOYOTA RESEARCH INSTITUTE,TOYOTA,US,28410412,1,B25J-0009/1689,GRAY,,False,True,False,False,False,False,False,
16/122201,11027432,2018-09-05,Techniques for controlling position of an end effector of a robotic device relative to a virtual constraint,STRYKER CORPORATION,STRYKER,STRYKER,US,28410413,2,B25J-0009/1694,GRAY,,False,True,True,False,False,False,False,
15/958744,11027436,2018-04-20,Soft robotic assistive gripping device,Alekh Rajesh Beri,ALEKH RAJESH BERI,ALEKH RAJESH BERI,US,28410414,1,B25J-0015/0009,GRAY,,False,True,False,False,False,False,False,
16/245017,11034026,2019-01-10,Utilizing optical data to dynamically control operation of a snake-arm robot,General Electric Company,GENERAL ELECTRIC,GENERAL ELECTRIC,US,28412810,2,B25J-0009/06,GRAY,,False,True,True,False,False,False,False,
16/212619,11045945,2018-12-06,Method for controlling walking of robot and robot,UBTECH ROBOTICS CORP.,UBTECH ROBOTICS,UBTECH,CN,28417210,1,B25J-0009/0006,T1_auto,휴머노이드명시/전건T1_OEM,True,True,False,False,False,False,False,
16/260791,11052535,2019-01-29,Floor-to-height object retrieval robot,"inVia Robotics, Inc.",INVIA ROBOTICS,INVIA ROBOTICS,US,28419562,1,B25J-0009/0027,GRAY,,False,True,False,False,False,True,False,
16/848574,11052539,2020-04-14,"Method, server and storage medium for robot routing",BEIJING GEEKPLUS TECHNOLOGY CO. LTD.,BEIJING GEEKPLUS TECHNOLOGY,BEIJING GEEKPLUS TECHNOLOGY,CN,28419563,1,B25J-0009/162,GRAY,,False,False,False,False,False,False,False,
16/210403,11052541,2018-12-05,Autonomous robot telerobotic interface,"FACEBOOK, INC.",FACEBOOK,FACEBOOK,US,28419564,1,B25J-0009/1689,GRAY,,False,True,False,False,False,False,False,
16/359965,11059170,2019-03-20,"Joint limit detection method, and robot with the same",UBTECH Robotics Corp,UBTECH ROBOTICS,UBTECH,CN,28421947,1,B25J-0009/1628,T1_auto,휴머노이드명시/전건T1_OEM,True,True,False,False,False,False,False,
16/236518,11059173,2018-12-30,"Robot joint motion control method, device and robot using the same",UBTECH ROBOTICS CORP.,UBTECH ROBOTICS,UBTECH,CN,28421948,1,B25J-0009/1664,GRAY,,False,True,False,False,False,False,False,
17/124387,11059176,2020-12-16,Method and system for facility monitoring and reporting to improve safety using robots,"FETCH ROBOTICS, INC.",FETCH ROBOTICS,FETCH ROBOTICS,US,28421949,3,B25J-0009/1674,E_auto,제외전용신호+Tier신호없음,False,False,False,False,False,True,False,
16/044606,11065761,2018-07-25,Robotic picking training technique,Dematic Corp.,DEMATIC,DEMATIC,US,28424346,1,B25J-0009/163,E_auto,제외전용신호+Tier신호없음,False,False,False,False,False,True,False,
15/709361,11072071,2017-09-19,Modifying robot dynamics in response to human presence,"AUTODESK, INC.",AUTODESK,AUTODESK,US,28426597,1,B25J-0009/1676,GRAY,,False,False,False,False,False,False,False,
16/370884,11072072,2019-03-30,Robot recharge docking method and robot with the same,UBTECH ROBOTICS CORP,UBTECH ROBOTICS,UBTECH,CN,28426598,1,B25J-0009/1676,GRAY,,False,False,False,False,False,False,False,
16/210689,11077559,2018-12-05,Support robot and methods of use thereof,"HONDA MOTOR CO., LTD.",HONDA MOTOR,HONDA,JP,28428712,1,B25J-0011/008,GRAY,,False,False,False,False,False,False,False,
16/569357,11077564,2019-09-12,Toroidal suction grippers,"Amazon Technologies, Inc.",AMAZON TECHNOLOGIES,AMAZON,US,28428713,1,B25J-0015/0616,GRAY,,False,True,False,False,False,False,False,
16/220984,11084165,2018-12-14,Automatic alignment system and method of robot manipulator,"DELTA ELECTRONICS, INC.",DELTA ELECTRONICS,DELTA ELECTRONICS,TW,28431216,1,B25J-0009/1005,GRAY,,False,True,False,False,False,False,False,
15/938926,11084170,2018-03-28,Collaborative robot and a method for protecting collaborative robot from hazardous events,Wipro Limited,WIPRO,WIPRO,IN,28431217,1,B25J-0009/1676,GRAY,,False,True,False,False,False,False,False,
16/219543,11084175,2018-12-13,"End-of-arm tool having concentric suction cups, and related systems and methods","AMAZON TECHNOLOGIES, INC.",AMAZON TECHNOLOGIES,AMAZON,US,28431218,1,B25J-0015/0625,GRAY,,False,True,False,False,False,False,False,
16/104493,11090806,2018-08-17,Synchronized robot orientation,"Disney Enterprises, Inc.",DISNEY ENTERPRISES,DISNEY ENTERPRISES,US,28433732,1,B25J-0009/1664,GRAY,,False,True,False,False,False,False,False,
16/176138,11097430,2018-10-31,Robotic gripper member,WORCESTER POLYTECHNIC INSTITUTE,WORCESTER POLYTECHNIC INSTITUTE,WORCESTER POLYTECHNIC INSTITUTE,US,28436124,2,B25J-0015/12,GRAY,,False,True,False,False,False,False,False,
16/352023,11104001,2019-03-13,Motion transfer of highly dimensional movements to lower dimensional robot movements,Sony Interactive Entertainment Inc.,SONY INTERACTIVE ENTERTAINMENT,SONY,JP,28438441,1,B25J-0009/1671,T1_auto,휴머노이드명시/전건T1_OEM,True,True,False,False,False,False,False,
16/366192,11104008,2019-03-27,Dexterous gripper for robotic end-effector applications,"Mitsubishi Electric Research Laboratories, Inc.",MITSUBISHI ELECTRIC RESEARCH LABORATORIES,MITSUBISHI ELECTRIC,US,28438442,1,B25J-0015/0009,GRAY,,False,True,False,False,False,False,False,
15/811008,11104011,2017-11-13,Mechanical robot arm assembly,Robert Chisena,ROBERT CHISENA,ROBERT CHISENA,US,28438443,1,B25J-0018/007,GRAY,,False,True,True,False,False,False,False,
16/535108,11110607,2019-08-08,Servo output shaft rotational angle calibration method and system and robot using the same,UBTECH ROBOTICS CORP LTD,UBTECH ROBOTICS,UBTECH,CN,28440907,1,B25J-0009/1692,T1_auto,휴머노이드명시/전건T1_OEM,True,True,False,False,False,False,False,
15/858400,11110608,2017-12-29,Robotic physical movement adjustment based on user emotional state,International Business Machines Corporation,INTERNATIONAL BUSINESS MACHINES,INTERNATIONAL BUSINESS MACHINES,US,28440908,1,B25J-0009/1697,GRAY,,False,False,False,False,False,False,False,
16/051251,11117262,2018-07-31,Intelligent robots,EBOTS INC.,EBOTS,EBOTS,US,28443423,1,B25J-0009/1697,GRAY,,False,True,False,False,False,False,False,
16/395418,11123871,2019-04-26,Systems and methods autonomously performing instructed operations using a robotic device,"Walmart Apollo, LLC",WALMART APOLLO,WALMART APOLLO,US,28445979,1,B25J-0009/1679,GRAY,,False,True,False,False,False,False,False,
16/751084,11130242,2020-01-23,Container transporter,"Amazon Technologies, Inc.",AMAZON TECHNOLOGIES,AMAZON,US,28448309,1,B25J-0015/0014,GRAY,,False,True,False,False,False,True,False,
16/088095,11135716,2017-03-27,Minimally actuated serial robot,"B.G. NEGEV TECHNOLOGIES & APPLICATIONS LTD., AT BEN-GURION UNIVERSITY",BG NEGEV TECHNOLOGIES & APPLICATIONS AT BEN-GURION UNIVERSITY,BG NEGEV TECHNOLOGIES & APPLICATIONS AT BEN-GURION UNIVERSITY,IL,28450382,1,B25J-0009/06,GRAY,,False,True,False,False,False,False,False,
16/541361,11141865,2019-08-15,Robot gripper assembly,"Design Ready Controls, Inc.",DESIGN READY CONTROLS,DESIGN READY CONTROLS,US,28452631,1,B25J-0015/0042,GRAY,,False,True,False,False,False,False,False,
17/221474,11142268,2021-04-02,Lightweight 4-degree-of-freedom leg mechanism of bionic quadruped robot,YANSHAN UNIVERSITY,YANSHAN UNIVERSITY,YANSHAN UNIVERSITY,CN,28452741,1,B25J-0009/144,GRAY,,False,True,False,False,False,False,False,
16/436077,11154984,2019-06-10,Robot mechanism,"DELTA ELECTRONICS, INC.",DELTA ELECTRONICS,DELTA ELECTRONICS,TW,28457676,1,B25J-0009/0009,GRAY,,False,False,False,False,False,False,False,
16/734402,11161246,2020-01-05,Robot path planning method and apparatus and robot using the same,UBTECH ROBOTICS CORP LTD,UBTECH ROBOTICS,UBTECH,CN,28460036,1,B25J-0009/1664,GRAY,,False,False,False,False,False,False,False,
16/311943, ,2018-02-23,ACTUATOR MODULE HAVING FLEXIBLE SECTION,"ROBOTIS CO., LTD.",ROBOTIS,ROBOTIS,KR,28460039,1,B25J-0019/068,GRAY,,False,True,False,False,False,False,False,등록번호누락
16/740404,11173595,2020-01-11,Self-balanced swiveling obstacle-crossing robot for transmission lines,Bradley Jiping Xu,BRADLEY JIPING XU,BRADLEY JIPING XU,US,28464701,1,B25J-0009/0009,GRAY,,False,True,False,False,False,False,False,
16/669551,11179855,2019-10-31,Acceleration compensation method for humanoid robot and apparatus and humanoid robot using the same,UBTECH ROBOTICS CORP LTD,UBTECH ROBOTICS,UBTECH,CN,28467131,1,B25J-0013/088,T1_auto,휴머노이드명시/전건T1_OEM,True,True,False,False,False,False,False,
16/713012,11185983,2019-12-13,"Position control method for servo, computer readable storage medium, and robot",UBTECH ROBOTICS CORP LTD,UBTECH ROBOTICS,UBTECH,CN,28469343,1,B25J-0009/163,T1_auto,휴머노이드명시/전건T1_OEM,True,True,False,False,False,False,False,
16/395947,11185987,2019-04-26,Isolated and environmental anomaly detection and correction using a distributed set of robots,"inVia Robotics, Inc.",INVIA ROBOTICS,INVIA ROBOTICS,US,28469346,2,B25J-0009/1692,GRAY,,False,True,False,False,False,False,False,
16/145362,11192262,2018-09-28,Controlling robot with head mounted controller,"RedZone Robotics, Inc.",REDZONE ROBOTICS,REDZONE ROBOTICS,US,28471691,1,B25J-0013/087,GRAY,,False,False,False,False,False,False,False,
16/530344,11203116,2019-08-02,System and method for predicting robotic tasks with deep learning,"TERADYNE, INC.",TERADYNE,TERADYNE,US,28475727,1,B25J-0009/163,GRAY,,False,True,False,False,False,False,False,
16/269155,11203120,2019-02-06,Mobile robotics frame system,INTRINSIC INNOVATION LLC,INTRINSIC INNOVATION,ALPHABET,US,28475729,1,B25J-0009/0084,GRAY,,False,True,False,False,False,False,False,
16/450212,11220006,2019-06-24,Digital model rectification,"FORD GLOBAL TECHNOLOGIES, LLC",FORD GLOBAL TECHNOLOGIES,FORD GLOBAL TECHNOLOGIES,US,28482253,1,B25J-0009/1671,GRAY,,False,False,False,False,False,False,False,
16/572637,11230001,2019-09-17,Biped robot gait control method and biped robot,UBTECH ROBOTICS CORP LTD,UBTECH ROBOTICS,UBTECH,CN,28486074,1,B25J-0009/0006,T1_auto,휴머노이드명시/전건T1_OEM,True,True,False,False,False,False,False,
16/654104,11230017,2019-10-16,Robotic animal puzzle,Petoi LLC,PETOI,PETOI,US,28486076,1,B25J-0011/003,GRAY,,False,True,False,False,False,False,True,
16/264489,11235460,2019-01-31,Techniques and architectures for managing heterogeneous robots to manage deliveries,"SALESFORCE.COM, INC.",SALESFORCECOM,SALESFORCECOM,US,28488137,2,B25J-0009/163,GRAY,,False,False,False,False,False,False,False,
16/391676,11235466,2019-04-23,Setup planning and parameter selection for robotic finishing,UNIVERSITY OF SOUTHERN CALIFORNIA,UNIVERSITY OF SOUTHERN CALIFORNIA,UNIVERSITY OF SOUTHERN CALIFORNIA,US,28488138,2,B25J-0009/1666,GRAY,,False,True,False,False,False,False,False,
16/956582, ,2018-12-19,ROBOT FOR TESTING LOWER LIMB PERFORMANCE OF SPACESUIT,"SHENYANG INSTITUTE OF AUTOMATION, CHINESE ACADEMY OF SCIENCES",SHENYANG INSTITUTE OF AUTOMATION CHINESE ACADEMY OF SCIENCES,SHENYANG INSTITUTE OF AUTOMATION CHINESE ACADEMY OF SCIENCES,CN,28490361,1,B25J-0009/0087,GRAY,,False,True,False,False,False,False,False,등록번호누락
16/515851,11247335,2019-07-18,Semi-autonomous robot path planning,Caterpillar Inc.,CATERPILLAR,CATERPILLAR,US,28492510,1,B25J-0009/1664,GRAY,,False,False,False,False,False,False,False,
16/542754,11247345,2019-08-16,Shape-shifting fingers for robotic grippers,MASSACHUSETTS INSTITUTE OF TECHNOLOGY,MASSACHUSETTS INSTITUTE OF TECHNOLOGY,MASSACHUSETTS INSTITUTE OF TECHNOLOGY,US,28492512,1,B25J-0015/0028,GRAY,,False,True,False,False,False,False,False,
16/260703,11253997,2019-01-29,"Method for tracking multiple target objects, device, and computer program for implementing the tracking of multiple target objects for the case of moving objects",ROBERT BOSCH GMBH,ROBERT BOSCH,ROBERT BOSCH,DE,28494899,1,B25J-0009/161,GRAY,,False,True,False,False,False,False,False,
17/884318,11554497,2022-08-09,Articulated robotic arms for robotic baggage inspection and swabbing,"The Government of the United States of America, as represented by the Secretary of Homeland Security",THE GOVERNMENT OF THE UNITED STATES OF AMERICA AS REPRESENTED BY THE SECRETARY OF HOMELAND SECURITY,THE GOVERNMENT OF THE UNITED STATES OF AMERICA AS REPRESENTED BY THE SECRETARY OF HOMELAND SECURITY,US,28494902,1,B25J-0009/1697,GRAY,,False,True,False,False,False,True,False,
16/584968,11260529,2019-09-27,Virtual rail based cruise method and apparatus and robot using the same,UBTECH ROBOTICS CORP LTD,UBTECH ROBOTICS,UBTECH,CN,28497358,1,B25J-0009/1664,GRAY,,False,False,False,False,False,False,False,
16/545229,11260538,2019-08-20,Robot training system including a motion bar,Flexiv Ltd.,FLEXIV,FLEXIV,KY,28497360,1,B25J-0009/0081,GRAY,,False,False,False,False,False,False,False,
16/950546,11267134,2020-11-17,Garment band attachment systems and methods,"SOFTWEAR AUTOMATION, INC.",SOFTWEAR AUTOMATION,SOFTWEAR AUTOMATION,US,28499755,2,B25J-0015/00,GRAY,,False,True,False,False,False,False,False,
16/573811,11273555,2019-09-17,Multimodal sensor array for robotic systems,"RIOS INTELLIGENT MACHINES, INC.",RIOS INTELLIGENT MACHINES,RIOS INTELLIGENT MACHINES,US,28502042,1,B25J-0009/1694,GRAY,,False,True,False,False,False,False,False,
16/421402,11279035,2019-05-23,LIDAR safely rings,"Amazon Technologies, Inc.",AMAZON TECHNOLOGIES,AMAZON,US,28504073,1,B25J-0009/1676,GRAY,,False,True,False,False,False,False,False,
16/148343,11279036,2018-10-01,Methods and systems for implementing customized motions based on individual profiles for identified users,"TOYOTA RESEARCH INSTITUTE, INC.",TOYOTA RESEARCH INSTITUTE,TOYOTA,US,28504074,1,B25J-0009/1689,GRAY,,False,True,False,False,False,False,False,
16/511492,11285607,2019-07-15,Systems and methods for distributed training and management of AI-powered robots using teleoperation via virtual spaces,MASSACHUSETTS INSTITUTE OF TECHNOLOGY,MASSACHUSETTS INSTITUTE OF TECHNOLOGY,MASSACHUSETTS INSTITUTE OF TECHNOLOGY,US,28506502,2,B25J-0009/1689,GRAY,,False,True,False,False,False,False,False,
16/590260,11285621,2019-10-01,Compliant robot end-effector and method of controlling the same,"Beijing Jingdong Shangke Information Technology Co., Ltd. | JD.com American Technologies Corporation",BEIJING JINGDONG SHANGKE INFORMATION TECHNOLOGY,BEIJING JINGDONG SHANGKE INFORMATION TECHNOLOGY,CN,28506506,1,B25J-0015/0625,GRAY,,False,True,False,False,False,False,False,
16/655341,11292126,2019-10-17,Robots with robust bipedal locomotion supported with non-conventional physics,"Disney Enterprises, Inc.",DISNEY ENTERPRISES,DISNEY ENTERPRISES,US,28508982,1,B25J-0009/1602,T1_auto,휴머노이드명시/전건T1_OEM,True,True,False,False,False,False,False,
16/428732,11305420,2019-05-31,Articulated multi-link robotic tail systems and methods,"VIRGINIA TECH INTELLECTUAL PROPERTIES, INC.",VIRGINIA TECH INTELLECTUAL PROPERTIES,VIRGINIA TECH INTELLECTUAL PROPERTIES,US,28513999,2,B25J-0009/06,GRAY,,False,True,False,False,False,False,False,
16/564615,11312015,2019-09-09,System and method for controlling the contact pressure applied by an articulated robotic arm to a working surface,Reliabotics LLC,RELIABOTICS,RELIABOTICS,US,28516540,1,B25J-0009/1633,GRAY,,False,True,False,False,False,False,False,
16/372853,11312025,2019-04-02,Robotic arm with a detachable and mobile end-effector,"Ford Global Technologies, LLC",FORD GLOBAL TECHNOLOGIES,FORD GLOBAL TECHNOLOGIES,US,28516544,2,B25J-0009/06,GRAY,,False,True,False,False,False,False,False,
16/817576,11325247,2020-03-12,Robotic arm control method and apparatus and terminal device using the same,UBTECH ROBOTICS CORP LTD,UBTECH ROBOTICS,UBTECH,CN,28521617,1,B25J-0009/1602,GRAY,,False,True,False,False,False,False,False,
16/570522,11325252,2019-09-13,Action prediction networks for robotic grasping,X DEVELOPMENT LLC,X DEVELOPMENT,ALPHABET,US,28521618,1,B25J-0009/1653,GRAY,,False,True,False,False,False,False,False,
16/887881,11325253,2020-05-29,Autonomous device for transporting items,"Vecna Robotics, Inc.",VECNA ROBOTICS,VECNA ROBOTICS,US,28521619,2,B25J-0009/1653,GRAY,,False,False,False,False,False,False,False,
16/865940,11325256,2020-05-04,Trajectory planning for path-based applications,INTRINSIC INNOVATION LLC,INTRINSIC INNOVATION,ALPHABET,US,28521620,1,B25J-0009/1664,GRAY,,False,True,False,False,False,False,False,
17/095758,11325264,2020-11-12,Tendon-driven robotic hand,UBTECH NORTH AMERICA RESEARCH AND DEVELOPMENT CENTER CORP | UBTECH ROBOTICS CORP LTD,UBTECH NORTH AMERICA RESEARCH AND DEVELOPMENT CENTER,UBTECH,US,28521622,1,B25J-0015/0009,GRAY,,False,True,False,False,False,False,False,
16/609511,11331794,2018-02-11,Inverse kinematics solution system for use with robots,"INSTITUTE OF COMPUTING TECHNOLOGY, CHINESE ACADEMY OF SCIENCES",INSTITUTE OF COMPUTING TECHNOLOGY CHINESE ACADEMY OF SCIENCES,INSTITUTE OF COMPUTING TECHNOLOGY CHINESE ACADEMY OF SCIENCES,CN,28524061,1,B25J-0009/1607,GRAY,,False,True,False,False,False,False,False,
16/734393,11331802,2020-01-05,"Method for imitation of human arm by robotic arm, computer readable storage medium, and robot",UBTECH ROBOTICS CORP LTD,UBTECH ROBOTICS,UBTECH,CN,28524064,1,B25J-0009/1664,T1_auto,휴머노이드명시/전건T1_OEM,True,True,False,False,False,False,False,
16/843921,11331806,2020-04-09,Robot control method and apparatus and robot using the same,UBTECH ROBOTICS CORP LTD,UBTECH ROBOTICS,UBTECH,CN,28524065,1,B25J-0009/1679,T1_auto,휴머노이드명시/전건T1_OEM,True,True,False,False,False,False,False,
16/827982,11338444,2020-03-24,Robotic carrier device and system for preparing food products,"MARMON FOODSERVICE TECHNOLOGIES, INC.",MARMON FOODSERVICE TECHNOLOGIES,MARMON FOODSERVICE TECHNOLOGIES,US,28526483,1,B25J-0011/0045,GRAY,,False,False,False,False,False,False,False,
17/209637,11338455,2021-03-23,Adaptive dress pack manager for robotic arm,SOUTHWEST RESEARCH INSTITUTE,SOUTHWEST RESEARCH INSTITUTE,SOUTHWEST RESEARCH INSTITUTE,US,28526485,1,B25J-0019/0025,GRAY,,False,True,False,False,False,False,False,
15/727246,11345052,2017-10-06,Extensible mast device,"AMAZON TECHNOLOGIES, INC.",AMAZON TECHNOLOGIES,AMAZON,US,28528994,1,B25J-0018/025,GRAY,,False,True,False,False,False,False,False,
16/587032,11345546,2019-09-29,Warehouse automation system methods and apparatus,"6 RIVER SYSTEMS, INC.",6 RIVER SYSTEMS,6 RIVER SYSTEMS,US,28529132,1,B25J-0009/162,GRAY,,False,True,False,False,False,True,False,
16/814910,11351678,2020-03-10,Dynamically adjustable suction cups,"AMAZON TECHNOLOGIES, INC.",AMAZON TECHNOLOGIES,AMAZON,US,28531555,1,B25J-0015/0683,GRAY,,False,True,False,False,False,False,False,
16/395042,11358284,2019-04-25,"Signing robotic hand assembly apparatuses, systems, and methods",Jack Adiletta,JACK ADILETTA,JACK ADILETTA,US,28534052,1,B25J-0011/0005,GRAY,,False,True,False,False,False,False,False,
16/629556,11364620,2018-05-14,Rail-mounted intelligent inspection robot,"HANGZHOU SHENHAO TECHNOLOGY CO., LTD.",HANGZHOU SHENHAO TECHNOLOGY,HANGZHOU SHENHAO TECHNOLOGY,CN,28536370,1,B25J-0005/02,GRAY,,False,False,False,False,False,False,False,
16/277341,11364623,2019-02-15,Component assembly system,GM GLOBAL TECHNOLOGY OPERATIONS LLC,GM GLOBAL TECHNOLOGY OPERATIONS,GM,US,28536371,1,B25J-0009/009,GRAY,,False,True,False,False,False,False,False,
16/057312,11376727,2018-08-07,Multiplexed robotic game,Kenneth C. Miller,KENNETH C MILLER,KENNETH C MILLER,US,28541043,1,B25J-0009/0009,GRAY,,False,False,False,False,False,False,False,
15/488138,11383396,2017-04-14,Interactive laboratory robotic system,"TESSERACT VENTURES, LLC",TESSERACT VENTURES,TESSERACT VENTURES,US,28543592,1,B25J-0019/023,GRAY,,False,True,False,False,False,False,False,
16/645652,11389949,2018-06-28,"Control device, control method, and control system",SONY CORPORATION,SONY,SONY,JP,28545970,1,B25J-0009/0084,GRAY,,False,True,False,False,False,False,False,
16/263626,11389953,2019-01-31,Hydraulic delta robot control system,Caterpillar Inc.,CATERPILLAR,CATERPILLAR,US,28545971,1,B25J-0009/14,GRAY,,False,False,False,False,False,False,False,
17/809204,11654559,2022-06-27,Global arm path planning with roadmaps and precomputed domains,"Boston Dynamics, Inc.",BOSTON DYNAMICS,HYUNDAI MOTOR GROUP(2021~)/구글·소프트뱅크(이전),US,28552403,2,B25J-0009/1664,GRAY,,False,True,False,False,False,False,False,
16/497168,11407120,2018-02-08,"Control device, and control method",SONY CORPORATION,SONY,SONY,JP,28552408,1,B25J-0013/085,GRAY,,False,True,False,False,False,False,False,
16/905887,11413742,2020-06-18,Modular robot and method for calculating position of module unit thereof,"BEIJING KEYI TECHNOLOGY CO., LTD.",BEIJING KEYI TECHNOLOGY,BEIJING KEYI TECHNOLOGY,CN,28554860,1,B25J-0009/08,GRAY,,False,False,False,False,False,False,False,
16/140353,11413745,2018-09-24,"Articulated, closed kinematic chain planar monopod","VIRGINIA TECH INTELLECTUAL PROPERTIES, INC.",VIRGINIA TECH INTELLECTUAL PROPERTIES,VIRGINIA TECH INTELLECTUAL PROPERTIES,US,28554862,2,B25J-0009/1065,GRAY,,False,True,False,False,False,False,False,
16/538614,11413747,2019-08-12,Machine learning driven computer numerical control of a robotic machine tool,Workshops for Warriors,WORKSHOPS FOR WARRIORS,WORKSHOPS FOR WARRIORS,US,28554863,1,B25J-0009/163,GRAY,,False,True,False,False,False,False,False,
16/627080,11413748,2018-08-09,System and method of direct teaching a robot,ROBERT BOSCH GMBH,ROBERT BOSCH,ROBERT BOSCH,DE,28554864,1,B25J-0009/163,GRAY,,False,False,False,False,False,False,False,
15/991834,11413761,2018-05-29,Modular platform for robotic end effector,ABB Schweiz AG,ABB SCHWEIZ,ABB,CH,28554865,1,B25J-0009/1697,GRAY,,False,True,False,False,False,False,False,
16/529413,11413769,2019-08-01,End effector assembly and method for robot-enabled manipulation of round objects,"QUANTUM INNOVATIONS, INC.",QUANTUM INNOVATIONS,QUANTUM INNOVATIONS,US,28554868,1,B25J-0015/0033,GRAY,,False,True,False,False,False,False,False,
16/789320,11420331,2020-02-12,Motion retargeting control for human-robot interaction,"HONDA MOTOR CO., LTD.",HONDA MOTOR,HONDA,JP,28557378,1,B25J-0009/1676,GRAY,,False,True,False,False,False,False,False,
16/702195,11426864,2019-12-03,Robot manipulator system and methods for providing supplemental securement of objects,KINDRED SYSTEMS II INC. | KINDRED SYSTEMS INC.,KINDRED SYSTEMS II,KINDRED SYSTEMS II,CA,28559848,1,B25J-0009/0087,GRAY,,False,True,False,False,False,False,False,
16/800181,11426867,2020-02-25,Robot simulation engine architecture,"DUALITY ROBOTICS, INC.",DUALITY ROBOTICS,DUALITY ROBOTICS,US,28559849,3,B25J-0009/1605,GRAY,,False,False,False,False,False,False,False,
16/295772,11433534,2019-03-07,Robotic arm including edge computer and cabling arrangement facilitating flexible function advanced distal arm end tooling,ABB Schweiz AG,ABB SCHWEIZ,ABB,CH,28562335,1,B25J-0009/126,GRAY,,False,True,False,False,False,False,False,
16/728017,11433541,2019-12-27,Automated calibration system and method for a workpiece coordinate frame of a robot,INDUSTRIAL TECHNOLOGY RESEARCH INSTITUTE,INDUSTRIAL TECHNOLOGY RESEARCH INSTITUTE,INDUSTRIAL TECHNOLOGY RESEARCH INSTITUTE,TW,28562336,1,B25J-0009/1692,GRAY,,False,True,False,False,False,False,False,
16/543589,11433544,2019-08-18,Latency control in human operated mobile robot,COBALT ROBOTICS INC.,COBALT ROBOTICS,COBALT ROBOTICS,US,28562337,1,B25J-0009/1697,GRAY,,False,False,False,False,False,False,False,
17/571489,11440187,2022-01-09,Collaborative workflow for laborer and robotic system to automate wire pulling in construction sites,Moshe Shapiro | David Klein,MOSHE SHAPIRO,MOSHE SHAPIRO,IL,28565010,1,B25J-0005/007,GRAY,,False,True,False,False,False,False,False,
16/817033,11440194,2020-03-12,Physical human-robot interaction (pHRI),"Honda Motor Co., Ltd.",HONDA MOTOR,HONDA,JP,28565014,1,B25J-0009/1694,GRAY,,False,True,False,False,False,False,False,
16/519206,11440195,2019-07-23,Autonomous cargo loading systems and methods,"Target Brands, Inc.",TARGET BRANDS,TARGET BRANDS,US,28565015,1,B25J-0009/1697,GRAY,,False,True,False,False,False,False,False,
16/861200,11440198,2020-04-28,Control system and method for movement of neck mechanism for robot,UBTECH ROBOTICS CORP LTD,UBTECH ROBOTICS,UBTECH,CN,28565017,1,B25J-0009/1697,GRAY,,False,True,False,False,False,False,False,
17/286780,11446814,2020-06-01,Electromagnetic drive spherical robotic wrist with two degrees of freedom and control method therefor,DALIAN UNIVERSITY OF TECHNOLOGY,DALIAN UNIVERSITY OF TECHNOLOGY,DALIAN UNIVERSITY OF TECHNOLOGY,CN,28567563,1,B25J-0009/12,GRAY,,False,True,False,False,False,False,False,
16/265838,11446819,2019-02-01,End-of-arm tool for robotic arm,PEARSON PACKAGING SYSTEMS,PEARSON PACKAGING SYSTEMS,PEARSON PACKAGING SYSTEMS,US,28567564,1,B25J-0009/1664,GRAY,,False,True,False,False,False,False,False,
17/507848,11446831,2021-10-22,Apparatus and method for inspecting an underground utility vault,"UTILITY DESIGN SERVICES, INC.",UTILITY DESIGN SERVICES,UTILITY DESIGN SERVICES,US,28567567,2,B25J-0019/022,GRAY,,False,False,False,False,False,False,False,
17/145442,11453114,2021-01-11,Full-state control method for the master-slave robot system with flexible joints and time-varying delays,YANSHAN UNIVERSITY,YANSHAN UNIVERSITY,YANSHAN UNIVERSITY,CN,28569878,1,B25J-0003/00,GRAY,,False,True,False,False,False,False,False,
16/915533,11454974,2020-06-29,"Method, apparatus, device, and storage medium for controlling guide robot",BAIDU USA LLC,BAIDU USA,BAIDU USA,US,28570378,1,B25J-0011/008,GRAY,,False,True,False,False,False,False,False,
16/730361,11458619,2019-12-30,"Method for controlling the motion of a robot arm, computing device and robot","CLOUDMINDS ROBOTICS CO., LTD.",CLOUDMINDS ROBOTICS,CLOUDMINDS ROBOTICS,CN,28572110,1,B25J-0009/1602,GRAY,,False,True,False,False,False,False,False,
16/905900,11458620,2020-06-18,Correction method and system for constructing modular robot and control method for modular robot,"BEIJING KEYI TECHNOLOGY CO., LTD.",BEIJING KEYI TECHNOLOGY,BEIJING KEYI TECHNOLOGY,CN,28572111,1,B25J-0009/1605,GRAY,,False,False,False,False,False,False,False,
16/653858,11458630,2019-10-15,Mitigating reality gap through simulating compliant control and/or compliant contact in robotic simulator,X DEVELOPMENT LLC,X DEVELOPMENT,ALPHABET,US,28572115,1,B25J-0009/1633,GRAY,,False,True,False,False,False,False,False,
16/639382,11458632,2018-05-16,Robot having reduced vibration generation in in arm portion,SONY CORPORATION,SONY,SONY,JP,28572116,1,B25J-0009/1682,T1_auto,T1후보-제외신호동반(검증필요),True,True,False,False,False,False,True,
16/877747,11458636,2020-05-19,Wirelessly powered and controlled robotic apparatus,Dong Ouyang,DONG OUYANG,DONG OUYANG,US,28572118,1,B25J-0013/006,E_auto,제외전용신호+Tier신호없음,False,False,False,False,False,True,False,
16/957720, ,2018-12-20,ROBOT MULTI-DEGREE-OF-FREEDOM CLAMPER,"SHENYANG INSTITUTE OF AUTOMATION, CHINESE ACADEMY OF SCIENCES",SHENYANG INSTITUTE OF AUTOMATION CHINESE ACADEMY OF SCIENCES,SHENYANG INSTITUTE OF AUTOMATION CHINESE ACADEMY OF SCIENCES,CN,28572119,1,B25J-0015/0033,T1_auto,휴머노이드명시/전건T1_OEM,True,True,False,False,False,False,False,등록번호누락
16/113320,11465282,2018-08-27,System and method for multi-goal path planning,"TERADYNE, INC.",TERADYNE,TERADYNE,US,28574533,1,B25J-0009/1666,GRAY,,False,False,False,False,False,False,False,
16/370891,11465298,2019-03-30,Robotic hand,UBTECH ROBOTICS CORP,UBTECH ROBOTICS,UBTECH,CN,28574535,1,B25J-0015/0009,T1_auto,휴머노이드명시/전건T1_OEM,True,True,False,False,False,False,False,
17/133656,11472024,2020-12-24,Humanoid robot and its control method and computer readable storage medium,UBTECH ROBOTICS CORP LTD,UBTECH ROBOTICS,UBTECH,CN,28577262,1,B25J-0009/1602,T1_auto,휴머노이드명시/전건T1_OEM,True,True,False,False,False,False,False,
17/711960,11478927,2022-04-01,Hybrid computing architectures with specialized processors to encode/decode latent representations for controlling dynamic mechanical systems,SANCTUARY COGNITIVE SYSTEMS CORPORATION,SANCTUARY COGNITIVE SYSTEMS,SANCTUARY COGNITIVE SYSTEMS,CA,28579630,2,B25J-0009/163,T1_auto,휴머노이드명시/전건T1_OEM,False,False,False,False,False,False,False,
16/451209,11478931,2019-06-25,Computational vibration suppression for robotic systems,"DISNEY ENTERPRISES, INC.",DISNEY ENTERPRISES,DISNEY ENTERPRISES,US,28579631,2,B25J-0009/1671,GRAY,,False,False,False,False,False,False,False,
17/280305,11478937,2020-04-21,Care robot controller,SOUTHEAST UNIVERSITY,SOUTHEAST UNIVERSITY,SOUTHEAST UNIVERSITY,CN,28579632,1,B25J-0013/025,GRAY,,False,True,False,False,False,False,False,
16/891874,11478942,2020-06-03,Robotic picking assemblies configured to grasp multiple items,"Amazon Technologies, Inc.",AMAZON TECHNOLOGIES,AMAZON,US,28579635,1,B25J-0015/0658,GRAY,,False,True,False,False,False,False,False,
16/672292,11491645,2019-11-01,Scissor linkage design and method of operation,MASSACHUSETTS INSTITUTE OF TECHNOLOGY,MASSACHUSETTS INSTITUTE OF TECHNOLOGY,MASSACHUSETTS INSTITUTE OF TECHNOLOGY,US,28584549,1,B25J-0009/1065,GRAY,,False,False,False,False,False,False,False,
16/874704,11491657,2020-05-15,Remotely operated pneumatic manipulator based on kinect,Yuefeng Li | Wenyu Feng | Hongyu Yu,YUEFENG LI,YUEFENG LI,CN,28584553,1,B25J-0009/1689,T1_auto,휴머노이드명시/전건T1_OEM,True,True,False,False,False,False,False,
16/876982,11511417,2020-05-18,Conveyance modulation based on fragility ratings,"Amazon Technologies, Inc.",AMAZON TECHNOLOGIES,AMAZON,US,28591961,1,B25J-0009/0093,GRAY,,False,True,False,False,False,True,False,
16/914836,11511431,2020-06-29,Method for monitoring balanced state of biped robot,BEIJING INSTITUTE OF TECHNOLOGY,BEIJING INSTITUTE OF TECHNOLOGY,BEIJING INSTITUTE OF TECHNOLOGY,CN,28591964,1,B25J-0009/1674,T1_auto,휴머노이드명시/전건T1_OEM,True,True,False,False,False,False,False,
17/172592,11518024,2021-02-10,Extensible underconstrained robotic motion planning,INTRINSIC INNOVATION LLC,INTRINSIC INNOVATION,ALPHABET,US,28594492,1,B25J-0009/1612,GRAY,,False,True,False,False,False,False,False,
16/880866,11524402,2020-05-21,User feedback for robotic demonstration learning,INTRINSIC INNOVATION LLC,INTRINSIC INNOVATION,ALPHABET,US,28596974,1,B25J-0009/163,GRAY,,False,True,False,False,False,False,False,
16/659267,11529742,2019-10-21,Control of low-cost robotics and method therefor,SILICON LABORATORIES INC.,SILICON LABORATORIES,SILICON LABORATORIES,US,28598965,1,B25J-0009/1697,GRAY,,False,True,False,False,False,False,False,
16/708153,11534923,2019-12-09,Robotic manipulation and frame sensor placement for in-motion object modeling and identification,"Amazon Technologies, Inc.",AMAZON TECHNOLOGIES,AMAZON,US,28600991,1,B25J-0009/1679,GRAY,,False,True,False,False,False,False,False,
16/500295,11541550,2018-04-06,"Robot skin apparatus, method of fabricating a robot skin apparatus, and a system including a robot skin apparatus","UNIVERSITY OF LOUISVILLE RESEARCH FOUNDATION, INC.",UNIVERSITY OF LOUISVILLE RESEARCH FOUNDATION,UNIVERSITY OF LOUISVILLE RESEARCH FOUNDATION,US,28603601,1,B25J-0013/084,GRAY,,False,True,False,False,False,False,False,
16/159302,11548154,2018-10-12,Systems and methods for dimensionally-restricted robotic teleoperation,"Toyota Research Institute, Inc.",TOYOTA RESEARCH INSTITUTE,TOYOTA,US,28606146,1,B25J-0009/1689,GRAY,,False,True,False,False,False,False,False,
17/006908,11548155,2020-08-31,Interaction training system of robot with MR environment,KOREA INSTITUTE OF ROBOT & CONVERGENCE,KOREA INSTITUTE OF ROBOT & CONVERGENCE,KOREA INSTITUTE OF ROBOT & CONVERGENCE,KR,28606147,1,B25J-0009/1689,GRAY,,False,False,False,False,False,False,False,
16/931248,11554482,2020-07-16,Self-learning industrial robotic system,"Hitachi, Ltd.",HITACHI,HITACHI,JP,28608462,1,B25J-0009/1605,GRAY,,False,True,False,False,False,True,False,
17/116736,11554490,2020-12-09,Monitoring real-time data of a robotic manipulator,Robert Bosch GmbH,ROBERT BOSCH,ROBERT BOSCH,DE,28608463,1,B25J-0009/1674,GRAY,,False,True,False,False,False,False,False,
16/328158,11554491,2016-10-26,Robotic system and method of movement control using synthetic array radar and passive beacons,SONY GROUP CORPORATION,SONY GROUP,SONY,JP,28608464,1,B25J-0009/1694,GRAY,,False,False,False,False,False,False,False,
16/691404,11559884,2019-11-21,Systems and methods for a passive grasping surface on an active grasping robotic manipulator,KINDRED SYSTEMS II INC. | KINDRED SYSTEMS INC.,KINDRED SYSTEMS II,KINDRED SYSTEMS II,CA,28610453,2,B25J-0009/1612,GRAY,,False,True,False,False,False,False,False,
16/838641,11559893,2020-04-02,Robot control for avoiding singular configurations,INTRINSIC INNOVATION LLC,INTRINSIC INNOVATION,ALPHABET,US,28610455,1,B25J-0009/1666,GRAY,,False,False,False,False,False,False,False,
17/101477,11565406,2020-11-23,Multi-tentacular soft robotic grippers,"Mitsubishi Electric Research Laboratories, Inc.",MITSUBISHI ELECTRIC RESEARCH LABORATORIES,MITSUBISHI ELECTRIC,US,28612613,1,B25J-0009/1612,GRAY,,False,True,False,False,False,False,False,
16/637995,11565419,2018-08-15,"Method and device for controlling a robot, and robot","BEIJING JINGDONG SHANGKE INFORMATION TECHNOLOGY CO., LTD. | BEIJING JINGDONG CENTURY TRADING CO., LTD.",BEIJING JINGDONG SHANGKE INFORMATION TECHNOLOGY,BEIJING JINGDONG SHANGKE INFORMATION TECHNOLOGY,CN,28612615,1,B25J-0009/1679,GRAY,,False,False,False,False,False,False,False,
17/017920,11571809,2020-09-11,Robotic control using value distributions,X DEVELOPMENT LLC,X DEVELOPMENT,ALPHABET,US,28614934,1,B25J-0009/161,GRAY,,False,True,False,False,False,False,False,
16/609821,11581690,2018-04-13,Robot apparatus for producing electronic apparatus,SONY CORPORATION,SONY,SONY,JP,28618267,1,B25J-0015/0033,GRAY,,False,True,False,False,False,False,False,
16/836427,11584013,2020-03-31,"System, device and method for determining error in robotic manipulator-to-camera calibration",Wipro Limited,WIPRO,WIPRO,IN,28619470,1,B25J-0009/1692,GRAY,,False,True,False,False,False,False,False,
16/750725,11584014,2020-01-23,Robotic apparatus for vehicle occupant protection,"FORD GLOBAL TECHNOLOGIES, LLC",FORD GLOBAL TECHNOLOGIES,FORD GLOBAL TECHNOLOGIES,US,28619471,1,B25J-0009/1694,GRAY,,False,False,False,False,False,False,False,
16/706248,11597101,2019-12-06,3D-architected soft machines with topologically encoded actuation,Purdue Research Foundation,PURDUE RESEARCH FOUNDATION,PURDUE RESEARCH FOUNDATION,US,28624363,1,B25J-0009/0012,GRAY,,False,False,False,False,False,False,False,
16/758169,11602837,2018-10-23,Modular robotic structure,ROBOTICS DESIGN INC.,ROBOTICS DESIGN,ROBOTICS DESIGN,CA,28626418,1,B25J-0009/08,GRAY,,False,True,False,False,False,False,False,
16/932872,11602843,2020-07-20,Foot-waist coordinated gait planning method and apparatus and robot using the same,UBTECH ROBOTICS CORP LTD,UBTECH ROBOTICS,UBTECH,CN,28626419,1,B25J-0009/1633,GRAY,,False,True,False,False,False,False,False,
17/192906,11602844,2021-03-05,"Task hierarchical control method, and robot and computer readable storage medium using the same",UBTECH ROBOTICS CORP LTD,UBTECH ROBOTICS,UBTECH,CN,28626420,1,B25J-0009/1633,GRAY,,False,False,False,False,False,False,False,
17/120229,11602848,2020-12-13,"Robot control method, computer-readable storage medium and robot",UBTECH ROBOTICS CORP LTD,UBTECH ROBOTICS,UBTECH,CN,28626421,1,B25J-0009/1664,GRAY,,False,True,False,False,False,False,False,
17/216716,11602858,2021-03-30,Thumb structure and robot,UBTECH ROBOTICS CORP LTD,UBTECH ROBOTICS,UBTECH,CN,28626423,1,B25J-0015/0009,GRAY,,False,True,False,False,False,False,False,
17/131481,11607809,2020-12-22,Robot motion planning accounting for object pose estimation accuracy,INTRINSIC INNOVATION LLC,INTRINSIC INNOVATION,ALPHABET,US,28628377,1,B25J-0009/1664,GRAY,,False,True,False,False,False,False,False,
16/618591,11607817,2018-06-04,Robotic gripper with variable stiffness actuators and methods for same,THE RESEARCH FOUNDATION FOR THE STATE UNIVERSITY OF NEW YORK,THE RESEARCH FOUNDATION FOR THE STATE UNIVERSITY OF NEW YORK,THE RESEARCH FOUNDATION FOR THE STATE UNIVERSITY OF NEW YORK,US,28628380,1,B25J-0015/0286,GRAY,,False,True,False,False,False,False,False,
17/361658,11609545,2021-06-29,Method and system for preemptive planning,"LLC, INTRINSIC I",INTRINSIC I,INTRINSIC I,US,28628812,1,B25J-0009/1664,GRAY,,False,False,False,False,False,False,False,
16/789752,11612999,2020-02-13,System and method for manipulating robotic device,BRAINCO INC.,BRAINCO,BRAINCO,US,28630375,1,B25J-0001/02,GRAY,,False,True,False,False,False,False,False,
16/819973,11613007,2020-03-16,Intelligent robotic system for autonomous airport trolley collection,THE CHINESE UNIVERSITY OF HONG KONG,THE CHINESE UNIVERSITY OF HONG KONG,THE CHINESE UNIVERSITY OF HONG KONG,CN,28630376,1,B25J-0009/162,GRAY,,False,True,False,False,False,False,False,
16/623393,11618158,2018-06-18,Climbing soft robotics,TEMPLE UNIVERSITY-OF THE COMMONWEALTH SYSTEM OF HIGHER EDUCATION,TEMPLE UNIVERSITY-OF THE COMMONWEALTH SYSTEM OF HIGHER EDUCATION,TEMPLE UNIVERSITY-OF THE COMMONWEALTH SYSTEM OF HIGHER EDUCATION,US,28632334,1,B25J-0009/10,GRAY,,False,True,False,False,False,False,False,
16/559105,11623339,2019-09-03,Portable robotic manipulation systems,"AMAZON TECHNOLOGIES, INC.",AMAZON TECHNOLOGIES,AMAZON,US,28634419,1,B25J-0009/0009,GRAY,,False,True,False,False,False,False,False,
17/082181,11623349,2020-10-28,Systems and methods for gas detection within vehicles,"Ford Global Technologies, LLC",FORD GLOBAL TECHNOLOGIES,FORD GLOBAL TECHNOLOGIES,US,28634420,1,B25J-0013/087,GRAY,,False,False,False,False,False,False,False,
16/703410,11624713,2019-12-04,Flexible inspection system,"FORD GLOBAL TECHNOLOGIES, LLC",FORD GLOBAL TECHNOLOGIES,FORD GLOBAL TECHNOLOGIES,US,28634793,2,B25J-0009/1697,GRAY,,False,False,False,False,False,False,False,
16/871884,11628561,2020-05-11,System and methods for robotic precision placement and insertion,THE HONG KONG UNIVERSITY OF SCIENCE AND TECHNOLOGY,THE HONG KONG UNIVERSITY OF SCIENCE AND TECHNOLOGY,THE HONG KONG UNIVERSITY OF SCIENCE AND TECHNOLOGY,CN,28636357,1,B25J-0009/1612,GRAY,,False,True,False,False,False,False,False,
16/921906,11628562,2020-07-06,"Method, device and computer program for producing a strategy for a robot",ROBERT BOSCH GMBH,ROBERT BOSCH,ROBERT BOSCH,DE,28636358,1,B25J-0009/163,GRAY,,False,False,False,False,False,False,False,
17/135797,11628568,2020-12-28,Cooperative robotic arm system and homing method thereof,INDUSTRIAL TECHNOLOGY RESEARCH INSTITUTE,INDUSTRIAL TECHNOLOGY RESEARCH INSTITUTE,INDUSTRIAL TECHNOLOGY RESEARCH INSTITUTE,TW,28636359,1,B25J-0009/1666,GRAY,,False,True,False,False,False,False,False,
16/434626,11628574,2019-06-07,"System and method for robotic, compact, mobile beverage station",Ross Digital PTD Ltd. | Ross Digital PTE Ltd.,ROSS DIGITAL PTD,ROSS DIGITAL PTD,SG,28636361,1,B25J-0011/0045,GRAY,,False,False,False,False,False,False,False,
16/801638,11633861,2020-02-26,"Systems, methods and associated components for robotic manipulation of physical objects",COMMSCOPE TECHNOLOGIES LLC,COMMSCOPE TECHNOLOGIES,COMMSCOPE TECHNOLOGIES,US,28638397,1,B25J-0009/1697,GRAY,,False,True,False,False,False,False,False,
17/326259,11639005,2021-05-20,Robotic finger structure and robot,UBTECH ROBOTICS CORP LTD,UBTECH ROBOTICS,UBTECH,CN,28640125,1,B25J-0015/0009,GRAY,,False,True,False,False,False,False,False,
17/018925,11642784,2020-09-11,Database construction for control of robotic manipulator,"Honda Motor Co., Ltd.",HONDA MOTOR,HONDA,JP,28641676,1,B25J-0009/1658,T1_auto,휴머노이드명시/전건T1_OEM,True,True,False,False,False,False,False,
17/138948,11642786,2020-12-31,Humanoid robot and its balance control method and computer readable storage medium,UBTECH ROBOTICS CORP LTD,UBTECH ROBOTICS,UBTECH,CN,28641677,1,B25J-0009/1664,T1_auto,휴머노이드명시/전건T1_OEM,True,True,False,False,False,False,False,
16/899885,11642793,2020-06-12,Varying strength interface system for robotic end-effector,"Amazon Technologies, Inc.",AMAZON TECHNOLOGIES,AMAZON,US,28641679,1,B25J-0015/0616,GRAY,,False,True,False,False,False,False,False,
16/883895,11648673,2020-05-26,Automated safety procedures for human intervention in robot systems,INTRINSIC INNOVATION LLC,INTRINSIC INNOVATION,ALPHABET,US,28643895,1,B25J-0009/1674,GRAY,,False,False,False,False,False,False,False,
16/886320,11648677,2020-05-28,Automatic wheel changer robot,"Vehicle Service Group, LLC",VEHICLE SERVICE GROUP,VEHICLE SERVICE GROUP,US,28643896,1,B25J-0009/1687,GRAY,,False,False,False,False,False,False,False,
16/343572,11648680,2017-07-27,Protection system and method for cargo in a compartment and robotic equipment thereof,"SHENZHEN DORABOT ROBOTICS CO., LTD.",SHENZHEN DORABOT ROBOTICS,SHENZHEN DORABOT ROBOTICS,CN,28643897,1,B25J-0009/1697,GRAY,,False,False,False,False,False,False,False,
17/134565,11654551,2020-12-28,"Redundant robotic arm control method, redundant robotic arm controller, and computer readable storage medium",UBTECH ROBOTICS CORP LTD,UBTECH ROBOTICS,UBTECH,CN,28646017,1,B25J-0009/1607,GRAY,,False,True,False,False,False,False,False,
17/198167,11654557,2021-03-10,"Direct force feedback control method, and controller and robot using the same",UBTECH ROBOTICS CORP LTD,UBTECH ROBOTICS,UBTECH,CN,28646019,1,B25J-0009/1633,GRAY,,False,True,False,False,False,False,False,
16/909002,11667035,2020-06-23,Path-modifying control system managing robot singularities,Wisconsin Alumni Research Foundation,WISCONSIN ALUMNI RESEARCH FOUNDATION,WISCONSIN ALUMNI RESEARCH FOUNDATION,US,28650394,1,B25J-0009/1666,GRAY,,False,True,False,False,False,False,False,
16/774488,11667039,2020-01-28,"Systems and methods for estimating shape, contact forces, and pose of objects manipulated by robots having compliant contact and geometry sensors","Toyota Research Institute, Inc.",TOYOTA RESEARCH INSTITUTE,TOYOTA,US,28650396,2,B25J-0013/082,GRAY,,False,True,False,False,False,False,False,
17/171549,11667043,2021-02-09,Counterbalance mechanism for robotic assist device,GM Global Technology Operations LLC,GM GLOBAL TECHNOLOGY OPERATIONS,GM,US,28650398,1,B25J-0019/0008,GRAY,,False,True,False,False,False,False,False,
16/853214,11673261,2020-04-20,Robotic manipulator,"Intelligrated Headquarters, LLC",INTELLIGRATED HEADQUARTERS,INTELLIGRATED HEADQUARTERS,US,28652529,1,B25J-0009/123,GRAY,,False,True,False,False,False,False,False,
16/948187,11685045,2020-09-08,Asynchronous robotic control using most recently selected robotic action data,GOOGLE LLC,GOOGLE,ALPHABET,US,28656648,1,B25J-0009/161,GRAY,,False,True,False,False,False,False,False,
17/132239,11685060,2020-12-23,Method for gripping an object and suction gripper,J. Schmalz GmbH,J SCHMALZ,J SCHMALZ,DE,28656653,1,B25J-0015/0683,GRAY,,False,True,False,False,False,True,False,
16/940566,11691270,2020-07-28,"Mechanism with three degrees-of-freedom (DOF) output to provide independent control over roll, pitch, and yaw of output structure",Sanctuary Cognitive Systems Corporation,SANCTUARY COGNITIVE SYSTEMS,SANCTUARY COGNITIVE SYSTEMS,CA,28658943,1,B25J-0009/102,T1_auto,휴머노이드명시/전건T1_OEM,False,False,False,False,False,False,False,
17/088397,11691281,2020-11-03,Robot control at singular configurations,Massachusetts Institute of Technology,MASSACHUSETTS INSTITUTE OF TECHNOLOGY,MASSACHUSETTS INSTITUTE OF TECHNOLOGY,US,28658945,1,B25J-0009/1641,GRAY,,False,True,False,False,False,False,False,
17/120225,11691284,2020-12-13,"Robot control method, computer-readable storage medium and robot",UBTECH ROBOTICS CORP LTD,UBTECH ROBOTICS,UBTECH,CN,28658947,1,B25J-0009/1664,T1_auto,휴머노이드명시/전건T1_OEM,True,True,False,False,False,False,False,
16/818724,11691300,2020-03-13,Shoulder joint and brake for a robotic arm,EMPOWER ROBOTICS CORPORATION,EMPOWER ROBOTICS,EMPOWER ROBOTICS,US,28658951,1,B25J-0019/0004,GRAY,,False,True,False,False,False,False,False,
17/607623,11701781,2020-08-26,Multi-arm robot for realizing conversion between sitting and lying posture of patients and carrying patients to different positions,"DALIAN UNIVERSITY OF TECHNOLOGY | CHENGDU RESEARCH INSTITUTE, DALIAN UNIVERSITY OF TECHNOLOGY",DALIAN UNIVERSITY OF TECHNOLOGY,DALIAN UNIVERSITY OF TECHNOLOGY,CN,28662562,1,B25J-0011/009,GRAY,,False,True,False,False,False,False,False,
18/055132,11707852,2022-11-14,Grippers for robotic manipulation of objects and related technology,"AGILITY ROBOTICS, INC.",AGILITY ROBOTICS,AGILITY ROBOTICS,US,28664714,1,B25J-0018/007,T1_auto,휴머노이드명시/전건T1_OEM,False,True,False,False,False,False,False,
17/215990,11712804,2021-03-29,Systems and methods for adaptive robotic motion control,"Samsung Electronics Co., Ltd. | Samsung Electronics Company, Ltd.",SAMSUNG ELECTRONICS,SAMSUNG,KR,28666573,1,B25J-0009/1628,GRAY,,False,True,False,False,False,False,False,
17/897762,11717956,2022-08-29,Robotic joint system with integrated safety,SARCOS CORP.,SARCOS,SARCOS,US,28668497,1,B25J-0009/0006,T1_auto,T1후보-제외신호동반(검증필요),True,True,False,True,False,False,False,
17/345005,11717958,2021-06-11,"Joint control method, computer-readable storage medium and multi-legged robot",UBTECH ROBOTICS CORP LTD,UBTECH ROBOTICS,UBTECH,CN,28668498,1,B25J-0009/1607,GRAY,,False,True,False,False,False,False,False,
17/137382,11724393,2020-12-30,"Robotic arm space position adjustment method, robotic arm controller and computer readable storage medium",UBTECH ROBOTICS CORP LTD,UBTECH ROBOTICS,UBTECH,CN,28670846,1,B25J-0009/1664,GRAY,,False,True,False,False,False,False,False,
17/211494,11731274,2021-03-24,Predictive time horizon robotic motion control,"Ford Global Technologies, LLC",FORD GLOBAL TECHNOLOGIES,FORD GLOBAL TECHNOLOGIES,US,28673175,1,B25J-0009/1666,GRAY,,False,True,False,False,False,False,False,
16/853627,11731278,2020-04-20,Robot teleoperation using mobile device motion sensors and web standards,GOOGLE LLC,GOOGLE,ALPHABET,US,28673176,1,B25J-0009/1689,GRAY,,False,True,False,False,False,False,False,
17/229724,11731279,2021-04-13,Systems and methods for automated tuning of robotics systems,"Samsung Electronics Co., Ltd. | Samsung Electronics Company, Ltd.",SAMSUNG ELECTRONICS,SAMSUNG,KR,28673177,1,B25J-0009/1692,GRAY,,False,True,False,False,False,False,False,
16/952070,11745343,2020-11-18,Method and apparatus for controlling robot arms using elastic distortion simulations,Darrion Vinh Nguyen | Hao-Nhien Qui Vu,DARRION VINH NGUYEN,DARRION VINH NGUYEN,US,28678033,1,B25J-0009/1641,GRAY,,False,True,False,False,False,False,False,
17/005060,11745345,2020-08-27,Planning by work volumes to avoid conflicts,INTRINSIC INNOVATION LLC,INTRINSIC INNOVATION,ALPHABET,US,28678034,1,B25J-0009/1666,GRAY,,False,True,False,False,False,False,False,
17/207200,11745347,2021-03-19,Method for assessing the quality of a robotic grasp on 3D deformable objects,NVIDIA CORP.,NVIDIA,NVIDIA,US,28678035,1,B25J-0009/1669,GRAY,,False,True,True,False,False,False,False,
17/223111,11745356,2021-04-06,Autonomous robotic system for placing and fastening paneling material for building construction operations,PURDUE RESEARCH FOUNDATION,PURDUE RESEARCH FOUNDATION,PURDUE RESEARCH FOUNDATION,US,28678037,1,B25J-0011/0055,GRAY,,False,True,False,False,False,False,False,
17/074178,11745360,2020-10-19,Compliant inner lip on a vacuum gripper,"INTELLIGRATED HEADQUARTERS, LLC",INTELLIGRATED HEADQUARTERS,INTELLIGRATED HEADQUARTERS,US,28678038,1,B25J-0015/0683,GRAY,,False,True,False,False,False,False,False,
17/216702,11752623,2021-03-30,Simulating task performance of virtual characters,Honda Research Institute Europe GmbH,HONDA RESEARCH INSTITUTE EUROPE,HONDA,DE,28680497,1,B25J-0009/1605,GRAY,,False,False,False,False,False,False,False,
17/547274,11759945,2021-12-10,Dual-output-shaft servo and robot,UBTECH ROBOTICS CORP LTD,UBTECH ROBOTICS,UBTECH,CN,28682914,1,B25J-0009/102,GRAY,,False,True,False,False,False,False,False,
16/795673,11759961,2020-02-20,Pneumatic robotic finishing tool,"ATI Industrial Automation, Inc.",ATI INDUSTRIAL AUTOMATION,ATI INDUSTRIAL AUTOMATION,US,28682917,1,B25J-0011/0065,GRAY,,False,False,False,False,False,False,False,
16/962628,11766788,2019-01-17,Inspection robot and inspection method,"SHENZHEN YOUIBOT ROBOTICS CO., LTD.",SHENZHEN YOUIBOT ROBOTICS,SHENZHEN YOUIBOT ROBOTICS,CN,28685264,1,B25J-0019/022,GRAY,,False,True,False,False,False,False,False,
17/210688,11772264,2021-03-24,Neural network adaptive tracking control method for joint robots,"Dibi (Chongqing) Intelligent Technology Research Institute Co., Ltd.",DIBI (CHONGQING) INTELLIGENT TECHNOLOGY RESEARCH INSTITUTE,DIBI (CHONGQING) INTELLIGENT TECHNOLOGY RESEARCH INSTITUTE,CN,28687307,1,B25J-0009/163,GRAY,,False,True,False,False,False,False,False,
17/233315,11772279,2021-04-16,Product stacking end of arm tool,House of Design LLC,HOUSE OF DESIGN,HOUSE OF DESIGN,US,28687308,1,B25J-0015/022,GRAY,,False,True,False,False,False,False,False,
17/301716,12011827,2021-04-12,Robot teaching with scans in and out of robot workspace,SCALABLE ROBOTICS INC.,SCALABLE ROBOTICS,SCALABLE ROBOTICS,US,28689927,1,B25J-0009/0081,GRAY,,False,False,False,False,False,False,False,
17/107966,11780085,2020-12-01,Robot posture control method and robot and computer readable storage medium using the same,UBTECH ROBOTICS CORP LTD,UBTECH ROBOTICS,UBTECH,CN,28689929,1,B25J-0009/163,T1_auto,휴머노이드명시/전건T1_OEM,True,True,False,False,False,False,False,
17/224012,11787045,2021-04-06,Robot with an inverse kinematics (IK)-based controller for retargeting input motions,"DISNEY ENTERPRISES, INC.",DISNEY ENTERPRISES,DISNEY ENTERPRISES,US,28692348,1,B25J-0009/1607,GRAY,,False,False,False,False,False,False,False,
17/004968,11787048,2020-08-27,Robot planning from process definition graph,INTRINSIC INNOVATION LLC,INTRINSIC INNOVATION,ALPHABET,US,28692349,1,B25J-0009/1661,GRAY,,False,True,False,False,False,False,False,
18/058845,11787051,2022-11-25,Method for automatically processing structure-reinforcing member of aircraft,NANJING UNIVERSITY OF AERONAUTICS AND ASTRONAUTICS,NANJING UNIVERSITY OF AERONAUTICS AND ASTRONAUTICS,NANJING UNIVERSITY OF AERONAUTICS AND ASTRONAUTICS,CN,28692350,1,B25J-0009/1664,GRAY,,False,True,False,False,False,False,False,
17/131366,11787054,2020-12-22,Robot planning,INTRINSIC INNOVATION LLC,INTRINSIC INNOVATION,ALPHABET,US,28692351,1,B25J-0009/1666,GRAY,,False,True,False,False,False,False,False,
17/216709,11787055,2021-03-30,Controlling a robot using predictive decision making,Honda Research Institute Europe GmbH,HONDA RESEARCH INSTITUTE EUROPE,HONDA,DE,28692352,1,B25J-0009/1666,GRAY,,False,True,False,False,False,False,False,
17/187835,11787064,2021-02-28,"Mass-controlled viscous material deposition system, apparatus and method",William Miller,WILLIAM MILLER,WILLIAM MILLER,US,28692355,1,B25J-0011/0075,GRAY,,False,False,False,False,False,False,False,
17/017299,11794334,2020-09-10,"Reconfigurable, adaptable robotic structures",THE BOARD OF TRUSTEES OF THE LELAND STANFORD JUNIOR UNIVERSITY,THE BOARD OF TRUSTEES OF THE LELAND STANFORD JUNIOR UNIVERSITY,THE BOARD OF TRUSTEES OF THE LELAND STANFORD JUNIOR UNIVERSITY,US,28694951,1,B25J-0009/0075,GRAY,,False,False,False,False,False,False,False,
16/741438,11806861,2020-01-13,Multi-use mobile robot and methods of use,"Ford Global Technologies, LLC",FORD GLOBAL TECHNOLOGIES,FORD GLOBAL TECHNOLOGIES,미상,28699403,1,B25J-0011/008,E_auto,제외전용신호+Tier신호없음,False,False,False,False,False,True,False,
16/784583,11806862,2020-02-07,"Robots, methods, computer programs, computer-readable media, arrays of microphones and controllers",EMOTECH LTD,EMOTECH,EMOTECH,GB,28699404,1,B25J-0013/003,GRAY,,False,False,False,False,False,False,False,
18/329674,11813752,2023-06-06,Mobile manipulation control method and system of quadruped robot with operation arm,SHANDONG UNIVERSITY,SHANDONG UNIVERSITY,SHANDONG UNIVERSITY,CN,28701763,1,B25J-0009/1664,GRAY,,False,True,False,False,False,False,False,
17/890181,11826907,2022-08-17,Robotic joint system with length adapter,SARCOS CORP.,SARCOS,SARCOS,US,28706383,1,B25J-0009/0006,GRAY,,False,True,False,False,False,False,False,
17/515490,11833661,2021-10-31,"Utilizing past contact physics in robotic manipulation (e.g., pushing) of an object",GOOGLE LLC,GOOGLE,ALPHABET,US,28708776,1,B25J-0009/163,GRAY,,False,True,False,False,False,False,False,
17/600234,11833666,2020-10-28,"Method for assembling an operating member and an adapting member by a robot, robot, and controller","SHANGHAI FLEXIV ROBOTICS TECHNOLOGY CO., LTD. | FLEXIV LTD.",SHANGHAI FLEXIV ROBOTICS TECHNOLOGY,SHANGHAI FLEXIV ROBOTICS TECHNOLOGY,CN,28708777,1,B25J-0013/085,GRAY,,False,True,False,False,False,False,False,
17/499890,11833673,2021-10-13,"Energy storing assistive mechanism, robotic joint and robot",UBTECH ROBOTICS CORP LTD,UBTECH ROBOTICS,UBTECH,CN,28708781,1,B25J-0019/0016,GRAY,,False,True,False,False,False,False,False,
16/956676,11833688,2019-01-07,Legged robots and methods for controlling legged robots,"PETOI, LLC",PETOI,PETOI,US,28708787,1,B25J-0009/1664,GRAY,,False,True,False,False,False,False,True,
17/115712,11833692,2020-12-08,Method and device for controlling arm of robot,UBTECH ROBOTICS CORP LTD,UBTECH ROBOTICS,UBTECH,CN,28708789,1,B25J-0009/1666,GRAY,,False,True,False,False,False,False,False,
17/138942,11845186,2020-12-31,Inverse kinematics solving method for redundant robot and redundant robot and computer readable storage medium using the same,UBTECH ROBOTICS CORP LTD,UBTECH ROBOTICS,UBTECH,CN,28712972,1,B25J-0009/1643,GRAY,,False,True,False,False,False,False,False,
16/453047,11845191,2019-06-26,Robotic picking of cuboidal items from a pallet,"Amazon Technologies, Inc.",AMAZON TECHNOLOGIES,AMAZON,US,28712974,1,B25J-0009/1679,GRAY,,False,True,False,False,False,True,False,
16/681667,11850732,2019-11-12,Under-actuated robotic manipulators,KINDRED SYSTEMS II INC. | OCADO INNOVATION LIMITED,KINDRED SYSTEMS II,KINDRED SYSTEMS II,CA,28715093,1,B25J-0015/0009,GRAY,,False,True,False,False,False,False,False,
17/033893,11850746,2020-09-27,Planar articulated robot and inner rotor joint device,SOOCHOW UNIVERSITY,SOOCHOW UNIVERSITY,SOOCHOW UNIVERSITY,CN,28715096,1,B25J-0009/126,GRAY,,False,True,False,False,False,False,False,
16/905906,11850749,2018-12-17,"Modular robot, system thereof, control method for modular robot","BEIJING KEYI TECHNOLOGY CO., LTD.",BEIJING KEYI TECHNOLOGY,BEIJING KEYI TECHNOLOGY,CN,28715098,1,B25J-0009/1617,GRAY,,False,False,False,False,False,False,False,
17/234831,11858138,2021-04-20,Method for realizing dynamic running gait of biped robot on rough terrain road,ZHEJIANG UNIVERSITY,ZHEJIANG UNIVERSITY,ZHEJIANG UNIVERSITY,CN,28717816,1,B25J-0009/1602,T1_auto,휴머노이드명시/전건T1_OEM,True,True,False,False,False,False,False,
17/408512,11858141,2021-08-23,"Impedance control method, and controller and robot using the same",UBTECH ROBOTICS CORP LTD,UBTECH ROBOTICS,UBTECH,CN,28717818,1,B25J-0009/1633,GRAY,,False,True,False,False,False,False,False,
17/527841,11865695,2021-11-16,Humanoid hugging assembly,Walton Richardson,WALTON RICHARDSON,WALTON RICHARDSON,US,28720448,1,B25J-0011/00,T1_auto,휴머노이드명시/전건T1_OEM,True,False,False,False,False,False,False,
17/101720,11865727,2020-11-23,Robotic picking assemblies with different concurrent flow rates,"Amazon Technologies, Inc.",AMAZON TECHNOLOGIES,AMAZON,US,28720453,1,B25J-0009/1612,GRAY,,False,True,False,False,False,False,False,
17/485412,11872701,2021-09-25,"Total centroid state estimation method, humanoid robot and computer readable storage medium using the same",UBTECH ROBOTICS CORP LTD,UBTECH ROBOTICS,UBTECH,CN,28722874,1,B25J-0009/1664,T1_auto,휴머노이드명시/전건T1_OEM,True,True,False,False,False,False,False,
17/097228,11878415,2020-11-13,Tactile dexterity and control,MASSACHUSETTS INSTITUTE OF TECHNOLOGY,MASSACHUSETTS INSTITUTE OF TECHNOLOGY,MASSACHUSETTS INSTITUTE OF TECHNOLOGY,US,28725055,1,B25J-0009/1612,GRAY,,False,True,False,False,False,False,False,
17/216704,11878418,2021-03-30,Controlling a robot based on constraint-consistent and sequence-optimized pose adaptation,Honda Research Institute Europe GmbH,HONDA RESEARCH INSTITUTE EUROPE,HONDA,DE,28725056,1,B25J-0009/1612,GRAY,,False,True,False,False,False,False,False,
17/326960,11878422,2021-05-21,Integrated manufacturing automation system architecture,Corning Research & Development Corporation,CORNING RESEARCH & DEVELOPMENT,CORNING RESEARCH & DEVELOPMENT,US,28725060,1,B25J-0009/1661,GRAY,,False,False,False,False,False,False,False,
17/314039,11878426,2021-05-06,Biped robot gait control method and robot and computer readable storage medium using the same,UBTECH ROBOTICS CORP LTD,UBTECH ROBOTICS,UBTECH,CN,28725061,1,B25J-0009/1664,T1_auto,휴머노이드명시/전건T1_OEM,True,True,False,False,False,False,False,
17/118235,11883955,2020-12-10,Power on self test for brakes in an autonomous delivery robot,"AMAZON TECHNOLOGIES, INC.",AMAZON TECHNOLOGIES,AMAZON,US,28727286,1,B25J-0019/0095,E_auto,제외전용신호+Tier신호없음,False,False,False,False,False,True,False,
16/892099,11883963,2020-06-03,Robotic platform for interactive play using a telepresence robot surrogate,CUSHYBOTS CORPORATION,CUSHYBOTS,CUSHYBOTS,US,28727288,1,B25J-0009/1689,GRAY,,False,False,False,False,False,False,False,
17/104944,11885882,2020-11-25,Triangulation sensor system,"Amazon Technologies, Inc.",AMAZON TECHNOLOGIES,AMAZON,US,28727726,1,B25J-0009/162,GRAY,,False,True,False,False,False,True,False,
17/162932,11897139,2021-01-29,Dynamic configuration method based on role assignation and multi-agent plan execution device,FAROBOT INC.,FAROBOT,FAROBOT,TW,28731921,1,B25J-0009/1661,GRAY,,False,False,False,False,False,False,False,
16/688794,11897141,2019-11-19,Automated fastening system,"PALLETEC, LLC",PALLETEC,PALLETEC,US,28731923,1,B25J-0009/026,GRAY,,False,True,False,False,False,True,False,
17/283028,11897142,2019-10-04,Method and device for creating a robot control program,BYSTRONIC LASER AG,BYSTRONIC LASER,BYSTRONIC LASER,CH,28731924,1,B25J-0009/1656,GRAY,,False,True,False,False,False,False,False,
17/567159,11898996,2022-01-03,Test system with detection feedback,Teng-Jen Yang,TENG-JEN YANG,TENG-JEN YANG,TW,28732365,1,B25J-0013/085,GRAY,,False,False,False,False,False,False,False,
17/128768,11904457,2020-12-21,Compliant gripper,Evodyne Robotics Corporation,EVODYNE ROBOTICS,EVODYNE ROBOTICS,US,28734389,1,B25J-0015/0009,GRAY,,False,True,False,False,False,False,False,
17/196831,11904458,2021-03-09,End effector for mobile robot configured for tool changeout and breakaway,"Onward Robotics, Inc. | IAM ROBOTICS, LLC",ONWARD ROBOTICS,ONWARD ROBOTICS,US,28734390,1,B25J-0015/0441,GRAY,,False,True,False,False,False,False,False,
17/504544,11904472,2021-10-19,"Humanoid robot control method, humanoid robot using the same, and computer readable storage medium",UBTECH ROBOTICS CORP LTD,UBTECH ROBOTICS,UBTECH,CN,28734395,1,B25J-0009/1646,T1_auto,휴머노이드명시/전건T1_OEM,True,True,False,False,False,False,False,
16/730864,11904473,2019-12-30,Transformation mode switching for a real-time robotic control system,INTRINSIC INNOVATION LLC,INTRINSIC INNOVATION,ALPHABET,US,28734396,1,B25J-0009/1628,GRAY,,False,False,False,False,False,False,False,
17/016429,11904476,2020-09-10,"Method of automated cookware handling in robotic systems, and in different handling environments",Kitchen Robotics Ltd,KITCHEN ROBOTICS,KITCHEN ROBOTICS,IL,28734397,1,B25J-0009/1664,GRAY,,False,True,False,False,False,False,False,
17/366589,11926040,2021-07-02,Compact lockbolt swage end effector with collar pickup and retention jaws,The Boeing Company,THE BOEING,THE BOEING,US,28742058,1,B25J-0011/005,GRAY,,False,True,False,False,False,False,False,
17/331125,11926048,2021-05-26,Modular robotic linkages,"Amazon Technologies, Inc.",AMAZON TECHNOLOGIES,AMAZON,US,28742060,1,B25J-0009/0009,GRAY,,False,True,False,False,False,False,False,
17/489662,11926053,2021-09-29,Robotic simulation distributed version control system,"HITACHI, LTD.",HITACHI,HITACHI,JP,28742064,1,B25J-0009/163,GRAY,,False,True,False,False,False,False,False,
17/366624,11938616,2021-07-02,Swage end effector with automated fastener size change capability,The Boeing Company,THE BOEING,THE BOEING,US,28747326,1,B25J-0015/0408,GRAY,,False,True,False,False,False,False,False,
18/177777,11938623,2023-03-03,Ground simulation device and method for on-orbit manipulation of space manipulator,Shenzhen Technology University,SHENZHEN TECHNOLOGY UNIVERSITY,SHENZHEN TECHNOLOGY UNIVERSITY,CN,28747328,1,B25J-0019/0095,GRAY,,False,True,False,False,False,False,False,
17/702819,11938635,2022-03-24,"Motion control method, robot controller and computer readable storage medium",UBTECH ROBOTICS CORP LTD,UBTECH ROBOTICS,UBTECH,CN,28747330,1,B25J-0009/1664,T1_auto,휴머노이드명시/전건T1_OEM,True,True,False,False,False,False,False,
17/282656,11945110,2020-04-01,Multi-degree-of-freedom continuum robot with flexible target grasping function,DALIAN UNIVERSITY OF TECHNOLOGY,DALIAN UNIVERSITY OF TECHNOLOGY,DALIAN UNIVERSITY OF TECHNOLOGY,CN,28750028,1,B25J-0009/0075,GRAY,,False,True,False,False,False,False,False,
17/188663,11945112,2021-03-01,Robotic platforms to mimic papillary muscle motion ex vivo,THE BOARD OF TRUSTEES OF THE LELAND STANFORD JUNIOR UNIVERSITY,THE BOARD OF TRUSTEES OF THE LELAND STANFORD JUNIOR UNIVERSITY,THE BOARD OF TRUSTEES OF THE LELAND STANFORD JUNIOR UNIVERSITY,US,28750029,1,B25J-0009/0057,GRAY,,False,True,True,False,False,False,False,
17/134147,11945528,2020-12-24,Hip joint mechanism and humanoid robot,UBTECH ROBOTICS CORP LTD,UBTECH ROBOTICS,UBTECH,CN,28750126,1,B25J-0017/0266,T1_auto,휴머노이드명시/전건T1_OEM,True,True,False,False,False,False,False,
18/519039,11951607,2023-11-26,Robotic waiter system,Jose Ignacio Acitores Garcia | Andres Vallejo Cespedes,JOSE IGNACIO ACITORES GARCIA,JOSE IGNACIO ACITORES GARCIA,ES,28752658,1,B25J-0011/008,GRAY,,False,True,False,False,False,False,False,
17/540946,11951627,2021-12-02,Modular autonomous robot distributed control,"Ford Global Technologies, LLC",FORD GLOBAL TECHNOLOGIES,FORD GLOBAL TECHNOLOGIES,US,28752662,1,B25J-0009/1664,GRAY,,False,False,False,False,False,False,False,
17/490356,11951629,2021-09-30,"Systems, apparatuses, and methods for cost evaluation and motion planning for robotic devices",Brain Corporation,BRAIN,BRAIN,US,28752664,1,B25J-0009/1666,GRAY,,False,True,False,False,False,False,False,
17/198844,11969899,2021-03-11,Method for generating novel impedance configuration for three-degree-of-freedom (3DOF) robotic leg,Yanshan University,YANSHAN UNIVERSITY,YANSHAN UNIVERSITY,CN,28760306,1,B25J-0009/1669,GRAY,,False,True,False,False,False,False,False,
16/326320,11981031,2017-08-17,Systems and methods for controlling robotic behaviors,THE TRUSTEES OF THE UNIVERSITY OF PENNSYLVANIA,THE TRUSTEES OF THE UNIVERSITY OF PENNSYLVANIA,THE TRUSTEES OF THE UNIVERSITY OF PENNSYLVANIA,US,28764895,1,B25J-0009/1664,GRAY,,False,True,False,False,False,False,False,
17/471063,11986955,2021-09-09,In-hand pose refinement for pick and place automation,"LLC, INTRINSIC I",INTRINSIC I,INTRINSIC I,US,28767453,1,B25J-0009/1697,GRAY,,False,False,False,False,False,False,False,
17/694836,11986968,2022-03-15,Real-time control system for industrial robot based on virtual reality (VR),Harbin Institute of Technology,HARBIN INSTITUTE OF TECHNOLOGY,HARBIN INSTITUTE OF TECHNOLOGY,CN,28767456,1,B25J-0009/1697,GRAY,,False,True,False,False,False,False,False,
16/879681,11992949,2020-05-20,Remote robotic welding with a handheld controller,SISU DEVICES LLC,SISU DEVICES,SISU DEVICES,US,28769937,1,B25J-0009/1664,GRAY,,False,False,False,False,False,False,False,
17/190795,11992958,2021-03-03,Adaptive fixturing system,"THOR TECH, INC.",THOR TECH,THOR TECH,US,28769938,1,B25J-0009/1687,GRAY,,False,True,False,False,False,False,False,
17/396856,11999055,2021-08-09,Robotic grip device,"United States of America, as represented by the Secretary of the Navy",UNITED STATES OF AMERICA AS REPRESENTED BY THE SECRETARY OF THE NAVY,UNITED STATES OF AMERICA AS REPRESENTED BY THE SECRETARY OF THE NAVY,US,28772108,1,B25J-0015/10,GRAY,,False,True,False,False,False,False,False,
17/666699,12005583,2022-02-08,Robotic system for moving a payload with minimal payload sway and increased positioning accuracy,GM Global Technology Operations LLC,GM GLOBAL TECHNOLOGY OPERATIONS,GM,US,28774757,1,B25J-0009/1633,GRAY,,False,True,False,False,False,False,False,
17/488341,12005584,2021-09-29,"Pose control method, robot and computer-readable storage medium",UBTECH ROBOTICS CORP LTD,UBTECH ROBOTICS,UBTECH,CN,28774758,1,B25J-0009/1653,T1_auto,휴머노이드명시/전건T1_OEM,True,True,False,False,False,False,False,
17/051072,12005591,2019-07-16,Ultrasonic testing system of dual robot arms and method thereof,BEIJING INSTITUTE OF TECHNOLOGY,BEIJING INSTITUTE OF TECHNOLOGY,BEIJING INSTITUTE OF TECHNOLOGY,CN,28774760,1,B25J-0009/1682,GRAY,,False,True,False,False,False,False,False,
17/245709,12011832,2021-04-30,Real-time robotics control framework,INTRINSIC INNOVATION LLC,INTRINSIC INNOVATION,ALPHABET,US,28777213,1,B25J-0009/1602,GRAY,,False,False,False,False,False,False,False,
17/971062,12017347,2022-10-21,Pinched tubes for reconfigurable robots,Arizona Board of Regents on behalf of Arizona State University | The Regents of the University of California,ARIZONA BOARD OF REGENTS ON BEHALF OF ARIZONA STATE UNIVERSITY,ARIZONA BOARD OF REGENTS ON BEHALF OF ARIZONA STATE UNIVERSITY,US,28779411,1,B25J-0018/06,GRAY,,False,True,False,False,False,False,False,
17/176672,12017352,2021-02-16,Transformation of joint space coordinates using machine learning,NVIDIA CORPORATION,NVIDIA,NVIDIA,US,28779412,1,B25J-0009/023,GRAY,,False,True,False,False,False,False,False,
17/418078,12017354,2020-07-02,Pneumatic-controlled pitch-adjustable telescopic mechanism used for robotic arm,GUANGZHOU COLLEGE OF TECHNOLOGY AND BUSINESS,GUANGZHOU COLLEGE OF TECHNOLOGY AND BUSINESS,GUANGZHOU COLLEGE OF TECHNOLOGY AND BUSINESS,CN,28779414,1,B25J-0009/144,GRAY,,False,True,False,False,False,False,False,
17/281506,12030186,2019-09-02,"Control device, control method, and non-transitory computer readable storage medium",SONY CORPORATION,SONY,SONY,JP,28784739,1,B25J-0009/101,GRAY,,False,True,False,False,False,False,False,
17/838070,12032352,2022-06-10,Servo joint safety position monitoring apparatus and method,"Mantis Robotics, Inc.",MANTIS ROBOTICS,MANTIS ROBOTICS,US,28785243,1,B25J-0009/1674,GRAY,,False,True,False,False,False,False,False,
16/674163,12059800,2019-11-05,End effectors for robotic units used to open and close vehicle doors,"Nissan North America, Inc.",NISSAN NORTH AMERICA,NISSAN NORTH AMERICA,US,28787130,1,B25J-0011/00,GRAY,,False,True,False,False,False,False,False,
17/963306,12042925,2022-10-11,"Overspray-free paint system including AGV/AMR-based fixture lifting, positioining and orienting",GM GLOBAL TECHNOLOGY OPERATIONS LLC,GM GLOBAL TECHNOLOGY OPERATIONS,GM,US,28789378,1,B25J-0011/0075,GRAY,,False,True,False,False,False,True,False,
16/752358,12042933,2020-01-24,Nested linear stroke multipliers for robot manipulators,KINDRED SYSTEMS II INC. | KINDRED SYSTEMS INC.,KINDRED SYSTEMS II,KINDRED SYSTEMS II,CA,28789379,1,B25J-0018/025,GRAY,,False,True,False,False,False,False,False,
17/506582,12042939,2021-10-20,End effector compensation of a robotic system,The Boeing Company,THE BOEING,THE BOEING,US,28789381,1,B25J-0009/1664,GRAY,,False,False,False,False,False,False,False,
17/570578,12042941,2022-01-07,Robotic datacenter assembly,Khaled Elbehiery | Hussam Elbehiery,KHALED ELBEHIERY,KHALED ELBEHIERY,US,28789382,1,B25J-0009/1679,GRAY,,False,True,False,False,False,False,False,
17/059755,12049003,2018-11-19,Movable hybrid machining robot based on three-degree-of-freedom force-controlled parallel module,TSINGHUA UNIVERSITY,TSINGHUA UNIVERSITY,TSINGHUA UNIVERSITY,CN,28791657,1,B25J-0005/007,GRAY,,False,True,False,False,False,True,False,
17/143634,12053875,2021-01-07,Method and system for determining sensor placement for a workspace based on robot pose scenarios,"Ford Global Technologies, LLC",FORD GLOBAL TECHNOLOGIES,FORD GLOBAL TECHNOLOGIES,US,28793741,1,B25J-0013/089,GRAY,,False,False,False,False,False,False,False,
17/561629,12053885,2021-12-23,"Control method for robot, computer-readable storage medium and robot",UBTECH ROBOTICS CORP LTD,UBTECH ROBOTICS,UBTECH,CN,28793745,1,B25J-0009/1602,GRAY,,False,True,False,False,False,False,False,
17/642237,12053889,2020-09-18,Kinematics model-free trajectory tracking method for robotic arms and robotic arm system,SUN YAT-SEN UNIVERSITY,SUN YAT-SEN UNIVERSITY,SUN YAT-SEN UNIVERSITY,CN,28793746,1,B25J-0009/1664,GRAY,,False,True,False,False,False,False,False,
16/801005,12064869,2020-02-25,"Morphable inertial appemdage, systems and associated methods",THE CHINESE UNIVERSITY OF HONG KONG,THE CHINESE UNIVERSITY OF HONG KONG,THE CHINESE UNIVERSITY OF HONG KONG,CN,28797486,1,B25J-0009/0048,GRAY,,False,True,False,False,False,False,False,
17/774317,12064884,2022-01-06,Automated calibration system and calibration method for flexible robot actuator,SOUTHEAST UNIVERSITY,SOUTHEAST UNIVERSITY,SOUTHEAST UNIVERSITY,CN,28797487,1,B25J-0009/1692,GRAY,,False,True,False,False,False,False,False,
17/684489,12070853,2022-03-02,Soft-rigid robotic joints controlled by deep reinforcement-learning,The Regents of the University of California,THE REGENTS OF THE UNIVERSITY OF CALIFORNIA,THE REGENTS OF THE UNIVERSITY OF CALIFORNIA,US,28799541,1,B25J-0017/00,GRAY,,False,True,False,False,False,False,False,
17/557076,12070856,2021-12-21,"Robot balance control method, robot using the same, and computer readable storage medium",UBTECH ROBOTICS CORP LTD,UBTECH ROBOTICS,UBTECH,CN,28799543,1,B25J-0009/1605,GRAY,,False,True,False,False,False,False,False,
17/926833,12076855,2021-01-28,Wearable cable-driven robotic arm system,NANJING UNIVERSITY OF AERONAUTICS AND ASTRONAUTICS,NANJING UNIVERSITY OF AERONAUTICS AND ASTRONAUTICS,NANJING UNIVERSITY OF AERONAUTICS AND ASTRONAUTICS,CN,28801523,1,B25J-0009/0006,GRAY,,False,True,False,False,False,False,False,
17/561609,12076860,2021-12-23,"Control method for robot, computer-readable storage medium and robot",UBTECH ROBOTICS CORP LTD,UBTECH ROBOTICS,UBTECH,CN,28801525,1,B25J-0009/1602,GRAY,,False,True,False,False,False,False,False,
17/405215,12083683,2021-08-18,Cloud based computer-implemented system and method for grouping action items on visual programming panel in robot simulator,ROBIM TECHNOLOGIES INC. OF CANADA.,ROBIM TECHNOLOGIES OF CANADA,ROBIM TECHNOLOGIES OF CANADA,CA,28803861,1,B25J-0009/1671,GRAY,,False,True,False,False,False,False,False,
17/726548,12097621,2022-04-22,"Center of mass trajectory generating method, robot and computer-readable storage medium",UBTECH ROBOTICS CORP LTD,UBTECH ROBOTICS,UBTECH,CN,28809705,1,B25J-0009/1664,T1_auto,휴머노이드명시/전건T1_OEM,True,True,False,False,False,False,False,
17/868790,12103177,2022-07-20,"Decoupling control method for humanoid robot, humanoid robot and computer-readable storage medium",UBTECH ROBOTICS CORP LTD,UBTECH ROBOTICS,UBTECH,CN,28812223,1,B25J-0009/1607,T1_auto,휴머노이드명시/전건T1_OEM,True,True,False,False,False,False,False,
17/588001,12109692,2022-01-28,Method for teaching torch orientation for robotic welding,"James Walter Beard, III | Stephen Lee Canfield | Stephen Zuccaro",JAMES WALTER BEARD III,JAMES WALTER BEARD III,US,28814963,1,B25J-0009/0081,GRAY,,False,False,False,False,False,False,False,
18/196417,12115656,2023-05-11,Modular robotic arm,"Ally Robotics, Inc.",ALLY ROBOTICS,ALLY ROBOTICS,US,28817371,1,B25J-0015/0061,GRAY,,False,True,False,False,False,False,False,
17/289018,12115669,2019-10-08,Variable-parameter stiffness identification and modeling method for industrial robot,NANJING UNIVERSITY OF AERONAUTICS AND ASTRONAUTICS,NANJING UNIVERSITY OF AERONAUTICS AND ASTRONAUTICS,NANJING UNIVERSITY OF AERONAUTICS AND ASTRONAUTICS,CN,28817374,1,B25J-0009/1653,GRAY,,False,True,False,False,False,False,False,
17/131240,12115672,2020-12-22,Robot planning,INTRINSIC INNOVATION LLC,INTRINSIC INNOVATION,ALPHABET,US,28817376,1,B25J-0009/1666,GRAY,,False,True,False,False,False,False,False,
18/052535,12115673,2022-11-03,"Robot obstacle avoidance method, computer readable storage medium, and robot",UBTECH ROBOTICS CORP LTD,UBTECH ROBOTICS,UBTECH,CN,28817377,1,B25J-0009/1666,GRAY,,False,True,False,False,False,False,False,
17/832036,12122049,2022-06-03,Task-specific simulated robotic manipulators,"Amazon Technologies, Inc.",AMAZON TECHNOLOGIES,AMAZON,US,28820258,1,B25J-0009/1605,GRAY,,False,True,False,False,False,False,False,
17/951434,12128568,2022-09-23,System and method to facilitate communication between control server and robotic devices,Grey Orange Incorporated,GREY ORANGE,GREY ORANGE,US,28822725,1,B25J-0009/161,E_auto,제외전용신호+Tier신호없음,False,False,False,False,False,True,False,
17/710949,12134194,2022-03-31,"Robot balance control method, robot controller and computer readable storage medium",UBTECH ROBOTICS CORP LTD,UBTECH ROBOTICS,UBTECH,CN,28825289,1,B25J-0009/1664,T1_auto,휴머노이드명시/전건T1_OEM,True,True,False,False,False,False,False,
17/473702,12138778,2021-09-13,Control system for robotic devices,AI Incorporated,AI,AI,CA,28827165,1,B25J-0013/006,GRAY,,False,False,False,False,False,False,False,
17/720731,12138783,2022-04-14,Robotic end-tool with divider restraining mechanism,"RIOS Intelligent Machines, Inc.",RIOS INTELLIGENT MACHINES,RIOS INTELLIGENT MACHINES,미상,28827166,1,B25J-0015/0616,GRAY,,False,True,False,False,False,False,False,
18/089588,12138803,2022-12-28,"Method for controlling legged robot, robot and computer-readable storage medium",UBTECH ROBOTICS CORP LTD,UBTECH ROBOTICS,UBTECH,CN,28827169,1,B25J-0009/1666,T1_auto,휴머노이드명시/전건T1_OEM,True,True,False,False,False,False,False,
17/763015,12138811,2019-09-30,Robot control device and direct teaching method for robot,FUJI CORPORATION,FUJI,FUJI,JP,28827172,1,B25J-0009/1694,GRAY,,False,False,False,False,False,False,False,
16/614045,11221642,2018-05-15,Manipulating device,KAWASAKI JUKOGYO KABUSHIKI KAISHA,KAWASAKI JUKOGYO,KAWASAKI HEAVY INDUSTRIES,JP,85429667,1,B25J-0009/0051,GRAY,,False,True,False,False,False,False,False,
17/536264,11789426,2021-11-29,"Motor control angle sensor, motor control system, and control method for motor control angle sensor",SEIKO EPSON CORPORATION,SEIKO EPSON,SEIKO EPSON,미상,85442552,1,B25J-0013/088,GRAY,,False,False,False,False,False,False,False,
17/585602,12157227,2022-01-27,Robot control method and robot system,SEIKO EPSON CORPORATION,SEIKO EPSON,SEIKO EPSON,JP,85452125,1,B25J-0009/1633,GRAY,,False,True,False,False,False,False,False,
17/353620,12157234,2021-06-21,Safety trajectories for robotic control systems,INTRINSIC INNOVATION LLC | X DEVELOPMENT LLC,INTRINSIC INNOVATION,ALPHABET,US,85452132,1,B25J-0009/1674,GRAY,,False,True,False,False,False,False,False,
17/093863,11738459,2020-11-10,"Robot control device, robot control method, and non-transitory computer-readable recording medium","PANASONIC INTELLECTUAL PROPERTY MANAGEMENT CO., LTD.",PANASONIC INTELLECTUAL PROPERTY MANAGEMENT,PANASONIC,JP,85473642,1,B25J-0009/1674,GRAY,,False,False,False,False,False,False,False,
17/512685,12030191,2021-10-28,"Vision-guided picking and placing method, mobile robot and computer-readable storage medium","UBKANG (QINGDAO) TECHNOLOGY CO., LTD.",UBKANG (QINGDAO) TECHNOLOGY,UBKANG (QINGDAO) TECHNOLOGY,CN,85478505,1,B25J-0009/1669,GRAY,,False,True,False,False,False,False,False,
16/853813,11420324,2020-04-21,Parallel link robot,FANUC CORPORATION,FANUC,FANUC,JP,85521956,1,B25J-0009/107,GRAY,,False,True,False,False,False,False,False,
17/324473,12090636,2021-05-19,Robot hand device,MELTIN INC.,MELTIN,MELTIN,JP,85522635,1,B25J-0015/0009,T1_auto,휴머노이드명시/전건T1_OEM,True,True,False,False,False,False,False,
15/931677,11724386,2020-05-14,Robotic tool holder with passive compliance,"ATI Industrial Automation, Inc.",ATI INDUSTRIAL AUTOMATION,ATI INDUSTRIAL AUTOMATION,US,85522726,1,B25J-0009/144,GRAY,,False,True,False,False,False,False,False,
16/565186,11312014,2019-09-09,System and method for robotic gripping utilizing dynamic collision modeling for vacuum suction and finger control,KINDRED SYSTEMS II INC. | OCADO CANADA HOLDINGS INC.,KINDRED SYSTEMS II,KINDRED SYSTEMS II,CA,85609705,2,B25J-0009/1612,GRAY,,False,True,False,False,False,True,False,
16/143235,11458621,2018-09-26,"Systems, devices, articles, and methods for parallelization of robots in synchronous communication framework",KINDRED SYSTEMS II INC. | OCADO CANADA HOLDINGS INC.,KINDRED SYSTEMS II,KINDRED SYSTEMS II,CA,85609840,2,B25J-0009/1628,E_auto,제외전용신호+Tier신호없음,False,False,False,False,False,True,False,
17/544274,12145268,2021-12-07,Inverse optimal control for human approach,"HONDA MOTOR CO., LTD.",HONDA MOTOR,HONDA,JP,85610819,1,B25J-0009/1607,GRAY,,False,False,False,False,False,False,False,
17/496711,12151378,2021-10-07,Vibration reduction system for precision robotics applications,NIKON CORPORATION,NIKON,NIKON,JP,85611577,1,B25J-0009/1664,GRAY,,False,True,False,False,False,False,False,
17/509456,12162139,2021-10-25,"Gripping tool with expandable, compliant grippers, and related systems and methods","Amazon Technologies, Inc.",AMAZON TECHNOLOGIES,AMAZON,US,85625042,1,B25J-0015/08,GRAY,,False,True,False,False,False,False,False,
17/732694,12162142,2022-04-29,Automatic end-to-end testing of mobile applications displaying optical barcodes,"RAKUTEN GROUP, INC.",RAKUTEN GROUP,RAKUTEN GROUP,JP,85625045,1,B25J-0019/0095,GRAY,,False,False,False,False,False,False,False,
18/084890,12162149,2022-12-20,Transition method of locomotion gait of robot,Inventec (Pudong) Technology Corporation | Inventec Corporation,INVENTEC (PUDONG) TECHNOLOGY,INVENTEC (PUDONG) TECHNOLOGY,CN,85625051,1,B25J-0009/161,GRAY,,False,True,False,False,False,False,False,
17/419011,12162151,2019-12-27,"Robot control device, robot system and robot control method",KAWASAKI JUKOGYO KABUSHIKI KAISHA,KAWASAKI JUKOGYO,KAWASAKI HEAVY INDUSTRIES,JP,85625053,1,B25J-0003/04,GRAY,,False,True,False,False,False,False,False,
17/133069,12162156,2020-12-23,Robotic manipulation planning based on probalistic elastoplastic deformation material point method,INTEL CORPORATION,INTEL,INTEL,US,85625057,1,B25J-0009/1661,GRAY,,False,True,False,False,False,False,False,
17/624028,12162159,2020-07-02,Moving robot and method of controlling the same,LG ELECTRONICS INC.,LG ELECTRONICS,LG,KR,85625060,1,B25J-0009/1666,GRAY,,False,False,False,False,False,False,False,
17/844361,12164280,2022-06-20,Method for estimating intention using unsupervised learning,Hyundai Motor Company | Kia Corporation,HYUNDAI MOTOR,HYUNDAI MOTOR GROUP,KR,85627135,1,B25J-0015/0009,GRAY,,False,True,False,False,False,False,False,
16/889021,11628567,2020-06-01,Obstacle search device of robot system,FANUC CORPORATION,FANUC,FANUC,JP,85638000,1,B25J-0009/1666,GRAY,,False,False,False,False,False,False,False,
16/385470,11185980,2019-04-16,Machine learning-based systems and methods for controlling robotic object picking and placement in training and run time environments,ABB SCHWEIZ AG,ABB SCHWEIZ,ABB,CH,85639156,1,B25J-0009/163,GRAY,,False,True,False,False,False,False,False,
15/900307,10486311,2018-02-20,Robotic gripper camera,"FLIR DETECTION, INC.",FLIR DETECTION,FLIR DETECTION,US,85700358,2,B25J-0009/1697,GRAY,,False,True,False,False,False,False,False,
17/560833,11931889,2021-12-23,Control method for regenerative brake and robot system,SEIKO EPSON CORPORATION,SEIKO EPSON,SEIKO EPSON,JP,85712299,1,B25J-0019/0004,GRAY,,False,True,False,False,False,False,False,
17/582403,11745362,2022-01-24,"Robot, attachment method, and detachment method",SEIKO EPSON CORPORATION,SEIKO EPSON,SEIKO EPSON,미상,85712330,1,B25J-0015/0009,GRAY,,False,True,False,False,False,False,False,
16/824673,10766141,2020-03-19,Robotic system with a coordinated transfer mechanism,"MUJIN, Inc.",MUJIN,MUJIN,JP,85713624,1,B25J-0009/1682,GRAY,,False,True,False,False,False,False,False,
16/806922,11485011,2020-03-02,Robot manipulator and robot,"CLOUDMINDS ROBOTICS CO., LTD.",CLOUDMINDS ROBOTICS,CLOUDMINDS ROBOTICS,CN,85731204,1,B25J-0009/102,GRAY,,False,True,False,False,False,False,False,
17/095619,12157228,2020-11-11,Continuum robot and continuum robot control system,CANON KABUSHIKI KAISHA,CANON,CANON,JP,85799511,1,B25J-0009/1635,E_auto,제외전용신호+Tier신호없음,False,False,True,False,False,False,False,
17/463870,12168296,2021-09-01,Re-simulation of recorded episodes,GOOGLE LLC,GOOGLE,ALPHABET,US,85838456,1,B25J-0009/1605,GRAY,,False,False,False,False,False,False,False,
17/167353,12168297,2021-02-04,Robot apparatus and control method,Canon Kabushiki Kaisha,CANON,CANON,JP,85838457,1,B25J-0009/1612,GRAY,,False,True,False,False,False,False,False,
17/624865,12168299,2019-09-09,"Information processing device, control method, and storage medium",NEC CORPORATION,NEC,NEC,JP,85838459,1,B25J-0009/1661,GRAY,,False,False,False,False,False,False,False,
16/415243,11173603,2019-05-17,Robot system and robot,FANUC CORPORATION,FANUC,FANUC,JP,85846263,1,B25J-0009/1628,E_auto,제외전용신호+Tier신호없음,False,False,False,False,False,True,False,
17/099857,11338450,2020-11-17,Multi-purpose end-effectors with rollers and pneumatically controlled grippers for robotic emblem installation,GM GLOBAL TECHNOLOGY OPERATIONS LLC,GM GLOBAL TECHNOLOGY OPERATIONS,GM,US,85849195,1,B25J-0015/0066,GRAY,,False,True,False,False,False,False,False,
17/059040,11577390,2019-03-14,Information processing device and information processing method,SONY CORPORATION,SONY,SONY,JP,85921149,1,B25J-0009/1653,GRAY,,False,True,False,False,False,False,False,
17/456214,12070862,2021-11-23,"Robot system, control method for robot system, and adjustment method for force control parameters in robot system",SEIKO EPSON CORPORATION,SEIKO EPSON,SEIKO EPSON,JP,85931833,1,B25J-0009/1633,GRAY,,False,False,False,False,False,False,False,
16/574786,11260525,2019-09-18,Master robot for controlling slave robot and driving method thereof,LG ELECTRONICS INC.,LG ELECTRONICS,LG,KR,85934887,1,B25J-0003/00,GRAY,,False,False,False,False,False,False,False,
16/892216,11607806,2020-06-03,Techniques for generating controllers for robots,"AUTODESK, INC.",AUTODESK,AUTODESK,US,85951727,1,B25J-0009/163,GRAY,,False,False,False,False,False,False,False,
16/538114,11235458,2019-08-12,Manipulating boxes using a zoned gripper,"BOSTON DYNAMICS, INC.",BOSTON DYNAMICS,HYUNDAI MOTOR GROUP(2021~)/구글·소프트뱅크(이전),US,86025796,3,B25J-0009/10,GRAY,,False,True,False,False,False,False,False,
17/058770,11858140,2019-05-24,Robot system and supplemental learning method,KAWASAKI JUKOGYO KABUSHIKI KAISHA,KAWASAKI JUKOGYO,KAWASAKI HEAVY INDUSTRIES,JP,86048240,2,B25J-0009/163,GRAY,,False,False,False,False,False,False,False,
17/523382,12172316,2021-11-10,Robotic system for inspecting a part and associated methods,The Boeing Company,THE BOEING,THE BOEING,US,86048245,1,B25J-0009/1664,GRAY,,False,False,False,False,False,False,False,
16/848079,11618166,2020-04-14,"Robot operating device, robot, and robot operating method",FANUC CORPORATION,FANUC,FANUC,JP,86059873,1,B25J-0009/1689,GRAY,,False,True,False,False,False,False,False,
16/759621,11953888,2018-10-25,Production cell,FESTO SE & CO. KG,FESTO & CO KG,FESTO & CO KG,DE,86122390,1,B25J-0021/00,GRAY,,False,True,False,False,False,False,False,
17/560717,12172308,2021-12-23,Method of determining control position of robot and robot system,SEIKO EPSON CORPORATION,SEIKO EPSON,SEIKO EPSON,JP,86131856,1,B25J-0009/1602,GRAY,,False,False,False,False,False,False,False,
16/540565,11358276,2019-08-14,Robot and robot system,FANUC CORPORATION,FANUC,FANUC,JP,86142794,1,B25J-0009/1612,GRAY,,False,True,False,False,False,False,False,
14/879762,10682763,2015-10-09,Robot system that operates through a network firewall,"INTOUCH TECHNOLOGIES, INC.",INTOUCH TECHNOLOGIES,INTOUCH TECHNOLOGIES,US,86212856,1,B25J-0009/1689,GRAY,,False,False,False,False,False,False,False,
17/610471,12179358,2020-02-25,"Robot apparatus, method for controlling robot apparatus, and load compensation apparatus",SONY GROUP CORPORATION,SONY GROUP,SONY,JP,86221263,1,B25J-0009/1638,GRAY,,False,True,False,False,False,False,False,
16/122514,10821603,2018-09-05,Methods and apparatus for robot control,THE BOEING COMPANY,THE BOEING,THE BOEING,US,86232809,1,B25J-0009/163,GRAY,,False,False,False,False,False,False,False,
16/926781,11584011,2020-07-13,Robot control system of fitting of a plurality of points,FANUC CORPORATION,FANUC,FANUC,JP,86233855,1,B25J-0009/1687,GRAY,,False,True,False,False,False,False,False,
17/148022,11673258,2021-01-13,Modular robotic device and method to operate a modular robotic device,GM Global Technology Operations LLC,GM GLOBAL TECHNOLOGY OPERATIONS,GM,US,86235991,1,B25J-0009/08,GRAY,,False,True,False,False,False,False,False,
17/276285,12122041,2019-08-05,Electric tool changer,GIMATIC S.R.L.,GIMATIC,GIMATIC,IT,86319643,1,B25J-0015/0416,GRAY,,False,True,False,False,False,False,False,
16/770641,11685062,2018-12-07,"Oil-lubricated kinematic module connecting system, mainly the transmission or bearing modules of industrial robot; method of kinematic module lubrication","EROBOT, J.S.A.",EROBOT JSA,EROBOT JSA,SK,86325864,1,B25J-0019/0062,GRAY,,False,False,False,False,False,False,False,
15/941492,11014234,2018-03-30,Control device and robot system,Seiko Epson Corporation,SEIKO EPSON,SEIKO EPSON,미상,86330923,1,B25J-0009/1633,GRAY,,False,False,False,False,False,False,False,
17/280514,11752643,2019-09-10,Robot hand guide device,KUKA DEUTSCHLAND GMBH,KUKA DEUTSCHLAND,KUKA,DE,86331316,1,B25J-0015/0408,GRAY,,False,True,False,False,False,False,False,
14/627107,9561588,2015-02-20,Robot system including plurality of robot control devices,FANUC CORPORATION,FANUC,FANUC,JP,86337865,1,B25J-0009/163,GRAY,,False,False,False,False,False,False,False,
15/243859,9889560,2016-08-22,Robot system for operating robot from plurality of teaching devices,FANUC CORPORATION,FANUC,FANUC,JP,86337995,1,B25J-0009/161,GRAY,,False,False,False,False,False,False,False,
15/726532,10759065,2017-10-06,Machine tool,FANUC CORPORATION,FANUC,FANUC,JP,86338097,1,B25J-0019/0075,GRAY,,False,True,False,False,False,False,False,
15/802529,10179409,2017-11-03,Robot system having cooperative operating region,FANUC CORPORATION,FANUC,FANUC,JP,86338107,1,B25J-0013/089,GRAY,,False,False,False,False,False,False,False,
15/865399,10252415,2018-01-09,Human collaborative robot system having safety assurance operation function for robot,FANUC CORPORATION,FANUC,FANUC,JP,86338121,1,B25J-0009/0081,GRAY,,False,True,False,False,False,False,False,
15/915182,10618161,2018-03-08,Robot,FANUC CORPORATION,FANUC,FANUC,JP,86338141,1,B25J-0009/046,GRAY,,False,True,False,False,False,False,False,
15/954092,10906183,2018-04-16,Calibration system,"Toyota Jidosha Kabushiki Kaisha | Tamadic Co., Ltd. | Shinya Hirano",TOYOTA JIDOSHA,TOYOTA,JP,86338145,1,B25J-0009/1692,GRAY,,False,False,False,False,False,False,False,
16/530048,11571822,2019-08-02,"Control device, grease cooling method and management device",FANUC CORPORATION,FANUC,FANUC,JP,86338225,1,B25J-0019/0054,GRAY,,False,True,False,False,False,False,False,
16/590828,11254010,2019-10-02,Machine tool,OKUMA CORPORATION,OKUMA,OKUMA,JP,86338232,1,B25J-0009/1697,GRAY,,False,False,False,False,False,False,False,
16/704213,11130224,2019-12-05,Parallel link robot,FANUC CORPORATION,FANUC,FANUC,JP,86338251,1,B25J-0009/0072,GRAY,,False,True,False,False,False,False,False,
16/834062,11534912,2020-03-30,"Vibration display device, operation program creating device, and system",FANUC CORPORATION,FANUC,FANUC,JP,86338283,1,B25J-0009/163,GRAY,,False,False,False,False,False,False,False,
16/853138,11628564,2020-04-20,Robot control device and robot programming device,FANUC CORPORATION,FANUC,FANUC,JP,86352734,1,B25J-0009/1633,GRAY,,False,False,False,False,False,False,False,
16/511285,11230013,2019-07-15,Calibration system and calibration method of robot,FANUC CORPORATION,FANUC,FANUC,JP,86363216,1,B25J-0009/1692,GRAY,,False,True,False,False,False,False,False,
17/632446,12186891,2020-07-27,"Information processing device, information processing method, program, and robot",SONY GROUP CORPORATION,SONY GROUP,SONY,JP,86425616,1,B25J-0013/082,GRAY,,False,True,False,False,False,False,False,
17/452247,12186907,2021-10-26,Dynamic use of artificial intelligence (AI) models on an autonomous AI enabled robotic device,International Business Machines Corporation,INTERNATIONAL BUSINESS MACHINES,INTERNATIONAL BUSINESS MACHINES,US,86425631,1,B25J-0009/163,GRAY,,False,False,False,False,False,False,False,
18/075450,12186909,2022-12-06,"Robot control method, robot, and computer-readable storage medium",UBTECH ROBOTICS CORP LTD,UBTECH ROBOTICS,UBTECH,CN,86425633,1,B25J-0009/1633,GRAY,,False,True,False,False,False,False,False,
17/680974,12186910,2022-02-25,"Device for controlling return of robot to origin thereof, and method of searching return path of robot to origin thereof",DENSO WAVE INCORPORATED,DENSO WAVE,DENSO,JP,86425634,1,B25J-0009/1664,GRAY,,False,True,False,False,False,False,False,
16/683675,11376747,2019-11-14,Robot controller and robotic system,FANUC CORPORATION,FANUC,FANUC,JP,86439549,1,B25J-0015/04,GRAY,,False,False,False,False,False,False,False,
16/659731,11254006,2019-10-22,Robot device,Fanuc Corporation,FANUC,FANUC,JP,86530410,1,B25J-0009/1692,GRAY,,False,False,False,False,False,False,False,
17/566879,12179346,2021-12-31,"Active and passive arm module, end module and industrial robot",BECKHOFF AUTOMATION GMBH,BECKHOFF AUTOMATION,BECKHOFF AUTOMATION,DE,86605525,1,B25J-0019/0029,GRAY,,False,True,False,False,False,False,False,
17/457753,11938633,2021-12-06,Autonomous robust assembly planning,FANUC CORPORATION,FANUC,FANUC,JP,86613526,2,B25J-0009/1661,GRAY,,False,False,False,False,False,False,False,
17/446228,12172321,2021-08-27,Work mode and travel mode for mobile robots,"Boston Dynamics, Inc.",BOSTON DYNAMICS,HYUNDAI MOTOR GROUP(2021~)/구글·소프트뱅크(이전),US,86615621,1,B25J-0009/162,GRAY,,False,True,False,False,False,False,False,
17/098716,11639004,2020-11-16,"Mechanical hand, useful in robotics",SANCTUARY COGNITIVE SYSTEMS CORPORATION,SANCTUARY COGNITIVE SYSTEMS,SANCTUARY COGNITIVE SYSTEMS,CA,86616155,2,B25J-0015/0009,T1_auto,T1후보-제외신호동반(검증필요),False,True,False,True,False,False,False,
17/566726,12179364,2021-12-31,"Motion trajectory planning method for robotic manipulator, robotic manipulator and computer-readable storage medium",UBTECH ROBOTICS CORP LTD,UBTECH ROBOTICS,UBTECH,CN,86617893,1,B25J-0009/1664,GRAY,,False,True,False,False,False,False,False,
17/362897,12194627,2021-06-29,Modular robotic manipulation systems,"AMAZON TECHNOLOGIES, INC.",AMAZON TECHNOLOGIES,AMAZON,US,86630769,1,B25J-0009/08,GRAY,,False,True,False,False,False,True,False,
16/786636,12194630,2020-02-10,Industrial robot system and method for controlling an industrial robot,BECKHOFF AUTOMATION GMBH,BECKHOFF AUTOMATION,BECKHOFF AUTOMATION,DE,86630772,1,B25J-0009/1605,GRAY,,False,True,False,False,False,False,False,
18/091962,12194634,2022-12-30,Error detection method and robot system based on a plurality of pose identifications,THE FIRST AFFILIATED HOSPITAL OF NAVAL MEDICAL UNIVERSITY | BEIJING SURGERII ROBOTICS COMPANY LIMITED,THE FIRST AFFILIATED HOSPITAL OF NAVAL MEDICAL UNIVERSITY,THE FIRST AFFILIATED HOSPITAL OF NAVAL MEDICAL UNIVERSITY,CN,86630776,1,B25J-0009/1653,GRAY,,False,True,False,False,False,False,False,
18/571741,12017372,2021-09-08,Robot control device,MITSUBISHI ELECTRIC CORPORATION,MITSUBISHI ELECTRIC,MITSUBISHI ELECTRIC,JP,86645837,1,B25J-0009/1676,GRAY,,False,False,False,False,False,False,False,
16/760885,11518046,2019-09-03,Multi-functional long arm gripping mechanism,KIMIYA GMBH,KIMIYA,KIMIYA,DE,86700642,1,B25J-0015/02,GRAY,,False,True,False,False,False,False,False,
17/679156,12138799,2022-02-24,"Robot control system, robot controller, and robot control method",KABUSHIKI KAISHA YASKAWA DENKI,YASKAWA DENKI,YASKAWA,JP,86709420,1,B25J-0009/1656,GRAY,,False,False,False,False,False,False,False,
17/101500,11685058,2020-11-23,Soft robotic tentacle gripper,MITSUBISHI ELECTRIC RESEARCH LABORATORIES INC.,MITSUBISHI ELECTRIC RESEARCH LABORATORIES,MITSUBISHI ELECTRIC,US,86709541,1,B25J-0015/0233,GRAY,,False,True,False,False,False,False,False,
16/377682,11007640,2019-04-08,Rotary drive device and a robot arm of a robot equipped therewith,FESTO SE & CO. KG,FESTO & CO KG,FESTO & CO KG,DE,86711371,1,B25J-0009/146,GRAY,,False,True,False,False,False,False,False,
17/889750,12115663,2022-08-17,Maritime applications for a mobile robot,ROAM ROBOTICS INC.,ROAM ROBOTICS,ROAM ROBOTICS,US,86816197,1,B25J-0009/0006,GRAY,,False,True,False,True,False,False,False,
17/242893,11919146,2021-04-28,"Method, system, and non-transitory computer-readable recording medium for controlling a serving robot","Bear Robotics, Inc.",BEAR ROBOTICS,BEAR ROBOTICS,US,86819959,1,B25J-0011/008,GRAY,,False,False,False,False,False,False,False,
17/453724,12202121,2021-11-05,Robot,"HONDA MOTOR CO., LTD.",HONDA MOTOR,HONDA,JP,86861356,1,B25J-0011/0005,GRAY,,False,True,False,False,False,False,False,
17/969381,12202122,2022-10-19,Autonomous drive through system and a method thereof,Techolution Consulting LLC,TECHOLUTION CONSULTING,TECHOLUTION CONSULTING,US,86861357,1,B25J-0011/0005,GRAY,,False,False,False,False,False,False,False,
17/474593,12202128,2021-09-14,Robotic picking assemblies with highly damped suction cups,"Amazon Technologies, Inc.",AMAZON TECHNOLOGIES,AMAZON,US,86861363,1,B25J-0015/0683,GRAY,,False,True,False,False,False,False,False,
17/509100,12202141,2021-10-25,"Method of supporting adjustment of parameter set of robot, a non-transitory computer-readable storage medium, and information processing device",SEIKO EPSON CORPORATION,SEIKO EPSON,SEIKO EPSON,JP,86861375,1,B25J-0009/163,GRAY,,False,False,False,False,False,False,False,
17/502699,12202146,2021-10-15,Method of robotic system dynamic velocity modification,FANUC CORPORATION,FANUC,FANUC,JP,86861380,1,B25J-0009/1666,GRAY,,False,True,False,False,False,False,False,
17/214922,12203952,2021-03-28,"Processed product production apparatus, processed product production method, computer-readable storage medium, and processed product production system",KABUSHIKI KAISHA YASKAWA DENKI,YASKAWA DENKI,YASKAWA,JP,86863156,1,B25J-0009/1682,GRAY,,False,False,False,False,False,False,False,
17/782885,12179345,2022-03-14,"Brake assembly, joint actuator and robot","SHANGHAI FLEXIV ROBOTICS TECHNOLOGY CO., LTD.",SHANGHAI FLEXIV ROBOTICS TECHNOLOGY,SHANGHAI FLEXIV ROBOTICS TECHNOLOGY,CN,86916856,1,B25J-0019/0004,GRAY,,False,True,False,False,False,False,False,
17/666588,12138786,2022-02-08,"Teaching device, teaching method, and recording medium",SEIKO EPSON CORPORATION,SEIKO EPSON,SEIKO EPSON,JP,86921234,1,B25J-0009/0081,GRAY,,False,True,False,False,False,False,False,
17/525959,12053888,2021-11-15,Suspended robot recovery,KABUSHIKI KAISHA YASKAWA DENKI,YASKAWA DENKI,YASKAWA,JP,86941382,1,B25J-0009/1653,GRAY,,False,False,False,False,False,False,False,
16/507599,12186885,2019-07-10,Device for performing emotional gestures to interact with a user,"Intuition Robotics, Ltd",INTUITION ROBOTICS,INTUITION ROBOTICS,IL,87001898,1,B25J-0011/001,GRAY,,False,False,False,False,False,False,False,
18/804271,12186923,2024-08-14,Autonomous driving robot capable of obstacle avoidance movement,"TWINNY CO., LTD.",TWINNY,TWINNY,KR,87013686,1,B25J-0009/1697,GRAY,,False,False,False,False,False,False,False,
17/725039,12186894,2022-04-20,Articulated mechanism with protective sleeve at joint,KINOVA INC.,KINOVA,KINOVA,CA,87014842,1,B25J-0017/00,GRAY,,False,True,False,False,False,False,False,
17/224809,11618159,2021-04-07,Soft continuum robotic module,Arizona Board of Regents on Behalf of Arizona State University,ARIZONA BOARD OF REGENTS ON BEHALF OF ARIZONA STATE UNIVERSITY,ARIZONA BOARD OF REGENTS ON BEHALF OF ARIZONA STATE UNIVERSITY,US,87015185,2,B25J-0009/142,GRAY,,False,True,False,False,False,False,False,
16/201294,11992931,2018-11-27,Method and apparatus for efficient automated production of deboned and other meat cuts utilizing an ultrasonic knife and coupled controller,"Tyson Foods, Inc.",TYSON FOODS,TYSON FOODS,US,87017089,1,B25J-0011/0055,GRAY,,False,True,False,False,False,False,False,
17/300010,12194615,2021-02-05,Surface removal system,The United States of America as represented by the Secretary of the U.S. Navy | The United States of America as represented by the Secretary of the Navy,THE UNITED STATES OF AMERICA AS REPRESENTED BY THE SECRETARY OF THE US NAVY,THE UNITED STATES OF AMERICA AS REPRESENTED BY THE SECRETARY OF THE US NAVY,US,87017226,1,B25J-0011/0055,GRAY,,False,True,False,False,False,False,False,
15/643138,10427306,2017-07-06,Multimodal object identification,X DEVELOPMENT LLC,X DEVELOPMENT,ALPHABET,US,87018648,3,B25J-0009/1697,GRAY,,False,False,False,False,False,False,False,
18/144111,12110218,2023-05-05,Lift device with robotic welding attachment,OSHKOSH CORPORATION,OSHKOSH,OSHKOSH,US,87018832,1,B25J-0005/06,GRAY,,False,False,False,False,False,False,False,
17/920990,12208506,2022-04-01,Dual-airway bionic snail soft robot,SOUTHEAST UNIVERSITY,SOUTHEAST UNIVERSITY,SOUTHEAST UNIVERSITY,CN,87028214,1,B25J-0011/00,GRAY,,False,False,False,False,False,False,False,
17/344074,12208511,2021-06-10,Gripping apparatus for plate-shaped workpiece and gripping method for plate-shaped workpiece,DENSO WAVE INCORPORATED,DENSO WAVE,DENSO,JP,87028219,1,B25J-0015/0014,GRAY,,False,True,False,False,False,False,False,
17/788741,12208519,2020-12-25,"Multi-axis robot and control method therefor, and work tool",KAWASAKI JUKOGYO KABUSHIKI KAISHA,KAWASAKI JUKOGYO,KAWASAKI HEAVY INDUSTRIES,JP,87028227,1,B25J-0009/1015,GRAY,,False,False,False,False,False,False,False,
16/571206,11235463,2019-09-16,Robot system and robot control method for cooperative work with human,FANUC CORPORATION,FANUC,FANUC,JP,87038459,1,B25J-0009/1633,GRAY,,False,True,False,False,False,False,False,
17/590923,12179368,2022-02-02,Robot control device and robot system,SEIKO EPSON CORPORATION,SEIKO EPSON,SEIKO EPSON,JP,87109771,1,B25J-0009/1674,GRAY,,False,False,False,False,False,False,False,
17/427221,12030197,2019-02-22,"Delta robot calibration methods, control system, delta robot and robot system",ABB SCHWEIZ AG,ABB SCHWEIZ,ABB,CH,87131860,1,B25J-0009/1692,E_auto,제외전용신호+Tier신호없음,False,False,True,False,False,False,False,
17/840616,12202153,2022-06-15,Robot operation for a moving workpiece,KABUSHIKI KAISHA YASKAWA DENKI,YASKAWA DENKI,YASKAWA,JP,87220201,1,B25J-0005/007,GRAY,,False,True,False,False,False,False,False,
16/558985,12214488,2019-09-03,Robotic arm and robot,"SHANGHAI FLEXIV ROBOTICS TECHNOLOGY CO., LTD. | FLEXIV LTD.",SHANGHAI FLEXIV ROBOTICS TECHNOLOGY,SHANGHAI FLEXIV ROBOTICS TECHNOLOGY,CN,87235070,1,B25J-0013/085,GRAY,,False,True,False,False,False,False,False,
17/382569,12214495,2021-07-22,Method for learning robot task and robot system using the same,NAVER CORPORATION,NAVER,NAVER,KR,87235077,1,B25J-0009/163,GRAY,,False,True,False,False,False,False,False,
17/908238,12214498,2020-05-09,Robot joint torque control system and load compensation method therefor,BEIJING UNIVERSITY OF TECHNOLOGY,BEIJING UNIVERSITY OF TECHNOLOGY,BEIJING UNIVERSITY OF TECHNOLOGY,CN,87235080,1,B25J-0009/1633,GRAY,,False,True,False,False,False,False,False,
17/595223,12214499,2019-05-17,Technique for parameter conversion between a robotic device and a controller for the robotic device,TELEFONAKTIEBOLAGET LM ERICSSON (PUBL),TELEFONAKTIEBOLAGET LM ERICSSON (PUBL),TELEFONAKTIEBOLAGET LM ERICSSON (PUBL),SE,87235081,1,B25J-0009/1653,GRAY,,False,False,False,False,False,False,False,
16/746164,11511430,2020-01-17,Robot controller and management system,FANUC CORPORATION,FANUC,FANUC,JP,87272448,1,B25J-0009/1674,GRAY,,False,True,False,False,False,False,False,
17/674467,11511414,2022-02-17,Robot control device,DAILY COLOR INC.,DAILY COLOR,DAILY COLOR,JP,87273403,1,B25J-0009/163,GRAY,,False,True,False,False,False,False,False,
16/252383,10335947,2019-01-18,Robotic system with piece-loss management mechanism,"MUJIN, INC.",MUJIN,MUJIN,JP,87302982,5,B25J-0009/1664,GRAY,,False,True,False,False,False,True,False,
15/913212,10773382,2018-03-06,Machine learning methods and apparatus for robotic manipulation and that utilize multi-task domain adaptation,X DEVELOPMENT LLC,X DEVELOPMENT,ALPHABET,US,87307223,2,B25J-0009/163,GRAY,,False,True,False,False,False,False,False,
17/492562,12145280,2021-10-02,Image-based guidance for robotic wire pickup,The Boeing Company,THE BOEING,THE BOEING,US,87307227,1,B25J-0009/1697,GRAY,,False,True,False,False,False,False,False,
18/010810,12220821,2020-09-14,Robot control device,MITSUBISHI ELECTRIC CORPORATION,MITSUBISHI ELECTRIC,MITSUBISHI ELECTRIC,JP,87320147,1,B25J-0009/1664,GRAY,,False,False,False,False,False,False,False,
16/823335,11534908,2020-03-19,Operation adjustment apparatus for adjusting operation of robot apparatus and operation adjustment method for adjusting operation of robot apparatus,FANUC CORPORATION,FANUC,FANUC,JP,87331581,1,B25J-0009/1602,GRAY,,False,True,False,False,False,False,False,
17/275315,12090666,2019-11-27,"Path generation device, path generation method, and recording medium storing path generation program",OMRON CORPORATION,OMRON,OMRON,JP,87332353,1,B25J-0009/1666,GRAY,,False,True,False,False,False,False,False,
15/962267,10864633,2018-04-25,Automated personalized feedback for interactive learning applications,"SOUTHIE AUTONOMY WORKS, LLC",SOUTHIE AUTONOMY WORKS,SOUTHIE AUTONOMY WORKS,US,87388315,2,B25J-0009/163,GRAY,,False,False,False,False,False,False,False,
16/695210,11504860,2019-11-26,"Characteristic estimation system, characteristic estimation method, and information storage medium",KABUSHIKI KAISHA YASKAWA DENKI,YASKAWA DENKI,YASKAWA,JP,87388472,1,B25J-0009/1653,GRAY,,False,True,False,False,False,False,False,
17/040211,11931906,2019-04-02,Mobile robot device and method for providing service to user,"SAMSUNG ELECTRONICS CO., LTD.",SAMSUNG ELECTRONICS,SAMSUNG,KR,87388602,1,B25J-0009/1676,GRAY,,False,True,False,False,True,False,False,
17/514147,11945122,2021-10-29,Robot control method and robot system,SEIKO EPSON CORPORATION,SEIKO EPSON,SEIKO EPSON,JP,87389303,1,B25J-0009/1687,E_auto,제외전용신호+Tier신호없음,False,False,False,False,False,True,False,
16/627584,11701782,2018-06-28,Moving robot,LG ELECTRONICS INC.,LG ELECTRONICS,LG,KR,87489582,2,B25J-0011/0005,GRAY,,False,False,False,False,False,False,False,
17/539989,12097614,2021-12-01,Object manipulation,"HONDA MOTOR CO., LTD.",HONDA MOTOR,HONDA,JP,87500003,2,B25J-0009/1612,GRAY,,False,True,False,False,False,False,False,
17/580552,12208521,2022-01-20,System and method for robot learning from human demonstrations with formal logic,UNIVERSITY OF SOUTHERN CALIFORNIA,UNIVERSITY OF SOUTHERN CALIFORNIA,UNIVERSITY OF SOUTHERN CALIFORNIA,US,87500079,1,B25J-0009/163,GRAY,,False,True,False,False,False,False,False,
17/336986,11845190,2021-06-02,Injecting noise into robot simulation,GOOGLE LLC,GOOGLE,ALPHABET,US,87500571,2,B25J-0009/1605,GRAY,,False,True,False,False,False,False,False,
16/565786,11358277,2019-09-10,Robot system and control method of the same,LG ELECTRONICS INC.,LG ELECTRONICS,LG,KR,87518758,1,B25J-0009/1674,GRAY,,False,False,False,False,False,False,False,
17/398838,12226895,2021-08-10,Robotic end effectors having fingers and nails to grasp and cage items,"Amazon Technologies, Inc.",AMAZON TECHNOLOGIES,AMAZON,US,87522710,1,B25J-0015/12,GRAY,,False,True,False,False,False,False,False,
17/376306,12226901,2021-07-15,Smart change evaluator for robotics automation,Bank of America Corporation,BANK OF AMERICA,BANK OF AMERICA,US,87522716,1,B25J-0009/163,GRAY,,False,False,False,False,False,False,False,
17/626926,12226902,2020-07-10,Method and manipulation system for manipulation of an object by a robot,SIEMENS AKTIENGESELLSCHAFT,SIEMENS,SIEMENS,DE,87522717,1,B25J-0009/163,GRAY,,False,True,False,False,False,False,False,
17/732568,12226903,2022-04-29,"Gait control method, biped robot, and computer-readable storage medium",UBTECH ROBOTICS CORP LTD,UBTECH ROBOTICS,UBTECH,CN,87522718,1,B25J-0009/163,T1_auto,휴머노이드명시/전건T1_OEM,True,True,False,False,False,False,False,
17/614446,12226908,2020-05-22,"Control device, control method, and program",SONY GROUP CORPORATION,SONY GROUP,SONY,JP,87522723,1,B25J-0009/1633,GRAY,,False,True,False,False,False,False,False,
17/514194,12226912,2021-10-29,Control method for robot,SEIKO EPSON CORPORATION,SEIKO EPSON,SEIKO EPSON,JP,87522727,1,B25J-0009/1687,GRAY,,False,True,False,False,False,False,False,
17/635585,12228893,2019-08-30,"Information processing device, control method, and storage medium",NEC CORPORATION,NEC,NEC,JP,87524685,1,B25J-0009/1661,GRAY,,False,False,False,False,False,False,False,
16/641278,11613015,2017-09-18,Technique for providing reliable control in a cloud robotics system,TELEFONAKTIEBOLAGET LM ERICSSON (PUBL),TELEFONAKTIEBOLAGET LM ERICSSON (PUBL),TELEFONAKTIEBOLAGET LM ERICSSON (PUBL),SE,87605284,1,B25J-0009/1643,GRAY,,False,False,False,False,False,False,False,
17/528202,12162133,2021-11-17,Massage system and massage device,"FAMILY INADA CO., LTD.",FAMILY INADA,FAMILY INADA,JP,87624879,1,B25J-0011/008,GRAY,,False,True,False,False,False,False,False,
16/864320,11673273,2020-05-01,"Off-line programming apparatus, robot controller, and augmented reality system",FANUC CORPORATION,FANUC,FANUC,JP,87636882,1,B25J-0009/1671,GRAY,,False,False,False,False,False,False,False,
18/268607,12023800,2021-12-28,"Robot hand, robot arm, and robot",MITSUBISHI ELECTRIC CORPORATION,MITSUBISHI ELECTRIC,MITSUBISHI ELECTRIC,JP,87744054,4,B25J-0015/10,GRAY,,False,True,False,False,False,False,False,
16/115902,10759044,2018-08-29,Device and method for controlled motion of a tool,"ELYTRA TECHNOLOGIES, LLC",ELYTRA TECHNOLOGIES,ELYTRA TECHNOLOGIES,US,87747246,1,B25J-0001/02,GRAY,,False,True,True,False,False,False,False,
15/005687,9925667,2016-01-25,Continuous slip recovery,"BOSTON DYNAMICS, INC.",BOSTON DYNAMICS,HYUNDAI MOTOR GROUP(2021~)/구글·소프트뱅크(이전),US,87747252,4,B25J-0013/085,GRAY,,False,True,False,False,False,False,False,
16/831148,11465287,2020-03-26,"Robot, method of operating same, and robot system including same",LG ELECTRONICS INC.,LG ELECTRONICS,LG,KR,87753211,1,B25J-0009/163,GRAY,,False,True,False,False,False,False,False,
18/049006,12233536,2022-10-24,Digital finger,WHIRLPOOL CORPORATION,WHIRLPOOL,WHIRLPOOL,US,87757036,1,B25J-0015/0009,GRAY,,False,True,False,False,False,False,False,
17/540997,12233541,2021-12-02,Autonomous modular robots and methods of use,"Ford Global Technologies, LLC",FORD GLOBAL TECHNOLOGIES,FORD GLOBAL TECHNOLOGIES,US,87757041,1,B25J-0018/025,GRAY,,False,False,False,False,False,False,False,
17/785351,12233549,2019-12-16,"Action control apparatus, method and program for the same",NIPPON TELEGRAPH AND TELEPHONE CORPORATION,NIPPON TELEGRAPH AND TELEPHONE,NIPPON TELEGRAPH AND TELEPHONE,JP,87757049,1,B25J-0009/1617,GRAY,,False,False,False,False,False,False,False,
17/616315,12233554,2020-06-10,Robot control system,SONY INTERACTIVE ENTERTAINMENT INC.,SONY INTERACTIVE ENTERTAINMENT,SONY,JP,87757054,1,B25J-0009/1664,GRAY,,False,True,False,False,False,False,False,
17/263854,12233556,2019-07-25,"Control device, control method, and program",SONY CORPORATION,SONY,SONY,JP,87757056,1,B25J-0009/1674,GRAY,,False,False,False,False,False,False,False,
16/412921,11173600,2019-05-15,"Operation device, control system, control method, and non-transitory computer-readable storage medium",KABUSHIKI KAISHA YASKAWA DENKI,YASKAWA DENKI,YASKAWA,JP,87792570,1,B25J-0009/161,GRAY,,False,True,False,False,False,False,False,
16/701837,11858130,2019-12-03,Controller of robot for performing manual operation by operation device,Fanuc Corporation,FANUC,FANUC,JP,87824669,1,B25J-0009/0081,GRAY,,False,True,False,False,False,False,False,
16/943340,11420340,2020-07-30,Suction hand and industrial robot provided with the same,DENSO WAVE INCORPORATED,DENSO WAVE,DENSO,JP,87834665,1,B25J-0015/0616,GRAY,,False,False,False,False,False,False,False,
15/889804,10906182,2018-02-06,Method of teaching robot and robot system,Canon Kabushiki Kaisha,CANON,CANON,JP,87915510,2,B25J-0009/1692,GRAY,,False,False,False,False,False,False,False,
16/230302,11453123,2018-12-21,Robotic device with time-of-flight proximity sensing system,"STMICROELECTRONICS, INC.",STMICROELECTRONICS,STMICROELECTRONICS,US,87917481,2,B25J-0009/1664,GRAY,,False,False,False,False,False,False,False,
17/490810,12214496,2021-09-30,Learning software assisted automated manufacture,George K. Ghanem | Joseph A. Ghanem,GEORGE K GHANEM,GEORGE K GHANEM,US,87917543,1,B25J-0009/163,GRAY,,False,True,False,False,False,False,False,
17/755587,12226913,2020-11-02,Methods and systems to remotely operate robotic devices,THE BOARD OF TRUSTEES OF THE LELAND STANFORD JUNIOR UNIVERSITY,THE BOARD OF TRUSTEES OF THE LELAND STANFORD JUNIOR UNIVERSITY,THE BOARD OF TRUSTEES OF THE LELAND STANFORD JUNIOR UNIVERSITY,US,87918260,1,B25J-0009/1689,GRAY,,False,True,False,False,False,False,False,
17/022216,12145267,2020-09-16,System and method for embodied authoring of human-robot collaborative tasks with augmented reality,Purdue Research Foundation,PURDUE RESEARCH FOUNDATION,PURDUE RESEARCH FOUNDATION,US,87919448,1,B25J-0009/1605,GRAY,,False,True,False,False,False,False,False,
17/578517,12240109,2022-01-19,"Method of creating control program for robot, system executing processing of creating control program for robot, and non-transitory computer-readable storage medium",SEIKO EPSON CORPORATION,SEIKO EPSON,SEIKO EPSON,JP,87927569,1,B25J-0009/0081,GRAY,,False,True,False,False,False,False,False,
16/130444,12240114,2018-09-13,Optimizing an automated process to select and grip an object via a robot,SIEMENS AKTIENGESELLSCHAFT,SIEMENS,SIEMENS,DE,87927574,1,B25J-0009/1612,GRAY,,False,True,False,False,False,True,False,
17/588622,12240116,2022-01-31,"Method of adjusting motion parameter, storage medium, and robot system",SEIKO EPSON CORPORATION,SEIKO EPSON,SEIKO EPSON,JP,87927576,1,B25J-0009/163,GRAY,,False,True,False,False,False,False,False,
17/984215,12240119,2022-11-09,"Motion control method, robot, and computer-readable storage medium",UBTECH ROBOTICS CORP LTD,UBTECH ROBOTICS,UBTECH,CN,87927579,1,B25J-0009/1658,GRAY,,False,True,False,False,False,False,False,
16/742592,11491648,2020-01-14,Robotic systems and corresponding methods for engaging server back-plane connectors,"SYNOPSYS, INC.",SYNOPSYS,SYNOPSYS,US,87997005,1,B25J-0009/123,GRAY,,False,True,False,False,False,False,False,
16/904891,11554481,2020-06-18,Workpiece transport apparatus,Fanuc Corporation,FANUC,FANUC,JP,88026129,1,B25J-0009/12,GRAY,,False,False,False,False,False,False,False,
16/956636,11926058,2017-12-28,"Information providing device, information providing method and program",FUJI CORPORATION,FUJI,FUJI,JP,88087504,1,B25J-0009/1671,GRAY,,False,False,False,False,False,False,False,
17/613958,12005568,2020-07-31,"Control device, control method, and program",JOHNAN CORPORATION,JOHNAN,JOHNAN,JP,88094850,1,B25J-0013/006,GRAY,,False,True,False,False,False,False,False,
18/330998,12233543,2023-06-07,Wire routing for robotic manipulator,"Boston Dynamics, Inc.",BOSTON DYNAMICS,HYUNDAI MOTOR GROUP(2021~)/구글·소프트뱅크(이전),US,88096855,1,B25J-0019/0029,GRAY,,False,True,False,False,False,False,False,
16/664494,11279040,2019-10-25,Robot process automation apparatus and method for detecting changes thereof,"SAMSUNG SDS CO., LTD.",SAMSUNG SDS,SAMSUNG,KR,88106964,1,B25J-0009/1697,GRAY,,False,True,False,False,False,False,False,
17/664261,12246434,2022-05-20,Method for operation and monitoring of painting robot,FANUC AMERICA CORPORATION,FANUC AMERICA,FANUC,US,88111100,1,B25J-0013/006,GRAY,,False,False,False,False,False,False,False,
17/802262,12246451,2021-02-24,Robot control,KUKA DEUTSCHLAND GMBH,KUKA DEUTSCHLAND,KUKA,DE,88111117,1,B25J-0009/1633,GRAY,,False,True,False,False,False,False,False,
17/784118,12246454,2020-12-11,Robot system and method of forming three-dimensional model of workpiece,KAWASAKI JUKOGYO KABUSHIKI KAISHA,KAWASAKI JUKOGYO,KAWASAKI HEAVY INDUSTRIES,JP,88111120,1,B25J-0009/1671,GRAY,,False,True,False,False,False,False,False,
16/613288,11738468,2018-05-16,Robot system,KAWASAKI JUKOGYO KABUSHIKI KAISHA,KAWASAKI JUKOGYO,KAWASAKI HEAVY INDUSTRIES,JP,88184252,1,B25J-0013/06,GRAY,,False,True,False,False,False,False,False,
15/652680,10434641,2017-07-18,In situ gap inspection robot system and method,General Electric Company,GENERAL ELECTRIC,GENERAL ELECTRIC,US,88184273,1,B25J-0005/005,GRAY,,False,False,False,False,False,False,False,
18/399632,12240111,2023-12-28,Robotic joint actuator,Sanctuary Cognitive Systems Corporation,SANCTUARY COGNITIVE SYSTEMS,SANCTUARY COGNITIVE SYSTEMS,CA,88291503,1,B25J-0009/126,T1_auto,휴머노이드명시/전건T1_OEM,True,True,False,False,False,False,False,
17/548620,12251819,2021-12-13,Transport system with protruding portions,TOYOTA JIDOSHA KABUSHIKI KAISHA,TOYOTA JIDOSHA,TOYOTA,JP,88301592,1,B25J-0005/00,GRAY,,False,False,False,False,False,False,False,
18/071345,12251832,2022-11-29,Robot stiffness,ROLLS-ROYCE plc,ROLLS-ROYCE,ROLLS-ROYCE,GB,88301605,1,B25J-0009/065,GRAY,,False,True,False,False,False,False,False,
16/720398,11548148,2019-12-19,Robot control device,FANUC CORPORATION,FANUC,FANUC,JP,88311626,1,B25J-0009/1638,GRAY,,False,False,False,False,False,False,False,
16/810224,11345035,2020-03-05,Control system of industrial robot,FANUC CORPORATION,FANUC,FANUC,JP,88325201,1,B25J-0009/1674,GRAY,,False,False,False,False,False,False,False,
16/860495,11554502,2020-04-28,Annular component installation system and method,The Boeing Company,THE BOEING,THE BOEING,US,88390769,1,B25J-0009/1687,GRAY,,False,True,False,False,False,False,False,
16/694525,11318614,2019-11-25,Robot cleaner and operating method thereof,LG ELECTRONICS INC.,LG ELECTRONICS,LG,KR,88393518,1,B25J-0009/1664,E_auto,제외전용신호+Tier신호없음,False,False,False,False,True,False,False,
16/676764,11192254,2019-11-07,Robot system and adjustment method therefor,FANUC CORPORATION,FANUC,FANUC,JP,88411684,1,B25J-0009/1692,GRAY,,False,False,False,False,False,False,False,
16/784557,11040454,2020-02-07,Robot,FANUC CORPORATION,FANUC,FANUC,JP,88411907,1,B25J-0013/00,GRAY,,False,False,False,False,False,False,False,
17/049791,11803189,2019-01-18,"Control apparatus, control method, robot apparatus and program",SONY CORPORATION,SONY,SONY,JP,88412282,1,B25J-0009/1674,GRAY,,False,False,False,False,False,False,False,
16/748539,11458639,2020-01-21,Systems for changing tools on a gripper apparatus,"MUJIN, INC.",MUJIN,MUJIN,JP,88486399,2,B25J-0015/0616,GRAY,,False,True,False,False,False,False,False,
17/939698,12246435,2022-09-07,Mobile robot configured to determine human arm stiffness during overground interaction,The Curators of the University of Missouri,THE CURATORS OF THE UNIVERSITY OF MISSOURI,THE CURATORS OF THE UNIVERSITY OF MISSOURI,US,88488755,1,B25J-0013/085,GRAY,,False,True,False,False,False,False,False,
18/197915,12246439,2023-05-16,Robotic joint having a spherical linkage,SANCTUARY COGNITIVE SYSTEMS CORPORATION,SANCTUARY COGNITIVE SYSTEMS,SANCTUARY COGNITIVE SYSTEMS,CA,88488756,1,B25J-0015/08,T1_auto,휴머노이드명시/전건T1_OEM,True,True,False,False,False,False,False,
16/743997,11642798,2020-01-15,Method and system for charging robot,LG ELECTRONICS INC.,LG ELECTRONICS,LG,KR,88519923,1,B25J-0019/0066,GRAY,,False,True,False,False,True,False,False,
17/437922,12257704,2019-03-27,Abnormality detection device and abnormality detection method,"NISSAN MOTOR CO., LTD.",NISSAN MOTOR,NISSAN MOTOR,JP,88523130,1,B25J-0019/06,GRAY,,False,False,False,False,False,False,False,
17/976904,12257725,2022-10-31,"Jumping motion control method for biped robot, biped robot and computer-readable storage medium",UBTECH ROBOTICS CORP LTD,UBTECH ROBOTICS,UBTECH,CN,88523148,1,B25J-0009/1692,T1_auto,휴머노이드명시/전건T1_OEM,True,True,False,False,False,False,False,
16/623489,11453128,2017-06-29,"Robot control apparatus, control method and control program",SONY INTERACTIVE ENTERTAINMENT INC.,SONY INTERACTIVE ENTERTAINMENT,SONY,JP,88680712,1,B25J-0009/1692,GRAY,,False,True,False,False,False,False,False,
16/800429,11543798,2020-02-25,System architecture for safety applications,"VEO ROBOTICS, INC.",VEO ROBOTICS,VEO ROBOTICS,US,88784176,2,B25J-0009/1674,GRAY,,False,True,False,False,False,False,False,
18/388738,12251838,2023-11-10,System and/or method for error compensation in mechanical transmissions,Orangewood Labs Inc.,ORANGEWOOD LABS,ORANGEWOOD LABS,US,88785553,1,B25J-0009/163,GRAY,,False,True,False,False,False,False,False,
16/983025,11833674,2020-08-03,Bi-directional robotic crawler for transporting a sensor system about a structure,"APIARY HOLDINGS, LLC | HONEYBEE ROBOTICS, LLC",APIARY,APIARY,US,88813789,1,B25J-0005/005,GRAY,,False,False,False,False,False,False,False,
17/495544,12157226,2021-10-06,Expedited robot teach-through initialization from previously trained system,"GIANT (ASSIGNMENT FOR THE BENEFIT OF CREDITORS), LLC | SANCTUARY COGNITIVE SYSTEMS CORPORATION",GIANT (ASSIGNMENT FOR THE BENEFIT OF CREDITORS),GIANT (ASSIGNMENT FOR THE BENEFIT OF CREDITORS),US,88813792,1,B25J-0009/163,GRAY,,False,False,False,False,False,False,False,
18/380119,12186890,2023-10-13,System and method for automated experimentation,Spaero Inc.,SPAERO,SPAERO,US,88813803,2,B25J-0009/1679,GRAY,,False,False,False,False,False,False,False,
17/620788,12263575,2020-06-26,Method for specifying an input value on a robotic manipulator,FRANKA EMIKA GMBH,FRANKA EMIKA,FRANKA,DE,88824252,1,B25J-0013/02,GRAY,,False,True,False,False,False,False,False,
17/798123,12263586,2020-02-27,"Control system, control apparatus, control method, and recording medium",NEC CORPORATION,NEC,NEC,JP,88824263,1,B25J-0009/0084,GRAY,,False,False,False,False,False,False,False,
17/213741,12263599,2021-03-26,Collaborative multi-robot tasks using action primitives,INTEL CORPORATION,INTEL,INTEL,US,88824276,1,B25J-0009/1669,GRAY,,False,True,False,False,False,True,False,
17/949657,12263605,2022-09-21,Collaborative dual-robot hinge installation system including a single multi-purpose vision system,GM GLOBAL TECHNOLOGY OPERATIONS LLC,GM GLOBAL TECHNOLOGY OPERATIONS,GM,US,88824282,1,B25J-0009/1697,GRAY,,False,True,False,False,False,False,False,
18/841699,12263602,2023-06-20,Robot calibration method based on pose constraint and force sensing,"NINGBO INSTITUTE OF MATERIALS TECHNOLOGY & ENGINEERING, CHINESE ACADEMY OF SCIENCES",NINGBO INSTITUTE OF MATERIALS TECHNOLOGY & ENGINEERING CHINESE ACADEMY OF SCIENCES,NINGBO INSTITUTE OF MATERIALS TECHNOLOGY & ENGINEERING CHINESE ACADEMY OF SCIENCES,CN,88931507,1,B25J-0009/1692,GRAY,,False,False,False,False,False,False,False,
17/702141,12214508,2022-03-23,Robotic system comprising a movable robot,ABB Schweiz AG,ABB SCHWEIZ,ABB,CH,88945837,1,B25J-0009/1674,GRAY,,False,False,False,False,False,False,False,
16/428333,10576630,2019-05-31,Robotic system with a robot arm suction control mechanism and method of operation thereof,"Mujin, Inc.",MUJIN,MUJIN,JP,89007926,2,B25J-0009/1633,GRAY,,False,True,False,False,False,False,False,
17/974941,12257715,2022-10-27,Robot and controlling method thereof,"Samsung Electronics Co., Ltd.",SAMSUNG ELECTRONICS,SAMSUNG,KR,89008836,1,B25J-0009/1661,GRAY,,False,True,False,False,False,False,False,
18/406640,12257708,2024-01-08,Robotic arm calibration method,"Delta Electronics, Inc.",DELTA ELECTRONICS,DELTA ELECTRONICS,TW,89009528,1,B25J-0009/02,GRAY,,False,True,False,False,False,False,False,
17/546680,12257699,2021-12-09,End effector for robotic picking and packing,"NIMBLE ROBOTICS, INC.",NIMBLE ROBOTICS,NIMBLE ROBOTICS,US,89009925,1,B25J-0015/0616,GRAY,,False,True,False,False,False,False,False,
17/086818,11613024,2020-11-02,Gripper mechanism,"BOSTON DYNAMICS, INC.",BOSTON DYNAMICS,HYUNDAI MOTOR GROUP(2021~)/구글·소프트뱅크(이전),US,89011005,2,B25J-0015/0028,GRAY,,False,True,False,False,False,False,False,
17/788784,12269165,2020-12-22,"Robot control apparatus, robot control system, robot control method, and computer-readable storage medium storing a robot control program",OMRON CORPORATION,OMRON,OMRON,JP,89019907,1,B25J-0009/1653,GRAY,,False,True,False,False,False,False,False,
17/921703,12269173,2021-05-20,Robot system,FANUC CORPORATION,FANUC,FANUC,JP,89019914,1,B25J-0009/1682,GRAY,,False,False,False,False,False,False,False,
17/849257,12269179,2022-06-24,Autonomous manipulation of flexible primary packaging in dimensionally stable secondary packaging by means of robots,INVITE GMBH | BAYER AKTIENGESELLSCHAFT,INVITE,INVITE,DE,89019920,1,B25J-0009/1612,GRAY,,False,True,False,False,False,False,False,
17/268300,12023810,2019-08-13,System for active motion displacement control of a robot,"BECKMAN COULTER, INC.",BECKMAN COULTER,BECKMAN COULTER,US,89093258,1,B25J-0009/1628,GRAY,,False,True,False,False,False,False,False,
17/640388,12220809,2020-02-05,Sensing device and robot manipulator having the same,KOREA INSTITUTE OF MACHINERY & MATERIALS,KOREA INSTITUTE OF MACHINERY & MATERIALS,KOREA INSTITUTE OF MACHINERY & MATERIALS,KR,89130254,1,B25J-0013/081,GRAY,,False,True,False,False,False,False,False,
17/676904,12145275,2022-02-22,Robot control method and robot control device,"Panasonic Intellectual Property Management Co., Ltd.",PANASONIC INTELLECTUAL PROPERTY MANAGEMENT,PANASONIC,JP,89148213,1,B25J-0009/1641,GRAY,,False,True,False,False,False,False,False,
16/281767,11383395,2019-02-21,Communications module for a robot,ABB Schweiz AG,ABB SCHWEIZ,ABB,CH,89234956,1,B25J-0019/02,GRAY,,False,False,False,False,False,False,False,
17/375084,11679503,2021-07-14,"Control device, picking system, distribution system, program, control method and production method","MUJIN, INC.",MUJIN,MUJIN,JP,89247513,2,B25J-0009/1666,GRAY,,False,False,False,False,False,False,False,
17/616587,12275132,2019-06-06,"Tactile sensor, robot hand, and robot",OMRON CORPORATION,OMRON,OMRON,JP,89268879,1,B25J-0013/082,GRAY,,False,True,False,False,False,False,False,
17/906574,12275133,2021-06-09,Robot control device,FANUC CORPORATION,FANUC,FANUC,JP,89268880,1,B25J-0013/084,GRAY,,False,True,False,False,False,False,False,
18/070657,12275137,2022-11-29,Multi-layered soft pneumatic actuator and robot mechanism including the same,POSTECH RESEARCH AND BUSINESS DEVELOPMENT FOUNDATION,POSTECH RESEARCH AND BUSINESS DEVELOPMENT FOUNDATION,POSTECH RESEARCH AND BUSINESS DEVELOPMENT FOUNDATION,KR,89268884,1,B25J-0009/142,GRAY,,False,True,True,False,False,False,False,
18/540156,12275144,2023-12-14,Joint structure of robot,TOYOTA JIDOSHA KABUSHIKI KAISHA,TOYOTA JIDOSHA,TOYOTA,JP,89268891,1,B25J-0009/106,T1_auto,휴머노이드명시/전건T1_OEM,True,True,False,False,False,False,False,
17/856196,12275150,2022-07-01,"Method of setting control parameter of robot, robot system, and computer program",SEIKO EPSON CORPORATION,SEIKO EPSON,SEIKO EPSON,JP,89268897,1,B25J-0009/1653,GRAY,,False,True,False,False,False,False,False,
18/071462,12275152,2022-11-29,"Robot stability control method, robot and computer-readable storage medium",UBTECH ROBOTICS CORP LTD,UBTECH ROBOTICS,UBTECH,CN,89268899,1,B25J-0009/1638,GRAY,,False,True,False,False,False,False,False,
17/945736,12275153,2022-09-15,"Control method for delivery robots, delivery system and computer-readable storage medium","Keenon Robotics Co., Ltd.",KEENON ROBOTICS,KEENON ROBOTICS,CN,89268900,1,B25J-0009/1666,GRAY,,False,False,False,False,False,False,False,
15/642665,10987804,2017-07-06,Robot device and non-transitory computer readable medium,FUJIFILM BUSINESS INNOVATION CORP.,FUJIFILM BUSINESS INNOVATION,FUJIFILM BUSINESS INNOVATION,JP,89279227,1,B25J-0009/163,GRAY,,False,False,False,False,False,False,False,
18/025889,12269156,2021-11-20,Local autonomy-based haptic robot interaction with dual proxy model,THE BOARD OF TRUSTEES OF THE LELAND STANFORD JUNIOR UNIVERSITY,THE BOARD OF TRUSTEES OF THE LELAND STANFORD JUNIOR UNIVERSITY,THE BOARD OF TRUSTEES OF THE LELAND STANFORD JUNIOR UNIVERSITY,US,89488737,1,B25J-0013/025,GRAY,,False,True,True,False,False,False,False,
17/924673,12023805,2021-05-20,Small actuator for robot,"ROBOTIS, INC.",ROBOTIS,ROBOTIS,US,89518850,1,B25J-0009/12,GRAY,,False,True,False,False,False,False,False,
17/624656,12280491,2020-07-10,"Control device, control method, and control program",SONY GROUP CORPORATION,SONY GROUP,SONY,JP,89522287,1,B25J-0013/083,GRAY,,False,True,False,False,False,False,False,
17/283086,11584001,2019-10-15,Bearing assembly,KUKA DEUTSCHLAND GMBH,KUKA DEUTSCHLAND,KUKA,DE,89583446,1,B25J-0009/108,GRAY,,False,False,False,False,False,False,False,
15/292119,10232513,2016-10-13,"Robot control device, robot system and method of controlling robot which carries object in cooperation with person",FANUC CORPORATION,FANUC,FANUC,JP,89605774,1,B25J-0013/085,GRAY,,False,True,False,False,False,False,False,
16/926780,11660757,2020-07-13,Robot control system simultaneously performing workpiece selection and robot task,FANUC CORPORATION,FANUC,FANUC,JP,89605852,1,B25J-0009/1697,GRAY,,False,True,False,False,False,False,False,
17/696181,12151382,2022-03-16,"Remote operation system, remote operation method, and remote operation program",TOYOTA JIDOSHA KABUSHIKI KAISHA,TOYOTA JIDOSHA,TOYOTA,JP,89616647,1,B25J-0009/1689,GRAY,,False,True,False,False,False,False,False,
17/604066,12275149,2020-04-17,Method of controlling a robot arm based on adaptive friction,UNIVERSAL ROBOTS A/S,UNIVERSAL ROBOTS A/S,UNIVERSAL ROBOTS A/S,DK,89654463,1,B25J-0009/1641,GRAY,,False,True,False,False,False,False,False,
18/728363,12285854,2022-11-22,Delivery robot,NEUBILITY INC.,NEUBILITY,NEUBILITY,KR,89672914,1,B25J-0011/008,GRAY,,False,True,False,False,False,False,False,
18/201744,12285871,2023-05-24,"Robot control method, computer-readable storage medium, and robot",UBTECH ROBOTICS CORP LTD,UBTECH ROBOTICS,UBTECH,CN,89672931,1,B25J-0009/1664,T1_auto,휴머노이드명시/전건T1_OEM,True,True,False,False,False,False,False,
17/107206,11358289,2020-11-30,Joint structure of industrial robot,FANUC CORPORATION,FANUC,FANUC,JP,89683128,1,B25J-0017/00,GRAY,,False,True,False,False,False,False,False,
17/013971,11679502,2020-09-08,Robot control system,FANUC CORPORATION,FANUC,FANUC,JP,89771451,1,B25J-0009/1666,GRAY,,False,False,False,False,False,False,False,
17/895999,12280509,2022-08-25,Method for efficient operation of mobile robotic devices,AI Incorporated,AI,AI,CA,89820055,1,B25J-0009/1666,GRAY,,False,False,False,False,False,False,False,
17/678037,12280510,2022-02-23,Biped robot control method and biped robot using the same and computer readable storage medium,UBTECH ROBOTICS CORP LTD,UBTECH ROBOTICS,UBTECH,CN,89820056,1,B25J-0009/163,T1_auto,휴머노이드명시/전건T1_OEM,True,False,False,False,False,False,False,
17/664990,12290915,2022-05-25,Rehabilitation robot control apparatus and method thereof,Hyundai Motor Company | Kia Corporation | Korea Advanced Institute of Science and Technology,HYUNDAI MOTOR,HYUNDAI MOTOR GROUP,KR,89827051,1,B25J-0011/0005,GRAY,,False,False,False,False,False,False,False,
17/951557,12290923,2022-09-23,"Biped robot and multi-configuration robot capable of being spliced autonomously, and control method of multi-configuration robot",Shandong University,SHANDONG UNIVERSITY,SHANDONG UNIVERSITY,CN,89827059,1,B25J-0009/08,T1_auto,휴머노이드명시/전건T1_OEM,True,True,False,False,False,False,False,
18/123858,12290929,2023-03-20,Applied force control for robots,"Rockwell Automation Technologies, Inc.",ROCKWELL AUTOMATION TECHNOLOGIES,ROCKWELL AUTOMATION TECHNOLOGIES,US,89827065,1,B25J-0009/1633,GRAY,,False,True,False,False,False,False,False,
16/195556,11338435,2018-11-19,Gripping system with machine learning,KABUSHIKI KAISHA YASKAWA DENKI,YASKAWA DENKI,YASKAWA,JP,89883867,1,B25J-0009/163,GRAY,,False,True,False,False,False,False,False,
17/415741,11738451,2020-01-08,Control system and control method of control system,OMRON CORPORATION,OMRON,OMRON,JP,89884520,1,B25J-0009/0084,GRAY,,False,True,False,False,False,False,False,
17/292845,12090631,2019-10-30,Robotic arm comprising a human-machine interface,KUKA Deutschland GmbH,KUKA DEUTSCHLAND,KUKA,DE,89890679,1,B25J-0013/06,GRAY,,False,True,False,False,False,False,False,
17/475597,11872705,2021-09-15,Autonomous mobile robot utilizing an omni-directional waypoint and control method thereof,Hyundai Motor Company | Kia Corporation,HYUNDAI MOTOR,HYUNDAI MOTOR GROUP,KR,89905351,1,B25J-0009/1666,GRAY,,False,False,False,False,False,False,False,
17/575010,12285860,2022-01-13,Arm module for a modular robotic arm of an industrial robot,BECKHOFF AUTOMATION GMBH,BECKHOFF AUTOMATION,BECKHOFF AUTOMATION,DE,89983883,1,B25J-0009/08,GRAY,,False,True,False,False,False,False,False,
17/237212,12285861,2021-04-22,Utilizing soft actuated inflatable robotics,BOSTON ENGINEERING CORPORATION,BOSTON ENGINEERING,BOSTON ENGINEERING,US,89990960,1,B25J-0009/142,GRAY,,False,True,False,False,False,False,False,
18/070313,12285870,2022-11-28,"Robot control method, robot and computer-readable storage medium",UBTECH ROBOTICS CORP LTD,UBTECH ROBOTICS,UBTECH,CN,89990961,1,B25J-0009/1664,GRAY,,False,True,False,False,False,False,False,
17/793031,12296472,2021-02-05,Mobile manipulator,OMRON CORPORATION,OMRON,OMRON,JP,90003785,1,B25J-0005/007,GRAY,,False,True,False,False,False,False,False,
17/940763,12300232,2022-09-08,Guide robot and operation method thereof,LG ELECTRONICS INC.,LG ELECTRONICS,LG,KR,90007483,1,B25J-0011/008,GRAY,,False,False,False,False,False,False,False,
17/270244,11858126,2018-08-29,Robot joint and method for sealing a joint gap of a robot joint,ABB Schweiz AG,ABB SCHWEIZ,ABB,CH,90093885,1,B25J-0019/0075,GRAY,,False,True,False,False,False,False,False,
17/061474,11679501,2020-10-01,Controller for determining modification method of position or orientation of robot,FANUC CORPORATION,FANUC,FANUC,JP,90146532,1,B25J-0009/1664,GRAY,,False,True,False,False,False,False,False,
17/991048,12290920,2022-11-21,Arm module for a modular robot arm of an industrial robot,BECKHOFF AUTOMATION GMBH,BECKHOFF AUTOMATION,BECKHOFF AUTOMATION,DE,90251740,1,B25J-0009/08,GRAY,,False,True,False,False,False,False,False,
17/991585,12290921,2022-11-21,"Method and apparatus for controlling wheel-legged robot, wheel-legged robot, and device",TENCENT TECHNOLOGY (SHENZHEN) COMPANY LIMITED,TENCENT TECHNOLOGY (SHENZHEN),TENCENT TECHNOLOGY (SHENZHEN),CN,90252186,1,B25J-0005/007,GRAY,,False,True,False,False,False,False,False,
17/899864,11554479,2022-08-31,Autonomous navigation and collaboration of mobile robots in 5G/6G,"ULTRALOGIC 6G, LLC",ULTRALOGIC 6G,ULTRALOGIC 6G,US,90274762,1,B25J-0009/0084,GRAY,,False,True,False,False,False,False,False,
18/061868,12290940,2022-12-05,Torso protrusion for robotic manipulation of objects and related technology,"AGILITY ROBOTICS, INC.",AGILITY ROBOTICS,AGILITY ROBOTICS,US,90275584,2,B25J-0009/0009,T1_auto,휴머노이드명시/전건T1_OEM,False,True,False,False,False,False,False,
17/665949,11904480,2022-02-07,Automated gas supply system,"SAMSUNG ELECTRONICS CO., LTD.",SAMSUNG ELECTRONICS,SAMSUNG,KR,90276688,1,B25J-0009/1687,GRAY,,False,False,False,False,False,False,False,
16/821420,11583998,2020-03-17,Robot and method of controlling same,LG ELECTRONICS INC.,LG ELECTRONICS,LG,KR,90374057,1,B25J-0009/0003,E_auto,제외전용신호+Tier신호없음,False,False,False,True,True,False,False,
16/874269,11400593,2020-05-14,"Method of avoiding collision, robot and server implementing thereof",LG ELECTRONICS INC.,LG ELECTRONICS,LG,KR,90374108,1,B25J-0009/1666,GRAY,,False,True,False,False,False,False,False,
18/245212,12304064,2021-09-13,Robot,KUKA DEUTSCHLAND GMBH,KUKA DEUTSCHLAND,KUKA,DE,90378891,1,B25J-0009/047,GRAY,,False,True,False,False,False,False,False,
17/696331,12304071,2022-03-16,"Robot control system, robot control method, and control program",TOYOTA JIDOSHA KABUSHIKI KAISHA,TOYOTA JIDOSHA,TOYOTA,JP,90378898,1,B25J-0009/0084,GRAY,,False,False,False,False,False,False,False,
17/714567,12304073,2022-04-06,"Machine learning device, machine learning method, and controller for robot",DENSO WAVE INCORPORATED,DENSO WAVE,DENSO,JP,90378900,1,B25J-0009/163,GRAY,,False,True,False,False,False,False,False,
17/982395,12304075,2022-11-07,"Planning system, planning method, and non-transitory computer readable storage medium",KABUSHIKI KAISHA YASKAWA DENKI,YASKAWA DENKI,YASKAWA,JP,90378902,1,B25J-0009/163,GRAY,,False,False,False,False,False,False,False,
18/035675,12304076,2021-10-26,Setting method using teaching operation,"DMG MORI CO., LTD.",DMG MORI,DMG MORI,JP,90378903,1,B25J-0009/163,GRAY,,False,False,False,False,False,False,False,
17/928552,12304078,2021-03-05,"Robot control system, control program, and control method",OMRON CORPORATION,OMRON,OMRON,JP,90378905,1,B25J-0009/1641,GRAY,,False,True,False,False,False,False,False,
17/719910,12304079,2022-04-13,"Robot control system, robot control method, and robot control program",TOYOTA JIDOSHA KABUSHIKI KAISHA,TOYOTA JIDOSHA,TOYOTA,JP,90378906,1,B25J-0009/1653,GRAY,,False,True,False,False,False,False,False,
18/091292,12304084,2022-12-29,"Gait planning method, robot and computer-readable storage medium",UBTECH ROBOTICS CORP LTD,UBTECH ROBOTICS,UBTECH,CN,90378911,1,B25J-0009/1664,GRAY,,False,True,False,False,False,False,False,
17/099472,11717968,2020-11-16,"Robot control device, robot control method, and collaborative operation unit",Fanuc Corporation,FANUC,FANUC,JP,90460272,1,B25J-0005/007,GRAY,,False,True,False,False,False,False,False,
18/588055,12202131,2024-02-27,"Bidirectional energy storage device, robotic joint and robot",UBTECH ROBOTICS CORP LTD,UBTECH ROBOTICS,UBTECH,CN,90460595,1,B25J-0017/0258,GRAY,,False,True,False,False,False,False,False,
17/922028,12257722,2021-04-23,"Method for detecting and evaluating a friction status at a joint, robotic arm and computer program product",KUKA DEUTSCHLAND GMBH,KUKA DEUTSCHLAND,KUKA,DE,90462765,1,B25J-0009/1674,GRAY,,False,True,False,False,False,False,False,
16/843698,11524404,2020-04-08,Robot system and control method thereof,LG ELECTRONICS INC.,LG ELECTRONICS,LG,KR,90540724,1,B25J-0009/1676,GRAY,,False,True,False,False,False,False,False,
17/030513,11660761,2020-09-24,Flexible robotic system using end-effector with pass-through suction modules,"GM GLOBAL TECHNOLOGY OPERATIONS, LLC",GM GLOBAL TECHNOLOGY OPERATIONS,GM,US,90550876,1,B25J-0015/0616,GRAY,,False,True,False,False,False,False,False,
18/078717,12186921,2022-12-09,Robotic system for free-forming a workpiece,GM GLOBAL TECHNOLOGY OPERATIONS LLC,GM GLOBAL TECHNOLOGY OPERATIONS,GM,US,90551668,1,B25J-0009/1697,GRAY,,False,True,False,False,False,False,False,
16/702865,11618163,2019-12-04,Industrial robot system,FANUC CORPORATION,FANUC,FANUC,JP,90551933,1,B25J-0009/1633,GRAY,,False,False,False,False,False,False,False,
17/769147,12109707,2019-10-16,Control of robotic devices over a wireless network,TELEFONAKTIEBOLAGET LM ERICSSON (PUBL),TELEFONAKTIEBOLAGET LM ERICSSON (PUBL),TELEFONAKTIEBOLAGET LM ERICSSON (PUBL),SE,90558705,1,B25J-0009/1664,GRAY,,False,True,False,False,False,False,False,
14/872177,10875188,2015-10-01,Universal motion simulator,DEAKIN UNIVERSITY,DEAKIN UNIVERSITY,DEAKIN UNIVERSITY,AU,90972513,1,B25J-0013/02,T1_auto,휴머노이드명시/전건T1_OEM,True,True,False,False,False,False,False,
15/974444,10843336,2018-05-08,Magnetic assembly of soft robots with hard components,President and Fellows of Harvard College,PRESIDENT AND FELLOWS OF HARVARD COLLEGE,PRESIDENT AND FELLOWS OF HARVARD COLLEGE,US,91067668,1,B25J-0009/14,GRAY,,False,True,False,False,False,False,False,
16/095123,11034034,2017-04-20,Packing robot,ROBOTICS PLUS LIMITED,ROBOTICS PLUS,ROBOTICS PLUS,NZ,91113910,1,B25J-0019/023,GRAY,,False,False,False,False,False,False,False,
16/171583,10759057,2018-10-26,Inspection system,KABUSHIKI KAISHA TOSHIBA,TOSHIBA,TOSHIBA,JP,91128756,2,B25J-0009/1697,GRAY,,False,False,False,False,False,False,False,
17/262714,11505293,2019-07-23,Underwater vehicle with variable configuration,UNIVERSITA' DEGLI STUDI DI FIRENZE,UNIVERSITA' DEGLI STUDI DI FIRENZE,UNIVERSITA' DEGLI STUDI DI FIRENZE,IT,91590012,1,B25J-0009/08,GRAY,,False,True,False,False,False,False,False,
16/341730,11597099,2017-11-29,Underactuated robotic hand,BIONIT LABS S.R.L.,BIONIT LABS,BIONIT LABS,IT,91648694,1,B25J-0015/0009,T1_auto,휴머노이드명시/전건T1_OEM,True,True,False,False,False,False,False,
16/769796,11679495,2018-12-06,Planar multi-joint robot arm system,VDL ENABLING TECHNOLOGIES GROUP B.V.,VDL ENABLING TECHNOLOGIES GROUP,VDL ENABLING TECHNOLOGIES GROUP,NL,91722273,1,B25J-0009/1065,GRAY,,False,True,False,False,False,False,False,
14/601111,9724823,2015-01-20,"Method for controlling the walking motion of a mobile robot, and robot implementing said method",SOFTBANK ROBOTICS EUROPE,SOFTBANK ROBOTICS EUROPE,SOFTBANK ROBOTICS,FR,92084240,1,B25J-0009/16,T1_auto,휴머노이드명시/전건T1_OEM,True,True,False,False,False,False,False,
14/616146,9393687,2015-02-06,Method for programming an industrial robot and industrial robot,KUKA LABORATORIES GMBH,KUKA LABORATORIES,KUKA,DE,92182808,1,B25J-0009/0081,GRAY,,False,True,False,False,False,False,False,
15/949055,10300606,2018-04-09,Adapting robot behavior based upon human-robot interaction,"Microsoft Technology Licensing, LLC",MICROSOFT TECHNOLOGY LICENSING,MICROSOFT TECHNOLOGY LICENSING,US,92195728,2,B25J-0009/1694,GRAY,,False,True,False,False,True,False,False,
14/850019,9925661,2015-09-10,Method for controlling wearable robot,TOYOTA JIDOSHA KABUSHIKI KAISHA,TOYOTA JIDOSHA,TOYOTA,JP,92208633,1,B25J-0009/0006,GRAY,,False,True,False,True,False,False,False,
14/802971,9592603,2015-07-17,Reconfigurable robotic system,SPIN MASTER LTD.,SPIN MASTER,SPIN MASTER,CA,92208777,3,B25J-0009/08,GRAY,,False,True,False,False,False,False,False,
15/069523,9592604,2016-03-14,Remotely operating a mobile robot,"IROBOT DEFENSE HOLDINGS, INC. | iRobot Corporation",IROBOT DEFENSE,IROBOT DEFENSE,US,92221779,2,B25J-0013/006,GRAY,,False,True,False,False,False,False,False,
15/124990,10654167,2015-03-10,Method for initializing and controlling robotized equipment,BIO-RAD EUROPE GMBH,BIO-RAD EUROPE,BIO-RAD EUROPE,CH,92226192,1,B25J-0009/1682,GRAY,,False,False,False,False,False,False,False,
15/235719,10166673,2016-08-12,Portable apparatus for controlling robot and method thereof,ABB Schweiz AG,ABB SCHWEIZ,ABB,CH,92227999,1,B25J-0009/161,GRAY,,False,True,False,False,False,False,False,
15/296718,10675752,2016-10-18,Absolute robot-assisted positioning method,FFT Produktionssysteme GMBH & Co. KG,FFT PRODUKTIONSSYSTEME & CO KG,FFT PRODUKTIONSSYSTEME & CO KG,DE,92236014,1,B25J-0009/0084,GRAY,,False,False,False,False,False,False,False,
15/515038,10464210,2015-09-28,Method and device for open-loop/closed-loop control of a robot manipulator,KASTANIENBAUM GMBH,KASTANIENBAUM,FRANKA,DE,92243104,1,B25J-0009/1676,GRAY,,False,True,False,False,False,False,False,
15/017814,10335958,2016-02-08,Robotic end effector quick change mechanism with switchable magnetic coupler,The Boeing Company,THE BOEING,THE BOEING,US,92243449,2,B25J-0015/0441,GRAY,,False,True,False,False,False,False,False,
15/548377,10675756,2016-02-02,Device and method for performing open-loop and closed-loop control of a robot manipulator,KASTANIENBAUM GMBH,KASTANIENBAUM,FRANKA,DE,92255114,1,B25J-0009/1641,GRAY,,False,True,False,False,False,False,False,
15/561752,10150214,2015-03-31,Method for controlling an industrial robot by touch,ABB SCHWEIZ AG,ABB SCHWEIZ,ABB,CH,92258069,1,B25J-0009/1633,GRAY,,False,True,False,False,False,False,False,
14/680837,9962833,2015-04-07,System and method for adjusting end-effector actuation based on relative position with respect to gravitational force,MTM ROBOTICS LLC,MTM ROBOTICS,MTM ROBOTICS,US,92259117,1,B25J-0009/1674,GRAY,,False,True,False,False,False,False,False,
15/566516,10668617,2016-04-11,Robotic cart pulling vehicle for automated pulling of carts,MOBILE INDUSTRIAL ROBOTS A/S,MOBILE INDUSTRIAL ROBOTS A/S,MOBILE INDUSTRIAL ROBOTS A/S,DK,92259525,1,B25J-0009/1065,GRAY,,False,False,False,False,False,False,False,
15/537117,10031524,2016-09-05,Method and device for controlling gait of biped robot,GOERTEK INC.,GOERTEK,GOERTEK,CN,92262496,1,B25J-0009/16,T1_auto,휴머노이드명시/전건T1_OEM,True,True,False,False,False,False,False,
15/742554,11000947,2016-07-05,"Coating plant robot, in particular manipulating robot",DÜRR SYSTEMS AG,DÜRR SYSTEMS,DÜRR SYSTEMS,DE,92264131,1,B25J-0009/0072,GRAY,,False,True,False,False,False,False,False,
15/743723,10967521,2016-07-14,Robot and robot system,"FINEWELL CO., LTD.",FINEWELL,FINEWELL,JP,92267283,1,B25J-0011/0005,GRAY,,False,False,False,False,False,False,False,
15/746493,10668631,2016-06-08,Compensating device for a handling unit and handling unit comprising the compensating device,ROBERT BOSCH GMBH,ROBERT BOSCH,ROBERT BOSCH,DE,92267578,1,B25J-0017/0225,GRAY,,False,True,False,False,False,False,False,
15/746583,10919156,2016-07-22,Communication paths for robot arms,CMR SURGICAL LIMITED,CMR SURGICAL,CMR SURGICAL,GB,92267687,1,B25J-0013/085,GRAY,,False,True,True,False,False,False,False,
15/225364,10046462,2016-08-01,Self-contained robotic gripper system,"SOFT ROBOTICS, INC.",SOFT ROBOTICS,SOFT ROBOTICS/OXIPITAL,US,92268573,4,B25J-0015/0023,GRAY,,False,True,False,False,False,False,False,
15/754169,10953554,2016-07-12,Articulated robot arm,NIMBL'BOT SAS,NIMBL'BOT,NIMBL'BOT,FR,92270096,1,B25J-0017/0275,GRAY,,False,True,False,False,False,False,False,
15/762820,10265861,2016-09-02,Gripping device,SCHUNK GMBH & CO. KG SPANN-UND GREIFTECHNIK,SCHUNK & CO KG SPANN-UND GREIFTECHNIK,SCHUNK & CO KG SPANN-UND GREIFTECHNIK,DE,92273004,1,B25J-0015/0009,GRAY,,False,True,False,False,False,False,False,
15/574258,10507576,2016-09-22,Industrial robot,AUTONOX ROBOTICS GMBH,AUTONOX ROBOTICS,AUTONOX ROBOTICS,DE,92273182,1,B25J-0009/0051,GRAY,,False,True,False,False,False,False,False,
15/772160,10730191,2016-10-25,Monitoring device of robot system,KAWASAKI JUKOGYO KABUSHIKI KAISHA,KAWASAKI JUKOGYO,KAWASAKI HEAVY INDUSTRIES,JP,92276187,1,B25J-0019/063,GRAY,,False,True,False,False,False,False,False,
15/903122,10279471,2018-02-23,Traveling system with cable guide,SW AUTOMATION GMBH,SW AUTOMATION,SW AUTOMATION,DE,92276955,1,B25J-0009/065,GRAY,,False,False,False,False,False,False,False,
15/780677,10442080,2016-11-24,Monitoring device of robot system,KAWASAKI JUKOGYO KABUSHIKI KAISHA,KAWASAKI JUKOGYO,KAWASAKI HEAVY INDUSTRIES,JP,92279206,1,B25J-0009/1605,GRAY,,False,True,False,False,False,False,False,
16/034523,10828783,2018-07-13,Method for operating a self-traveling robot,VORWERK & CO. INTERHOLDING GMBH,VORWERK & CO INTERHOLDING,VORWERK & CO INTERHOLDING,DE,92287763,1,B25J-0009/1697,E_auto,제외전용신호+Tier신호없음,False,False,False,False,True,False,False,
16/084428,10857678,2017-03-14,Robotic system and method for manufacturing of objects,DANMARKS TEKNISKE UNIVERSITET,DANMARKS TEKNISKE UNIVERSITET,DANMARKS TEKNISKE UNIVERSITET,DK,92287985,1,B25J-0011/0055,GRAY,,False,False,False,False,False,False,False,
16/085290,10702990,2017-03-17,Robot and a method of controlling a robot,FLOW ROBOTICS A/S,FLOW ROBOTICS A/S,FLOW ROBOTICS A/S,DK,92288062,1,B25J-0009/1694,GRAY,,False,True,False,False,False,False,False,
16/759590,11597076,2018-10-25,"Hardware module for a robotic system, and mechanical coupling",FESTO SE & CO. KG,FESTO & CO KG,FESTO & CO KG,DE,92296156,1,B25J-0009/08,GRAY,,False,False,False,False,False,False,False,
16/325000,11673279,2017-08-07,Isolator system,KAWASAKI JUKOGYO KABUSHIKI KAISHA,KAWASAKI JUKOGYO,KAWASAKI HEAVY INDUSTRIES,JP,92300458,1,B25J-0021/02,GRAY,,False,False,False,False,False,False,False,
16/196751,10919149,2018-11-20,Controller for robot and inverse transforming method for robot,DENSO WAVE INCORPORATED,DENSO WAVE,DENSO,JP,92302945,1,B25J-0009/1607,GRAY,,False,False,False,False,False,False,False,
16/963952,11389964,2019-02-19,Actively damped robot,BAE SYSTEMS PLC,BAE SYSTEMS,BAE SYSTEMS,GB,92306257,1,B25J-0009/1694,GRAY,,False,False,False,False,False,False,False,
16/348137,11305431,2017-11-08,System and method for instructing a robot,COGNIBOTICS AB,COGNIBOTICS,COGNIBOTICS,SE,92308060,1,B25J-0009/1689,GRAY,,False,True,False,False,False,False,False,
15/937690,10675768,2018-03-27,"Robotic end effector assembly, system, and method of using the same",The Boeing Company,THE BOEING,THE BOEING,US,92309059,1,B25J-0018/02,GRAY,,False,True,False,False,False,False,False,
16/479671,11331798,2018-01-19,Robot system and robot controller,KAWASAKI JUKOGYO KABUSHIKI KAISHA,KAWASAKI JUKOGYO,KAWASAKI HEAVY INDUSTRIES,JP,92313474,1,B25J-0009/163,GRAY,,False,True,False,False,False,False,False,
17/058298,11110610,2019-06-18,Workbench system,BAE SYSTEMS PLC,BAE SYSTEMS,BAE SYSTEMS,GB,92315428,2,B25J-0009/0096,GRAY,,False,True,False,False,False,False,False,
16/486291,11279029,2018-02-27,Articulated-arm robot and method for machining a workpiece by means of the articulated-arm robot,FILL GESELLSCHAFT M.B.H.,FILL GESELLSCHAFT MBH,FILL GESELLSCHAFT MBH,AT,92316737,1,B25J-0009/1638,GRAY,,False,True,False,False,False,False,False,
16/604779,11407113,2018-04-12,Device usable by robot and human,VOLVO TRUCK CORPORATION,VOLVO TRUCK,VOLVO TRUCK,SE,92320258,1,B25J-0009/1679,GRAY,,False,True,False,False,False,False,False,
15/679010,10576622,2017-08-16,Robotic manipulator,QUALCOMM INCORPORATED,QUALCOMM,QUALCOMM,US,92320632,1,B25J-0009/065,GRAY,,False,True,False,False,False,False,False,
16/897850,11364637,2020-06-10,Intelligent object tracking,"HANGZHOU TARO POSITIONING TECHNOLOGY CO., LTD.",HANGZHOU TARO POSITIONING TECHNOLOGY,HANGZHOU TARO POSITIONING TECHNOLOGY,CN,92327775,1,B25J-0009/1697,GRAY,,False,False,False,False,False,False,False,
16/747525,10889002,2020-01-20,Multi-device robot control,X-TEND ROBOTICS INC.,X-TEND ROBOTICS,X-TEND ROBOTICS,US,92328012,2,B25J-0013/006,GRAY,,False,True,False,False,False,False,False,
16/717315, ,2019-12-17,TRANSFER APPARATUS AND TRANSFER METHOD,TVI ENTWICKLUNG & PRODUKTION GMBH,TVI ENTWICKLUNG & PRODUKTION,TVI ENTWICKLUNG & PRODUKTION,DE,92330503,1,B25J-0009/1679,GRAY,,False,True,False,False,False,False,False,등록번호누락
16/788840,11667034,2020-02-12,Computerized system and method using different image views to find grasp locations and trajectories for robotic pick up,SIEMENS AKTIENGESELLSCHAFT,SIEMENS,SIEMENS,DE,92334702,1,B25J-0009/1664,GRAY,,False,True,False,False,False,False,False,
16/856660,11389976,2020-04-23,Disposable isolator and product conditioning installation comprising such a disposable isolator,JCE BIOTECHNOLOGY,JCE BIOTECHNOLOGY,JCE BIOTECHNOLOGY,FR,92340636,1,B25J-0021/005,GRAY,,False,True,False,False,False,False,False,
16/957216,11453118,2019-01-11,Industrial robot arm,COGNIBOTICS INC.,COGNIBOTICS,COGNIBOTICS,US,92342252,2,B25J-0009/0072,GRAY,,False,True,False,False,False,False,False,
16/970373,11458640,2019-02-14,Gripping device and industrial robot,NITTA CORPORATION,NITTA,NITTA,JP,92345268,1,B25J-0015/10,GRAY,,False,True,False,False,False,False,False,
17/054401,11376731,2019-05-09,Articulated robot and method of estimating reduced state of gas in gas spring of the articulated robot,KAWASAKI JUKOGYO KABUSHIKI KAISHA,KAWASAKI JUKOGYO,KAWASAKI HEAVY INDUSTRIES,JP,92350348,1,B25J-0009/126,GRAY,,False,True,False,False,False,False,False,
17/043621,11465286,2019-02-22,"Robot control apparatus, maintenance management method, and maintenance management program",OMRON CORPORATION,OMRON,OMRON,JP,92350393,1,B25J-0009/1674,GRAY,,False,False,False,False,False,False,False,
17/105694,11904454,2020-11-27,Robot system and method of controlling the same,KAWASAKI JUKOGYO KABUSHIKI KAISHA,KAWASAKI JUKOGYO,KAWASAKI HEAVY INDUSTRIES,JP,92352111,1,B25J-0013/06,GRAY,,False,False,False,False,False,False,False,
17/064524,11478936,2020-10-06,"Image processing apparatus that processes image picked up by image pickup apparatus attached to robot, control method therefor, and storage medium storing control program therefor",CANON KABUSHIKI KAISHA,CANON,CANON,JP,92352412,1,B25J-0009/1697,GRAY,,False,False,False,False,False,False,False,
17/057311,11986965,2019-06-24,Method and system for continuously storing and later for visually representing internal operating states of a robot,WITTMANN KUNSTSTOFFGERÄTE GMBH,WITTMANN KUNSTSTOFFGERÄTE,WITTMANN KUNSTSTOFFGERÄTE,AT,92353869,1,B25J-0009/1674,GRAY,,False,True,False,False,False,False,False,
17/083440,11453115,2020-10-29,Robot system and control method for robot system,Seiko Epson Corporation,SEIKO EPSON,SEIKO EPSON,미상,92354180,1,B25J-0005/007,GRAY,,False,True,False,False,False,False,False,
17/262383,11964395,2019-05-16,Method and control system for the calibration of a handling apparatus,KRONES AKTIENGESELLSCHAFT,KRONES,KRONES,DE,92355721,1,B25J-0009/1692,GRAY,,False,False,False,False,False,False,False,
17/278921,11951609,2019-09-13,Mechanical hand,COVVI LIMITED,COVVI,COVVI,GB,92360240,1,B25J-0015/0009,GRAY,,False,True,False,True,False,False,False,
17/345407,11529736,2021-06-11,"Systems, apparatuses, and methods for detecting escalators",Brain Corporation,BRAIN,BRAIN,US,92366063,1,B25J-0009/1674,GRAY,,False,False,False,False,False,False,False,
17/309640,12103161,2019-11-26,Remote-controlled demolition robot with improved field of application and a method to achieve such a demolition robot,BROKK AKTIEBOLAG,BROKK AKTIEBOLAG,BROKK AKTIEBOLAG,SE,92366131,1,B25J-0013/06,GRAY,,False,True,False,False,False,False,False,
17/312521,12151381,2019-12-17,Metallurgic casting installation,"Vesuvius Group, S.A.",VESUVIUS GROUP,VESUVIUS GROUP,BE,92366545,1,B25J-0009/1679,GRAY,,False,False,False,False,False,False,False,
17/416640,12030193,2019-11-27,Method for robot-assisted wiring of electrical components of an electrical switchgear arranged on a mounting plate,RITTAL GMBH & CO. KG,RITTAL & CO KG,RITTAL & CO KG,DE,92366774,1,B25J-0009/1687,GRAY,,False,False,False,False,False,False,False,
17/186060,11794337,2021-02-26,Gripping device for handling items or components of different shape and size,C.R.F. SOCIETA CONSORTILE PER AZIONI,CRF SOCIETA CONSORTILE PER AZIONI,CRF SOCIETA CONSORTILE PER AZIONI,IT,92367087,1,B25J-0009/109,GRAY,,False,True,False,False,False,False,False,
17/151688,11660754,2021-01-19,Detection system and detection method for sensors of robot,TECHMAN ROBOT INC.,TECHMAN ROBOT,TECHMAN ROBOT,TW,92367179,1,B25J-0009/1674,GRAY,,False,False,False,False,False,False,False,
17/173481,11745338,2021-02-11,"Control apparatus, robot, learning apparatus, robot system, and method",OMRON CORPORATION,OMRON,OMRON,JP,92367180,1,B25J-0009/163,GRAY,,False,True,False,False,False,False,False,
17/438583,12011838,2020-03-13,Robot system,KAWASAKI JUKOGYO KABUSHIKI KAISHA,KAWASAKI JUKOGYO,KAWASAKI HEAVY INDUSTRIES,JP,92373547,1,B25J-0009/1694,GRAY,,False,True,False,False,False,False,False,
17/091574,11597089,2020-11-06,"Method, system, and non-transitory computer-readable recording medium for controlling a destination of a robot","Bear Robotics, Inc.",BEAR ROBOTICS,BEAR ROBOTICS,US,92380994,1,B25J-0009/1666,E_auto,제외전용신호+Tier신호없음,False,False,False,False,True,False,False,
17/767082,11931890,2020-10-12,Human-robot guiding system for agricultural objects detection in unstructured and noisy environment by integrated laser and vision,"THE STATE OF ISRAEL, MINISTRY OF AGRICULTURE & RURAL DEVELOPMENT, AGRICULTURAL RESEARCH ORGANIZATION (ARO) (VOLCANI INSTITUTE)",THE STATE OF ISRAEL MINISTRY OF AGRICULTURE & RURAL DEVELOPMENT AGRICULTURAL RESEARCH ORGANIZATION (ARO) (VOLCANI INSTITUTE),THE STATE OF ISRAEL MINISTRY OF AGRICULTURE & RURAL DEVELOPMENT AGRICULTURAL RESEARCH ORGANIZATION (ARO) (VOLCANI INSTITUTE),IL,92386952,1,B25J-0019/022,GRAY,,False,True,False,False,False,False,False,
17/784683,12296474,2020-12-14,"Position detection method, controller, and robot system",KAWASAKI JUKOGYO KABUSHIKI KAISHA,KAWASAKI JUKOGYO,KAWASAKI HEAVY INDUSTRIES,JP,92390932,1,B25J-0009/10,GRAY,,False,True,False,False,False,False,False,
18/003254,12122046,2021-06-16,Waste sorting robot,GENIE INDUSTRIES BV | MP ZENROBOTICS OY,GENIE INDUSTRIES,GENIE INDUSTRIES,NL,92403177,1,B25J-0019/0058,GRAY,,False,True,False,False,False,False,False,
17/716388,11633864,2022-04-08,Polybag gripping suction cup,"DEXTERITY, INC.",DEXTERITY,DEXTERITY,US,92419886,1,B25J-0015/0683,GRAY,,False,True,False,False,False,False,False,
14/699614,9808937,2015-04-29,Film suction mechanism,"Semiconductor Energy Laboratory Co., Ltd.",SEMICONDUCTOR ENERGY LABORATORY,SEMICONDUCTOR ENERGY LABORATORY,JP,92884447,1,B25J-0015/0616,GRAY,,False,False,False,False,False,False,False,
15/512290,10022860,2015-09-18,Rotational driving mechanism in a robot,"THK CO., LTD.",THK,THK,JP,92887244,1,B25J-0009/123,GRAY,,False,True,False,False,False,False,False,
15/512256,10118290,2015-09-18,Support structure for an upper half body of a robot,"THK CO., LTD.",THK,THK,JP,92887245,1,B25J-0005/00,T1_auto,휴머노이드명시/전건T1_OEM,True,True,False,False,False,False,False,
15/522548,10576624,2015-10-27,Rotational driving mechanism in a robot,"THK CO., LTD.",THK,THK,JP,92888030,1,B25J-0009/106,GRAY,,False,True,False,False,False,False,False,
15/498972,9999972,2017-04-27,Robot arm mechanism and stepping motor control device,Life Robotics Inc.,LIFE ROBOTICS,LIFE ROBOTICS,JP,92888164,1,B25J-0009/1005,GRAY,,False,True,False,False,False,False,False,
15/531065,10052772,2015-11-25,Roll rotation structure in a robot,"THK CO., LTD.",THK,THK,JP,92888599,1,B25J-0017/0291,GRAY,,False,True,False,False,False,False,False,
15/172350,10029371,2016-06-03,Robot,JANOME SEWING MACHINE CO. LTD.,JANOME SEWING MACHINE,JANOME SEWING MACHINE,JP,92892635,1,B25J-0009/1692,GRAY,,False,False,False,False,False,False,False,
15/175603,10226867,2016-06-07,Robot,"JANOME SEWING MACHINE CO., LTD.",JANOME SEWING MACHINE,JANOME SEWING MACHINE,JP,92892727,1,B25J-0009/1664,GRAY,,False,False,False,False,False,False,False,
15/776430,11027418,2016-11-11,Robot and working method by the robot,KAWASAKI JUKOGYO KABUSHIKI KAISHA,KAWASAKI JUKOGYO,KAWASAKI HEAVY INDUSTRIES,JP,92895237,1,B25J-0009/0087,GRAY,,False,True,False,False,False,False,False,
16/810199,11338441,2020-03-05,Calibration system for robot tool and calibration method for the same,"DELTA ELECTRONICS, INC.",DELTA ELECTRONICS,DELTA ELECTRONICS,TW,92909563,1,B25J-0009/1692,GRAY,,False,True,False,False,False,False,False,
16/954114,11305427,2018-11-28,Robot system and robot control method,KAWASAKI JUKOGYO KABUSHIKI KAISHA,KAWASAKI JUKOGYO,KAWASAKI HEAVY INDUSTRIES,JP,92909729,1,B25J-0009/1664,GRAY,,False,True,False,False,False,False,False,
17/045727,11717964,2019-04-01,Control device for robot that works collaboratively with people,KAWASAKI JUKOGYO KABUSHIKI KAISHA,KAWASAKI JUKOGYO,KAWASAKI HEAVY INDUSTRIES,JP,92912045,1,B25J-0009/1664,GRAY,,False,True,False,False,False,False,False,
16/392673,11167413,2019-04-24,"Robot control apparatus, robot, and robot system",Seiko Epson Corporation,SEIKO EPSON,SEIKO EPSON,미상,92912274,1,B25J-0009/104,GRAY,,False,True,False,False,False,False,False,
15/972459,10702988,2018-05-07,Method and system for load estimation and gravity compensation on a robotic arm,Hiwin Technologies Corp.,HIWIN TECHNOLOGIES,HIWIN TECHNOLOGIES,TW,92912449,1,B25J-0009/1633,GRAY,,False,True,True,False,False,False,False,
17/190415,12064881,2021-03-03,Robot controlling device,KAWASAKI JUKOGYO KABUSHIKI KAISHA,KAWASAKI JUKOGYO,KAWASAKI HEAVY INDUSTRIES,JP,92914595,1,B25J-0009/1674,GRAY,,False,True,False,False,False,False,False,
17/211827,12023808,2021-03-25,Robot system,KAWASAKI JUKOGYO KABUSHIKI KAISHA,KAWASAKI JUKOGYO,KAWASAKI HEAVY INDUSTRIES,JP,92915001,1,B25J-0009/1612,GRAY,,False,True,False,False,False,False,False,
16/684728,11267123,2019-11-15,Robot system and coupling method,Seiko Epson Corporation,SEIKO EPSON,SEIKO EPSON,미상,92915983,1,B25J-0009/1687,GRAY,,False,True,False,False,False,False,False,
16/705315,11230010,2019-12-06,Robot system and coupling method,Seiko Epson Corporation,SEIKO EPSON,SEIKO EPSON,미상,92916245,1,B25J-0009/1687,GRAY,,False,True,False,False,False,False,False,
16/795781,11458633,2020-02-20,Article transfer apparatus,"Daifuku Co., Ltd.",DAIFUKU,DAIFUKU,JP,92917640,1,B25J-0009/1687,E_auto,제외전용신호+Tier신호없음,False,False,False,False,False,True,False,
17/601429,12172296,2020-04-06,Holding device and robot provided with same,KAWASAKI JUKOGYO KABUSHIKI KAISHA,KAWASAKI JUKOGYO,KAWASAKI HEAVY INDUSTRIES,JP,92918867,1,B25J-0015/0004,GRAY,,False,True,False,False,False,False,False,
17/624575,11975450,2020-07-02,Transfer robot,KAWASAKI JUKOGYO KABUSHIKI KAISHA,KAWASAKI JUKOGYO,KAWASAKI HEAVY INDUSTRIES,JP,92920417,1,B25J-0009/0087,GRAY,,False,True,False,False,False,False,False,
17/767058,11992951,2020-10-07,"Control method, control device, robot system, program, and recording medium",KAWASAKI JUKOGYO KABUSHIKI KAISHA,KAWASAKI JUKOGYO,KAWASAKI HEAVY INDUSTRIES,JP,92922091,1,B25J-0009/1664,GRAY,,False,True,False,False,False,False,False,
17/778016,12195287,2020-11-20,Robot system and method of operating the same,KAWASAKI JUKOGYO KABUSHIKI KAISHA,KAWASAKI JUKOGYO,KAWASAKI HEAVY INDUSTRIES,JP,92922754,1,B25J-0015/0061,GRAY,,False,True,False,False,False,False,False,
16/784262,11433551,2020-02-07,Measurement system and method for positioning accuracy of a robotic arm,INSTITUTE FOR INFORMATION INDUSTRY,INSTITUTE FOR INFORMATION INDUSTRY,INSTITUTE FOR INFORMATION INDUSTRY,TW,92922757,1,B25J-0013/087,GRAY,,False,True,False,False,False,False,False,
17/780522,12115684,2020-11-27,"Holding device, robot, and robot system",KAWASAKI JUKOGYO KABUSHIKI KAISHA,KAWASAKI JUKOGYO,KAWASAKI HEAVY INDUSTRIES,JP,92922914,1,B25J-0009/1694,GRAY,,False,False,False,False,False,False,False,
16/902674,11491663,2020-06-16,Robotic force/torque sensor with controlled thermal conduction,"ATI Industrial Automation, Inc.",ATI INDUSTRIAL AUTOMATION,ATI INDUSTRIAL AUTOMATION,US,92926397,1,B25J-0013/085,GRAY,,False,False,False,False,False,False,False,
17/519547,12115651,2021-11-04,Control device for industrial robot,NIDEC SANKYO CORPORATION,NIDEC SANKYO,NIDEC SANKYO,JP,92928858,1,B25J-0019/06,GRAY,,False,False,False,False,False,False,False,
15/197039,10099377,2016-06-29,Methods and systems providing misalignment correction in robots,"APPLIED MATERIALS, INC.",APPLIED MATERIALS,APPLIED MATERIALS,US,92979744,1,B25J-0009/1692,GRAY,,False,False,False,False,False,False,False,
17/604285,12017364,2020-04-15,"Motion planning graph generation user interface, systems, methods and articles","REALTIME ROBOTICS, INC.",REALTIME ROBOTICS,REALTIME ROBOTICS,US,92982700,1,B25J-0009/1664,GRAY,,False,True,False,False,False,False,False,
15/748907,10751871,2015-07-30,Robot and method of controlling the same,KAWASAKI JUKOGYO KABUSHIKI KAISHA,KAWASAKI JUKOGYO,KAWASAKI HEAVY INDUSTRIES,JP,93008067,1,B25J-0009/0096,GRAY,,False,True,False,False,False,False,False,
15/768802,10751874,2016-10-05,Method of teaching robot and robotic arm control device,KAWASAKI JUKOGYO KABUSHIKI KAISHA,KAWASAKI JUKOGYO,KAWASAKI HEAVY INDUSTRIES,JP,93008595,1,B25J-0009/163,GRAY,,False,True,False,False,False,False,False,
15/776457,10906193,2016-03-14,"Manufacturing system, method of constructing the manufacturing system, end effector, robot, and working method of robot",KAWASAKI JUKOGYO KABUSHIKI KAISHA,KAWASAKI JUKOGYO,KAWASAKI HEAVY INDUSTRIES,JP,93008599,1,B25J-0015/08,GRAY,,False,True,False,False,False,False,False,
16/060312,11072077,2016-12-02,Robot system and operation method thereof,KAWASAKI JUKOGYO KABUSHIKI KAISHA,KAWASAKI JUKOGYO,KAWASAKI HEAVY INDUSTRIES,JP,93008746,1,B25J-0013/003,GRAY,,False,True,False,False,False,False,False,
16/469184,11207775,2017-12-13,Method of teaching robot,"KAWASAKI JUKOGYO KABUSHIKI KAISHA | KAWASAKI ROBOTICS (USA), INC.",KAWASAKI JUKOGYO,KAWASAKI HEAVY INDUSTRIES,JP,93011186,1,B25J-0009/163,GRAY,,False,True,False,False,False,False,False,
16/234339,10974388,2018-12-27,Method of correcting position of robot and robot,"KAWASAKI JUKOGYO KABUSHIKI KAISHA | KAWASAKI ROBOTICS (USA), INC.",KAWASAKI JUKOGYO,KAWASAKI HEAVY INDUSTRIES,JP,93016974,1,B25J-0009/1692,GRAY,,False,False,False,False,False,False,False,
16/234084,11059178,2018-12-27,Method of correcting position of robot and robot,"KAWASAKI JUKOGYO KABUSHIKI KAISHA | KAWASAKI ROBOTICS (USA), INC.",KAWASAKI JUKOGYO,KAWASAKI HEAVY INDUSTRIES,JP,93016975,1,B25J-0009/1692,GRAY,,False,False,False,False,False,False,False,
17/067423,11554498,2020-10-09,"Wafer jig, robot system, communication method, and robot teaching method","KAWASAKI JUKOGYO KABUSHIKI KAISHA | KAWASAKI ROBOTICS (USA), INC.",KAWASAKI JUKOGYO,KAWASAKI HEAVY INDUSTRIES,JP,93030935,1,B25J-0011/0095,GRAY,,False,False,False,False,False,False,False,
14/738302,10046458,2015-06-12,System of confining robot movement actions and a method thereof,Jason Yan,JASON YAN,JASON YAN,TW,93053813,1,B25J-0009/1676,E_auto,제외전용신호+Tier신호없음,False,False,False,False,True,False,False,
16/948363,11314232,2020-09-15,Frequency response diagnostics for characterizing servo controlled mechanisms,"APPLIED MATERIALS, INC.",APPLIED MATERIALS,APPLIED MATERIALS,US,93067155,1,B25J-0009/1674,GRAY,,False,True,False,False,False,False,False,
15/493503,9789604,2017-04-21,Remote control system for pointing robot,PixArt Imaging Inc,PIXART IMAGING,PIXART IMAGING,TW,93227153,2,B25J-0009/161,GRAY,,False,False,False,False,False,False,False,
15/213736,9937624,2016-07-19,Mechanism-parameter-calibration method for robotic arm system,"Delta Electronics, Inc.",DELTA ELECTRONICS,DELTA ELECTRONICS,TW,93234049,3,B25J-0009/1692,GRAY,,False,True,False,False,False,False,False,
15/146725,10065319,2016-05-04,Tool calibration apparatus of robot manipulator,"DELTA ELECTRONICS, INC.",DELTA ELECTRONICS,DELTA ELECTRONICS,TW,93237762,1,B25J-0009/1692,GRAY,,False,True,False,False,False,False,False,
14/882444,10112306,2015-10-13,Auto-redirecting robot and the method thereof,Jason Yan,JASON YAN,JASON YAN,TW,93239081,1,B25J-0013/086,GRAY,,False,True,False,False,False,False,False,
15/392251,10144125,2016-12-28,Control device of robot arm and teaching system and method using the same,INDUSTRIAL TECHNOLOGY RESEARCH INSTITUTE,INDUSTRIAL TECHNOLOGY RESEARCH INSTITUTE,INDUSTRIAL TECHNOLOGY RESEARCH INSTITUTE,TW,93239971,2,B25J-0009/0081,GRAY,,False,True,False,False,False,False,False,
15/588715,10173322,2017-05-08,Multi-axis robotic arm and adjusting method thereof,INSTITUTE FOR INFORMATION INDUSTRY,INSTITUTE FOR INFORMATION INDUSTRY,INSTITUTE FOR INFORMATION INDUSTRY,TW,93240882,1,B25J-0009/1674,GRAY,,False,True,False,False,False,False,False,
15/594663,10245730,2017-05-15,Autonomous mobile robot and control method thereof,ASUSTeK COMPUTER INC.,ASUSTEK COMPUTER,ASUSTEK COMPUTER,TW,93242680,1,B25J-0009/1694,GRAY,,False,False,False,False,False,False,False,
15/583508,10421194,2017-05-01,Tool driving module and robot manipulator employing same,"DELTA ELECTRONICS, INC.",DELTA ELECTRONICS,DELTA ELECTRONICS,TW,93247310,1,B25J-0015/0019,GRAY,,False,True,False,False,False,False,False,
15/936103,10737387,2018-03-26,Robot arm calibration device and method thereof,INDUSTRIAL TECHNOLOGY RESEARCH INSTITUTE,INDUSTRIAL TECHNOLOGY RESEARCH INSTITUTE,INDUSTRIAL TECHNOLOGY RESEARCH INSTITUTE,TW,93255717,1,B25J-0009/1638,GRAY,,False,True,False,False,False,False,False,
15/900749,10786903,2018-02-20,Map creation system and method thereof for movable robot,"Institute of Nuclear Energy Research, Atomic Energy Council, Executive Yuan",INSTITUTE OF NUCLEAR ENERGY RESEARCH ATOMIC ENERGY COUNCIL EXECUTIVE YUAN,INSTITUTE OF NUCLEAR ENERGY RESEARCH ATOMIC ENERGY COUNCIL EXECUTIVE YUAN,TW,93256997,1,B25J-0009/1666,GRAY,,False,False,False,False,False,False,False,
15/845168,10926414,2017-12-18,System and method for calibrating tool center point of robot,INDUSTRIAL TECHNOLOGY RESEARCH INSTITUTE,INDUSTRIAL TECHNOLOGY RESEARCH INSTITUTE,INDUSTRIAL TECHNOLOGY RESEARCH INSTITUTE,TW,93260650,1,B25J-0009/1692,GRAY,,False,True,False,False,False,False,False,
15/854288,10967510,2017-12-26,Robot arm processing system and method thereof,INDUSTRIAL TECHNOLOGY RESEARCH INSTITUTE,INDUSTRIAL TECHNOLOGY RESEARCH INSTITUTE,INDUSTRIAL TECHNOLOGY RESEARCH INSTITUTE,TW,93261669,1,B25J-0009/1641,GRAY,,False,True,False,False,False,False,False,
16/174308,11148293,2018-10-30,"Motion computing device, robot system and robot controlling method",NATIONAL CHIAO TUNG UNIVERSITY,NATIONAL CHIAO TUNG UNIVERSITY,NATIONAL CHIAO TUNG UNIVERSITY,TW,93266439,1,B25J-0009/1697,GRAY,,False,True,False,False,False,False,False,
16/864542,11577406,2020-05-01,Vacuum sucker and suction device comprising the same,SYNCMOLD ENTERPRISE CORP.,SYNCMOLD ENTERPRISE,SYNCMOLD ENTERPRISE,TW,93267477,1,B25J-0015/0625,GRAY,,False,True,False,False,False,False,False,
16/232642,11247340,2018-12-26,"Method and apparatus of non-contact tool center point calibration for a mechanical arm, and a mechanical arm system with said calibration function",INDUSTRIAL TECHNOLOGY RESEARCH INSTITUTE,INDUSTRIAL TECHNOLOGY RESEARCH INSTITUTE,INDUSTRIAL TECHNOLOGY RESEARCH INSTITUTE,TW,93269046,1,B25J-0009/1692,GRAY,,False,True,False,False,False,False,False,
16/699101,11267129,2019-11-28,Automatic positioning method and automatic control device,Metal Industries Research & Development Centre,METAL INDUSTRIES RESEARCH & DEVELOPMENT CENTRE,METAL INDUSTRIES RESEARCH & DEVELOPMENT CENTRE,TW,93269593,1,B25J-0009/1697,GRAY,,False,True,False,False,False,False,False,
16/166268,11298831,2018-10-22,Robotic system capable of facilitating return alignment,Quanta Computer Inc.,QUANTA COMPUTER,QUANTA COMPUTER,TW,93270322,1,B25J-0011/008,GRAY,,False,False,False,False,False,False,False,
16/740481,11305435,2020-01-12,Robot and robot control method,"AmTRAN Technology Co., Ltd.",AMTRAN TECHNOLOGY,AMTRAN TECHNOLOGY,TW,93270492,1,B25J-0013/089,GRAY,,False,False,False,False,False,False,False,
17/150118,11331811,2021-01-15,Robotic palm and finger device thereof,INDUSTRIAL TECHNOLOGY RESEARCH INSTITUTE,INDUSTRIAL TECHNOLOGY RESEARCH INSTITUTE,INDUSTRIAL TECHNOLOGY RESEARCH INSTITUTE,TW,93271229,1,B25J-0015/0009,GRAY,,False,True,False,False,False,False,False,
16/750230,11401753,2020-01-23,Cable management on marine drilling risers,SCHLUMBERGER TECHNOLOGY CORPORATION,SCHLUMBERGER TECHNOLOGY,SCHLUMBERGER TECHNOLOGY,US,93272992,1,B25J-0011/00,GRAY,,False,True,False,False,False,False,False,
17/069843,11458627,2020-10-13,Method and system of robot for human following,NATIONAL CHIAO TUNG UNIVERSITY,NATIONAL CHIAO TUNG UNIVERSITY,NATIONAL CHIAO TUNG UNIVERSITY,TW,93274519,1,B25J-0009/1666,GRAY,,False,False,False,False,False,False,False,
16/929659,11577389,2020-07-15,Method for reducing vibration of robot arm,INDUSTRIAL TECHNOLOGY RESEARCH INSTITUTE,INDUSTRIAL TECHNOLOGY RESEARCH INSTITUTE,INDUSTRIAL TECHNOLOGY RESEARCH INSTITUTE,TW,93277462,1,B25J-0009/1633,GRAY,,False,True,False,False,False,False,False,
16/878891,11584009,2020-05-20,Collaborative robot control system and method,WINBOND ELECTRONICS CORP.,WINBOND ELECTRONICS,WINBOND ELECTRONICS,TW,93277616,1,B25J-0009/0084,GRAY,,False,True,False,False,False,False,False,
16/704769,11648667,2019-12-05,Processing path generating device and method thereof,INDUSTRIAL TECHNOLOGY RESEARCH INSTITUTE,INDUSTRIAL TECHNOLOGY RESEARCH INSTITUTE,INDUSTRIAL TECHNOLOGY RESEARCH INSTITUTE,TW,93279208,1,B25J-0009/1664,GRAY,,False,False,False,False,False,False,False,
17/460276,11667037,2021-08-29,Robot system with hand-guiding function,TECHMAN ROBOT INC.,TECHMAN ROBOT,TECHMAN ROBOT,TW,93279663,1,B25J-0013/02,GRAY,,False,False,False,False,False,False,False,
18/210001,12115655,2023-06-14,Robotic tray gripper,"Dexterity, Inc.",DEXTERITY,DEXTERITY,US,93281160,1,B25J-0015/0028,GRAY,,False,True,False,False,False,True,False,
16/951232,11897147,2020-11-18,Automated storage optimization and stackable pallets,BAKER HUGHES OILFIELD OPERATIONS LLC,BAKER HUGHES OILFIELD OPERATIONS,BAKER HUGHES OILFIELD OPERATIONS,US,93285110,1,B25J-0009/1687,GRAY,,False,False,False,False,False,False,False,
17/217467,11897706,2021-03-30,Robotic system with zone-based control,"DEXTERITY, INC.",DEXTERITY,DEXTERITY,US,93285117,2,B25J-0019/02,GRAY,,False,True,False,False,False,False,False,
17/329297,11951624,2021-05-25,"Robotic arm system, control method thereof and computer program product thereof",INDUSTRIAL TECHNOLOGY RESEARCH INSTITUTE,INDUSTRIAL TECHNOLOGY RESEARCH INSTITUTE,INDUSTRIAL TECHNOLOGY RESEARCH INSTITUTE,TW,93286327,1,B25J-0009/1633,GRAY,,False,True,False,False,False,False,False,
17/088776,11951626,2020-11-04,Autonomous fluid management using fluid digital twins,BAKER HUGHES OILFIELD OPERATIONS LLC,BAKER HUGHES OILFIELD OPERATIONS,BAKER HUGHES OILFIELD OPERATIONS,US,93286328,1,B25J-0009/1661,GRAY,,False,True,False,False,False,True,False,
18/546562,12090657,2021-04-30,Parallel link robot,FANUC CORPORATION,FANUC,FANUC,JP,93289645,1,B25J-0009/0051,GRAY,,False,True,False,False,False,False,False,
17/512843,12128559,2021-10-28,Self-reconfiguring modular robot with retractable wheel mechanisms,Igor Morozov,IGOR MOROZOV,IGOR MOROZOV,UA,93290635,1,B25J-0005/007,GRAY,,False,False,False,False,False,False,False,
17/435625,12172304,2019-04-06,Automated system for handling containers with product loading,"GRUPO BIMBO, S.A.B. DE C.V.",GRUPO BIMBO SAB DE CV,GRUPO BIMBO SAB DE CV,MX,93291615,1,B25J-0009/0093,GRAY,,False,True,False,False,False,False,False,
18/083231,12220814,2022-12-16,Master-slave robot arm control system and control method,Delta Electronics Int'l (Singapore) Pte Ltd | Nanyang Technological University,DELTA ELECTRONICS INT'L (SINGAPORE) PTE,DELTA ELECTRONICS INT'L (SINGAPORE) PTE,SG,93292716,1,B25J-0003/00,GRAY,,False,True,False,False,False,False,False,
17/696238,12252355,2022-03-16,Robotic singulation system sensor,"DEXTERITY, INC.",DEXTERITY,DEXTERITY,US,93293491,1,B25J-0019/023,GRAY,,False,True,False,False,False,False,False,
18/048862,12257726,2022-10-24,Robot and robot hand-eye calibrating method,NATIONAL TSING HUA UNIVERSITY,NATIONAL TSING HUA UNIVERSITY,NATIONAL TSING HUA UNIVERSITY,TW,93293621,1,B25J-0009/1692,GRAY,,False,True,False,False,False,False,False,
15/321264,10279483,2015-06-03,Co-handling robot comprising robot control means,COMMISSARIAT A L'ENERGIE ATOMIQUE ET AUX ENERGIES ALTERNATIVES,COMMISSARIAT A L'ENERGIE ATOMIQUE ET AUX ENERGIES ALTERNATIVES,COMMISSARIAT A L'ENERGIE ATOMIQUE ET AUX ENERGIES ALTERNATIVES,FR,95377388,1,B25J-0013/02,GRAY,,False,True,False,False,False,False,False,
16/316938, ,2017-06-27,METHODS AND APPARATUS TO CALIBRATE A POSITIONAL ORIENTATION BETWEEN A ROBOT GRIPPER AND A COMPONENT,Siemens Healthcare Diagnostics Inc.,SIEMENS HEALTHCARE DIAGNOSTICS,SIEMENS HEALTHCARE DIAGNOSTICS,US,97343463,1,B25J-0009/1692,GRAY,,False,True,False,False,False,False,False,등록번호누락
14/963189,10618174,2015-12-08,Robotic Touch Perception,AEOLUS ROBOTICS,AEOLUS ROBOTICS,AEOLUS ROBOTICS,US,97378501,3,B25J-0009/1694,GRAY,,False,True,False,False,False,False,False,
16/523655,11213953,2019-07-26,Efficient robot control based on inputs from remote client devices,GOOGLE LLC,GOOGLE,ALPHABET,US,100623254,3,B25J-0009/1689,GRAY,,False,True,False,False,False,False,False,
17/746427,12296492,2022-05-17,Embedded magnetic sensing for soft actuators,The Regents of the University of Colorado,THE REGENTS OF THE UNIVERSITY OF COLORADO,THE REGENTS OF THE UNIVERSITY OF COLORADO,US,100631884,1,B25J-0009/1694,GRAY,,False,True,False,False,False,False,False,
15/190127,9789611,2016-06-22,Handling gait disturbances with asynchronous timing,"BOSTON DYNAMICS, INC.",BOSTON DYNAMICS,HYUNDAI MOTOR GROUP(2021~)/구글·소프트뱅크(이전),US,100633522,6,B25J-0009/1692,GRAY,,False,True,False,False,False,False,False,
17/203296,11772272,2021-03-16,System(s) and method(s) of using imitation learning in training and refining robotic control policies,GOOGLE LLC,GOOGLE,ALPHABET,US,100633523,2,B25J-0009/1656,GRAY,,False,True,False,False,False,False,False,
17/139854,12311550,2020-12-31,Smart control system for a robotic device,SARCOS CORP.,SARCOS,SARCOS,US,100677651,1,B25J-0009/1602,GRAY,,False,False,False,False,False,False,False,
17/788798,12311557,2021-01-18,Controller for robot and power-outage processing method,FANUC CORPORATION,FANUC,FANUC,JP,100677658,1,B25J-0009/1674,GRAY,,False,False,False,False,False,False,False,
18/377042,12311562,2023-10-05,Firefighter robotic system,KING SAUD UNIVERSITY,KING SAUD UNIVERSITY,KING SAUD UNIVERSITY,SA,100677663,1,B25J-0009/1697,GRAY,,False,True,False,False,False,False,False,
17/021272,11633855,2020-09-15,Robot controller and robot control method,FANUC CORPORATION,FANUC,FANUC,JP,100689235,1,B25J-0009/1664,GRAY,,False,False,False,False,False,False,False,
17/474289,11787056,2021-09-14,Robot arm obstacle avoidance method and robot arm obstacle avoidance system,"Cheng Uei Precision Industry Co., Ltd.",CHENG UEI PRECISION INDUSTRY,CHENG UEI PRECISION INDUSTRY,TW,100691391,1,B25J-0009/1666,GRAY,,False,True,False,False,False,False,False,
17/672756,12162163,2022-02-16,Robot monitoring apparatus and robot system,SEIKO EPSON CORPORATION,SEIKO EPSON,SEIKO EPSON,JP,100733978,1,B25J-0009/1676,GRAY,,False,False,False,False,False,False,False,
16/891071,11478922,2020-06-03,Robot teaching device and robot system,FANUC CORPORATION,FANUC,FANUC,JP,100746776,1,B25J-0009/0081,GRAY,,False,True,False,False,False,False,False,
16/923485,11679508,2020-07-08,Robot device controller for controlling position of robot,Fanuc Corporation,FANUC,FANUC,JP,100746795,2,B25J-0009/1697,GRAY,,False,False,False,False,False,False,False,
16/970450,12304072,2018-09-13,Reinforcement learning for contact-rich tasks in automation systems,SIEMENS AKTIENGESELLSCHAFT | THE REGENTS OF THE UNIVERSITY OF CALIFORNIA,SIEMENS,SIEMENS,DE,100846779,1,B25J-0009/163,GRAY,,False,True,False,False,False,False,False,
17/969999,12304083,2022-10-20,"Legged robot motion control method, apparatus, and device, and medium",TENCENT TECHNOLOGY (SHENZHEN) COMPANY LIMITED,TENCENT TECHNOLOGY (SHENZHEN),TENCENT TECHNOLOGY (SHENZHEN),CN,100847908,1,B25J-0009/1664,GRAY,,False,True,False,False,False,False,False,
18/949980,12304056,2024-11-15,Internal inspection robot,Electric Power Science & Research Institute of State Grid Tianjin Electric Power Company | State Grid Tianjin Electric Power Company | State Grid Corporation of China,ELECTRIC POWER SCIENCE & RESEARCH INSTITUTE OF STATE GRID TIANJIN ELECTRIC POWER,ELECTRIC POWER SCIENCE & RESEARCH INSTITUTE OF STATE GRID TIANJIN ELECTRIC POWER,CN,100857545,1,B25J-0009/1615,GRAY,,False,True,False,False,False,False,False,
17/515628,12304063,2021-11-01,Soft gripper apparatus,BOARD OF TRUSTEES OF MICHIGAN STATE UNIVERSITY,BOARD OF TRUSTEES OF MICHIGAN STATE UNIVERSITY,BOARD OF TRUSTEES OF MICHIGAN STATE UNIVERSITY,US,100857546,1,B25J-0015/12,GRAY,,False,True,False,False,False,False,False,
17/960544,12304074,2022-10-05,Robot carriage tray table,"DEXTERITY, INC.",DEXTERITY,DEXTERITY,US,100857547,1,B25J-0009/163,E_auto,제외전용신호+Tier신호없음,False,False,False,False,False,True,False,
16/258492,11618170,2019-01-25,Control of social robot based on prior character portrayal,WARNER BROS. ENTERTAINMENT INC.,WARNER BROS ENTERTAINMENT,WARNER BROS ENTERTAINMENT,US,100859194,1,B25J-0011/0015,GRAY,,False,False,False,False,False,False,False,
17/799717,12318939,2020-02-25,"Control device, control method and storage medium",NEC CORPORATION,NEC,NEC,JP,100872447,1,B25J-0009/1661,GRAY,,False,False,False,False,False,False,False,
17/921807,12318944,2021-04-23,"Method for automatically scheduling the timing of brake tests, and associated robot",KUKA DEUTSCHLAND GMBH,KUKA DEUTSCHLAND,KUKA,DE,100872452,1,B25J-0009/1674,GRAY,,False,True,False,False,False,False,False,
17/635565,12253844,2020-09-23,"Data processing device, data processing method, and robot",SONY GROUP CORPORATION,SONY GROUP,SONY,JP,101064503,1,B25J-0019/02,GRAY,,False,False,False,False,False,False,False,
17/530712,11938628,2021-11-19,Systems and methods for controlling movements of robotic actuators,"BOSTON DYNAMICS, INC.",BOSTON DYNAMICS,HYUNDAI MOTOR GROUP(2021~)/구글·소프트뱅크(이전),US,101065546,2,B25J-0009/12,GRAY,,False,True,False,False,False,False,False,
16/137255,11154990,2018-09-20,Braking and regeneration control in a legged robot,"BOSTON DYNAMICS, INC.",BOSTON DYNAMICS,HYUNDAI MOTOR GROUP(2021~)/구글·소프트뱅크(이전),US,101068926,3,B25J-0009/20,GRAY,,False,True,False,False,False,False,False,
18/090457,12311545,2022-12-28,"Walking control method, biped robot and computer-readable storage medium",UBTECH ROBOTICS CORP LTD,UBTECH ROBOTICS,UBTECH,CN,101070086,1,B25J-0009/1602,T1_auto,휴머노이드명시/전건T1_OEM,True,True,False,False,False,False,False,
18/168220,12311560,2023-02-13,System and methods for multi-robotic multi-product U-shaped disassembly line,King Abdulaziz University,KING ABDULAZIZ UNIVERSITY,KING ABDULAZIZ UNIVERSITY,SA,101070088,1,B25J-0009/1682,E_auto,제외전용신호+Tier신호없음,False,False,False,False,False,True,False,
17/379412,12325120,2021-07-19,Gas cylinder transfer apparatus and gas cylinder logistics system including the same,"SEMES CO., LTD.",SEMES,SEMES,KR,101083554,1,B25J-0015/0038,GRAY,,False,True,False,False,False,False,False,
15/739548,12240124,2016-06-20,Moving along a predetermined path with a robot,KUKA ROBOTER GMBH,KUKA ROBOTER,KUKA,DE,101237134,1,B25J-0009/1666,GRAY,,False,True,False,False,False,False,False,
16/533844,11478930,2019-08-07,Simulation assisted planning of motions to lift heavy objects,SIEMENS AKTIENGESELLSCHAFT,SIEMENS,SIEMENS,DE,101237258,1,B25J-0009/1664,GRAY,,False,True,False,False,False,False,False,
17/108044,11890760,2020-12-01,Balancer abnormality detection system and balancer abnormality detection method,FANUC CORPORATION,FANUC,FANUC,JP,101264149,1,B25J-0009/1674,GRAY,,False,True,False,False,False,False,False,
17/708335,12290942,2022-03-30,"Method for controlling robot, robot system, and storage medium",SEIKO EPSON CORPORATION,SEIKO EPSON,SEIKO EPSON,JP,101265810,1,B25J-0009/1633,GRAY,,False,True,False,False,False,False,False,
17/785402,12269175,2020-12-15,Curved surface following control method for robot,KAWASAKI JUKOGYO KABUSHIKI KAISHA,KAWASAKI JUKOGYO,KAWASAKI HEAVY INDUSTRIES,JP,101265885,1,B25J-0009/1684,GRAY,,False,False,False,False,False,False,False,
18/049448,12318916,2022-10-25,Surface preparation end effector for industrial robot system and inspection and repair processes,WICHITA STATE UNIVERSITY,WICHITA STATE UNIVERSITY,WICHITA STATE UNIVERSITY,US,101317581,1,B25J-0015/0019,GRAY,,False,False,False,False,False,False,False,
17/530603,12162169,2021-11-19,System and method for location determination and robot control,Massachusetts Institute of Technology,MASSACHUSETTS INSTITUTE OF TECHNOLOGY,MASSACHUSETTS INSTITUTE OF TECHNOLOGY,US,101319016,1,B25J-0009/1697,GRAY,,False,True,True,False,False,True,False,
17/797154,12330302,2021-02-10,Graphically supported adaptation of robot control programs,"AGILE ROBOTS HANOVER GMBH, NOW TRADING AS FRANKA ROBOTICS GMBH",AGILE ROBOTS HANOVER NOW TRADING AS FRANKA ROBOTICS,FRANKA,DE,101391085,1,B25J-0009/1605,GRAY,,False,True,False,False,False,False,False,
17/970333,12330313,2022-10-20,Guided travel mode with dynamic force feedback for mobile robots,ZEBRA TECHNOLOGIES CORPORATION,ZEBRA TECHNOLOGIES,ZEBRA TECHNOLOGIES,US,101391096,1,B25J-0009/1666,E_auto,제외전용신호+Tier신호없음,False,False,False,False,False,True,False,
18/323504,12330317,2023-05-25,Calibration method and robot system,SEIKO EPSON CORPORATION,SEIKO EPSON,SEIKO EPSON,JP,101391100,1,B25J-0009/1692,GRAY,,False,True,False,False,False,False,False,
17/752457,12070858,2022-05-24,Neuromorphic smooth control of robotic arms,ACCENTURE GLOBAL SOLUTIONS LIMITED,ACCENTURE GLOBAL SOLUTIONS,ACCENTURE GLOBAL SOLUTIONS,IE,101464735,1,B25J-0009/161,GRAY,,False,True,False,False,False,False,False,
16/575600,11433536,2019-09-19,Process understanding for robotic process automation (RPA) using sequence extraction,"UIPATH, INC.",UIPATH,UIPATH,US,101490293,1,B25J-0009/163,GRAY,,False,False,False,False,False,False,False,
17/702923,12162154,2022-03-24,"Robot system, control device, and control method",SEIKO EPSON CORPORATION,SEIKO EPSON,SEIKO EPSON,JP,101492712,1,B25J-0009/1651,GRAY,,False,True,False,False,False,False,False,
17/305348,11638995,2021-07-06,Compliant payload presentation using robotic system with coordinated serial and parallel robots,GM Global Technology Operations LLC,GM GLOBAL TECHNOLOGY OPERATIONS,GM,US,101493336,1,B25J-0009/0084,GRAY,,False,True,False,False,False,False,False,
17/850046,12179357,2022-06-27,"Method of setting force control parameter in work of robot, robot system, and computer program",SEIKO EPSON CORPORATION,SEIKO EPSON,SEIKO EPSON,JP,101493356,1,B25J-0009/1633,GRAY,,False,False,False,False,False,False,False,
17/994225,12325137,2022-11-25,Robot and method for controlling the same,"Samsung Electronics Co., Ltd.",SAMSUNG ELECTRONICS,SAMSUNG,KR,101539730,1,B25J-0009/1666,E_auto,제외전용신호+Tier신호없음,False,False,False,False,True,False,False,
18/013687,12325127,2021-08-02,Serial manipulator for space applications,SRI INTERNATIONAL,SRI INTERNATIONAL,SRI INTERNATIONAL,US,101540673,1,B25J-0009/104,GRAY,,False,True,False,False,False,False,False,
17/290554,11691269,2019-10-30,Robotic manipulator having a plurality of spring compensated joints,"APPTRONIK, INC.",APPTRONIK,APPTRONIK,US,101541830,2,B25J-0009/1005,GRAY,,False,True,False,False,False,False,False,
17/124812,11407103,2020-12-17,Intelligent gripper with individual cup control,"BOSTON DYNAMICS, INC.",BOSTON DYNAMICS,HYUNDAI MOTOR GROUP(2021~)/구글·소프트뱅크(이전),US,101541833,2,B25J-0009/1612,GRAY,,False,True,False,False,False,False,False,
16/273729,11267121,2019-02-12,"Conversation output system, conversation output method, and non-transitory recording medium","CASIO COMPUTER CO., LTD.",CASIO COMPUTER,CASIO COMPUTER,JP,101667098,1,B25J-0009/161,GRAY,,False,False,False,False,False,False,False,
17/897443,12337474,2022-08-29,Robot teaching system,DAIHEN Corporation,DAIHEN,DAIHEN,JP,101691721,1,B25J-0009/0081,GRAY,,False,False,False,False,False,False,False,
18/109480,12337482,2023-02-14,Path generation device and method,OMRON Corporation,OMRON,OMRON,JP,101691729,1,B25J-0009/1664,GRAY,,False,True,False,False,False,False,False,
18/126379,12337483,2023-03-24,Systems and hybrid position force control processes of an industrial robot,STAUBLI FAVERGES,STAUBLI FAVERGES,STAUBLI FAVERGES,FR,101691730,1,B25J-0009/1664,GRAY,,False,True,False,False,False,False,False,
19/064661,12337488,2025-02-26,Methods for improved hand-eye calibration based on structured light cameras,GUANGDONG UNIVERSITY OF TECHNOLOGY,GUANGDONG UNIVERSITY OF TECHNOLOGY,GUANGDONG UNIVERSITY OF TECHNOLOGY,CN,101691735,1,B25J-0009/1692,GRAY,,False,True,False,False,False,False,False,
18/030593,12337489,2021-10-08,Arc welding robot system,FANUC CORPORATION,FANUC,FANUC,JP,101691736,1,B25J-0009/1694,GRAY,,False,False,False,False,False,False,False,
17/701876,12179349,2022-03-23,"Motion data generation system, motion data generation method, and motion data generation program of robot",TOYOTA JIDOSHA KABUSHIKI KAISHA,TOYOTA JIDOSHA,TOYOTA,JP,101704517,1,B25J-0009/0072,T1_auto,휴머노이드명시/전건T1_OEM,True,True,False,False,False,False,False,
17/730498,12214503,2022-04-27,"Robot control system, information processor, information processing method, and non-transitory computer readable medium storing program",OMRON CORPORATION,OMRON,OMRON,JP,101704788,1,B25J-0009/1664,GRAY,,False,False,False,False,False,False,False,
16/848189,11318611,2020-04-14,Multi center impedance control,FANUC CORPORATION,FANUC,FANUC,JP,101786542,1,B25J-0009/1633,GRAY,,False,True,False,False,False,False,False,
18/001232,12257720,2021-07-01,Robot control device,FANUC CORPORATION,FANUC,FANUC,JP,101789464,1,B25J-0009/1664,GRAY,,False,True,False,False,False,False,False,
17/930270,12330308,2022-09-07,"Robot system, parallel link mechanism, control method, control device, and storage medium",KABUSHIKI KAISHA TOSHIBA,TOSHIBA,TOSHIBA,JP,101848832,1,B25J-0009/0051,GRAY,,False,True,False,False,False,False,False,
18/324243,12330290,2023-05-26,Operator-friendly interface for collaborative robots,ROBOTIQ INC.,ROBOTIQ,ROBOTIQ,CA,101853408,1,B25J-0013/06,GRAY,,False,True,False,False,False,False,False,
17/833998,12330295,2022-06-07,"Tapered hydraulic hose, methods of making, and applications thereof in robot systems",SANCTUARY COGNITIVE SYSTEMS CORPORATION,SANCTUARY COGNITIVE SYSTEMS,SANCTUARY COGNITIVE SYSTEMS,CA,101853410,1,B25J-0019/0029,T1_auto,휴머노이드명시/전건T1_OEM,False,False,False,False,False,False,False,
18/105178,12330304,2023-02-02,Object placement,INTRINSIC INNOVATION LLC,INTRINSIC INNOVATION,ALPHABET,US,101853413,1,B25J-0009/163,GRAY,,False,True,False,False,False,False,True,
17/890541,12343865,2022-08-18,Active cooling system and method for robot manipulators,"Amazon Technologies, Inc.",AMAZON TECHNOLOGIES,AMAZON,US,101866650,1,B25J-0019/0054,GRAY,,False,True,False,False,False,False,False,
19/049379,12343870,2025-02-10,Self-adaptive identification method for nonlinear dynamic parameters of reducer,Zhejiang University,ZHEJIANG UNIVERSITY,ZHEJIANG UNIVERSITY,CN,101866655,1,B25J-0009/1605,GRAY,,False,True,False,False,False,False,False,
17/776602,12343873,2020-11-16,"Control device, control system, robot system, and control method",KAWASAKI JUKOGYO KABUSHIKI KAISHA,KAWASAKI JUKOGYO,KAWASAKI HEAVY INDUSTRIES,JP,101866658,1,B25J-0009/163,GRAY,,False,True,False,False,False,False,False,
17/708258,12194633,2022-03-30,"Method for controlling robot, robot system, and storage medium",SEIKO EPSON CORPORATION,SEIKO EPSON,SEIKO EPSON,JP,101883601,1,B25J-0009/1638,GRAY,,False,True,False,False,False,False,False,
17/249085,11813753,2021-02-19,Collision avoidance motion planning method for industrial robot,FANUC CORPORATION,FANUC,FANUC,JP,101884518,1,B25J-0009/1666,GRAY,,False,True,False,False,False,False,False,
15/373650,10195739,2016-12-09,Measuring robot performance,CMR SURGICAL LIMITED,CMR SURGICAL,CMR SURGICAL,GB,101939082,2,B25J-0009/1641,GRAY,,False,True,True,False,False,False,False,
17/005442,11897137,2020-08-28,Method of identifying robot model automatically and safely,ABB SCHWEIZ AG,ABB SCHWEIZ,ABB,CH,101939461,1,B25J-0009/1653,GRAY,,False,False,False,False,False,False,False,
17/094514,11697208,2020-11-10,"Operation management method and device for elevator, elevator system and computer-readable storage medium",OTIS ELEVATOR COMPANY,OTIS ELEVATOR,OTIS ELEVATOR,US,101939939,1,B25J-0009/1679,GRAY,,False,False,False,False,False,False,False,
17/136650,12023815,2020-12-29,Method and system for automated object packing,TATA CONSULTANCY SERVICES LIMITED,TATA CONSULTANCY SERVICES,TATA CONSULTANCY SERVICES,IN,101939948,1,B25J-0009/1676,GRAY,,False,True,False,False,False,True,False,
17/428713,12220812,2020-04-03,Robot device,KAWASAKI JUKOGYO KABUSHIKI KAISHA,KAWASAKI JUKOGYO,KAWASAKI HEAVY INDUSTRIES,JP,101940102,1,B25J-0017/0283,GRAY,,False,False,False,False,False,False,False,
18/000002,11833671,2021-05-20,Joint structure for robot,OMRON CORPORATION,OMRON,OMRON,JP,101971652,1,B25J-0017/0216,GRAY,,False,True,False,False,False,False,False,
17/038089,11926043,2020-09-30,Robot for gripping and/or holding objects,SMW-AUTOBLOK SPANNSYSTEME GMBH,SMW-AUTOBLOK SPANNSYSTEME,SMW-AUTOBLOK SPANNSYSTEME,DE,102125617,1,B25J-0019/0041,GRAY,,False,True,False,False,False,False,False,
16/258740,11911914,2019-01-28,System and method for automatic hand-eye calibration of vision system for robot motion,COGNEX CORPORATION,COGNEX,COGNEX,US,102151924,1,B25J-0009/1692,GRAY,,False,True,False,False,False,False,False,
17/764765,12337476,2020-10-09,Device to allow retraction of soft growing robots without buckling,THE BOARD OF TRUSTEES OF THE LELAND STANFORD JUNIOR UNIVERSITY,THE BOARD OF TRUSTEES OF THE LELAND STANFORD JUNIOR UNIVERSITY,THE BOARD OF TRUSTEES OF THE LELAND STANFORD JUNIOR UNIVERSITY,US,102159889,1,B25J-0009/142,GRAY,,False,False,False,False,False,False,False,
18/219395,12350826,2023-07-07,Loading and unloading system,"NAKANISHI METAL WORKS CO., LTD.",NAKANISHI METAL WORKS,NAKANISHI METAL WORKS,JP,102194635,1,B25J-0009/0093,GRAY,,False,True,False,False,False,True,False,
17/885384,12350832,2022-08-10,Transferable real-time clock for robotics control,INTRINSIC INNOVATION LLC,INTRINSIC INNOVATION,ALPHABET,US,102194641,1,B25J-0009/1602,GRAY,,False,False,False,False,False,False,False,
17/344503,12350836,2021-06-10,Faceted finger for guided haptic feedback,"Amazon Technologies, Inc.",AMAZON TECHNOLOGIES,AMAZON,US,102194644,1,B25J-0009/1633,GRAY,,False,True,False,False,False,False,False,
17/651485,12350840,2022-02-17,Region-based grasp generation,FANUC CORPORATION,FANUC,FANUC,JP,102194648,1,B25J-0009/1671,GRAY,,False,True,False,False,False,False,False,
18/207581,12350843,2023-06-08,Systems and methods for updating the correction coefficient of an industrial robot force sensor,STAUBLI FAVERGES,STAUBLI FAVERGES,STAUBLI FAVERGES,FR,102194651,1,B25J-0009/1692,GRAY,,False,True,False,False,False,False,False,
17/505094,12350846,2021-10-19,"Robot system, method for controlling robot system, and program",TOYOTA JIDOSHA KABUSHIKI KAISHA,TOYOTA JIDOSHA,TOYOTA,JP,102194654,1,B25J-0005/007,GRAY,,False,True,False,False,False,False,False,
16/414021,11207780,2019-05-16,"Path planning apparatus, path planning method, and path planning program",OMRON Corporation,OMRON,OMRON,JP,102266984,1,B25J-0009/1666,GRAY,,False,False,False,False,False,False,False,
16/801577,11345034,2020-02-26,Robot system,Seiko Epson Corporation,SEIKO EPSON,SEIKO EPSON,미상,102267292,1,B25J-0009/1674,GRAY,,False,False,False,False,False,False,False,
18/010086,12337487,2021-05-17,"Robot control apparatus and method, and robot","GREE ELECTRIC APPLIANCES, INC. OF ZHUHAI",GREE ELECTRIC APPLIANCES OF ZHUHAI,GREE ELECTRIC APPLIANCES OF ZHUHAI,CN,102277517,1,B25J-0009/1676,GRAY,,False,False,False,False,False,False,False,
18/015176,12070855,2021-08-27,Robot,FANUC CORPORATION,FANUC,FANUC,JP,102298847,1,B25J-0009/0009,GRAY,,False,True,False,False,False,False,False,
17/894782,12343878,2022-08-24,Systems and methods for determining operational paradigms for robotic picking based on pick data source,"PLUS ONE ROBOTICS, INC.",PLUS ONE ROBOTICS,PLUS ONE ROBOTICS,US,102378369,1,B25J-0009/1669,GRAY,,False,True,False,False,False,False,False,
18/126571,12343877,2023-03-27,"Driving robot apparatus, control method of the driving robot apparatus, and recording medium having recorded thereon computer program","SAMSUNG ELECTRONICS CO., LTD.",SAMSUNG ELECTRONICS,SAMSUNG,KR,102378473,1,B25J-0009/1666,E_auto,제외전용신호+Tier신호없음,False,False,False,False,True,False,False,
17/506556,12343871,2021-10-20,Robotic system with gripping mechanism,"Mujin, Inc.",MUJIN,MUJIN,JP,102380966,1,B25J-0009/1612,GRAY,,False,True,False,False,False,False,False,
18/222006,12343859,2023-07-14,Robot arm system for making ice cream and method of controlling same,XYZ INC.,XYZ,XYZ,KR,102381996,1,B25J-0011/0045,GRAY,,False,True,False,False,False,False,False,
17/146098,12343880,2021-01-11,End effector bump detector,TEXAS INSTRUMENTS INCORPORATED,TEXAS INSTRUMENTS,TEXAS INSTRUMENTS,US,102383600,1,B25J-0009/1676,GRAY,,False,True,False,False,False,False,False,
17/900770,12280495,2022-08-31,Robotic manipulator with camera and tactile sensing,Khalifa University of Science and Technology,KHALIFA UNIVERSITY OF SCIENCE AND TECHNOLOGY,KHALIFA UNIVERSITY OF SCIENCE AND TECHNOLOGY,AE,102384941,1,B25J-0019/023,GRAY,,False,True,False,False,False,False,False,
18/013758,12296469,2020-09-18,Device of brake controlling and robot including thereof,LG ELECTRONICS INC.,LG ELECTRONICS,LG,KR,102393248,1,B25J-0019/0004,GRAY,,False,False,False,False,False,False,False,
17/851505,12358131,2022-06-28,Automatic application device and automatic application method,"SINTOKOGIO, LTD.",SINTOKOGIO,SINTOKOGIO,JP,102396558,1,B25J-0009/1612,GRAY,,False,True,False,False,False,False,False,
18/079285,12358143,2022-12-12,Tether usage for robotic package delivery or item handling,"Amazon Technologies, Inc.",AMAZON TECHNOLOGIES,AMAZON,US,102396570,1,B25J-0009/1687,GRAY,,False,True,False,False,False,True,False,
18/246498,12358151,2022-03-04,Robot control system and control device,JOHNAN CORPORATION,JOHNAN,JOHNAN,JP,102396578,1,B25J-0009/1697,GRAY,,False,False,False,False,False,False,False,
15/769803,10603803,2016-10-20,Humanoid robot foot comprising an active variable stiffness mechanism,FONDAZIONE ISTITUTO ITALIANO DI TECNOLOGIA | UNIVERSITA' DEGLI STUDI DI GENOVA,FONDAZIONE ISTITUTO ITALIANO DI TECNOLOGIA,FONDAZIONE ISTITUTO ITALIANO DI TECNOLOGIA,IT,102461643,1,B25J-0019/068,T1_auto,휴머노이드명시/전건T1_OEM,True,False,False,False,False,False,False,
17/957567,12343872,2022-09-30,"Computer, method for controlling robot, and computer system","Hitachi, Ltd.",HITACHI,HITACHI,JP,102473665,1,B25J-0009/1612,GRAY,,False,True,False,False,False,False,False,
16/868746,11992932,2020-05-07,"Robot controller, robot system, and robot control method",Fanuc Corporation,FANUC,FANUC,JP,102486151,1,B25J-0013/006,GRAY,,False,False,False,False,False,False,False,
17/020815,11904478,2020-09-15,Simulation device and robot system using augmented reality,FANUC CORPORATION,FANUC,FANUC,JP,102486177,1,B25J-0009/1671,GRAY,,False,False,False,False,False,False,False,
17/791173,12350844,2021-01-06,Control system,FANUC CORPORATION,FANUC,FANUC,JP,102486942,1,B25J-0009/1694,GRAY,,False,False,False,False,False,False,False,
18/008760,12280505,2021-06-10,Method and computer program product for controlling a robot,DEUTSCHES ZENTRUM FÜR LUFT- UND RAUMFAHRT E.V.,DEUTSCHES ZENTRUM FÜR LUFT- UND RAUMFAHRT EV,DEUTSCHES ZENTRUM FÜR LUFT- UND RAUMFAHRT EV,DE,102486972,1,B25J-0009/1643,GRAY,,False,False,False,False,False,False,False,
18/004407,12337479,2021-07-26,Robot system and robot control device,FANUC CORPORATION,FANUC,FANUC,JP,102486984,1,B25J-0009/1633,GRAY,,False,True,False,False,False,False,False,
17/009122,11806876,2020-09-01,"Control system, control apparatus, and robot",FANUC CORPORATION,FANUC,FANUC,JP,102493423,1,B25J-0009/1643,GRAY,,False,True,False,False,False,False,False,
17/718354,12138791,2022-04-12,"Robot control system, lower-level control apparatus, and control method for robot",SEIKO EPSON CORPORATION,SEIKO EPSON,SEIKO EPSON,JP,102495733,1,B25J-0009/161,GRAY,,False,True,False,False,False,False,False,
17/992362,12318931,2022-11-22,Robot application development system,ABB Schweiz AG,ABB SCHWEIZ,ABB,CH,102496671,1,B25J-0009/1605,GRAY,,False,True,False,False,False,False,False,
17/872130,12350841,2022-07-25,Vacuum cup damage detection system,"FORTNA SYSTEMS, INC.",FORTNA SYSTEMS,FORTNA SYSTEMS,US,102556734,1,B25J-0009/1674,GRAY,,False,False,False,False,False,False,False,
16/694923,11691301,2019-11-25,Detection and measurement of wear of robotic manipulator touch points,KINDRED SYSTEMS II INC. | KINDRED SYSTEMS INC.,KINDRED SYSTEMS II,KINDRED SYSTEMS II,CA,102560147,2,B25J-0015/0475,GRAY,,False,True,False,False,False,False,False,
18/011547,12275143,2021-06-24,Segmented robot,"FLX Solutions, Inc.",FLX SOLUTIONS,FLX SOLUTIONS,US,102562252,1,B25J-0009/06,GRAY,,False,True,False,False,False,False,False,
18/059384,12263589,2022-11-28,Robot comprising hydraulic pressure power unit,Rainbow Robotics,RAINBOW ROBOTICS,RAINBOW ROBOTICS,KR,102602392,1,B25J-0009/14,GRAY,,False,False,False,False,False,False,False,
18/013093,12365097,2021-06-24,"Loading robot hand, robot, and article holding method",KAWASAKI JUKOGYO KABUSHIKI KAISHA,KAWASAKI JUKOGYO,KAWASAKI HEAVY INDUSTRIES,JP,102613641,1,B25J-0015/0023,GRAY,,False,True,False,False,False,True,False,
17/708010,12251827,2022-03-30,Exoskeleton and master,Marcel Reese,MARCEL REESE,MARCEL REESE,DE,102709776,1,B25J-0009/0006,GRAY,,False,True,False,True,False,False,False,
16/212304,11325262,2018-12-06,"Robot, robot control system, robot control method, and non-transitory storage medium","CASIO COMPUTER CO., LTD.",CASIO COMPUTER,CASIO COMPUTER,JP,102709883,1,B25J-0013/08,GRAY,,False,True,False,False,False,False,False,
16/615066,11110592,2018-05-16,Remote control robot system,KAWASAKI JUKOGYO KABUSHIKI KAISHA,KAWASAKI JUKOGYO,KAWASAKI HEAVY INDUSTRIES,JP,102709949,1,B25J-0003/04,GRAY,,False,True,False,False,False,False,False,
17/216685,11724383,2021-03-30,Robot,KABUSHIKI KAISHA YASKAWA DENKI,YASKAWA DENKI,YASKAWA,JP,102710824,1,B25J-0009/0009,GRAY,,False,True,False,False,False,False,False,
16/984843,11345023,2020-08-04,Modular robot and operation method thereof,LG ELECTRONICS INC.,LG ELECTRONICS,LG,KR,102719719,1,B25J-0009/08,GRAY,,False,False,False,False,False,False,False,
16/909096,12358140,2020-06-23,Motion planning for multiple robots in shared workspace,"REALTIME ROBOTICS, INC.",REALTIME ROBOTICS,REALTIME ROBOTICS,US,102815102,1,B25J-0009/1666,GRAY,,False,True,False,False,False,False,False,
17/900882,12358159,2022-09-01,"Module-unit-position servo system and a control method therefor, and a modular robot","BEIJING KE YI TECHNOLOGY CO., LTD.",BEIJING KE YI TECHNOLOGY,BEIJING KE YI TECHNOLOGY,CN,102815398,1,B25J-0013/088,GRAY,,False,True,False,False,False,False,False,
17/193268,11911919,2021-03-05,Method and computing system for performing grip region detection,"MUJIN, INC.",MUJIN,MUJIN,JP,102817371,2,B25J-0009/1697,GRAY,,False,True,False,False,False,False,False,
18/110216,12358154,2023-02-15,Robot for expressing emotional state of pet and control method thereof,"SAMSUNG ELECTRONICS CO., LTD.",SAMSUNG ELECTRONICS,SAMSUNG,KR,102818274,1,B25J-0011/0005,GRAY,,False,True,False,False,False,False,False,
18/610859,12358127,2024-03-20,Robotic arm,Sanctuary Cognitive Systems Corporation,SANCTUARY COGNITIVE SYSTEMS,SANCTUARY COGNITIVE SYSTEMS,CA,102819825,1,B25J-0009/106,T1_auto,휴머노이드명시/전건T1_OEM,True,True,False,False,False,False,False,
17/689267,12269166,2022-03-08,Integration of plasma processing and robotic path planning,"HYPERTHERM, INC.",HYPERTHERM,HYPERTHERM,US,102821089,1,B25J-0009/1664,GRAY,,False,True,False,False,False,False,False,
18/014989,12370676,2020-09-24,Robot state planning method based on Monte Carlo tree search algorithm,HARBIN INSTITUTE OF TECHNOLOGY,HARBIN INSTITUTE OF TECHNOLOGY,HARBIN INSTITUTE OF TECHNOLOGY,CN,102829863,1,B25J-0009/1605,GRAY,,False,False,False,False,False,False,False,
18/174787,12370679,2023-02-27,Device and method for controlling a robot to perform a task,ROBERT BOSCH GMBH,ROBERT BOSCH,ROBERT BOSCH,DE,102829866,1,B25J-0009/163,GRAY,,False,True,False,False,False,False,False,
18/687260,12370701,2023-12-29,Multi-degree-of-freedom robotic arm,CHINA INSTITUTE OF ATOMIC ENERGY,CHINA INSTITUTE OF ATOMIC ENERGY,CHINA INSTITUTE OF ATOMIC ENERGY,CN,102829886,1,B25J-0009/046,GRAY,,False,True,False,False,False,False,False,
17/606773,11926061,2020-04-29,Logistic device,UNIVERSITA' DI PISA,UNIVERSITA' DI PISA,UNIVERSITA' DI PISA,IT,102908957,1,B25J-0009/1682,GRAY,,False,True,False,False,False,True,False,
16/361555, ,2019-03-22,DOVETAIL TOOL CHANGER FOR INDUSTRIAL MANIPULATORS,GIMATIC S.r.l.,GIMATIC,GIMATIC,IT,102914281,1,B25J-0015/0408,GRAY,,False,True,False,False,False,False,False,등록번호누락
18/040997,12208523,2021-09-10,Robot system and control method,FANUC CORPORATION,FANUC,FANUC,JP,102941827,1,B25J-0009/163,GRAY,,False,True,False,False,False,False,False,
17/088964,11485017,2020-11-04,Robot system,FANUC CORPORATION,FANUC,FANUC,JP,102949254,1,B25J-0009/1674,GRAY,,False,True,False,False,False,False,False,
17/656289,12257717,2022-03-24,"Multi-joint-robot linear-member-shape simulator, multi-joint-robot linear-member-shape simulation method, and multi-joint-robot linear-member-shape simulation program","Kobe Steel, Ltd. | Kabushiki Kaisha Kobe Seiko Sho (Kobe Steel, Ltd.)",KOBE STEEL,KOBE STEEL,JP,102951151,1,B25J-0009/1664,GRAY,,False,True,False,False,False,False,False,
17/306587,11912514,2021-05-03,Vehicle and material handler,"Tompkins Robotics, Inc.",TOMPKINS ROBOTICS,TOMPKINS ROBOTICS,US,103006169,2,B25J-0005/007,E_auto,제외전용신호+Tier신호없음,False,False,False,False,False,True,False,
17/985528,12377536,2022-11-11,Imitation robot control stack models,GDM HOLDING LLC,GDM,GDM,US,103014504,1,B25J-0009/163,GRAY,,False,True,False,False,False,False,False,
18/143795,12377537,2023-05-05,"Multi-arm spacecraft model predictive control method based on mixture of gaussian processes, equipment, and medium","Harbin Institute of Technology, Shenzhen",HARBIN INSTITUTE OF TECHNOLOGY SHENZHEN,HARBIN INSTITUTE OF TECHNOLOGY SHENZHEN,CN,103014505,1,B25J-0009/163,GRAY,,False,False,False,False,False,False,False,
18/246874,12377547,2021-09-03,"Control device, robot, control method, and program",OMRON CORPORATION,OMRON,OMRON,JP,103014515,1,B25J-0009/1694,GRAY,,False,False,False,False,False,False,False,
18/528330,12377552,2023-12-04,Robot fish system,"PIONEER MATERIAL PRECISION TECH CO., LTD.",PIONEER MATERIAL PRECISION TECH,PIONEER MATERIAL PRECISION TECH,TW,103014520,1,B25J-0011/00,GRAY,,False,False,False,False,False,False,False,
17/630677,12280503,2020-08-11,Method for operating a robot manipulator with increased mass of a load,"AGILE ROBOTS HANOVER GMBH, NOW TRADING AS FRANKA ROBOTICS GMBH",AGILE ROBOTS HANOVER NOW TRADING AS FRANKA ROBOTICS,FRANKA,DE,103025512,1,B25J-0009/1633,GRAY,,False,True,False,False,False,False,False,
17/715186,12109713,2022-04-07,Remote robot system and method of controlling remote robot system,TOYOTA JIDOSHA KABUSHIKI KAISHA,TOYOTA JIDOSHA,TOYOTA,JP,103027066,1,B25J-0009/1689,GRAY,,False,False,False,False,False,False,False,
17/875452,12263604,2022-07-28,Control method for robot system and robot system,SEIKO EPSON CORPORATION,SEIKO EPSON,SEIKO EPSON,JP,103028136,1,B25J-0009/1697,GRAY,,False,True,False,False,False,False,False,
16/962706,11318603,2019-01-16,Delta robot having an input means,KUKA DEUTSCHLAND GMBH,KUKA DEUTSCHLAND,KUKA,DE,103110098,1,B25J-0009/0051,GRAY,,False,True,False,False,False,False,False,
17/908107,12275151,2020-12-17,Robot control system and control method,OMRON CORPORATION,OMRON,OMRON,JP,103110929,1,B25J-0009/1658,GRAY,,False,False,False,False,False,False,False,
17/984783,12145264,2022-11-10,Component supply device,"Konica Minolta, Inc.",KONICA MINOLTA,KONICA MINOLTA,JP,103119866,1,B25J-0009/0093,GRAY,,False,False,False,False,False,False,False,
15/723732,10500731,2017-10-03,Robot system including robot supported by movable carriage,FANUC CORPORATION,FANUC,FANUC,JP,103131435,1,B25J-0009/1697,GRAY,,False,False,False,False,False,False,False,
17/096323,12330316,2020-11-12,Coordinate-system setting system and coordinate-system setting method,FANUC CORPORATION,FANUC,FANUC,JP,103137128,1,B25J-0009/1692,GRAY,,False,False,False,False,False,False,False,
18/001448,12290931,2021-07-27,Robot controller,FANUC CORPORATION,FANUC,FANUC,JP,103141039,1,B25J-0009/1653,GRAY,,False,True,False,False,False,False,False,
14/856497,9751210,2015-09-16,Systems and methods for performing occlusion detection,IROBOT CORPORATION,IROBOT,IROBOT,US,103375529,3,B25J-0009/1602,GRAY,,False,False,False,False,False,False,False,
18/819986,12370685,2024-08-29,System and method for supporting wooden members during installation of nail plates in wooden structures,"BOTBUILT, INC.",BOTBUILT,BOTBUILT,US,103404311,1,B25J-0009/1656,GRAY,,False,False,False,False,False,False,False,
18/710401,12384022,2022-11-09,Robot arm with an additional output link,KUKA DEUTSCHLAND GMBH,KUKA DEUTSCHLAND,KUKA,DE,103561783,1,B25J-0009/106,GRAY,,False,True,False,False,False,False,False,
17/801919,12384031,2020-02-28,"Control device, control method and storage medium",NEC CORPORATION,NEC,NEC,JP,103561792,1,B25J-0009/1661,GRAY,,False,False,False,False,False,False,False,
18/009912,12384036,2021-06-10,General-purpose computer-based robot control system,"HANGZHOU KAIERDA WELDING ROBOT CO., LTD.",HANGZHOU KAIERDA WELDING ROBOT,HANGZHOU KAIERDA WELDING ROBOT,CN,103561797,1,B25J-0009/1674,GRAY,,False,True,False,False,False,False,False,
17/832914,12384045,2022-06-06,Supplemental and targeted heating of vehicle body-in-white interior components/areas for paint ovens,GM GLOBAL TECHNOLOGY OPERATIONS LLC,GM GLOBAL TECHNOLOGY OPERATIONS,GM,US,103561806,1,B25J-0011/0075,GRAY,,False,True,False,False,False,False,False,
18/074951,12337486,2022-12-05,Abnormality detection method in twin-motor-driven robot,NACHI-FUJIKOSHI CORP.,NACHI-FUJIKOSHI,NACHI-FUJIKOSHI,JP,103641494,1,B25J-0009/1674,GRAY,,False,True,False,False,False,False,False,
17/652122,12115665,2022-02-23,"Handling system, transport system, control device, storage medium, and handling method",Kabushiki Kaisha Toshiba,TOSHIBA,TOSHIBA,JP,103664081,1,B25J-0009/1612,GRAY,,False,False,False,False,False,False,False,
17/991963,12318948,2022-11-22,System and method for automated operation and maintenance of a robot system,"AT&T Intellectual Property I, L.P.",AT&T INTELLECTUAL PROPERTY I LP,AT&T INTELLECTUAL PROPERTY I LP,US,103726242,1,B25J-0009/1689,GRAY,,False,False,False,False,False,False,False,
17/777250,12390933,2020-11-10,"Service robot and display control method thereof, controller and storage medium","JINGDONG TECHNOLOGY INFORMATION TECHNOLOGY CO., LTD.",JINGDONG TECHNOLOGY INFORMATION TECHNOLOGY,JINGDONG TECHNOLOGY INFORMATION TECHNOLOGY,CN,103749268,1,B25J-0009/1694,GRAY,,False,False,False,False,False,False,False,
16/980086,11697212,2019-03-11,Feeding device for a manipulator arm having at least one joint and stiffening device for such a feeding device,MERCEDES BENZ GROUP AG,MERCEDES BENZ GROUP,MERCEDES BENZ GROUP,DE,103760033,1,B25J-0019/0025,GRAY,,False,True,False,False,False,False,False,
16/986965,11453120,2020-08-06,Robot system,FANUC CORPORATION,FANUC,FANUC,JP,103760123,1,B25J-0009/0096,GRAY,,False,False,False,False,False,False,False,
15/080069,9808933,2016-03-24,Robotic system with reconfigurable end-effector assembly,"DELAWARE CAPITAL FORMATION, INC.",DELAWARE CAPITAL FORMATION,DELAWARE CAPITAL FORMATION,US,103761085,1,B25J-0009/163,GRAY,,False,False,False,False,False,False,False,
17/907167,12257721,2021-05-06,Robot controller,FANUC CORPORATION,FANUC,FANUC,JP,103765955,1,B25J-0009/1664,GRAY,,False,True,False,False,False,False,False,
16/756060,11850758,2018-10-12,System for correcting robot operations among simultaneously automatically operated robots,KAWASAKI JUKOGYO KABUSHIKI KAISHA,KAWASAKI JUKOGYO,KAWASAKI HEAVY INDUSTRIES,JP,103827402,2,B25J-0009/1689,GRAY,,False,True,False,False,False,False,False,
17/425257,11420328,2020-01-31,Generating a robot control policy from demonstrations,GOOGLE LLC,GOOGLE,ALPHABET,US,103827877,1,B25J-0009/1664,GRAY,,False,True,False,False,False,False,False,
17/031899,11654576,2020-09-25,Robot system including robot having handle and method of controlling robot,FANUC CORPORATION,FANUC,FANUC,JP,103848888,1,B25J-0013/02,GRAY,,False,True,False,False,False,False,False,
17/090195,11911900,2020-11-05,Robot controller and robot control method,FANUC CORPORATION,FANUC,FANUC,JP,103848947,1,B25J-0009/1602,GRAY,,False,False,False,False,False,False,False,
16/740208,11685042,2020-01-10,Working robot and control method for working robot,CANON KABUSHIKI KAISHA,CANON,CANON,JP,103897772,1,B25J-0009/0081,GRAY,,False,True,False,False,False,False,False,
17/770715,12384019,2020-10-09,Safe activation of free-drive mode of robot arm,UNIVERSAL ROBOTS A/S,UNIVERSAL ROBOTS A/S,UNIVERSAL ROBOTS A/S,DK,103898597,1,B25J-0009/0081,GRAY,,False,True,False,False,False,False,False,
14/834855,10081098,2015-08-25,Generalized coordinate surrogates for integrated estimation and control,"BOSTON DYNAMICS, INC.",BOSTON DYNAMICS,HYUNDAI MOTOR GROUP(2021~)/구글·소프트뱅크(이전),US,103903419,4,B25J-0009/1682,T1_auto,휴머노이드명시/전건T1_OEM,True,True,False,False,False,False,False,
18/326106,12384034,2023-05-31,Part manipulator for assembly machine,TE Connectivity Solutions GmbH | Tyco Electronics (Shanghai) Co Ltd,TE CONNECTIVITY SOLUTIONS,TE CONNECTIVITY SOLUTIONS,CH,103904423,1,B25J-0009/1669,GRAY,,False,True,False,False,False,False,False,
17/845698,12384039,2022-06-21,Learning to acquire and adapt contact-rich manipulation skills with motion primitives,X DEVELOPMENT LLC,X DEVELOPMENT,ALPHABET,US,103904424,1,B25J-0009/1687,GRAY,,False,True,False,False,False,False,False,
18/443618,12384057,2024-02-16,Flexible robotic limbs including rolling contact joints,MASSACHUSETTS INSTITUTE OF TECHNOLOGY,MASSACHUSETTS INSTITUTE OF TECHNOLOGY,MASSACHUSETTS INSTITUTE OF TECHNOLOGY,US,103904426,1,B25J-0018/06,GRAY,,False,True,False,False,False,False,False,
17/491577,12162138,2021-10-01,"Systems, devices, and methods for robotic end effectors",SANCTUARY COGNITIVE SYSTEMS CORPORATION,SANCTUARY COGNITIVE SYSTEMS,SANCTUARY COGNITIVE SYSTEMS,CA,103905767,3,B25J-0015/08,T1_auto,휴머노이드명시/전건T1_OEM,False,True,False,False,False,False,False,
15/776194,11559904,2016-11-18,Screwing device and method for screwing a screw into a wall,INVENTIO AG,INVENTIO,INVENTIO,CH,104085550,1,B25J-0015/04,GRAY,,False,True,False,False,False,False,False,
15/436189,10300596,2017-02-17,Moving robot and control method thereof,LG ELECTRONICS INC.,LG ELECTRONICS,LG,KR,104088604,2,B25J-0005/005,E_auto,제외전용신호+Tier신호없음,False,False,False,False,True,False,False,
17/415721,11511412,2019-12-20,Robotic system,VANABOT LTD,VANABOT,VANABOT,GB,104112937,1,B25J-0005/04,GRAY,,False,True,False,False,False,False,False,
15/687582,10449674,2017-08-28,"Part support apparatus, control method, and manufacturing method",HIRATA CORPORATION,HIRATA,HIRATA,JP,104315670,1,B25J-0009/1682,GRAY,,False,False,False,False,False,False,False,
15/575490,10710243,2016-05-10,Control and regulation of actuators of a robot by taking into consideration ambient contacts,CAVOS BAGATELLE VERWALTUNGS GMBH & CO. KG,CAVOS BAGATELLE VERWALTUNGS & CO KG,CAVOS BAGATELLE VERWALTUNGS & CO KG,DE,104315711,1,B25J-0009/1676,GRAY,,False,True,False,False,False,False,False,
15/576244,10730186,2016-05-21,Method and device for open-loop/closed-loop control of an actuator-driven robot joint,KASTANIENBAUM GMBH,KASTANIENBAUM,FRANKA,DE,104315734,1,B25J-0009/1674,T1_auto,휴머노이드명시/전건T1_OEM,True,True,False,False,False,False,False,
15/752705,10836051,2016-08-10,Robot arm and robot wrist,FRANKA EMIKA GMBH,FRANKA EMIKA,FRANKA,DE,104316938,1,B25J-0017/0291,GRAY,,False,True,False,False,False,False,False,
15/766925,10618167,2016-10-04,Robot arm with input elements,KASTANIENBAUM GMBH,KASTANIENBAUM,FRANKA,DE,104317772,1,B25J-0009/1656,GRAY,,False,True,False,False,False,False,False,
15/766942,11135715,2016-10-04,Robot arm,KASTANIENBAUM GMBH,KASTANIENBAUM,FRANKA,DE,104317773,1,B25J-0009/0081,GRAY,,False,True,False,False,False,False,False,
15/766080,11040455,2016-10-10,Robot system and method for controlling a robot system,HADDADIN BETEILIGUNGS UG,HADDADIN BETEILIGUNGS UG,HADDADIN BETEILIGUNGS UG,DE,104317802,1,B25J-0013/081,GRAY,,False,True,False,False,False,False,False,
15/766083,10843344,2016-10-10,Robot system,Sami Haddadin,SAMI HADDADIN,SAMI HADDADIN,DE,104317807,1,B25J-0013/06,GRAY,,False,True,False,False,False,False,False,
15/766094,10981278,2016-10-10,Robot system,KASTANIENBAUM GMBH,KASTANIENBAUM,FRANKA,DE,104317808,1,B25J-0013/06,GRAY,,False,True,False,False,False,False,False,
15/900880,10751881,2018-02-21,System and method for executing fault-tolerant simultaneous localization and mapping in robotic clusters,Tata Consultancy Services Limited,TATA CONSULTANCY SERVICES,TATA CONSULTANCY SERVICES,IN,104320218,1,B25J-0009/1682,GRAY,,False,False,False,False,False,False,False,
16/095326,11358275,2017-04-20,Drive unit for a robot and method for manufacturing the same,FRANKA EMIKA GMBH,FRANKA EMIKA,FRANKA,DE,104320544,1,B25J-0009/126,GRAY,,False,True,False,False,False,False,False,
16/095185,11097423,2017-04-24,Method for controlling a robot manipulator for screwing in a screw,FRANKA EMIKA GMBH,FRANKA EMIKA,FRANKA,DE,104320619,1,B25J-0009/1669,GRAY,,False,True,False,False,False,False,False,
16/095494,11059175,2017-04-21,System and method for controlling a robot,FRANKA EMIKA GMBH,FRANKA EMIKA,FRANKA,DE,104320625,1,B25J-0009/1674,GRAY,,False,False,False,False,False,False,False,
16/095225,11396098,2017-04-21,Control of a robot system,FRANKA EMIKA GMBH,FRANKA EMIKA,FRANKA,DE,104320627,1,B25J-0009/1674,GRAY,,False,True,False,False,False,False,False,
16/094392,11230007,2017-04-25,Robot having a controller protected for a network failure,FRANKA EMIKA GMBH,FRANKA EMIKA,FRANKA,DE,104320636,1,B25J-0009/1674,GRAY,,False,True,False,False,False,False,False,
16/270877,11364635,2019-02-08,Controlling a robot in an environment,Rolls-Royce plc,ROLLS-ROYCE,ROLLS-ROYCE,GB,104323413,1,B25J-0009/1697,GRAY,,False,False,False,False,False,False,False,
16/480221,11325251,2018-02-07,Robot,FRANKA EMIKA GMBH,FRANKA EMIKA,FRANKA,DE,104324945,1,B25J-0009/1628,GRAY,,False,True,False,False,False,False,False,
16/606998,11524405,2018-04-18,Screwing device,FRANKA EMIKA GMBH,FRANKA EMIKA,FRANKA,DE,104325975,1,B25J-0009/1679,GRAY,,False,True,False,False,False,False,False,
16/606989,11247339,2018-04-18,Device and method for plugging an expansion board into a plug-in coupling,FRANKA EMIKA GMBH,FRANKA EMIKA,FRANKA,DE,104325976,1,B25J-0009/1679,GRAY,,False,True,False,False,False,False,False,
16/606831,11845185,2018-04-18,Device and method for the electrical testing of an electrical component,FRANKA EMIKA GMBH,FRANKA EMIKA,FRANKA,DE,104325977,1,B25J-0009/1633,GRAY,,False,True,False,False,False,False,False,
16/607284,11420333,2018-04-18,Robot and method for controlling a robot,FRANKA EMIKA GMBH,FRANKA EMIKA,FRANKA,DE,104325980,1,B25J-0009/1612,GRAY,,False,True,False,False,False,False,False,
16/611643,11370117,2018-05-29,Collision handling by a robot,FRANKA EMIKA GMBH,FRANKA EMIKA,FRANKA,DE,104326564,1,B25J-0009/1674,T1_auto,휴머노이드명시/전건T1_OEM,True,True,False,False,False,False,False,
17/420017,12311538,2020-01-22,Method for determining a weight and a center of gravity of a robot manipulator load,"AGILE ROBOTS HANOVER GMBH, NOW TRADING AS FRANKA ROBOTICS GMBH",AGILE ROBOTS HANOVER NOW TRADING AS FRANKA ROBOTICS,FRANKA,DE,104335763,1,B25J-0019/02,GRAY,,False,True,False,False,False,False,False,
16/889275,10987814,2020-06-01,Compliant perimeter end effectors,"SOFTWEAR AUTOMATION, INC.",SOFTWEAR AUTOMATION,SOFTWEAR AUTOMATION,US,104343271,2,B25J-0009/0015,GRAY,,False,True,False,False,False,False,False,
17/765445,12318913,2020-07-27,Construction robot,SHIMIZU CORPORATION,SHIMIZU,SHIMIZU,JP,104399926,1,B25J-0013/08,GRAY,,False,True,False,False,False,False,False,
14/831153,9815194,2015-08-20,Force control robot and method for controlling same,IHI CORPORATION,IHI,IHI,JP,104418138,1,B25J-0009/1612,GRAY,,False,False,False,False,False,False,False,
16/002242,10717193,2018-06-07,Artificial intelligence moving robot and control method thereof,LG ELECTRONICS INC.,LG ELECTRONICS,LG,KR,104446068,1,B25J-0009/1666,E_auto,제외전용신호+Tier신호없음,False,False,False,False,True,False,False,
17/521451,12049000,2021-11-08,Joint structure for robot and robot including the same,Hyundai Motor Company | Kia Corporation,HYUNDAI MOTOR,HYUNDAI MOTOR GROUP,KR,104455463,1,B25J-0015/0009,GRAY,,False,True,False,False,False,False,False,
15/617512,10525595,2017-06-08,"Methods, apparatus, computer programs, and non-transitory computer readable storage mediums for controlling at least one of a first robot and a second robot to collaborate within a system",ROLLS-ROYCE plc,ROLLS-ROYCE,ROLLS-ROYCE,GB,104478465,1,B25J-0009/1682,GRAY,,False,True,False,False,False,False,False,
18/513018,12397420,2023-11-17,Artificial intelligence (AI) hand type device for performing tasks with acute precision,Techolution Consulting LLC,TECHOLUTION CONSULTING,TECHOLUTION CONSULTING,US,104483129,1,B25J-0009/163,GRAY,,False,True,False,False,False,False,False,
18/097753,12397431,2023-01-17,Robot trajectory under collision constraints,TENCENT AMERICA LLC,TENCENT AMERICA,TENCENT AMERICA,US,104483140,1,B25J-0009/1676,GRAY,,False,True,False,False,False,False,False,
18/075877,12397433,2022-12-06,Continuum arm robot system,ROLLS-ROYCE plc,ROLLS-ROYCE,ROLLS-ROYCE,GB,104483141,1,B25J-0009/0084,GRAY,,False,True,False,False,False,False,False,
17/794438,12246458,2021-02-15,Robot system,FANUC CORPORATION,FANUC,FANUC,JP,104549431,1,B25J-0009/1697,GRAY,,False,False,False,False,False,False,False,
18/288927,12325121,2021-07-12,Robot appendage actuation,GOOGLE LLC,GOOGLE,ALPHABET,US,104550678,1,B25J-0009/106,GRAY,,False,True,False,False,False,False,False,
16/843185,11813749,2020-04-08,Robot teaching by human demonstration,FANUC CORPORATION,FANUC,FANUC,JP,104726275,1,B25J-0009/163,GRAY,,False,True,False,False,False,False,False,
17/791301,12172322,2021-01-13,Robot simulation device,FANUC CORPORATION,FANUC,FANUC,JP,104742584,1,B25J-0009/1633,GRAY,,False,True,False,False,False,False,False,
16/307472,11104005,2016-10-31,"Controller for end portion control of multi-degree-of-freedom robot, method for controlling multi-degree-of-freedom robot by using controller, and robot operated thereby",NEUROMEKA,NEUROMEKA,NEUROMEKA,KR,104812264,1,B25J-0009/1633,GRAY,,False,False,False,False,False,False,False,
17/059957,11623345,2019-05-24,Modular robot system,"ROBORISEN CO., LTD",ROBORISEN,ROBORISEN,KR,104813965,1,B25J-0009/1617,E_auto,제외전용신호+Tier신호없음,False,False,False,False,False,False,True,
17/629266,12134196,2020-10-30,Method for automatically setting collision sensitivity of collaborative robot,NEUROMEKA,NEUROMEKA,NEUROMEKA,KR,104815316,1,B25J-0009/1666,GRAY,,False,True,False,False,False,False,False,
17/112406,11599091,2020-12-04,Telescopic structure actuation,Hello Robot,HELLO ROBOT,HELLO ROBOT,US,104815406,1,B25J-0009/104,GRAY,,False,True,False,False,False,False,False,
16/269306,11872698,2019-02-06,Controller of robot and control method,CANON KABUSHIKI KAISHA,CANON,CANON,JP,104822962,1,B25J-0009/163,GRAY,,False,True,False,False,False,False,False,
18/069127,12318928,2022-12-20,"Continuum robot control system and control method, and program",CANON KABUSHIKI KAISHA,CANON,CANON,JP,104823286,1,B25J-0009/06,GRAY,,False,False,False,False,False,False,False,
17/902694,12390923,2022-09-02,Robotic gripper assemblies for openable object(s) and methods for picking objects,"MUJIN, INC.",MUJIN,MUJIN,JP,104823525,1,B25J-0009/1612,GRAY,,False,True,False,False,False,False,False,
15/874448,10946520,2018-01-18,Mobile robot system and control method thereof,LG ELECTRONICS INC.,LG ELECTRONICS,LG,KR,104834607,1,B25J-0009/1666,GRAY,,False,False,False,False,False,False,False,
16/844519,11504854,2020-04-09,"Systems and methods for robotic sensing, repair and inspection",ARROWEAD CENTER | NEW MEXICO STATE UNIVERSITY | ARIZONA BOARD OF REGENTS ON BEHALF OF ARIZONA STATE UNIVERSITY,ARROWEAD CENTER,ARROWEAD CENTER,US,104838102,1,B25J-0009/1694,GRAY,,False,True,False,False,False,False,False,
17/716382,12390940,2022-04-08,Robotic foam dispenser,"DEXTERITY, INC.",DEXTERITY,DEXTERITY,US,104839015,1,B25J-0015/0019,GRAY,,False,True,False,False,False,True,False,
15/824532,10792811,2017-11-28,"Multi-bar linkage, lower-limb exoskeleton robot using the same, and method of controlling the same",Hyundai Motor Company | Kia Motors Corporation | Hyundai Rotem Company,HYUNDAI MOTOR,HYUNDAI MOTOR GROUP,KR,104848756,1,B25J-0009/1633,GRAY,,False,True,False,True,False,False,False,
16/383801,11014244,2019-04-15,Robot system for assembling component and control method thereof,"SUNGWOO HITECH CO., LTD.",SUNGWOO HITECH,SUNGWOO HITECH,KR,104849139,1,B25J-0009/1697,GRAY,,False,False,False,False,False,False,False,
16/401666,11148290,2019-05-02,Plurality of robot cleaner and a controlling method for the same,LG Electronics Inc.,LG ELECTRONICS,LG,KR,104865574,1,B25J-0009/1666,GRAY,,False,True,False,False,True,False,False,
15/728980,10744636,2017-10-10,"Robot cleaner, robot cleaner system and control method of the same",LG ELECTRONICS INC.,LG ELECTRONICS,LG,KR,104875791,1,B25J-0009/0003,E_auto,제외전용신호+Tier신호없음,False,False,False,False,True,False,False,
17/916661,12403585,2021-05-20,Robot system,FANUC CORPORATION,FANUC,FANUC,JP,104890148,1,B25J-0005/007,GRAY,,False,True,False,False,False,False,False,
18/081611,12403599,2022-12-14,"Motion terrain determining method, robot, and computer-readable storage medium",2021A351US1 | UBTECH ROBOTICS CORP LTD,2021A351US1,2021A351US1,CN,104890162,1,B25J-0009/1664,T1_auto,휴머노이드명시/전건T1_OEM,True,True,False,False,False,False,False,
18/129232,12403600,2023-03-31,"Motion data generating system for robot, motion data generating method for robot, and storage medium",TOYOTA JIDOSHA KABUSHIKI KAISHA,TOYOTA JIDOSHA,TOYOTA,JP,104890163,1,B25J-0009/1664,T1_auto,휴머노이드명시/전건T1_OEM,True,True,False,False,False,False,False,
18/015539,12403603,2021-03-05,Control device and control method,OMRON CORPORATION,OMRON,OMRON,JP,104890166,1,B25J-0009/1676,GRAY,,False,False,False,False,False,False,False,
17/606284,12403607,2020-03-26,Method and system for monitoring a robot arrangement,KUKA AKTIENGESELLSCHAFT | KUKA DEUTSCHLAND GMBH,KUKA,KUKA,DE,104890170,1,B25J-0009/1666,GRAY,,False,False,False,False,False,False,False,
18/095423,12403612,2023-01-10,Robot-mounted lamp assembly for curing paint,GM GLOBAL TECHNOLOGY OPERATIONS LLC,GM GLOBAL TECHNOLOGY OPERATIONS,GM,US,104890175,1,B25J-0011/0075,GRAY,,False,True,False,False,False,False,False,
16/192970,10857665,2018-11-16,Mobile manufacturing module,AIRBUS OPERATIONS GMBH,AIRBUS OPERATIONS,AIRBUS OPERATIONS,DE,104899088,1,B25J-0009/0009,GRAY,,False,True,False,False,False,False,False,
17/971097,12384060,2022-10-21,Robot safety monitoring system,HANWHA ROBOTICS CORPORATION,HANWHA ROBOTICS,HANWHA ROBOTICS,KR,104953798,1,B25J-0019/06,GRAY,,False,False,False,False,False,False,False,
17/684185,12179365,2022-03-01,"Robot system, terminal, control method for robot system, and control method for terminal",CANON KABUSHIKI KAISHA,CANON,CANON,JP,104960869,1,B25J-0009/1664,GRAY,,False,True,False,False,False,False,False,
17/997256,12318920,2021-10-12,"Safety system, joint assembly with safety system, and robot having joint assembly","SHANGHAI FLEXIV ROBOTICS TECHNOLOGY CO., LTD. | FLEXIV LTD.",SHANGHAI FLEXIV ROBOTICS TECHNOLOGY,SHANGHAI FLEXIV ROBOTICS TECHNOLOGY,CN,104962402,1,B25J-0019/0004,GRAY,,False,True,False,False,False,False,False,
17/099029,11794340,2020-11-16,Robot controller,FANUC CORPORATION,FANUC,FANUC,JP,104979239,1,B25J-0009/16,GRAY,,False,False,False,False,False,False,False,
17/325181,11738454,2021-05-19,Method and device for operating a robot,ROBERT BOSCH GMBH,ROBERT BOSCH,ROBERT BOSCH,DE,104979450,1,B25J-0009/163,GRAY,,False,True,False,False,False,False,False,
18/232150,12370671,2023-08-09,Bearing-type twin-pivot continuum robot,XI'AN JIAOTONG UNIVERSITY,XI'AN JIAOTONG UNIVERSITY,XI'AN JIAOTONG UNIVERSITY,CN,104981503,1,B25J-0009/06,GRAY,,False,True,False,False,False,False,False,
17/779218,12285867,2020-11-24,Dual mounting for automated repair systems,3M INNOVATIVE PROPERTIES COMPANY,3M INNOVATIVE PROPERTIES,3M INNOVATIVE PROPERTIES,US,105023764,1,B25J-0009/1633,GRAY,,False,True,False,False,False,False,False,
16/092280,11525748,2017-04-05,Method for detecting a parameter of a closure element,BATTENBERG ROBOTIC GMBH & CO. KG,BATTENBERG ROBOTIC & CO KG,BATTENBERG ROBOTIC & CO KG,DE,105069135,1,B25J-0009/1679,GRAY,,False,False,False,False,False,False,False,
16/614117,11235474,2018-04-11,Workpiece gripping device,SMC CORPORATION,SMC,SMC,JP,105069688,1,B25J-0015/00,GRAY,,False,True,False,False,False,False,False,
18/631636,12397453,2024-04-10,Sensorized robotic gripping device,GDM HOLDING LLC,GDM,GDM,US,105069972,1,B25J-0019/023,GRAY,,False,True,False,False,False,False,False,
17/414979,12011834,2019-12-19,Robot system and method of controlling the robot system,KAWASAKI JUKOGYO KABUSHIKI KAISHA,KAWASAKI JUKOGYO,KAWASAKI HEAVY INDUSTRIES,JP,105076691,2,B25J-0003/04,GRAY,,False,True,False,False,False,False,False,
17/565889,12397416,2021-12-30,"Robot control method, storage medium and electronic device","CloudMinds Robotics Co., Ltd.",CLOUDMINDS ROBOTICS,CLOUDMINDS ROBOTICS,CN,105077916,1,B25J-0009/163,GRAY,,False,True,False,False,False,False,False,
18/081072,12397421,2022-12-14,Contact force overshoot mitigation in pneumatic force control devices,"ATI Industrial Automation, Inc.",ATI INDUSTRIAL AUTOMATION,ATI INDUSTRIAL AUTOMATION,US,105080727,1,B25J-0009/1633,GRAY,,False,False,False,False,False,False,False,
16/709257,11407118,2019-12-10,Robot for performing dextrous tasks and related methods and systems,Joseph E Augenbraun | Ashis Ghosh | Stephen J. Hansen | Achille Verheye | Dalia MacPhee,JOSEPH E AUGENBRAUN,JOSEPH E AUGENBRAUN,US,105080731,1,B25J-0005/007,GRAY,,False,True,False,False,True,False,False,
18/330576,12397442,2023-06-07,Haptic system for robot teleoperation in confined spaces,"UNIVERSITY OF FLORIDA RESEARCH FOUNDATION, INCORPORATED",UNIVERSITY OF FLORIDA RESEARCH FOUNDATION,UNIVERSITY OF FLORIDA RESEARCH FOUNDATION,US,105080732,1,B25J-0013/00,GRAY,,False,True,False,False,False,False,False,
17/644642,12325131,2021-12-16,Constrained manipulation of objects,"Boston Dynamics, Inc.",BOSTON DYNAMICS,HYUNDAI MOTOR GROUP(2021~)/구글·소프트뱅크(이전),US,105081964,1,B25J-0009/1628,GRAY,,False,True,False,False,False,False,False,
18/588919,12269170,2024-02-27,"Systems, methods, and computer program products for generating robot training data",SANCTUARY COGNITIVE SYSTEMS CORPORATION,SANCTUARY COGNITIVE SYSTEMS,SANCTUARY COGNITIVE SYSTEMS,CA,105081970,1,B25J-0009/1671,T1_auto,휴머노이드명시/전건T1_OEM,False,False,False,False,False,False,False,
17/092673,11642782,2020-11-09,"Conveyance robot system, method for controlling conveyance robot and non-transitory computer readable storage medium storing a robot control program",TOYOTA JIDOSHA KABUSHIKI KAISHA,TOYOTA JIDOSHA,TOYOTA,JP,105085958,1,B25J-0009/162,GRAY,,False,True,False,False,False,True,False,
18/025063,12409547,2021-09-22,Control device and control method,FANUC CORPORATION,FANUC,FANUC,JP,105094558,1,B25J-0009/0081,GRAY,,False,True,False,False,False,False,False,
18/126371,12409553,2023-03-24,Systems and hybrid position force control processes of an industrial robot,STAUBLI FAVERGES,STAUBLI FAVERGES,STAUBLI FAVERGES,FR,105094564,1,B25J-0009/1664,GRAY,,False,True,False,False,False,False,False,
17/515401,12410019,2021-10-30,Vision and control systems for robotic pack stations,"PLUS ONE ROBOTICS, INC.",PLUS ONE ROBOTICS,PLUS ONE ROBOTICS,US,105095027,1,B25J-0009/1687,GRAY,,False,True,False,False,False,True,False,
18/103104,12325122,2023-01-30,"Control device, inspection system, control method, and non-transitory computer-readable medium","MITSUBISHI HEAVY INDUSTRIES, LTD. | TOKYO INSTITUTE OF TECHNOLOGY",MITSUBISHI HEAVY INDUSTRIES,MITSUBISHI HEAVY INDUSTRIES,JP,105167868,1,B25J-0009/163,GRAY,,False,True,False,False,False,False,False,
15/964710,10807244,2018-04-27,Ballistic robot system with spin and other controlled motion of robot during flight,"Disney Enterprises, Inc.",DISNEY ENTERPRISES,DISNEY ENTERPRISES,US,105229531,2,B25J-0009/1682,GRAY,,False,True,False,False,False,False,False,
17/657269,12233545,2022-03-30,"Modular, propelled cable suspended robot for industrial plants and unmanned offshore platforms",SAUDI ARABIAN OIL COMPANY,SAUDI ARABIAN OIL,SAUDI ARABIAN OIL,SA,105245385,1,B25J-0009/0009,GRAY,,False,False,False,False,False,False,False,
18/378548,12403616,2023-10-10,Suction-based end effector with mixed cup sizes,"Dexterity, Inc.",DEXTERITY,DEXTERITY,US,105247758,1,B25J-0015/0052,GRAY,,False,True,False,False,False,False,False,
17/819685,12403590,2022-08-15,Robotic grasping via RF-visual sensing and learning,Massachusetts Institute of Technology,MASSACHUSETTS INSTITUTE OF TECHNOLOGY,MASSACHUSETTS INSTITUTE OF TECHNOLOGY,US,105248387,1,B25J-0009/1612,GRAY,,False,True,False,False,False,True,False,
18/918335,12257701,2024-10-17,7-axis multi-joint robot having horizontal movement ability,"Yuilrobotics, co., Ltd.",YUILROBOTICS,YUILROBOTICS,KR,105281093,1,B25J-0019/002,GRAY,,False,True,False,False,False,False,False,
16/519870,11338429,2019-07-23,Robot,LG ELECTRONICS INC.,LG ELECTRONICS,LG,KR,105287766,1,B25J-0009/0003,GRAY,,False,False,False,False,False,False,False,
16/566233,11559902,2019-09-10,Robot system and control method of the same,LG ELECTRONICS INC.,LG ELECTRONICS,LG,KR,105287769,1,B25J-0013/06,GRAY,,False,True,False,False,False,False,False,
18/325537,12415267,2023-05-30,Synthesizing machine learning-based controllers for underactuated robotic manipulators,SIEMENS AKTIENGESELLSCHAFT,SIEMENS,SIEMENS,DE,105292273,1,B25J-0009/161,GRAY,,False,True,False,False,False,False,False,
17/986327,12415278,2022-11-14,Robotic tool reconfiguration system,GM GLOBAL TECHNOLOGY OPERATIONS LLC,GM GLOBAL TECHNOLOGY OPERATIONS,GM,US,105292282,1,B25J-0009/1697,GRAY,,False,True,False,False,False,False,False,
18/329751,12415279,2023-06-06,"Method for controlling underwater robot, underwater robot and storage medium","SHENZHEN QYSEA TECH CO., LTD.",SHENZHEN QYSEA TECH,SHENZHEN QYSEA TECH,CN,105292283,1,B25J-0009/1697,GRAY,,False,False,False,False,False,False,False,
18/003909,12415282,2021-06-29,Bathing robot device,Young Ji Ko | Jung Soo Ko | Dae Yong Ko,YOUNG JI KO,YOUNG JI KO,KR,105292286,1,B25J-0011/0085,GRAY,,False,False,False,False,False,False,False,
16/897795,11590651,2020-06-10,Method and device for training manipulation skills of a robot system,ROBERT BOSCH GMBH,ROBERT BOSCH,ROBERT BOSCH,DE,105303482,1,B25J-0009/163,GRAY,,False,True,False,False,False,False,False,
18/002434,12311542,2021-07-27,Robot system,FANUC CORPORATION,FANUC,FANUC,JP,105307113,1,B25J-0009/10,GRAY,,False,True,False,False,False,False,False,
17/900114,12311561,2022-08-31,Automated system for mounting front-end module for vehicle,HYUNDAI MOTOR COMPANY | KIA CORPORATION,HYUNDAI MOTOR,HYUNDAI MOTOR GROUP,KR,105369210,1,B25J-0009/1697,GRAY,,False,True,False,False,False,False,False,
17/897316,12358149,2022-08-29,Automatic removal system for reservoir cap,Hyundai Motor Company | Kia Corporation,HYUNDAI MOTOR,HYUNDAI MOTOR GROUP,KR,105369372,1,B25J-0009/1697,GRAY,,False,True,False,False,False,False,False,
17/169917,11602860,2021-02-08,Tool changing system of robot manipulator,KOREA UNIVERSITY RESEARCH AND BUSINESS FOUNDATION,KOREA UNIVERSITY RESEARCH AND BUSINESS FOUNDATION,KOREA UNIVERSITY RESEARCH AND BUSINESS FOUNDATION,KR,105381269,1,B25J-0015/0019,GRAY,,False,True,False,False,False,False,False,
16/900348,11524410,2020-06-12,Robotic alignment method for workpiece measuring systems,"HEXAGON METROLOGY, INC.",HEXAGON METROLOGY,HEXAGON METROLOGY,US,105381474,1,B25J-0009/1697,GRAY,,False,True,False,False,False,False,False,
18/173137,12330305,2023-02-23,Robot system and method for controlling same,OMRON CORPORATION,OMRON,OMRON,JP,105382130,1,B25J-0009/1633,GRAY,,False,True,False,False,False,False,False,
17/517965,11904465,2021-11-03,Spherical coordinate orientating mechanism,Wen-Der Trui,WEN-DER TRUI,WEN-DER TRUI,TW,105403574,1,B25J-0009/045,GRAY,,False,True,False,False,False,False,False,
18/000983,12403595,2021-06-18,Robot control device,FANUC CORPORATION,FANUC,FANUC,JP,105405904,1,B25J-0009/1651,GRAY,,False,False,False,False,False,False,False,
18/021268,12358132,2021-08-17,Robot system and picking method,OMRON CORPORATION | THE UNIVERSITY OF TOKYO,OMRON,OMRON,JP,105406438,1,B25J-0009/1612,GRAY,,False,True,False,False,False,True,False,
18/077003,12409546,2022-12-07,Mobile robot apparatus,"SAMSUNG ELECTRONICS CO., LTD.",SAMSUNG ELECTRONICS,SAMSUNG,KR,105839918,1,B25J-0005/007,GRAY,,False,False,False,False,False,False,False,
18/019015,12318945,2021-07-28,Robot system and method for predicting life of regenerative resistor,KAWASAKI JUKOGYO KABUSHIKI KAISHA,KAWASAKI JUKOGYO,KAWASAKI HEAVY INDUSTRIES,JP,105840827,1,B25J-0009/1674,GRAY,,False,True,False,False,False,False,False,
18/214370,12420403,2023-06-26,Backstop to facilitate container engagement by robotic manipulator,"Amazon Technologies, Inc.",AMAZON TECHNOLOGIES,AMAZON,US,105843659,1,B25J-0009/0096,GRAY,,False,True,False,False,False,True,False,
17/708898,12420406,2022-03-30,Pneumatic system modeling,"Amazon Technologies, Inc.",AMAZON TECHNOLOGIES,AMAZON,US,105843662,1,B25J-0009/1605,GRAY,,False,True,False,False,False,False,False,
17/446310,12420407,2021-08-30,"Information processing device, information processing method, and computer program product",KABUSHIKI KAISHA TOSHIBA,TOSHIBA,TOSHIBA,JP,105843663,1,B25J-0009/163,GRAY,,False,True,False,False,False,False,False,
17/448680,12420411,2021-09-23,Device for the automated establishment of a plug-in connection,LIEBHERR-VERZAHNTECHNIK GMBH,LIEBHERR-VERZAHNTECHNIK,LIEBHERR-VERZAHNTECHNIK,DE,105843667,1,B25J-0009/0087,GRAY,,False,True,False,False,False,False,False,
18/217662,12420413,2023-07-03,"Dynamic target tracking method, robot and computer-readable storage medium",UBTECH ROBOTICS CORP LTD,UBTECH ROBOTICS,UBTECH,CN,105843669,1,B25J-0009/1664,GRAY,,False,True,True,False,False,False,False,
18/218604,12420414,2023-07-06,"Robot control method based on trajectory of center of mass, robot and computer-readable storage medium",UBTECH ROBOTICS CORP LTD,UBTECH ROBOTICS,UBTECH,CN,105843670,1,B25J-0009/1664,T1_auto,휴머노이드명시/전건T1_OEM,True,True,False,False,False,False,False,
18/344847,12420416,2023-06-29,"Robotic arm control method, robot and its controller","Shenzhen Pengxing Intelligent Research Co., Ltd.",SHENZHEN PENGXING INTELLIGENT RESEARCH,SHENZHEN PENGXING INTELLIGENT RESEARCH,CN,105843672,1,B25J-0009/16,GRAY,,False,True,False,False,False,False,False,
19/181861,12420418,2025-04-17,Posture optimization and following control method and system for robot used in freeform surface repair,"Shandong Tianfeng Zhiyuan Intelligent Technology Co., Ltd.",SHANDONG TIANFENG ZHIYUAN INTELLIGENT TECHNOLOGY,SHANDONG TIANFENG ZHIYUAN INTELLIGENT TECHNOLOGY,CN,105843674,1,B25J-0009/1664,GRAY,,False,False,False,False,False,False,False,
17/553854,12420422,2021-12-17,Situation-aware safety assessment of robot-human activities,INTEL CORPORATION,INTEL,INTEL,US,105843678,1,B25J-0009/1676,GRAY,,False,True,False,False,False,False,False,
17/996078,12420425,2021-04-09,"Control device and control method of robot, robot system, and device and method of generating operation program of robot",FANUC CORPORATION,FANUC,FANUC,JP,105843681,1,B25J-0009/1697,GRAY,,False,False,False,False,False,False,False,
18/386413,12420426,2023-11-02,Active hostile threat communication device,Dimitri Duknic,DIMITRI DUKNIC,DIMITRI DUKNIC,CA,105843682,1,B25J-0011/002,GRAY,,False,True,False,False,False,False,False,
18/091721,12054303,2022-12-30,"Sticker affixing system, method to be executed by sticker affixing system, and non-transitory computer-readable medium storing program to be executed by sticker affixing system",OMRON CORPORATION,OMRON,OMRON,JP,105913525,1,B25J-0009/1633,GRAY,,False,True,False,False,False,False,False,
18/509662,12263588,2023-11-15,Continuum arm robot joint,ROLLS-ROYCE plc,ROLLS-ROYCE,ROLLS-ROYCE,GB,105913874,1,B25J-0009/06,GRAY,,False,True,False,False,False,False,False,
16/771862,11607811,2017-12-28,"Information providing device, information providing method and program",FUJI CORPORATION,FUJI,FUJI,JP,106002674,1,B25J-0009/1671,GRAY,,False,False,False,False,False,False,False,
18/005856,12384050,2021-08-06,"Information processing device, information processing method, and program",SONY GROUP CORPORATION,SONY GROUP,SONY,JP,106005650,1,B25J-0013/083,GRAY,,False,True,False,False,False,False,False,
17/689534,12415273,2022-03-08,Control of robotic arms through hybrid inverse kinematics and intuitive reference frame,UNIVERSITY OF SOUTH FLORIDA,UNIVERSITY OF SOUTH FLORIDA,UNIVERSITY OF SOUTH FLORIDA,US,106006753,1,B25J-0009/1664,GRAY,,False,True,False,False,False,False,False,
17/856699,12318935,2022-07-01,Techniques for robot control using neural implicit value functions,NVIDIA CORPORATION,NVIDIA,NVIDIA,US,106007698,1,B25J-0009/163,GRAY,,False,True,False,False,False,True,False,
18/380143,12318922,2023-10-13,Magnetic lock with throwable robot,"ReconRobotics, Inc.",RECONROBOTICS,RECONROBOTICS,US,106007708,1,B25J-0019/027,GRAY,,False,False,False,False,False,False,False,
17/777651,12427658,2020-09-08,"Control device, control method, and robot system","HITACHI, LTD.",HITACHI,HITACHI,JP,106016462,1,B25J-0009/163,GRAY,,False,True,False,False,False,False,False,
17/822385,12427667,2022-08-25,"Robot system, method for controlling robot system, method for manufacturing article using robot system, system, method for controlling system, and recording medium",Canon Kabushiki Kaisha,CANON,CANON,JP,106016471,1,B25J-0009/1674,GRAY,,False,True,False,False,False,False,False,
17/972550,12427668,2022-10-24,Method and system for health monitoring of collaborative robot,AJOU UNIVERSITY INDUSTRY-ACADEMIC COOPERATION | AJOU UNIVERSITY INDUSTRY-ACADEMIC COOPERATION FOUNDATION,AJOU UNIVERSITY INDUSTRY-ACADEMIC COOPERATION,AJOU UNIVERSITY INDUSTRY-ACADEMIC COOPERATION,KR,106016472,1,B25J-0009/1674,GRAY,,False,True,False,False,False,False,False,
17/995313,12427674,2020-04-06,Task-oriented 3D reconstruction for autonomous robotic operations,"AVIATRIX SYSTEMS, INC. | SIEMENS AKTIENGESELLSCHAFT",AVIATRIX SYSTEMS,AVIATRIX SYSTEMS,US,106016478,1,B25J-0009/1697,GRAY,,False,True,False,False,False,True,False,
17/780704,12427678,2020-11-27,"Holding device, control method, control device, and robot system",KAWASAKI JUKOGYO KABUSHIKI KAISHA,KAWASAKI JUKOGYO,KAWASAKI HEAVY INDUSTRIES,JP,106016482,1,B25J-0015/0616,GRAY,,False,False,False,False,False,False,False,
17/716433,11571812,2022-04-08,Robot with linear 7th axis,"DEXTERITY, INC.",DEXTERITY,DEXTERITY,US,106094824,2,B25J-0009/1661,GRAY,,False,False,False,False,False,False,False,
17/455676,11872704,2021-11-19,Dynamic motion planning system,FANUC CORPORATION,FANUC,FANUC,JP,106095951,1,B25J-0009/1666,GRAY,,False,True,False,False,False,False,False,
17/561160,12420433,2021-12-23,Robot hand,"SAMSUNG ELECTRONICS CO., LTD.",SAMSUNG ELECTRONICS,SAMSUNG,KR,106169385,1,B25J-0015/0009,GRAY,,False,True,False,False,False,False,False,
17/380000,12420408,2021-07-19,Human machine interface recipe building system for a robotic manufacturing system,"BRIGHT MACHINES, INC.",BRIGHT MACHINES,BRIGHT MACHINES,US,106173478,1,B25J-0009/1656,GRAY,,False,False,False,False,False,False,False,
18/133426,12434377,2023-04-11,Lifting mechanism and robot employing mechanism,"Futaijing Precision Electronics (Yantai) Co., Ltd. | HON HAI PRECISION INDUSTRY CO., LTD.",FUTAIJING PRECISION ELECTRONICS (YANTAI),FUTAIJING PRECISION ELECTRONICS (YANTAI),CN,106181852,1,B25J-0009/0009,GRAY,,False,False,False,False,False,False,False,
18/539896,12434382,2023-12-14,Robot teaching system,HITACHI HIGH-TECH CORPORATION,HITACHI HIGH-TECH,HITACHI HIGH-TECH,JP,106181857,1,B25J-0009/163,GRAY,,False,True,False,False,False,False,False,
17/049019,12434384,2018-04-25,Method and control system for controlling movement trajectories of a robot,ABB Schweiz AG,ABB SCHWEIZ,ABB,CH,106181859,1,B25J-0009/1664,GRAY,,False,False,False,False,False,False,False,
18/012961,12434385,2022-04-12,Multi-thread controller for parallel robot,"CHENXING (TIANJIN) AUTOMATION EQUIPMENT CO., LTD.",CHENXING (TIANJIN) AUTOMATION EQUIPMENT,CHENXING (TIANJIN) AUTOMATION EQUIPMENT,CN,106181860,1,B25J-0009/1615,GRAY,,False,False,False,False,False,False,False,
18/015663,12434387,2021-07-21,"Part holding jig, robot system, and part mounting method",FANUC CORPORATION,FANUC,FANUC,JP,106181862,1,B25J-0009/0084,GRAY,,False,False,False,False,False,False,False,
18/553734,12434391,2021-06-08,Production system,FANUC CORPORATION,FANUC,FANUC,JP,106181866,1,B25J-0013/088,GRAY,,False,False,False,False,False,False,False,
18/036453,12436527,2020-11-18,Technique for performing QoS control in a cloud robotics system,TELEFONAKTIEBOLAGET LM ERICSSON (PUBL),TELEFONAKTIEBOLAGET LM ERICSSON (PUBL),TELEFONAKTIEBOLAGET LM ERICSSON (PUBL),SE,106183977,1,B25J-0009/1602,GRAY,,False,True,False,False,False,False,False,
17/924715,12350838,2021-05-14,Input shaping control of a robot arm in different reference spaces,UNIVERSAL ROBOTS A/S,UNIVERSAL ROBOTS A/S,UNIVERSAL ROBOTS A/S,DK,106324392,1,B25J-0009/1641,GRAY,,False,True,False,False,False,False,False,
14/855045,9586316,2015-09-15,Determination of robotic step path,"BOSTON DYNAMICS, INC.",BOSTON DYNAMICS,HYUNDAI MOTOR GROUP(2021~)/구글·소프트뱅크(이전),US,106331946,1,B25J-0009/1664,GRAY,,False,False,False,False,False,False,False,
18/087668,12440966,2022-12-22,"Method for controlling biped robot, biped robot, and readable storage medium","BEIJING XIAOMI ROBOT TECHNOLOGY CO., LTD.",BEIJING XIAOMI ROBOT TECHNOLOGY,BEIJING XIAOMI ROBOT TECHNOLOGY,CN,106351149,1,B25J-0009/1602,T1_auto,휴머노이드명시/전건T1_OEM,True,True,False,False,False,False,False,
17/776419,12440968,2020-10-29,Control and monitoring of a machine arrangement,KUKA DEUTSCHLAND GMBH,KUKA DEUTSCHLAND,KUKA,DE,106351151,1,B25J-0009/161,GRAY,,False,False,False,False,False,False,False,
18/333544,12440969,2023-06-13,"Elevation change detection system, robot including same, and associated method","Ford Global Technologies, LLC",FORD GLOBAL TECHNOLOGIES,FORD GLOBAL TECHNOLOGIES,US,106351152,1,B25J-0009/161,GRAY,,False,False,False,False,False,False,False,
18/682043,12440972,2022-08-25,Method for providing information for a robot device and an electronic computing device,Bayerische Motoren Werke Aktiengesellschaft,BAYERISCHE MOTOREN WERKE,BAYERISCHE MOTOREN WERKE,DE,106351155,1,B25J-0009/163,GRAY,,False,False,False,False,False,False,False,
18/274194,12440982,2022-01-21,"Robot control device, robot control method, and robot control program",OMRON CORPORATION,OMRON,OMRON,JP,106351165,1,B25J-0009/1656,GRAY,,False,True,False,False,False,False,False,
17/521137,12440994,2021-11-08,Autonomous robotic pack planning systems and methods for item stability and integrity,"Amazon Technologies, Inc.",AMAZON TECHNOLOGIES,AMAZON,US,106351177,1,B25J-0009/1687,GRAY,,False,False,False,False,False,False,False,
17/761213,12162171,2020-09-29,"Robot control system, robot control method, and program",JOHNAN CORPORATION,JOHNAN,JOHNAN,JP,106362207,1,B25J-0009/1697,E_auto,제외전용신호+Tier신호없음,False,False,False,False,False,True,False,
18/009988,12214505,2020-07-08,"Robot controller, robot control method, and storage medium storing robot control program",MITSUBISHI ELECTRIC CORPORATION,MITSUBISHI ELECTRIC,MITSUBISHI ELECTRIC,JP,106363658,1,B25J-0009/1666,GRAY,,False,True,False,False,False,False,False,
16/612955,11511435,2017-05-22,"Robot-conveyor calibration method, robot system and control system",ABB Schweiz AG,ABB SCHWEIZ,ABB,CH,106417060,1,B25J-0009/1692,E_auto,제외전용신호+Tier신호없음,False,False,False,False,False,True,False,
15/652805,10596713,2017-07-18,Actuated sensor module and method for in situ gap inspection robots,General Electric Company,GENERAL ELECTRIC,GENERAL ELECTRIC,US,106417226,1,B25J-0019/023,GRAY,,False,True,False,False,False,False,False,
17/830988,12330300,2022-06-02,Tendon transmission system with compound tendon sheath and tendon sheath constraint elements,NEUROCEAN TECHNOLOGIES INC.,NEUROCEAN TECHNOLOGIES,NEUROCEAN TECHNOLOGIES,CN,106456020,1,B25J-0009/104,GRAY,,False,True,False,False,False,False,False,
16/734024,11498214,2020-01-03,"Teaching device, teaching method, and robot system",Canon Kabushiki Kaisha,CANON,CANON,JP,106496247,1,B25J-0009/1671,GRAY,,False,False,False,False,False,False,False,
18/629806,12053881,2024-04-08,Multi-layer operating system and method for mobile robots,RAINBOW DYNAMICS LLC,RAINBOW DYNAMICS,RAINBOW DYNAMICS,US,106499820,1,B25J-0005/007,E_auto,제외전용신호+Tier신호없음,False,False,False,False,False,True,False,
18/395944,12370677,2023-12-26,Aerial robotic systems,"Altec Industries, Inc.",ALTEC INDUSTRIES,ALTEC INDUSTRIES,US,106499823,1,B25J-0009/162,GRAY,,False,True,False,False,False,False,False,
17/794433,12296489,2021-02-10,Control of a robot manipulator upon contact with a person,"AGILE ROBOTS HANOVER GMBH, NOW TRADING AS FRANKA ROBOTICS GMBH",AGILE ROBOTS HANOVER NOW TRADING AS FRANKA ROBOTICS,FRANKA,DE,106521746,1,B25J-0009/1676,GRAY,,False,True,False,False,False,False,False,
18/161142,12447610,2023-01-30,Method for controlling a robotic device,ROBERT BOSCH GMBH,ROBERT BOSCH,ROBERT BOSCH,DE,106524740,1,B25J-0009/163,GRAY,,False,True,False,False,False,False,False,
17/998146,12447616,2021-05-06,Program generation device and program generation method generating a route program for that returns tip of robot from end point by a prescribed distance,FANUC CORPORATION | ZTE CORPORATION,FANUC,FANUC,JP,106524746,1,B25J-0009/1664,GRAY,,False,False,False,False,False,False,False,
17/272680,12447623,2019-03-15,"Settings support device, settings support method, and program",OMRON CORPORATION,OMRON,OMRON,JP,106524753,1,B25J-0009/1689,GRAY,,False,True,False,False,False,False,False,
18/003247,12447629,2021-06-18,"Traction robot, conveying system and method for controlling traction robot","JINGDONG TECHNOLOGY INFORMATION TECHNOLOGY CO., LTD.",JINGDONG TECHNOLOGY INFORMATION TECHNOLOGY,JINGDONG TECHNOLOGY INFORMATION TECHNOLOGY,CN,106524759,1,B25J-0015/0023,GRAY,,False,False,False,False,False,False,False,
18/327064,12447635,2023-06-01,Cooling device for robot controller,NIDEC INSTRUMENTS CORPORATION,NIDEC INSTRUMENTS,NIDEC INSTRUMENTS,JP,106524765,1,B25J-0019/0054,GRAY,,False,True,False,False,False,False,False,
16/692932,11224972,2019-11-22,State machine for dynamic path planning,FANUC CORPORATION,FANUC,FANUC,JP,106535084,1,B25J-0009/1666,GRAY,,False,True,False,False,False,False,False,
17/704071,12157236,2022-03-25,"Control method for robot system, robot system, and storage medium",SEIKO EPSON CORPORATION,SEIKO EPSON,SEIKO EPSON,JP,106536366,1,B25J-0009/1687,GRAY,,False,False,False,False,False,False,False,
17/656304,12220820,2022-03-24,"Robot slider position setting device, robot slider position setting method, and robot slider position setting program","Kobe Steel, Ltd.",KOBE STEEL,KOBE STEEL,JP,106536598,1,B25J-0009/1664,GRAY,,False,False,False,False,False,False,False,
17/751228,12030184,2022-05-23,System and method for error correction and compensation for 3D eye-to-hand coordination,EBOTS INC.,EBOTS,EBOTS,US,106536818,2,B25J-0009/1653,GRAY,,False,True,False,False,False,False,False,
16/449524,11559890,2019-06-24,"Method, apparatus and system for determining a trajectory of a robot's end effector",SIEMENS AKTIENGESELLSCHAFT,SIEMENS,SIEMENS,DE,106605053,1,B25J-0009/1653,GRAY,,False,True,False,False,False,False,False,
17/984923,11839982,2022-11-10,Systems and methods for real-time control of a robot using a robot animation system,"Animax Designs, Inc.",ANIMAX DESIGNS,ANIMAX DESIGNS,US,106614599,1,B25J-0009/1664,GRAY,,False,False,False,False,False,False,False,
16/852801,11383385,2020-04-20,Mobile robot and method for operating the same,LG ELECTRONICS INC.,LG ELECTRONICS,LG,KR,106615679,1,B25J-0009/1697,GRAY,,False,True,False,False,False,False,False,
16/839807,11701777,2020-04-03,Adaptive grasp planning for bin picking,FANUC CORPORATION,FANUC,FANUC,JP,106631044,1,B25J-0009/1666,GRAY,,False,True,False,False,False,True,False,
17/318435,11931898,2021-05-12,Arm and body coordination,"BOSTON DYNAMICS, INC.",BOSTON DYNAMICS,HYUNDAI MOTOR GROUP(2021~)/구글·소프트뱅크(이전),US,106680757,2,B25J-0009/162,GRAY,,False,True,False,False,False,False,False,
14/618629,9314932,2015-02-10,Kinetic and dimensional optimization for a tendon-driven gripper,"Willow Garage, Inc.",WILLOW GARAGE,WILLOW GARAGE,US,106684079,5,B25J-0009/1075,GRAY,,False,True,False,False,False,False,False,
18/429763,12440983,2024-02-01,Learning-embedded motion planning,ANYWARE ROBOTICS INC.,ANYWARE ROBOTICS,ANYWARE ROBOTICS,US,106685075,1,B25J-0009/1664,GRAY,,False,True,False,False,False,False,False,
17/581095,12440988,2022-01-21,Systems and methods for manipulating control panels using robotic arms based on control system data analytics,Aquila Engineering LLC,AQUILA ENGINEERING,AQUILA ENGINEERING,US,106685076,1,B25J-0009/1674,GRAY,,False,True,False,False,False,False,False,
17/469196,12441004,2021-09-08,Robotic grippers,MASSACHUSETTS INSTITUTE OF TECHNOLOGY,MASSACHUSETTS INSTITUTE OF TECHNOLOGY,MASSACHUSETTS INSTITUTE OF TECHNOLOGY,US,106685078,1,B25J-0015/0004,GRAY,,False,True,False,False,False,False,False,
16/786838,11312017,2020-02-10,Robotic control for tool sharpening,"OMNISHARP, LLC",OMNISHARP,OMNISHARP,US,106686263,2,B25J-0009/1679,GRAY,,False,False,False,False,False,False,False,
18/126362,12454052,2023-03-24,Systems and hybrid position force control processes of an industrial robot,STAUBLI FAVERGES,STAUBLI FAVERGES,STAUBLI FAVERGES,FR,106706878,1,B25J-0009/1633,GRAY,,False,True,False,False,False,False,False,
17/758869,12454061,2020-01-22,"System and method for operating the robot, electronic device and computer readable medium",ABB SCHWEIZ AG,ABB SCHWEIZ,ABB,CH,106706887,1,B25J-0009/1697,GRAY,,False,False,False,False,False,False,False,
17/615660,12454066,2020-12-28,Robot hand and robot configured with loop-like wire rods,KABUSHIKI KAISYA LEBEN,KABUSHIKI KAISYA LEBEN,KABUSHIKI KAISYA LEBEN,JP,106706892,1,B25J-0015/12,GRAY,,False,True,False,False,False,False,False,
17/960299,12257710,2022-10-05,Robot hand and method for controlling robot hand,"SHINANO KENSHI CO., LTD.",SHINANO KENSHI,SHINANO KENSHI,JP,106717341,1,B25J-0009/1612,GRAY,,False,True,False,False,False,False,False,
18/145869,12440979,2022-12-23,System and method for controlling an operation of a robotic arm,"Mitsubishi Electric Research Laboratories, Inc.",MITSUBISHI ELECTRIC RESEARCH LABORATORIES,MITSUBISHI ELECTRIC,US,106749462,1,B25J-0009/163,GRAY,,False,True,False,False,False,False,False,
17/216738,11931905,2021-03-30,Failure prediction method and failure prediction apparatus,SEIKO EPSON CORPORATION,SEIKO EPSON,SEIKO EPSON,JP,106755415,1,B25J-0009/1674,GRAY,,False,True,False,False,False,False,False,
18/060399,12240099,2022-11-30,Robot having a plurality of legs and method for determining touchdown position thereof,Rainbow Robotics,RAINBOW ROBOTICS,RAINBOW ROBOTICS,KR,106762311,1,B25J-0013/084,GRAY,,False,True,False,False,False,False,False,
18/116097,12220824,2023-03-01,"Correction device, correction method, and robot system","Hitachi, Ltd.",HITACHI,HITACHI,JP,106765017,1,B25J-0009/1692,GRAY,,False,True,False,False,False,False,False,
17/708142,12162168,2022-03-30,"Method for controlling robot, robot system, and storage medium",SEIKO EPSON CORPORATION,SEIKO EPSON,SEIKO EPSON,JP,106784538,1,B25J-0009/044,GRAY,,False,True,False,False,False,False,False,
17/847561,12251840,2022-06-23,Force control parameter adjustment method and force control parameter adjustment apparatus,SEIKO EPSON CORPORATION,SEIKO EPSON,SEIKO EPSON,JP,106785264,1,B25J-0009/1633,GRAY,,False,True,False,False,False,False,False,
18/023522,12350839,2021-09-01,"Robot system, method, and computer program for performing scraping process",FANUC CORPORATION,FANUC,FANUC,JP,106786602,1,B25J-0009/1664,GRAY,,False,False,False,False,False,False,False,
18/248111,12145260,2021-10-12,Robot maintenance fixture,FANUC CORPORATION,FANUC,FANUC,JP,106787468,1,B25J-0019/0066,GRAY,,False,True,False,False,False,False,False,
18/863780,12343879,2022-05-13,Safety functions in an industrial robot,ABB SCHWEIZ AG,ABB SCHWEIZ,ABB,CH,106791914,1,B25J-0009/1674,GRAY,,False,True,False,False,False,False,False,
17/753396,12447632,2020-09-04,Robotic gripping system,"VERSABUILT, INC.",VERSABUILT,VERSABUILT,US,106859176,1,B25J-0015/0475,GRAY,,False,True,False,False,False,False,False,
17/932271,12447614,2022-09-14,Learning from demonstration for determining robot perception motion,GDM HOLDING LLC,GDM,GDM,US,106860110,1,B25J-0009/1664,GRAY,,False,True,False,False,False,False,False,
18/518955,12447612,2023-11-25,"Admittance control method, robot, and computer-readable storage medium",UBTECH ROBOTICS CORP LTD,UBTECH ROBOTICS,UBTECH,CN,106863523,1,B25J-0009/1633,T1_auto,휴머노이드명시/전건T1_OEM,True,True,False,False,False,False,False,
17/902587,12447631,2022-09-02,Automated robotic tool selection,Osaro,OSARO,OSARO,US,106863526,1,B25J-0015/04,GRAY,,False,True,False,False,False,True,False,
17/380132,12450534,2021-07-20,Heterogeneous graph attention networks for scalable multi-robot scheduling,GEORGIA TECH RESEARCH CORPORATION,GEORGIA TECH RESEARCH,GEORGIA TECH RESEARCH,US,106863832,1,B25J-0009/1682,GRAY,,False,True,False,False,False,False,False,
17/429163,12459113,2020-01-20,Robot leg and robotic system,MAX-PLANCK­-GESELLSCHAFT ZUR FORDERUNG DER WISSENSCHAFTEN E.V.,MAX-PLANCK­-GESELLSCHAFT ZUR FORDERUNG DER WISSENSCHAFTEN EV,MAX-PLANCK­-GESELLSCHAFT ZUR FORDERUNG DER WISSENSCHAFTEN EV,DE,106874119,1,B25J-0009/1075,GRAY,,False,True,False,False,False,False,False,
18/178882,12459115,2023-03-06,System and method for controlling a robot,"Mitsubishi Electric Research Laboratories, Inc.",MITSUBISHI ELECTRIC RESEARCH LABORATORIES,MITSUBISHI ELECTRIC,US,106874121,1,B25J-0009/163,GRAY,,False,True,False,False,False,False,False,
18/138853,12459118,2023-04-25,Method of coordinating motion of a robot and vehicle in an independent cart system,"Rockwell Automation Technologies, Inc. | Rockwell Automation Technolgies, Inc.",ROCKWELL AUTOMATION TECHNOLOGIES,ROCKWELL AUTOMATION TECHNOLOGIES,US,106874124,1,B25J-0009/1664,GRAY,,False,False,False,False,False,False,False,
17/996352,12459119,2020-04-22,"Method of controlling industrial robot, control system and robot system",ABB SCHWEIZ AG,ABB SCHWEIZ,ABB,CH,106874125,1,B25J-0009/1666,GRAY,,False,False,False,False,False,False,False,
17/553859,12459121,2021-12-17,Integrity and safety checking for robots,INTEL CORPORATION,INTEL,INTEL,US,106874127,1,B25J-0005/007,GRAY,,False,False,False,False,False,False,False,
17/730421,12459122,2022-04-27,"Area setting device, rack, control system, area setting method, and non-transitory computer readable medium storing program",OMRON CORPORATION,OMRON,OMRON,JP,106874128,1,B25J-0009/1676,GRAY,,False,True,False,False,False,False,False,
18/550391,12459131,2022-03-31,Picking system,MITSUBISHI ELECTRIC CORPORATION,MITSUBISHI ELECTRIC,MITSUBISHI ELECTRIC,JP,106874137,1,B25J-0009/1697,GRAY,,False,True,False,False,False,False,False,
17/663443,12459136,2022-05-16,Robot hand,"PANASONIC INTELLECTUAL PROPERTY MANAGEMENT CO., LTD.",PANASONIC INTELLECTUAL PROPERTY MANAGEMENT,PANASONIC,JP,106874142,1,B25J-0015/0293,GRAY,,False,True,False,False,False,False,False,
17/087907,11413743,2020-11-03,Articulated structure of robot,FANUC CORPORATION,FANUC,FANUC,JP,106885070,1,B25J-0009/102,GRAY,,False,True,False,False,False,False,False,
18/015268,12440976,2021-08-20,Robot controller,FANUC CORPORATION,FANUC,FANUC,JP,106887856,1,B25J-0009/1643,GRAY,,False,True,False,False,False,False,False,
18/248466,12447613,2021-12-14,Robot control device and robot system,FANUC CORPORATION,FANUC,FANUC,JP,106978617,1,B25J-0009/1641,GRAY,,False,True,False,False,False,False,False,
17/419474,12172323,2019-12-05,Method and system for detecting anomalies in a robotic system,ABB SCHWEIZ AG,ABB SCHWEIZ,ABB,CH,107021263,1,B25J-0009/1674,GRAY,,False,True,False,False,False,False,False,
17/789561,12370675,2020-12-18,Method of obtaining vibrational properties of robot arm,UNIVERSAL ROBOTS A/S,UNIVERSAL ROBOTS A/S,UNIVERSAL ROBOTS A/S,DK,107048388,1,B25J-0009/1602,GRAY,,False,True,False,False,False,False,False,
18/884277,12415266,2024-09-13,"Articulated robot, method for controlling articulated robot, robot system, and method for manufacturing object","LAUREL PRECISION CO., LTD | LAUREL PRECISION MACHINES CO., LTD.",LAUREL PRECISION,LAUREL PRECISION,JP,107049904,1,B25J-0009/041,GRAY,,False,True,False,False,False,False,False,
17/588805,11964379,2022-01-31,Asymmetric dual end effector robot arm,Persimmon Technologies Corporation,PERSIMMON TECHNOLOGIES,PERSIMMON TECHNOLOGIES,US,107054293,1,B25J-0011/0095,GRAY,,False,True,False,False,False,False,False,
18/321261,12454064,2023-05-22,Robot and controlling method thereof,"Samsung Electronics Co., Ltd.",SAMSUNG ELECTRONICS,SAMSUNG,KR,107056489,1,B25J-0011/0005,GRAY,,False,False,False,False,False,False,False,
16/307670,11123875,2016-10-19,"Work assembling device, control method for work assembling device, control program for work assembling device, and recording medium","KANAE KOGYO CO., LTD.",KANAE KOGYO,KANAE KOGYO,JP,107057046,1,B25J-0013/00,GRAY,,False,False,False,False,False,False,False,
18/061341,12454051,2022-12-02,Systems and methods for tactile gesture interpretation,THE BOARD OF TRUSTEES OF THE LELAND STANFORD JUNIOR UNIVERSITY,THE BOARD OF TRUSTEES OF THE LELAND STANFORD JUNIOR UNIVERSITY,THE BOARD OF TRUSTEES OF THE LELAND STANFORD JUNIOR UNIVERSITY,US,107057872,1,B25J-0009/1612,GRAY,,False,True,False,False,False,False,False,
18/230620,12454054,2023-08-05,"Method for controlling robot, robot and computer-readable storage medium",UBTECH ROBOTICS CORP LTD,UBTECH ROBOTICS,UBTECH,CN,107057873,1,B25J-0009/1602,GRAY,,False,True,False,False,False,False,False,
17/824969,12358128,2022-05-26,Modular robot control architecture,"Rivian IP Holdings, LLC",RIVIAN IP,RIVIAN IP,US,107059274,1,B25J-0009/1602,GRAY,,False,False,False,False,False,False,False,
17/157237,11745341,2021-01-25,Compliance correction in a robotic system,THE CLEVELAND CLINIC FOUNDATION,THE CLEVELAND CLINIC FOUNDATION,THE CLEVELAND CLINIC FOUNDATION,US,107059277,4,B25J-0009/1633,GRAY,,False,False,False,False,False,False,False,
18/312361,12466066,2023-05-04,Solar panel dispensing device with vertical solar panel hopper loading and dispensing,Sarcos Corp.,SARCOS,SARCOS,US,107071249,1,B25J-0009/1669,GRAY,,False,True,False,False,False,False,False,
17/891849,12466067,2022-08-19,Multi-mode robot programming,INTRINSIC INNOVATION LLC,INTRINSIC INNOVATION,ALPHABET,US,107071250,1,B25J-0009/1671,GRAY,,False,False,False,False,False,False,False,
19/020332,12466079,2025-01-14,System and method for optimizing slide pick basket operations,"PRAMANA, INC.",PRAMANA,PRAMANA,US,107071261,1,B25J-0009/1697,GRAY,,False,True,False,False,False,False,False,
16/405074,11458635,2019-05-07,Method and system for manipulating articles,"CARNEGIE MELLON UNIVERSITY | INTELLIGRATED HEADQUARTERS, LLC",CARNEGIE MELLON UNIVERSITY,CARNEGIE MELLON UNIVERSITY,US,107135436,1,B25J-0009/1697,GRAY,,False,True,False,False,False,True,False,
17/032011,11123870,2020-09-25,Robotic transport system and method therefor,"HIGHRES BIOSOLUTIONS, INC",HIGHRES BIOSOLUTIONS,HIGHRES BIOSOLUTIONS,US,107141988,3,B25J-0005/007,GRAY,,False,True,False,False,False,False,False,
16/833158,11383384,2020-03-27,Robot and method for controlling robot,LG ELECTRONICS INC.,LG ELECTRONICS,LG,KR,107146112,1,B25J-0009/1694,GRAY,,False,True,False,False,False,False,False,
16/667069,11345036,2019-10-29,"Robot control device, robot control system, and robot control method",FANUC CORPORATION,FANUC,FANUC,JP,107164524,1,B25J-0009/1676,GRAY,,False,True,False,False,False,False,False,
16/999339,11673265,2020-08-21,Motion planning for robots to optimize velocity while maintaining limits on acceleration and jerk,"REALTIME ROBOTICS, INC.",REALTIME ROBOTICS,REALTIME ROBOTICS,US,107217159,1,B25J-0009/1651,GRAY,,False,False,False,False,False,False,False,
16/030340,11338449,2018-07-09,Methods and systems for electroadhesion-based manipulation in manufacturing,"GRABIT, INC.",GRABIT,GRABIT,US,107221723,2,B25J-0015/0085,GRAY,,False,True,False,False,False,False,False,
14/701152,9802311,2015-04-30,"Display control device, display control method, computer program product, and communication system",SONY CORPORATION,SONY,SONY,JP,107230418,8,B25J-0009/16,GRAY,,False,False,False,False,False,False,False,
18/137265,12384023,2023-04-20,Reconfigurable modular soft robots and methods of designing the same,THE BOARD OF TRUSTEES OF THE UNIVERSITY OF ALABAMA,THE BOARD OF TRUSTEES OF THE UNIVERSITY OF ALABAMA,THE BOARD OF TRUSTEES OF THE UNIVERSITY OF ALABAMA,US,107234196,1,B25J-0009/08,GRAY,,False,True,False,False,False,False,False,
18/356497,12384029,2023-07-21,Efficient method for robot skill learning,FANUC CORPORATION,FANUC,FANUC,JP,107234197,1,B25J-0009/163,GRAY,,False,True,False,False,False,False,False,
17/471520,12365086,2021-09-10,Techniques for force and torque-guided robotic assembly,"AUTODESK, INC.",AUTODESK,AUTODESK,US,107234198,1,B25J-0009/1633,GRAY,,False,True,False,False,False,False,False,
16/838565,11618164,2020-04-02,Robot and method of controlling same,LG ELECTRONICS INC.,LG ELECTRONICS,LG,KR,107277655,1,B25J-0009/1666,GRAY,,False,True,False,False,False,False,False,
17/998297,12472625,2021-05-12,Policy-restricted execution of a robot program with movement instructions,ABB SCHWEIZ AG,ABB SCHWEIZ,ABB,CH,107281187,1,B25J-0009/1664,GRAY,,False,True,False,False,False,False,False,
18/431482,12472627,2024-02-02,System and method for multi-robot fleet control in healthcare environment,FUTRONICS (NA) CORPORATION | UBTECH ROBOTICS CORP LTD,FUTRONICS (NA),FUTRONICS (NA),US,107281189,1,B25J-0009/1664,GRAY,,False,False,False,False,False,False,False,
17/753978,12472629,2019-11-19,Methods and systems for graphical user interfaces to control remotely located robots,Google LLC,GOOGLE,ALPHABET,US,107281191,1,B25J-0009/1671,GRAY,,False,True,False,False,False,False,False,
14/635437,9707685,2015-03-02,Container-carrying device using robot hand,FANUC CORPORATION,FANUC,FANUC,JP,107291133,1,B25J-0015/0014,GRAY,,False,True,False,False,False,False,False,
14/616339,9457482,2015-02-06,Protective casing of robot grippers,GIMATIC S.P.A.,GIMATIC,GIMATIC,IT,107291134,1,B25J-0019/0083,GRAY,,False,True,False,False,False,False,False,
16/682105,11104010,2019-11-13,"Workpiece gripping hand, hand system, and robot system",FANUC CORPORATION,FANUC,FANUC,JP,107291251,1,B25J-0015/022,GRAY,,False,True,False,False,False,False,False,
17/014050,11872695,2020-09-08,"Gas spring maintenance management apparatus, robot system, and gas spring maintenance management method",FANUC CORPORATION,FANUC,FANUC,JP,107294565,1,B25J-0019/0066,GRAY,,False,True,False,False,False,False,False,
17/038444,11571808,2020-09-30,Rotary axis module and robot,FANUC CORPORATION,FANUC,FANUC,JP,107294576,1,B25J-0009/126,GRAY,,False,True,False,False,False,False,False,
15/326625,10421186,2016-08-03,Method and apparatus for working-place backflow of robots,"HANGZHOU YAMEILIJIA TECHNOLOGY CO., LTD.",HANGZHOU YAMEILIJIA TECHNOLOGY,HANGZHOU YAMEILIJIA TECHNOLOGY,CN,107358946,1,B25J-0009/1664,E_auto,제외전용신호+Tier신호없음,False,False,False,False,False,True,False,
15/233440,10112301,2016-08-10,Automatic calibration method for robot systems using a vision sensor,TE CONNECTIVITY CORPORATION | TYCO ELECTRONICS (SHANGHAI) CO. LTD.,TE CONNECTIVITY,TE CONNECTIVITY,US,107371961,1,B25J-0009/1692,GRAY,,False,False,False,False,False,False,False,
15/739330,10343287,2016-06-14,Robot voice direction-seeking turning system and method,"YUTOU TECHNOLOGY (HANGZHOU) CO., LTD.",YUTOU TECHNOLOGY (HANGZHOU),YUTOU TECHNOLOGY (HANGZHOU),CN,107373353,1,B25J-0013/003,GRAY,,False,False,False,False,False,False,False,
16/628491,11247336,2018-11-14,Point stabilization control method and apparatus for a mobile robot,"BOZHON PRECISION INDUSTRY TECHNOLOGY CO., LTD. | SUZHOU BOZHON ROBOT CO., LTD.",BOZHON PRECISION INDUSTRY TECHNOLOGY,BOZHON PRECISION INDUSTRY TECHNOLOGY,CN,107375420,1,B25J-0009/1664,GRAY,,False,False,False,False,False,False,False,
18/036779,12466062,2022-08-09,"Control method, apparatus, and system of a composite robot","JAKA ROBOTICS CO., LTD.",JAKA ROBOTICS,JAKA ROBOTICS,CN,107380420,1,B25J-0009/1633,GRAY,,False,True,False,False,False,False,False,
17/439819,12023813,2020-02-12,"Control system, control method, and control unit",OMRON CORPORATION,OMRON,OMRON,TW,107388307,1,B25J-0009/1666,GRAY,,False,True,False,False,False,False,False,
17/638986,11850737,2020-09-01,Joint structure for robot,KAWASAKI JUKOGYO KABUSHIKI KAISHA,KAWASAKI JUKOGYO,KAWASAKI HEAVY INDUSTRIES,JP,107388397,1,B25J-0017/0258,GRAY,,False,True,False,False,False,False,False,
17/921918,11865704,2021-05-10,Joint structure for robot,OMRON CORPORATION,OMRON,OMRON,JP,107388753,1,B25J-0017/02,GRAY,,False,True,False,False,False,False,False,
16/075741,11198213,2017-08-07,"Flexible driver, robot joint, robot and exoskeleton robot","SHENZHEN MILEBOT ROBOTICS CO., LTD.",SHENZHEN MILEBOT ROBOTICS,SHENZHEN MILEBOT ROBOTICS,CN,107396943,1,B25J-0009/0006,GRAY,,False,True,False,True,False,False,False,
18/164627,12290926,2023-02-06,Robot control based on equivalent mass matrix,KABUSHIKI KAISHA YASKAWA DENKI,YASKAWA DENKI,YASKAWA,JP,107401527,1,B25J-0009/1607,GRAY,,False,False,False,False,False,False,False,
15/715259,10603796,2017-09-26,Companion robot and method for controlling companion robot,"Fu Tai Hua Industry (Shenzhen) Co., Ltd. | HON HAI PRECISION INDUSTRY CO., LTD.",FU TAI HUA INDUSTRY (SHENZHEN),FU TAI HUA INDUSTRY (SHENZHEN),CN,107415525,1,B25J-0011/009,GRAY,,False,True,False,False,False,False,False,
17/554549,11813743,2021-12-17,Six degree-of-freedom and three degree-of-freedom robotic systems for automatic and/or collaborative fastening operations,GM GLOBAL TECHNOLOGY OPERATIONS LLC | Shanghai JiaoTong University,GM GLOBAL TECHNOLOGY OPERATIONS,GM,US,107419345,1,B25J-0009/0072,GRAY,,False,True,False,False,False,False,False,
17/554161,11931892,2021-12-17,Three degree-of-freedom robotic systems for automatic and/or collaborative planar fastening operations,SHANGHAI JIAOTONG UNIVERSITY,SHANGHAI JIAOTONG UNIVERSITY,SHANGHAI JIAOTONG UNIVERSITY,CN,107419748,1,B25J-0009/0081,GRAY,,False,True,False,False,False,False,False,
17/424477,11975452,2019-12-16,"Motion control method, device and system, and storage medium","MEGAROBO TECHNOLOGIES CO., LTD.",MEGAROBO TECHNOLOGIES,MEGAROBO TECHNOLOGIES,CN,107419905,1,B25J-0009/1641,GRAY,,False,True,False,False,False,False,False,
17/595824,12466087,2020-05-24,Adhesive based gripping of objects,"B.G. NEGEV TECHNOLOGIES & APPLICATIONS LTD., AT BEN-GURION UNIVERSITY | PICKOMMERCE AI ROBOTICS LTD | RIMON, ELON",BG NEGEV TECHNOLOGIES & APPLICATIONS AT BEN-GURION UNIVERSITY,BG NEGEV TECHNOLOGIES & APPLICATIONS AT BEN-GURION UNIVERSITY,IL,107549786,1,B25J-0015/008,GRAY,,False,True,False,False,False,False,False,
18/070990,12240110,2022-11-29,"Welding system, welding robot control program creation device, and welding robot control program creation method","PANASONIC INTELLECTUAL PROPERTY MANAGEMENT CO., LTD.",PANASONIC INTELLECTUAL PROPERTY MANAGEMENT,PANASONIC,JP,107550300,1,B25J-0009/0081,GRAY,,False,True,False,False,False,False,False,
18/073630,12397422,2022-12-02,Robot movement and interaction with massive bodies,"BOSTON DYNAMICS, INC.",BOSTON DYNAMICS,HYUNDAI MOTOR GROUP(2021~)/구글·소프트뱅크(이전),US,107555978,1,B25J-0009/1638,GRAY,,False,True,False,False,False,False,False,
19/193588,12479082,2025-04-29,"Mobile robot, controller, and localization method for mobile robot",VISIONNAV ROBOTICS USA INC.,VISIONNAV ROBOTICS USA,VISIONNAV ROBOTICS USA,US,107565836,1,B25J-0005/007,GRAY,,False,False,False,False,False,False,False,
18/306352,12479097,2023-04-25,Coordinated motion of a robot and vehicle in an independent cart system,"Rockwell Automation Technologies, Inc.",ROCKWELL AUTOMATION TECHNOLOGIES,ROCKWELL AUTOMATION TECHNOLOGIES,US,107565851,1,B25J-0009/1664,GRAY,,False,False,False,False,False,False,False,
18/111943,12479100,2023-02-21,Moving robot and moving robot assembly including the same,"HL ROBOTICS CO., LTD.",HL ROBOTICS,HL ROBOTICS,KR,107565854,1,B25J-0009/1669,GRAY,,False,False,False,False,False,False,False,
17/553860,12479101,2021-12-17,Repetitive task and contextual risk analytics for human-robot collaboration,INTEL CORPORATION,INTEL,INTEL,US,107565855,1,B25J-0009/1676,GRAY,,False,True,False,False,False,False,False,
17/523132,12479102,2021-11-10,Apparatus and method for piston insertion,HYUNDAI MOTOR COMPANY | KIA CORPORATION,HYUNDAI MOTOR,HYUNDAI MOTOR GROUP,KR,107565856,1,B25J-0009/1687,GRAY,,False,True,False,False,False,False,False,
17/384452,12479107,2021-07-23,Method and an assembly unit for performing assembling operations,ABB SCHWEIZ AG,ABB SCHWEIZ,ABB,CH,107565861,1,B25J-0009/1697,GRAY,,False,False,False,False,False,False,False,
17/753385,12479111,2020-08-19,Robotic hand,CENTRE NATIONAL DE LA RECHERCHE SCIENTIFIQUE | UNIVERSITE DE POITIERS,CENTRE NATIONAL DE LA RECHERCHE SCIENTIFIQUE,CENTRE NATIONAL DE LA RECHERCHE SCIENTIFIQUE,FR,107565865,1,B25J-0015/0009,GRAY,,False,True,False,False,False,False,False,
17/867956,12318921,2022-07-19,"Processing system, robot system, control device, processing method, control method, and storage medium",KABUSHIKI KAISHA TOSHIBA,TOSHIBA,TOSHIBA,JP,107582771,1,B25J-0019/026,GRAY,,False,True,False,False,False,False,False,
16/856715,11724396,2020-04-23,Goal-oriented control of a robotic arm,"SHANGHAI FLEXIV ROBOTICS TECHNOLOGY CO., LTD. | FLEXIV LTD.",SHANGHAI FLEXIV ROBOTICS TECHNOLOGY,SHANGHAI FLEXIV ROBOTICS TECHNOLOGY,CN,107583413,1,B25J-0009/1666,GRAY,,False,True,False,False,False,False,False,
15/933956,10836036,2018-03-23,"Control device, control system, robot, and robot system",Seiko Epson Corporation,SEIKO EPSON,SEIKO EPSON,JP,107651878,1,B25J-0009/1628,GRAY,,False,False,False,False,False,False,False,
15/935595,10946517,2018-03-26,Robot control device and robot system,Seiko Epson Corporation,SEIKO EPSON,SEIKO EPSON,미상,107651879,1,B25J-0009/1641,GRAY,,False,False,False,False,False,False,False,
17/290647,12064871,2019-11-28,"Gas pressure detection device, robot having gas pressure detection device, and gas pressure detection method of the same",KAWASAKI JUKOGYO KABUSHIKI KAISHA,KAWASAKI JUKOGYO,KAWASAKI HEAVY INDUSTRIES,JP,107652213,1,B25J-0019/02,GRAY,,False,True,False,False,False,False,False,
17/422260,12083678,2020-01-23,Efficient adaption of robot control policy for new task using meta-learning based on meta-imitation learning and meta-reinforcement learning,GOOGLE LLC,GOOGLE,ALPHABET,US,107652347,1,B25J-0009/163,GRAY,,False,True,False,False,False,False,False,
16/590092,11548167,2019-10-01,Robot for making coffee and method for controlling the same,LG ELECTRONICS INC.,LG ELECTRONICS,LG,KR,107660564,1,B25J-0013/085,GRAY,,False,True,False,False,False,False,False,
17/337815,11938638,2021-06-03,Simulation driven robotic control of real robot(s),GOOGLE LLC,GOOGLE,ALPHABET,US,107724347,2,B25J-0009/1671,GRAY,,False,False,False,False,False,False,False,
18/350124,12472638,2023-07-11,"Information processing device, robot, and mobile terminal device",SONY GROUP CORPORATION | SONY INTERACTIVE ENTERTAINMENT INC.,SONY GROUP,SONY,JP,107726157,1,B25J-0011/0015,GRAY,,False,True,False,False,False,False,False,
16/596946, ,2019-10-09,HUMANOID ROBOTICS SYSTEM AND METHODS,"WILLOW GARAGE, LLC",WILLOW GARAGE,WILLOW GARAGE,US,107729012,2,B25J-0005/00,T1_auto,휴머노이드명시/전건T1_OEM,True,True,False,False,False,False,False,등록번호누락
17/976446,12397443,2022-10-28,Robotics control and sensing system and method,11712381 Canada Corporation,11712381 CANADA,11712381 CANADA,미상,107729021,1,B25J-0013/081,GRAY,,False,False,False,False,False,False,False,
18/550855,12420432,2022-03-11,Robot feedback method and robot,"HUAWEI TECHNOLOGIES CO., LTD.",HUAWEI TECHNOLOGIES,HUAWEI TECHNOLOGIES,CN,107750707,1,B25J-0013/084,GRAY,,False,True,False,False,False,False,False,
16/074988,10875175,2017-02-01,Robotic gripping device system and method,OCADO INNOVATION LIMITED,OCADO INNOVATION,OCADO INNOVATION,GB,107814070,1,B25J-0009/1612,GRAY,,False,True,False,False,False,False,False,
17/036241,11623351,2020-09-29,"Bag-shaped actuator system, gripping device using the same, robotic hand, and usage method of robotic hand",TOYOTA JIDOSHA KABUSHIKI KAISHA,TOYOTA JIDOSHA,TOYOTA,JP,107835194,1,B25J-0015/0023,GRAY,,False,True,False,False,False,False,False,
17/563976,11958200,2021-12-28,Automatic robotic arm system and coordinating method for robotic arm and computer vision thereof,"DELTA ELECTRONICS, INC.",DELTA ELECTRONICS,DELTA ELECTRONICS,TW,107843230,1,B25J-0009/1692,GRAY,,False,True,False,False,False,False,False,
18/899000,12420404,2024-09-27,Birfield flexible variable-stiffness continuum robot unit and continuum robot,XI'AN JIAOTONG UNIVERSITY,XI'AN JIAOTONG UNIVERSITY,XI'AN JIAOTONG UNIVERSITY,CN,107846217,1,B25J-0009/065,GRAY,,False,True,False,False,False,False,False,
14/979554,10112299,2015-12-28,Machining apparatus and method of producing workpiece,KABUSHIKI KAISHA YASKAWA DENKI,YASKAWA DENKI,YASKAWA,JP,107927583,1,B25J-0009/1664,GRAY,,False,True,False,False,False,False,False,
17/667851,12048999,2022-02-09,Method for performing tool change with robot arm,"Chieftek Precision Co., Ltd.",CHIEFTEK PRECISION,CHIEFTEK PRECISION,TW,107932304,1,B25J-0015/0491,GRAY,,False,True,False,False,False,False,False,
17/636220,12491632,2020-09-23,"Data processing device, data processing method, and cooking robot",SONY GROUP CORPORATION,SONY GROUP,SONY,JP,107970301,1,B25J-0009/1664,GRAY,,False,False,False,False,False,False,False,
18/069692,12491634,2022-12-21,Mobile object handling workstation with advanced network capabilities,"INTELLIGRATED HEADQUARTERS, LLC",INTELLIGRATED HEADQUARTERS,INTELLIGRATED HEADQUARTERS,US,107970303,1,B25J-0009/1664,E_auto,제외전용신호+Tier신호없음,False,False,False,False,False,True,False,
18/563651,12491636,2022-05-24,Collaborative robot having collision detection function and collision detection method of cooperative robot,"NEUROMEKA CO., LTD.",NEUROMEKA,NEUROMEKA,KR,107970305,1,B25J-0009/1666,GRAY,,False,True,False,False,False,False,False,
16/604719,11358286,2018-04-10,Robot system and method of operating the same,KAWASAKI JUKOGYO KABUSHIKI KAISHA,KAWASAKI JUKOGYO,KAWASAKI HEAVY INDUSTRIES,JP,108041775,1,B25J-0013/00,GRAY,,False,False,False,False,False,False,False,
17/283237,12115664,2019-07-12,Method for using a robot system and robot system for a container processing facility,KRONES AG,KRONES,KRONES,DE,108041928,1,B25J-0005/00,GRAY,,False,False,False,False,False,False,False,
17/989408,11897132,2022-11-17,Systems and methods for redundant network communication in a robot,SARCOS CORP.,SARCOS,SARCOS,US,108050195,1,B25J-0009/1602,GRAY,,False,False,False,False,False,False,False,
16/909654,11660753,2020-06-23,"Control system, control method, robot system, and storage medium",KABUSHIKI KAISHA TOSHIBA | TOSHIBA INFRASTRUCTURE SYSTEMS & SOLUTIONS CORPORATION,TOSHIBA,TOSHIBA,JP,108054188,2,B25J-0009/1669,GRAY,,False,False,False,False,False,False,False,
17/232481,12157233,2021-04-16,Systems and methods for quantitatively measuring wheel slippage in differential drive robots,Brain Corporation,BRAIN,BRAIN,US,108067679,1,B25J-0009/1674,GRAY,,False,True,False,False,False,False,False,
16/545833,12186897,2019-08-20,Actuator and robot with reliable torque sensor arrangement,FLEXIV LTD.,FLEXIV,FLEXIV,KY,108125698,1,B25J-0019/0029,GRAY,,False,True,False,False,False,False,False,
17/243939,11691285,2021-04-29,Method and computing system for estimating parameter for robot operation,"MUJIN, INC.",MUJIN,MUJIN,JP,108138429,4,B25J-0009/1638,GRAY,,False,True,False,False,False,False,False,
16/457998,11766785,2019-06-29,Automated testing system,"NOISEOUT, INC.",NOISEOUT,NOISEOUT,US,108139631,1,B25J-0013/006,GRAY,,False,False,False,False,False,False,False,
18/414287,12377557,2024-01-16,Robotic article handling end effector with capture device having a compliant material,SARCOS CORP.,SARCOS,SARCOS,US,108139765,1,B25J-0015/0095,GRAY,,False,False,False,False,False,False,False,
17/838045,12485544,2022-06-10,Workflow for using learning based approach for placing boxes on pallets,"DEXTERITY, INC.",DEXTERITY,DEXTERITY,US,108140193,1,B25J-0009/1687,GRAY,,False,True,False,False,False,False,False,
18/511310,12409548,2023-11-16,Gripper for a door and a control method thereof,HYUNDAI MOTOR COMPANY | KIA CORPORATION,HYUNDAI MOTOR,HYUNDAI MOTOR GROUP,KR,108163120,1,B25J-0009/1612,GRAY,,False,True,False,False,False,False,False,
18/283105,12496709,2022-03-30,Industrial robot,AUTONOX HOLDING GMBH,AUTONOX,AUTONOX,DE,108171268,1,B25J-0009/1623,GRAY,,False,True,False,False,False,False,False,
18/538196,12350834,2023-12-13,System for testing and training robot control,ACUMINO,ACUMINO,ACUMINO,US,108252382,1,B25J-0009/163,GRAY,,False,False,False,False,False,False,False,
17/655466,12397425,2022-03-18,System and method for robust pivoting for re-orienting parts during robotic assembly,"Mitsubishi Electric Research Laboratories, Inc.",MITSUBISHI ELECTRIC RESEARCH LABORATORIES,MITSUBISHI ELECTRIC,미상,108253270,1,B25J-0009/1664,GRAY,,False,True,False,False,False,False,False,
17/011428,12145277,2020-09-03,Framework of robotic online motion planning,FANUC CORPORATION,FANUC,FANUC,JP,108363675,1,B25J-0009/1664,GRAY,,False,True,False,False,False,False,False,
16/880724,11679497,2020-05-21,Distributed robotic demonstration learning,INTRINSIC INNOVATION LLC,INTRINSIC INNOVATION,ALPHABET,US,108370228,1,B25J-0009/163,GRAY,,False,False,False,False,False,False,False,
18/537250,12502771,2023-12-12,Energy efficient robotic arm,Intel Corporation,INTEL,INTEL,US,108372723,1,B25J-0009/163,GRAY,,False,True,False,False,False,True,False,
17/974862,12502774,2022-10-27,Robotic arm operating system,HIWIN TECHNOLOGIES CORP.,HIWIN TECHNOLOGIES,HIWIN TECHNOLOGIES,TW,108372726,1,B25J-0009/1664,GRAY,,False,True,False,False,False,False,False,
18/165471,12502784,2023-02-07,Manufacturing system and manufacturing method for manufacturing assembly including tap,"SINTOKOGIO, LTD.",SINTOKOGIO,SINTOKOGIO,JP,108372736,1,B25J-0009/1687,GRAY,,False,True,False,False,False,False,False,
16/244423,12502786,2019-01-10,Robotic system for demiliterizing munitions,CYBERNET SYSTEMS CORP.,CYBERNET SYSTEMS,CYBERNET SYSTEMS,US,108372738,1,B25J-0009/1697,GRAY,,False,True,False,False,False,False,False,
17/180879,11958187,2021-02-22,"Robot hand, robot and robot system",KAWASAKI JUKOGYO KABUSHIKI KAISHA,KAWASAKI JUKOGYO,KAWASAKI HEAVY INDUSTRIES,JP,108382980,1,B25J-0009/0093,GRAY,,False,True,False,False,False,True,False,
16/886816,11548150,2020-05-29,Apparatus and method for planning contact-interaction trajectories,"Mitsubishi Electric Research Laboratories, Inc.",MITSUBISHI ELECTRIC RESEARCH LABORATORIES,MITSUBISHI ELECTRIC,US,108452875,1,B25J-0009/1664,GRAY,,False,True,False,False,False,False,False,
17/301296,12109715,2021-03-31,Computer controlled positioning of delicate objects with low-contact force interaction using a robot,International Business Machines Corporation,INTERNATIONAL BUSINESS MACHINES,INTERNATIONAL BUSINESS MACHINES,US,108453361,1,B25J-0009/1697,GRAY,,False,True,False,False,False,False,False,
17/882816,11999057,2022-08-08,Continuum arm robot system,ROLLS-ROYCE plc,ROLLS-ROYCE,ROLLS-ROYCE,GB,108460088,1,B25J-0009/009,GRAY,,False,True,False,False,False,False,False,
17/773380,12168294,2020-11-05,Modular robot,CONTINENTAL AUTOMOTIVE TECHNOLOGIES GMBH,CONTINENTAL AUTOMOTIVE TECHNOLOGIES,CONTINENTAL AUTOMOTIVE TECHNOLOGIES,DE,108473467,1,B25J-0005/007,GRAY,,False,False,False,False,False,False,False,
17/453240,12042938,2021-11-02,Method for controlling a robotic device and robot control unit,ROBERT BOSCH GMBH,ROBERT BOSCH,ROBERT BOSCH,DE,108474135,1,B25J-0009/1664,GRAY,,False,False,False,False,False,False,False,
17/758632,12134195,2021-01-12,"Control device for robot, robot system, control method, and program",FANUC CORPORATION,FANUC,FANUC,JP,108474489,1,B25J-0009/1664,GRAY,,False,False,False,False,False,False,False,
17/995974,12420424,2021-04-12,Coordinate system setting system and position/orientation measurement system,FANUC CORPORATION,FANUC,FANUC,JP,108474872,1,B25J-0009/1692,GRAY,,False,True,False,False,False,False,False,
18/074018,12397447,2022-12-02,Grip device and robot device comprising same,"SAMSUNG ELECTRONICS CO., LTD.",SAMSUNG ELECTRONICS,SAMSUNG,KR,108476050,1,B25J-0015/0266,GRAY,,False,True,False,False,False,False,False,
18/696238,12496718,2022-09-29,"Method to control, through direct teaching, a closed robotised system and relative processing plant",GAIOTTO AUTOMATION S.P.A.,GAIOTTO AUTOMATION,GAIOTTO AUTOMATION,IT,108535388,1,B25J-0009/1656,GRAY,,False,True,False,False,False,False,False,
18/142403,12496724,2023-05-02,Systems and methods for mounting wheels to partially assembled vehicles in motion,"ProcessChamp, LLC",PROCESSCHAMP,PROCESSCHAMP,US,108541319,1,B25J-0009/1697,E_auto,제외전용신호+Tier신호없음,False,False,False,False,False,True,False,
18/129909,12496710,2023-04-03,"Humanoid robot balance control method, humanoid robot, and storage medium",UBTECH ROBOTICS CORP LTD,UBTECH ROBOTICS,UBTECH,CN,108541324,1,B25J-0009/163,T1_auto,휴머노이드명시/전건T1_OEM,True,True,False,False,False,False,False,
18/200417,12496711,2023-05-22,"Multi-legged robot load balancing method, multi-legged robot, and storage medium",UBTECH ROBOTICS CORP LTD,UBTECH ROBOTICS,UBTECH,CN,108541325,1,B25J-0009/163,GRAY,,False,True,False,False,False,False,False,
18/379614,12496715,2023-10-12,Three-dimensional passive walking robot,CARNEGIE MELLON UNIVERSITY,CARNEGIE MELLON UNIVERSITY,CARNEGIE MELLON UNIVERSITY,US,108541327,1,B25J-0009/1664,T1_auto,휴머노이드명시/전건T1_OEM,True,True,False,False,False,False,False,
18/807017,12409570,2024-08-16,Humanoid transformer robots and methods of controlling the same,Sanctuary Cognitive Systems Corporation,SANCTUARY COGNITIVE SYSTEMS,SANCTUARY COGNITIVE SYSTEMS,CA,108542345,2,B25J-0009/162,T1_auto,휴머노이드명시/전건T1_OEM,True,True,False,False,False,False,False,
18/151603,12409550,2023-01-09,Robot system with casing elements,"Mantis Robotics, Inc.",MANTIS ROBOTICS,MANTIS ROBOTICS,US,108542347,1,B25J-0009/1633,GRAY,,False,True,False,False,False,False,False,
16/756105,12005566,2018-10-16,"On-demand robotic food assembly equipment, and related systems and methods","CONGRUENS GROUP, LLC",CONGRUENS GROUP,CONGRUENS GROUP,US,108542349,2,B25J-0011/0045,GRAY,,False,True,False,False,False,True,False,
18/520033,12508709,2023-11-27,Safety detecting device and a safety detecting system including the same,HYUNDAI MOTOR COMPANY | KIA CORPORATION,HYUNDAI MOTOR,HYUNDAI MOTOR GROUP,KR,108549784,1,B25J-0009/1666,GRAY,,False,True,False,False,False,False,False,
18/998175,12508710,2022-10-18,Method and system for cooperating packing actions and unpacking actions of mechanical arm based on deep reinforcement learning,SHANDONG UNIVERSITY,SHANDONG UNIVERSITY,SHANDONG UNIVERSITY,CN,108549785,1,B25J-0009/1669,GRAY,,False,True,False,False,False,False,False,
17/780665,12508722,2020-11-27,"Holding device, control method, control device, and robot system",KAWASAKI JUKOGYO KABUSHIKI KAISHA,KAWASAKI JUKOGYO,KAWASAKI HEAVY INDUSTRIES,JP,108549797,1,B25J-0015/0061,GRAY,,False,True,False,False,False,False,False,
17/905825,12311558,2021-03-05,"Robot control device, robot system, and robot control method",FANUC CORPORATION,FANUC,FANUC,JP,108560185,1,B25J-0009/1674,GRAY,,False,False,False,False,False,False,False,
17/015238,11597080,2020-09-09,Knowledge partitioning for task execution by conversational tele-presence robots in a geographically separated environment,TATA CONSULTANCY SERVICES LIMITED,TATA CONSULTANCY SERVICES,TATA CONSULTANCY SERVICES,IN,108631338,1,B25J-0009/163,GRAY,,False,True,False,False,False,False,False,
16/999414,11577398,2020-08-21,"Robot, measurement fixture, and tool-tip-position determining method",FANUC CORPORATION,FANUC,FANUC,JP,108631806,1,B25J-0009/1692,GRAY,,False,True,False,False,False,False,False,
17/666328,12403598,2022-02-07,"System, manufacturing method, controlling method, program, and recording medium",CANON KABUSHIKI KAISHA,CANON,CANON,JP,108632484,1,B25J-0009/1664,GRAY,,False,False,False,False,False,False,False,
18/236395,12502769,2023-08-21,"Method for foot/ground contact detection for robot, robot and computer-readable medium",UBTECH ROBOTICS CORP LTD,UBTECH ROBOTICS,UBTECH,CN,108693641,1,B25J-0009/1628,T1_auto,휴머노이드명시/전건T1_OEM,True,True,False,False,False,False,False,
17/862022,12504741,2022-07-11,Adaptive cyber manufacturing (ACM) through online human-AI partnerships,FLORIDA ATLANTIC UNIVERSITY BOARD OF TRUSTEES,FLORIDA ATLANTIC UNIVERSITY BOARD OF TRUSTEES,FLORIDA ATLANTIC UNIVERSITY BOARD OF TRUSTEES,US,108693753,1,B25J-0009/1689,GRAY,,False,False,False,False,False,False,False,
18/060953,12515315,2022-12-01,"Actuator, actuator device, robot, and series of actuator devices","SUMITOMO HEAVY INDUSTRIES, LTD.",SUMITOMO HEAVY INDUSTRIES,SUMITOMO HEAVY INDUSTRIES,JP,108701495,1,B25J-0009/12,GRAY,,False,True,False,False,False,False,False,
18/477344,12515316,2023-09-28,"Operation apparatus, robot system, manufacturing method, control method, and recording medium",Canon Kabushiki Kaisha,CANON,CANON,JP,108701496,1,B25J-0009/1605,GRAY,,False,True,False,False,False,False,False,
18/775000,12515329,2024-07-17,"Robot control system, robot control method, and non-transitory storage medium",TOYOTA JIDOSHA KABUSHIKI KAISHA,TOYOTA JIDOSHA,TOYOTA,JP,108701509,1,B25J-0009/1653,GRAY,,False,True,False,False,False,False,False,
18/681932,12515330,2021-09-17,Robot control device,FANUC CORPORATION,FANUC,FANUC,JP,108701510,1,B25J-0009/1656,GRAY,,False,True,False,False,False,False,False,
18/274144,12515333,2021-01-27,"Control device, control method, and storage medium",NEC CORPORATION,NEC,NEC,JP,108701513,1,B25J-0009/1661,GRAY,,False,False,False,False,False,False,False,
18/488143,12515335,2023-10-17,Device and method for controlling a robot,ROBERT BOSCH GMBH,ROBERT BOSCH,ROBERT BOSCH,DE,108701515,1,B25J-0009/1628,GRAY,,False,True,False,False,False,False,False,
18/023094,12515339,2020-08-26,Methods and systems for improving controlling of a robot,TELEFONAKTIEBOLAGET LM ERICSSON (PUBL),TELEFONAKTIEBOLAGET LM ERICSSON (PUBL),TELEFONAKTIEBOLAGET LM ERICSSON (PUBL),SE,108701519,1,B25J-0009/1671,GRAY,,False,True,False,False,False,False,False,
18/327717,12515345,2023-06-01,Method of synthesising training datasets for autonomous robotic control,OCADO INNOVATION LIMITED,OCADO INNOVATION,OCADO INNOVATION,GB,108701525,1,B25J-0009/1697,GRAY,,False,True,False,False,False,False,False,
18/576156,12515351,2021-07-20,Workpiece gripping determination mechanism for robot hand,FUJI CORPORATION,FUJI,FUJI,JP,108701531,1,B25J-0013/082,GRAY,,False,True,False,False,False,False,False,
17/798731,12220806,2021-02-15,Deburring device and control system,FANUC CORPORATION,FANUC,FANUC,JP,108714770,1,B25J-0011/006,GRAY,,False,True,False,False,False,False,False,
18/153021,12325132,2023-01-11,Primary-and-secondary robot system,DENSO WAVE INCORPORATED,DENSO WAVE,DENSO,JP,108717762,1,B25J-0009/163,GRAY,,False,False,False,False,False,False,False,
17/535104,12066808,2021-11-24,Parametric and modal work-holding method for automated inspection,"HEXAGON METROLOGY, INC.",HEXAGON METROLOGY,HEXAGON METROLOGY,US,108768289,1,B25J-0009/1669,GRAY,,False,False,False,False,False,False,False,
16/553744,11254004,2019-08-28,System identification of industrial robot dynamics for safety-critical applications,"VEO ROBOTICS, INC.",VEO ROBOTICS,VEO ROBOTICS,US,108771400,2,B25J-0009/1653,GRAY,,False,True,False,False,False,False,False,
17/838039,12390928,2022-06-10,Workflow for using tree search-based approach for placing boxes on pallet with limited knowledge of future sequence,"DEXTERITY, INC.",DEXTERITY,DEXTERITY,US,108784831,1,B25J-0009/1664,GRAY,,False,True,False,False,False,True,False,
16/775991,11565416,2020-01-29,Transporting robot and method for controlling the same,LG ELECTRONICS INC.,LG ELECTRONICS,LG,KR,108787355,1,B25J-0009/1666,GRAY,,False,True,False,False,False,False,False,
17/475771,12296482,2021-09-15,System for controlling robot finger and method for the same,HYUNDAI MOTOR COMPANY | KIA CORPORATION,HYUNDAI MOTOR,HYUNDAI MOTOR GROUP,KR,108787470,1,B25J-0009/163,GRAY,,False,True,False,False,False,False,False,
15/179493,10272572,2016-06-10,Remotely controlling robotic platforms based on multi-modal sensory data,The Boeing Company,THE BOEING,THE BOEING,US,108878495,1,B25J-0009/1697,GRAY,,False,True,False,False,False,False,False,
18/470438,12521873,2023-09-20,System and method for automatically collecting stirrup,Industrial Technology Research Institute,INDUSTRIAL TECHNOLOGY RESEARCH INSTITUTE,INDUSTRIAL TECHNOLOGY RESEARCH INSTITUTE,TW,108898705,1,B25J-0009/1612,GRAY,,False,True,False,False,False,False,False,
18/274206,12521876,2022-02-01,"Robot model learning device, robot model machine learning method, recording medium storing robot model machine learning program, robot control device, robot control method, and recording medium storing robot control program",OMRON CORPORATION,OMRON,OMRON,JP,108898708,1,B25J-0009/163,GRAY,,False,True,False,False,False,False,False,
17/636073,12521881,2019-08-30,"Information processing device, control method, and storage medium",NEC CORPORATION,NEC,NEC,JP,108898713,1,B25J-0009/1661,GRAY,,False,False,False,False,False,False,False,
17/993779,12521886,2022-11-23,Streaming input buffer for real-time robotic control,INTRINSIC INNOVATION LLC,INTRINSIC INNOVATION,ALPHABET,US,108898718,1,B25J-0009/16,GRAY,,False,False,False,False,False,False,False,
18/659595,12521890,2024-05-09,"Method and apparatus for robot control, device, robot, and medium","BEIJING YOUZHUJU NETWORK TECHNOLOGY CO., LTD.",BEIJING YOUZHUJU NETWORK TECHNOLOGY,BEIJING YOUZHUJU NETWORK TECHNOLOGY,CN,108898722,1,B25J-0009/1697,GRAY,,False,False,False,False,False,False,False,
18/261283,12370670,2022-01-12,Dual-arm robot system,KAWASAKI JUKOGYO KABUSHIKI KAISHA,KAWASAKI JUKOGYO,KAWASAKI HEAVY INDUSTRIES,JP,108910994,1,B25J-0009/0087,GRAY,,False,False,False,False,False,False,False,
18/173342,12318925,2023-02-23,Robot and method of controlling the same,"SINTOKOGIO, LTD. | UNIVERSITY OF YAMANASHI",SINTOKOGIO,SINTOKOGIO,JP,108973761,1,B25J-0009/0081,GRAY,,False,True,False,False,False,False,False,
16/589790,11389963,2019-10-01,"Robot system including feed device, and feed table device",Fanuc Corporation,FANUC,FANUC,JP,108983686,1,B25J-0009/1694,GRAY,,False,True,False,False,False,False,False,
17/013340,11642797,2020-09-04,Gripper apparatus for grasping objects,Tata Consultancy Services Limited,TATA CONSULTANCY SERVICES,TATA CONSULTANCY SERVICES,IN,108994454,1,B25J-0015/0616,GRAY,,False,True,False,False,False,True,False,
17/855944,12214494,2022-07-01,Teaching support device,SEIKO EPSON CORPORATION,SEIKO EPSON,SEIKO EPSON,JP,108995967,1,B25J-0009/0081,GRAY,,False,True,False,False,False,False,False,
17/448266,12508727,2021-09-21,Closed loop solution for loading/unloading cartons by truck unloader,"INTELLIGRATED HEADQUARTERS, LLC",INTELLIGRATED HEADQUARTERS,INTELLIGRATED HEADQUARTERS,US,109049606,1,B25J-0009/1694,GRAY,,False,False,False,False,False,False,False,
17/482162,12090661,2021-09-22,Velocity control-based robotic system,"DEXTERITY, INC.",DEXTERITY,DEXTERITY,US,109050138,1,B25J-0009/0093,GRAY,,False,True,False,False,False,False,False,
17/399893,11858125,2021-08-11,Actuator and gripper head having an actuator,MID ATLANTIC MACHINERY,MID ATLANTIC MACHINERY,MID ATLANTIC MACHINERY,US,109052673,1,B25J-0015/0641,GRAY,,False,True,False,False,False,False,False,
18/603490,12508715,2024-03-13,Robotic systems and methods,Daniel Abrams,DANIEL ABRAMS,DANIEL ABRAMS,US,109053340,1,B25J-0011/0005,GRAY,,False,True,False,False,False,False,False,
18/514366,12508718,2023-11-20,Autonomous floor planning and installation system,Anthony Krejci,ANTHONY KREJCI,ANTHONY KREJCI,US,109053341,1,B25J-0011/0055,GRAY,,False,False,False,False,False,False,False,
15/591978,10384353,2017-05-10,System and method for a robotic manipulator system,"VEOLIA NUCLEAR SOLUTIONS, INC.",VEOLIA NUCLEAR SOLUTIONS,VEOLIA NUCLEAR SOLUTIONS,US,109078767,3,B25J-0018/025,GRAY,,False,True,False,False,False,False,False,
18/627893,12528187,2024-04-05,Method for planning a movement path for a robotic arm,National Yang Ming Chiao Tung University,NATIONAL YANG MING CHIAO TUNG UNIVERSITY,NATIONAL YANG MING CHIAO TUNG UNIVERSITY,TW,109086078,1,B25J-0009/1664,GRAY,,False,True,False,False,False,False,False,
18/566770,12528188,2021-06-16,Program generation device and robot control device,FANUC CORPORATION,FANUC,FANUC,JP,109086079,1,B25J-0009/1656,GRAY,,False,False,False,False,False,False,False,
18/259514,12528191,2020-12-29,Systems and methods for timed plan verification and strategy synthesis for multi-robot coordination,TELEFONAKTIEBOLAGET LM ERICSSON (PUBL),TELEFONAKTIEBOLAGET LM ERICSSON (PUBL),TELEFONAKTIEBOLAGET LM ERICSSON (PUBL),SE,109086082,1,B25J-0009/1682,E_auto,제외전용신호+Tier신호없음,False,False,False,False,False,True,False,
18/701461,12528194,2022-10-11,"Coordinate system calibration method, apparatus and system for robot, and medium","BEIJING JINGDONG QIANSHI TECHNOLOGY CO., LTD.",BEIJING JINGDONG QIANSHI TECHNOLOGY,BEIJING JINGDONG QIANSHI TECHNOLOGY,CN,109086085,1,B25J-0009/16,GRAY,,False,False,False,False,False,False,False,
17/565619,12528200,2021-12-30,Light for teach pendant,"Francis Joseph Osebold, III",FRANCIS JOSEPH OSEBOLD III,FRANCIS JOSEPH OSEBOLD III,US,109086091,1,B25J-0013/06,GRAY,,False,False,False,False,False,False,False,
18/713705,12528201,2021-12-20,Control device for robot performing mastering through torque or force control,FANUC CORPORATION,FANUC,FANUC,JP,109086092,1,B25J-0013/085,GRAY,,False,True,False,False,False,False,False,
17/697525,12528202,2022-03-17,Collapsible splined fingers for ratcheting engagements and high normal force exertion,"Toyota Research Institute, Inc.",TOYOTA RESEARCH INSTITUTE,TOYOTA,US,109086093,1,B25J-0015/0033,GRAY,,False,True,False,False,False,False,False,
17/767644,12233542,2020-10-09,Fault detection response in a robot arm,CMR SURGICAL LIMITED,CMR SURGICAL,CMR SURGICAL,GB,109097961,2,B25J-0019/0004,GRAY,,False,True,True,False,False,False,False,
18/054707,12479087,2022-11-11,"Robot, control method of robot, article manufacturing method using robot, and recording medium storing control program",Canon Kabushiki Kaisha,CANON,CANON,JP,109156489,1,B25J-0009/06,GRAY,,False,True,False,False,False,False,False,
16/878701,11673269,2020-05-20,Method of identifying dynamic obstacle and robot implementing same,LG ELECTRONICS INC.,LG ELECTRONICS,LG,KR,109159529,1,B25J-0009/1666,GRAY,,False,False,False,False,False,False,False,
19/173821,12528181,2025-04-09,Three-degree-of-freedom parallel electromagnetic variable stiffness actuator as an end effector for robotic grinding and polishing,Huazhong University of Science and Technology,HUAZHONG UNIVERSITY OF SCIENCE AND TECHNOLOGY,HUAZHONG UNIVERSITY OF SCIENCE AND TECHNOLOGY,CN,109161776,1,B25J-0009/12,GRAY,,False,True,False,False,False,False,False,
18/035689,12427676,2021-10-26,Robot-mounted mobile device and positioning control method for system,"DMG MORI CO., LTD.",DMG MORI,DMG MORI,JP,109204731,1,B25J-0013/087,GRAY,,False,False,False,False,False,False,False,
18/138913,12515344,2023-04-25,Robot control method,"PANASONIC INTELLECTUAL PROPERTY MANAGEMENT CO., LTD.",PANASONIC INTELLECTUAL PROPERTY MANAGEMENT,PANASONIC,JP,109204759,1,B25J-0009/1697,GRAY,,False,True,False,False,False,False,False,
18/525111,12420437,2023-11-30,Robot for gripping an object using dual fingers and object grip method thereof,"SAMSUNG ELECTRONICS CO., LTD.",SAMSUNG ELECTRONICS,SAMSUNG,KR,109206216,1,B25J-0009/1612,GRAY,,False,True,False,False,False,False,False,
16/709764,11897146,2019-12-10,"Examination method for examining robot apparatus, control apparatus, and storage medium",Canon Kabushiki Kaisha,CANON,CANON,JP,109207960,2,B25J-0009/1674,GRAY,,False,True,False,False,False,False,False,
16/885035,11691283,2020-05-27,Robot control parameter interpolation,INTRINSIC INNOVATION LLC,INTRINSIC INNOVATION,ALPHABET,US,109210823,2,B25J-0009/1653,GRAY,,False,False,False,False,False,False,False,
18/646099,12515323,2024-04-25,Limiting arm forces and torques,"Boston Dynamics, Inc.",BOSTON DYNAMICS,HYUNDAI MOTOR GROUP(2021~)/구글·소프트뱅크(이전),US,109211063,1,B25J-0009/162,GRAY,,False,True,False,False,False,False,False,
18/100451,12515332,2023-01-23,System and method for sequencing assembly tasks,eBots Inc.,EBOTS,EBOTS,US,109212014,1,B25J-0009/1661,GRAY,,False,False,False,False,False,False,False,
18/103825,12515352,2023-01-31,Visuotactile operators for proximity sensing and contact control,"SAMSUNG ELECTRONICS CO., LTD.",SAMSUNG ELECTRONICS,SAMSUNG,KR,109212016,1,B25J-0013/083,GRAY,,False,True,False,False,False,False,False,
18/537707,12521871,2023-12-12,Compiling robot behavior trees,INTRINSIC INNOVATION LLC,INTRINSIC INNOVATION,ALPHABET,US,109212858,1,B25J-0009/1602,GRAY,,False,False,False,False,False,False,False,
19/046366,12427677,2025-02-05,Method and system for control of a vertically translatable robot,"MYTRA, INC.",MYTRA,MYTRA,US,109214024,1,B25J-0015/0033,GRAY,,False,False,False,False,False,False,False,
18/562897,12533792,2022-05-09,Building exterior wall cleaning robot,IUCF-HYU (INDUSTRY-UNIVERSITY COOPERATION FOUNDATION HANYANG UNIVERSITY),IUCF-HYU (INDUSTRY-UNIVERSITY COOPERATION FOUNDATION HANYANG UNIVERSITY),IUCF-HYU (INDUSTRY-UNIVERSITY COOPERATION FOUNDATION HANYANG UNIVERSITY),KR,109228641,1,B25J-0005/04,E_auto,제외전용신호+Tier신호없음,False,False,False,False,True,False,False,
18/424323,12533797,2024-01-26,"Robot control method, robot and computer-readable storage medium",UBTECH ROBOTICS CORP LTD,UBTECH ROBOTICS,UBTECH,CN,109228646,1,B25J-0009/1607,GRAY,,False,True,False,False,False,False,False,
18/039961,12533799,2021-09-14,"Robot, gripping force control device, gripping force control method, and recording medium storing gripping force control program",OMRON CORPORATION,OMRON,OMRON,JP,109228648,1,B25J-0009/1612,GRAY,,False,True,False,False,False,False,False,
18/754599,12533814,2024-06-26,Apparatus and method for automatic calibration of a robotic arm in a modular system,"Pramana, Inc.",PRAMANA,PRAMANA,US,109228663,1,B25J-0009/1692,GRAY,,False,True,False,False,False,False,False,
18/179024,12397419,2023-03-06,System and method for controlling a robotic manipulator,"Mitsubishi Electric Research Laboratories, Inc.",MITSUBISHI ELECTRIC RESEARCH LABORATORIES,MITSUBISHI ELECTRIC,미상,109325317,1,B25J-0009/163,GRAY,,False,True,False,False,False,False,False,
18/164631,12377543,2023-02-06,Path planning during execution of robot control,KABUSHIKI KAISHA YASKAWA DENKI,YASKAWA DENKI,YASKAWA,JP,109328129,1,B25J-0009/1664,GRAY,,False,False,False,False,False,False,False,
18/568890,12515326,2021-06-24,Method for controlling robot and arm,FUJI CORPORATION,FUJI,FUJI,JP,109328739,1,B25J-0009/1633,GRAY,,False,True,False,False,False,False,False,
18/098470,12358150,2023-01-18,Robot and control method therefor,"SAMSUNG ELECTRONICS CO., LTD.",SAMSUNG ELECTRONICS,SAMSUNG,KR,109330287,1,B25J-0009/1697,GRAY,,False,True,False,False,False,False,False,
16/585527,11577405,2019-09-27,Robot hand and robot system,FANUC CORPORATION,FANUC,FANUC,JP,109339372,1,B25J-0015/0052,GRAY,,False,True,False,False,False,False,False,
17/784279,12194618,2021-02-10,Hand device and workpiece handling system,FANUC CORPORATION,FANUC,FANUC,JP,109340246,1,B25J-0015/08,GRAY,,False,True,False,False,False,False,False,
17/919637,12296486,2021-04-14,Program editing device,FANUC CORPORATION,FANUC,FANUC,JP,109340257,1,B25J-0009/1656,GRAY,,False,True,False,False,False,False,False,
17/999036,12325134,2021-05-13,Robot control device and robot system,FANUC CORPORATION,FANUC,FANUC,JP,109340263,1,B25J-0009/1656,GRAY,,False,False,False,False,False,False,False,
17/927062,12440977,2021-05-24,"Control device, robot system, and control method for causing robot to execute work on workpiece",FANUC CORPORATION,FANUC,FANUC,JP,109340269,1,B25J-0009/1664,GRAY,,False,False,False,False,False,False,False,
17/850469,12240118,2022-06-27,Force amplification mobile robotic system (exobot),PETRÓLEO BRASILEIRO S.A. – PETROBRAS | INSTITUTO TECNOLÓGICO DE AERONÁUTICA - ITA,PETRÓLEO BRASILEIRO – PETROBRAS,PETRÓLEO BRASILEIRO – PETROBRAS,BR,109409544,1,B25J-0009/1633,T1_auto,T1후보-제외신호동반(검증필요),True,True,False,True,False,False,False,
14/724966,9669546,2015-05-29,Robotic work object cell calibration method,Matthew E. Trompeter,MATTHEW E TROMPETER,MATTHEW E TROMPETER,US,109821969,2,B25J-0009/1692,GRAY,,False,True,False,False,False,False,False,
15/111475,9840009,2015-01-22,Actuation of a hand intended for being provided on a humanoid robot,SOFTBANK ROBOTICS EUROPE,SOFTBANK ROBOTICS EUROPE,SOFTBANK ROBOTICS,FR,109864200,1,B25J-0015/0009,T1_auto,휴머노이드명시/전건T1_OEM,True,True,False,False,False,False,False,
15/111476,10442089,2015-01-22,Hand intended for being provided on a humanoid robot with improved fingers,SOFTBANK ROBOTICS EUROPE,SOFTBANK ROBOTICS EUROPE,SOFTBANK ROBOTICS,FR,109864218,1,B25J-0015/0009,T1_auto,휴머노이드명시/전건T1_OEM,True,True,False,False,False,False,False,
15/262015,10005189,2016-09-12,"Extensible and retractable arm mechanism, and robot arm",Life Robotics Inc.,LIFE ROBOTICS,LIFE ROBOTICS,JP,109865314,1,B25J-0018/025,GRAY,,False,True,False,False,False,False,False,
15/281382,10086516,2016-09-30,"Color- or grayscale-sensing, magnetic, mobile, marking robot",PRESIDENT AND FELLOWS OF HARVARD COLLEGE,PRESIDENT AND FELLOWS OF HARVARD COLLEGE,PRESIDENT AND FELLOWS OF HARVARD COLLEGE,US,109866726,2,B25J-0009/1697,GRAY,,False,True,False,False,False,False,False,
15/300218,10293486,2015-04-17,Omnidirectional wheeled humanoid robot based on a linear predictive position and velocity controller,SOFTBANK ROBOTICS EUROPE | INSTITUT NATIONAL DE RECHERCHE EN INFORMATIQUE ET EN AUTOMATIQUE,SOFTBANK ROBOTICS EUROPE,SOFTBANK ROBOTICS,FR,109867015,1,B25J-0009/1669,T1_auto,휴머노이드명시/전건T1_OEM,True,True,False,False,False,False,False,
15/300221,10232508,2015-04-17,Omnidirectional wheeled humanoid robot based on a linear predictive position and velocity controller,SOFTBANK ROBOTICS EUROPE | INSTITUT NATIONAL DE RECHERCHE EN INFORMATIQUE ET EN AUTOMATIQUE,SOFTBANK ROBOTICS EUROPE,SOFTBANK ROBOTICS,FR,109867028,1,B25J-0009/162,T1_auto,휴머노이드명시/전건T1_OEM,True,True,False,False,False,False,False,
15/304038,9821471,2015-05-07,Actuation of a hand to be provided on a humanoid robot,SOFTBANK ROBOTICS EUROPE,SOFTBANK ROBOTICS EUROPE,SOFTBANK ROBOTICS,FR,109867850,1,B25J-0015/0009,T1_auto,휴머노이드명시/전건T1_OEM,True,True,False,False,False,False,False,
15/310704,10137579,2015-06-03,Anti-jamming system in a humanoid-type robot,SOFTBANK ROBOTICS EUROPE,SOFTBANK ROBOTICS EUROPE,SOFTBANK ROBOTICS,FR,109868851,1,B25J-0019/0091,T1_auto,휴머노이드명시/전건T1_OEM,True,True,False,False,False,False,False,
15/311113,10406699,2015-06-05,"Secure, motor-driven hinge to be provided on a humanoid robot",SOFTBANK ROBOTICS EUROPE,SOFTBANK ROBOTICS EUROPE,SOFTBANK ROBOTICS,FR,109869245,1,B25J-0019/0004,T1_auto,휴머노이드명시/전건T1_OEM,True,True,False,False,False,False,False,
14/832071,9993921,2015-08-21,Flexible and stretchable electronic strain-limited layer for soft actuators,PRESIDENT AND FELLOWS OF HARVARD COLLEGE,PRESIDENT AND FELLOWS OF HARVARD COLLEGE,PRESIDENT AND FELLOWS OF HARVARD COLLEGE,US,109871104,3,B25J-0009/142,GRAY,,False,True,False,False,False,False,False,
15/137356,10093023,2016-04-25,Enhancement of soft robotic grippers through integration of stiff structures,"SOFT ROBOTICS, INC.",SOFT ROBOTICS,SOFT ROBOTICS/OXIPITAL,US,109881456,2,B25J-0015/0023,GRAY,,False,True,False,False,False,False,False,
15/744536,10828788,2016-07-12,Distributed pressurization and exhaust systems for soft robots,PRESIDENT AND FELLOWS OF HARVARD COLLEGE,PRESIDENT AND FELLOWS OF HARVARD COLLEGE,PRESIDENT AND FELLOWS OF HARVARD COLLEGE,US,109884665,1,B25J-0018/06,GRAY,,False,True,True,False,False,False,False,
15/333747,10501221,2016-10-25,Device and method for extraction,SIDEL PACKING SOLUTIONS,SIDEL PACKING SOLUTIONS,SIDEL PACKING SOLUTIONS,FR,109887665,1,B25J-0015/0028,GRAY,,False,True,False,False,False,False,False,
16/097124,11014247,2016-04-29,Mobile robot with enhanced balanced motion and behavior capabilities,SOFTBANK ROBOTICS EUROPE,SOFTBANK ROBOTICS EUROPE,SOFTBANK ROBOTICS,FR,109890604,1,B25J-0011/0035,GRAY,,False,True,False,False,False,False,False,
15/411212,10179411,2017-01-20,"Soft robotic grippers for cluttered grasping environments, high acceleration movements, food manipulation, and automated storage and retrieval systems","SOFT ROBOTICS, INC.",SOFT ROBOTICS,SOFT ROBOTICS/OXIPITAL,US,109892308,9,B25J-0015/0023,GRAY,,False,True,False,False,False,True,False,
16/315570,11376746,2017-07-04,Hand intended to equip a humanoid robot,SOFTBANK ROBOTICS EUROPE | CENTRE NATIONAL DE LA RECHERCHE SCIENTIFIQUE,SOFTBANK ROBOTICS EUROPE,SOFTBANK ROBOTICS,FR,109898602,1,B25J-0015/0009,T1_auto,휴머노이드명시/전건T1_OEM,True,True,False,False,False,False,False,
16/618465,11370106,2018-06-04,Pallet robot with scissor lift,DUECKER GROUP GMBH,DUECKER GROUP,DUECKER GROUP,DE,109911363,1,B25J-0005/00,GRAY,,False,True,False,False,False,False,False,
16/152954,11260531,2018-10-05,"End effector calibration assemblies, systems, and methods","Advanced Solutions Life Sciences, LLC",ADVANCED SOLUTIONS LIFE SCIENCES,ADVANCED SOLUTIONS LIFE SCIENCES,US,109916272,1,B25J-0009/1692,GRAY,,False,False,False,False,False,False,False,
16/018215,10787316,2018-06-26,Stocking assistant robot,"SUNRISE R&D HOLDINGS, LLC",SUNRISE R&D,SUNRISE R&D,US,109927280,1,B25J-0005/007,GRAY,,False,True,False,False,False,False,False,
16/224513,12486061,2018-12-18,Robotic kitting system,"DEXTERITY, INC.",DEXTERITY,DEXTERITY,US,109931094,1,B25J-0009/0093,GRAY,,False,True,False,False,False,True,False,
16/264901,11213950,2019-02-01,Proximate robot object detection and avoidance,LOCUS ROBOTICS CORP.,LOCUS ROBOTICS,LOCUS ROBOTICS,US,109937496,1,B25J-0009/1666,GRAY,,False,True,False,False,False,True,False,
14/657699,9597795,2015-03-13,System for moving a mobile tendon controlled platform robot,METISS B.V.,METISS,METISS,NL,110244328,1,B25J-0009/0078,GRAY,,False,False,False,False,False,False,False,
15/400168,9914212,2017-01-06,Systems and methods for sensing objects,SOMATIS SENSOR SOLUTIONS LLC,SOMATIS SENSOR SOLUTIONS,SOMATIS SENSOR SOLUTIONS,US,110282117,1,B25J-0009/1612,GRAY,,False,True,False,False,False,False,False,
14/928491,10005184,2015-10-30,Industrial robot and a method for controlling an industrial robot,Comau S.p.A.,COMAU,COMAU,IT,110319133,1,B25J-0009/1676,GRAY,,False,True,False,False,False,False,False,
15/219591,10632624,2016-07-26,Tool holders for robotic systems having collision detection,Illinois Tool Works Inc.,ILLINOIS TOOL WORKS,ILLINOIS TOOL WORKS,US,110345664,2,B25J-0013/085,GRAY,,False,True,False,False,False,False,False,
15/704223,10414039,2017-09-14,Remotely controlled packable robot,"Foster-Miller, Inc.",FOSTER-MILLER,FOSTER-MILLER,US,110350085,2,B25J-0005/005,GRAY,,False,True,False,False,False,False,False,
15/704379,10471589,2017-09-14,Remotely controlled packable robot,"Foster-Miller, Inc.",FOSTER-MILLER,FOSTER-MILLER,US,110350088,1,B25J-0009/102,GRAY,,False,True,False,False,False,False,False,
16/341821,11571806,2017-09-11,"Three-rotational-degree-of-freedom connection mechanism, robot, robot arm, and robot hand",MITSUBISHI ELECTRIC CORPORATION,MITSUBISHI ELECTRIC,MITSUBISHI ELECTRIC,JP,110352403,3,B25J-0009/106,T1_auto,휴머노이드명시/전건T1_OEM,True,True,False,False,False,False,False,
15/342500,10265850,2016-11-03,Robotic sensing apparatus and methods of sensor planning,General Electric Company,GENERAL ELECTRIC,GENERAL ELECTRIC,US,110353696,1,B25J-0009/163,GRAY,,False,False,False,False,False,False,False,
15/620300,10005180,2017-06-12,Robotic servicing multifunctional tool,"MACDONALD, DETTWILER AND ASSOCIATES INC.",MACDONALD DETTWILER AND ASSOCIATES,MACDONALD DETTWILER AND ASSOCIATES,CA,110357593,2,B25J-0009/16,GRAY,,False,True,False,False,False,False,False,
15/197705,9782902,2016-06-29,Gripper for robot hand capabel of adaptive grasp,"ROBOTIS CO., LTD.",ROBOTIS,ROBOTIS,KR,110357766,1,B25J-0015/022,GRAY,,False,True,False,False,False,False,False,
15/254592,10647002,2016-09-01,Systems and methods for providing dynamic robotic control systems,BERKSHIRE GREY INC.,BERKSHIRE GREY,BERKSHIRE GREY,US,110365082,3,B25J-0009/1694,GRAY,,False,True,False,False,False,False,False,
15/266594,10086519,2016-09-15,Everting end effector for use with an articulated arm in a robotic system,"BERKSHIRE GREY, INC.",BERKSHIRE GREY,BERKSHIRE GREY,US,110365086,1,B25J-0015/0616,GRAY,,False,True,False,False,False,False,False,
15/789032,10766140,2017-10-20,Teach mode collision avoidance system and method for industrial robotic manipulators,BATTELLE MEMORIAL INSTITUTE,BATTELLE MEMORIAL INSTITUTE,BATTELLE MEMORIAL INSTITUTE,US,110366811,1,B25J-0009/1676,GRAY,,False,True,False,False,False,False,False,
17/051422,11660762,2019-04-18,Waste sorting robot,MP ZENROBOTICS OY,MP ZENROBOTICS,MP ZENROBOTICS,FI,110405633,1,B25J-0015/0616,GRAY,,False,True,False,False,False,True,False,
17/049922,12151371,2019-04-18,Waste sorting gantry robot,MP ZENROBOTICS OY,MP ZENROBOTICS,MP ZENROBOTICS,FI,110408121,1,B25J-0009/026,GRAY,,False,True,False,False,False,True,False,
16/453197,11511415,2019-06-26,System and method for robotic bin picking,"TERADYNE, INC.",TERADYNE,TERADYNE,US,110412602,1,B25J-0009/1612,GRAY,,False,True,False,False,False,False,False,
17/297370,11911913,2019-11-21,Method for transferring a pourable medium,BAYER AKTIENGESELLSCHAFT,BAYER,BAYER,DE,110420776,1,B25J-0009/1679,GRAY,,False,True,False,False,False,False,False,
16/855015,11691279,2020-04-22,Systems and methods for maintaining vacuum hose life in hose routing systems in programmable motion systems,"BERKSHIRE GREY OPERATING COMPANY, INC.",BERKSHIRE GREY OPERATING,BERKSHIRE GREY OPERATING,US,110427939,1,B25J-0009/1633,GRAY,,False,True,False,False,False,False,False,
17/061527,11187252,2020-10-01,Mechanically programmable closed fluid actuation system,UNIVERSAL CITY STUDIOS LLC,UNIVERSAL CITY STUDIOS,UNIVERSAL CITY STUDIOS,US,110436331,1,B25J-0009/142,GRAY,,False,True,False,False,False,False,False,
17/774913,12103175,2020-09-08,Robotic apparatus,PROCESS VISION LTD.,PROCESS VISION,PROCESS VISION,GB,110438913,1,B25J-0009/065,GRAY,,False,True,False,False,False,False,False,
18/033347,12065317,2021-10-07,"Pallet transfer device for robot palletizing, a system for robot palletizing including the pallet transfer device and a method for robot palletizing",ROBOTAUTOMATION SVENSKA AB,ROBOTAUTOMATION SVENSKA,ROBOTAUTOMATION SVENSKA,SE,110455672,1,B25J-0009/0009,E_auto,제외전용신호+Tier신호없음,False,False,False,False,False,True,False,
17/587946,12076857,2022-01-28,"Method for precise, intuitive positioning of robotic welding machine","ROBOTIC TECHNOLOGIES OF TENNESSEE, LLC",ROBOTIC TECHNOLOGIES OF TENNESSEE,ROBOTIC TECHNOLOGIES OF TENNESSEE,US,110473671,1,B25J-0009/0081,GRAY,,False,True,False,False,False,False,False,
18/097092,12233559,2023-01-13,Systems and methods for automated framing construction,"BOTBUILT, INC.",BOTBUILT,BOTBUILT,US,110495346,1,B25J-0009/1679,GRAY,,False,False,False,False,False,False,False,
17/492041,12528206,2021-10-01,"Tool stocker, interchangeable tool, robot apparatus, robot system, control method of robot system, and storage medium",Canon Kabushiki Kaisha,CANON,CANON,JP,111886361,1,B25J-0015/0491,GRAY,,False,True,False,False,False,False,False,
18/369225,12528183,2023-09-18,Arm angle interval solving method and robotic arm using the same,UBTECH ROBOTICS CORP LTD,UBTECH ROBOTICS,UBTECH,CN,111888504,1,B25J-0009/1607,GRAY,,False,True,False,False,False,False,False,
18/167584,12528190,2023-02-10,Systems and methods for deformable object manipulation using air,"COLUMBIA UNIVERSITY | TOYOTA RESEARCH INSTITUTE, INC. | TOYOTA JIDOSHA KABUSHIKI KAISHA",COLUMBIA UNIVERSITY,COLUMBIA UNIVERSITY,US,111888505,1,B25J-0009/1682,GRAY,,False,True,False,False,False,False,False,
18/369858,12528193,2023-09-19,"Robot calibration method, robot and computer-readable storage medium",UBTECH ROBOTICS CORP LTD,UBTECH ROBOTICS,UBTECH,CN,111888507,1,B25J-0009/1692,GRAY,,False,False,False,False,False,False,False,
17/795458,12109699,2021-01-13,"Method for controlling at least one servomotor, associated control device, robot and computer program product",KUKA DEUTSCHLAND GMBH,KUKA DEUTSCHLAND,KUKA,DE,111896084,1,B25J-0009/126,GRAY,,False,True,False,False,False,False,False,
18/248067,12539597,2021-10-05,"Robot system, and control method for same",KAWASAKI JUKOGYO KABUSHIKI KAISHA,KAWASAKI JUKOGYO,KAWASAKI HEAVY INDUSTRIES,JP,111898740,1,B25J-0003/00,GRAY,,False,True,False,False,False,False,False,
18/063206,12539600,2022-12-08,"Robot system, method of controlling the robot system, recording medium, method of teaching the robot system, and method of manufacturing products",CANON KABUSHIKI KAISHA,CANON,CANON,JP,111898743,1,B25J-0009/0081,GRAY,,False,True,False,False,False,False,False,
18/178566,12539608,2023-03-06,Systems and methods for motion control of robots,KEYWESTTECH LLC.,KEYWESTTECH,KEYWESTTECH,US,111898751,1,B25J-0009/1664,GRAY,,False,False,False,False,False,False,False,
18/723679,12539620,2022-12-19,"Robot control device, robot system, and robot control program",KAWASAKI JUKOGYO KABUSHIKI KAISHA,KAWASAKI JUKOGYO,KAWASAKI HEAVY INDUSTRIES,JP,111898763,1,B25J-0013/08,GRAY,,False,True,False,False,False,False,False,
17/698261,12539622,2022-03-18,Robot hand module,HYUNDAI MOTOR COMPANY | KIA CORPORATION,HYUNDAI MOTOR,HYUNDAI MOTOR GROUP,KR,111898765,1,B25J-0015/0009,T1_auto,휴머노이드명시/전건T1_OEM,True,True,False,False,False,False,False,
18/083687,12377539,2022-12-19,Collaborative robot,ABB SCHWEIZ AG,ABB SCHWEIZ,ABB,CH,111910898,1,B25J-0009/1638,GRAY,,False,True,False,False,False,False,False,
17/656113,12290928,2022-03-23,Systems and methods for flexible robotic manipulation by fast online load estimation,"Mitsubishi Electric Research Laboratories, Inc.",MITSUBISHI ELECTRIC RESEARCH LABORATORIES,MITSUBISHI ELECTRIC,US,111969864,1,B25J-0009/1633,GRAY,,False,True,False,False,False,False,False,
17/952549,12427673,2022-09-26,Apparatus and method for controlling rail boarding for autonomous driving of a mobile robot,ELECTRONICS AND TELECOMMUNICATIONS RESEARCH INSTITUTE,ELECTRONICS AND TELECOMMUNICATIONS RESEARCH INSTITUTE,ELECTRONICS AND TELECOMMUNICATIONS RESEARCH INSTITUTE,KR,111979665,1,B25J-0009/1697,GRAY,,False,False,False,False,False,False,False,
18/257806,12533812,2021-12-17,Co-handling robot having a mixed-force control law providing high effector sensitivity and enabling interaction with the body of the robot,COMMISSARIAT A L'ENERGIE ATOMIQUE ET AUX ENERGIES ALTERNATIVES,COMMISSARIAT A L'ENERGIE ATOMIQUE ET AUX ENERGIES ALTERNATIVES,COMMISSARIAT A L'ENERGIE ATOMIQUE ET AUX ENERGIES ALTERNATIVES,FR,111980378,1,B25J-0009/1689,GRAY,,False,True,False,False,False,False,False,
18/012716,12427655,2021-06-23,Robot controller and robot system,KAWASAKI JUKOGYO KABUSHIKI KAISHA,KAWASAKI JUKOGYO,KAWASAKI HEAVY INDUSTRIES,JP,111993802,1,B25J-0009/161,GRAY,,False,True,False,False,False,False,False,
18/008301,12263601,2021-06-04,Angle calibration method,KAWASAKI JUKOGYO KABUSHIKI KAISHA,KAWASAKI JUKOGYO,KAWASAKI HEAVY INDUSTRIES,JP,111994246,1,B25J-0009/1692,GRAY,,False,True,False,False,False,False,False,
15/510362,10487879,2015-09-11,"Ball bearing assembly method and assembly device, and ball bearing produced using said assembly method",NSK LTD.,NSK,NSK,JP,112069077,1,B25J-0015/06,GRAY,,False,True,False,False,False,False,False,
18/309263,12533811,2023-04-28,"Method and apparatus for control robot to perform somersault motion, and robot",Tencent Technology (Shenzhen) Company Limited,TENCENT TECHNOLOGY (SHENZHEN),TENCENT TECHNOLOGY (SHENZHEN),CN,112072502,1,B25J-0009/1679,GRAY,,False,True,False,False,False,False,False,
17/990292,12036670,2022-11-18,Systems and methods for actuation of a robotic manipulator,"Boston Dynamics, Inc.",BOSTON DYNAMICS,HYUNDAI MOTOR GROUP(2021~)/구글·소프트뱅크(이전),US,112073044,2,B25J-0009/106,GRAY,,False,True,False,False,False,True,False,
17/856851,12447606,2022-07-01,Safety system for hand-guiding a robot,"Mantis Robotics, Inc.",MANTIS ROBOTICS,MANTIS ROBOTICS,US,112084917,1,B25J-0009/0081,GRAY,,False,True,False,False,False,False,False,
17/749469,12454057,2022-05-20,System for component fastening system using cooperative robot and fastening method thereof,"Hyundai Mobis Co., Ltd.",HYUNDAI MOBIS,HYUNDAI MOTOR GROUP,KR,112100609,1,B25J-0009/1682,GRAY,,False,True,False,False,False,False,False,
18/553943,12544907,2022-04-13,Robotic cells,BAE SYSTEMS PLC,BAE SYSTEMS,BAE SYSTEMS,GB,112105413,1,B25J-0009/0084,GRAY,,False,False,False,False,False,False,False,
18/357709,12544909,2023-07-24,Methods and apparatus for controlled material application,The Boeing Company,THE BOEING,THE BOEING,US,112105415,1,B25J-0009/042,GRAY,,False,True,False,False,False,False,False,
18/540757,12544912,2023-12-14,Snap-through joint module and soft robot including same,Seoul National Unviversity R&DB Foundation | Seoul National University R&DB Foundation,SEOUL NATIONAL UNVIVERSITY R&DB FOUNDATION,SEOUL NATIONAL UNVIVERSITY R&DB FOUNDATION,KR,112105418,1,B25J-0009/142,GRAY,,False,True,False,False,False,False,False,
18/027748,12544917,2021-09-28,"Device for acquiring positional relationship between robot and working machine, control device, system, method, and computer program",FANUC CORPORATION,FANUC,FANUC,JP,112105423,1,B25J-0009/1628,GRAY,,False,True,False,False,False,False,False,
17/799984,12544923,2020-02-25,Generation of operation sequences indicating operations to be executed by a robot executing a task and peripheral equipment that delivers or receives an object relating to the task to or from the robot,NEC CORPORATION,NEC,NEC,JP,112105429,1,B25J-0009/1661,GRAY,,False,False,False,False,False,False,False,
18/375291,12544925,2023-09-29,"Robot control system, robot control method and program","HITACHI, LTD.",HITACHI,HITACHI,JP,112105431,1,B25J-0009/1661,GRAY,,False,False,False,False,False,False,False,
18/343748,12544927,2023-06-29,"Method and control unit for controlling motion of an object towards a target pose, and robot","HONDA MOTOR CO., LTD.",HONDA MOTOR,HONDA,JP,112105433,1,B25J-0009/1666,GRAY,,False,True,False,False,False,False,False,
17/622160,12544937,2021-11-26,Robotic hand system and method for controlling robotic hand,KOREA ADVANCED INSTITUTE OF SCIENCE AND TECHNOLOGY,KOREA ADVANCED INSTITUTE OF SCIENCE AND TECHNOLOGY,KOREA ADVANCED INSTITUTE OF SCIENCE AND TECHNOLOGY,KR,112105443,1,B25J-0009/1612,GRAY,,False,True,False,False,False,False,False,
18/299933,12544939,2023-04-13,"Tool coupling device, tool coupling device set, robot and manufacturing or handling system",IPR—Intelligente Peripherien für Roboter Gmb | IPR—Intelligente Peripherien für Roboter GmbH,IPR—INTELLIGENTE PERIPHERIEN FÜR ROBOTER GMB,IPR—INTELLIGENTE PERIPHERIEN FÜR ROBOTER GMB,DE,112105445,1,B25J-0015/0416,GRAY,,False,True,False,False,False,False,False,
17/982689,12285869,2022-11-08,"Robot control system, robot control method, and program",TOYOTA JIDOSHA KABUSHIKI KAISHA,TOYOTA JIDOSHA,TOYOTA,JP,112119435,1,B25J-0009/1664,GRAY,,False,True,False,False,False,False,False,
17/880802,12172318,2022-08-04,Robot with smart trajectory recording,"LINCOLN GLOBAL, INC.",LINCOLN GLOBAL,LINCOLN GLOBAL,US,112175374,1,B25J-0009/1664,GRAY,,False,True,False,False,False,False,False,
17/059099,11919164,2019-05-24,Robot system and robot control method,KAWASAKI JUKOGYO KABUSHIKI KAISHA,KAWASAKI JUKOGYO,KAWASAKI HEAVY INDUSTRIES,JP,112180003,1,B25J-0009/163,GRAY,,False,True,False,False,False,False,False,
17/852932,12263576,2022-06-29,Robot system for automated assembly of modular component,"HYUNDAI MOBIS CO., LTD.",HYUNDAI MOBIS,HYUNDAI MOTOR GROUP,KR,112188338,1,B25J-0015/04,GRAY,,False,True,False,False,False,False,False,
18/035555,12508711,2021-11-05,Robot system and a method for monitoring a robot system,UNIVERSAL ROBOTS A/S,UNIVERSAL ROBOTS A/S,UNIVERSAL ROBOTS A/S,DK,112265352,1,B25J-0009/1674,GRAY,,False,True,False,False,False,False,False,
16/880869,11820014,2020-05-21,Simulated local demonstration data for robotic demonstration learning,INTRINSIC INNOVATION LLC,INTRINSIC INNOVATION,ALPHABET,US,112267486,2,B25J-0009/163,GRAY,,False,True,False,False,False,False,False,
18/099066,12539607,2023-01-19,Robot programming,GOOGLE LLC | INTRINSIC INNOVATION LLC,GOOGLE,ALPHABET,미상,112267867,1,B25J-0009/1661,GRAY,,False,True,False,False,False,False,False,
17/920307,12552023,2021-04-16,"Method for controlling a robot, and system",DEUTSCHES ZENTRUM FÜR LUFT- UND RAUMFAHRT E.V.,DEUTSCHES ZENTRUM FÜR LUFT- UND RAUMFAHRT EV,DEUTSCHES ZENTRUM FÜR LUFT- UND RAUMFAHRT EV,DE,112288769,1,B25J-0009/1633,GRAY,,False,False,False,False,False,False,False,
18/373242,12552024,2023-09-26,"Method and apparatus for controlling robot motion, device and storage medium","BEIJING XIAOMI ROBOT TECHNOLOGY CO., LTD.",BEIJING XIAOMI ROBOT TECHNOLOGY,BEIJING XIAOMI ROBOT TECHNOLOGY,CN,112288770,1,B25J-0009/1651,GRAY,,False,True,False,False,False,False,False,
17/806417,12552025,2022-06-10,Remote development of embedded systems,"Amazon Technologies, Inc.",AMAZON TECHNOLOGIES,AMAZON,US,112288771,1,B25J-0009/1656,GRAY,,False,False,False,False,False,False,False,
17/992742,12552026,2022-11-22,Automatic quality assessment of tasks,ZEBRA TECHNOLOGIES CORPORATION,ZEBRA TECHNOLOGIES,ZEBRA TECHNOLOGIES,US,112288772,1,B25J-0009/1661,GRAY,,False,True,False,False,False,False,False,
17/494027,12552046,2021-10-05,Robotic tool control with compliant force/geometry sensor,"Toyota Research Institute, Inc.",TOYOTA RESEARCH INSTITUTE,TOYOTA,US,112288791,1,B25J-0013/084,GRAY,,False,True,False,False,False,False,False,
17/695583,12552050,2022-03-15,Unidirectional valve for suction-based end effector of robotic arm,"Amazon Technologies, Inc.",AMAZON TECHNOLOGIES,AMAZON,US,112288795,1,B25J-0015/0625,GRAY,,False,True,False,False,False,False,False,
17/996749,12447615,2021-04-23,"Robot system, robot control device, control method, and computer program",FANUC CORPORATION,FANUC,FANUC,JP,112300892,1,B25J-0009/1664,GRAY,,False,True,False,False,False,False,False,
18/003155,12350825,2021-07-26,"Teaching device, teaching system, and teaching program",FANUC CORPORATION,FANUC,FANUC,JP,112300897,1,B25J-0009/0081,GRAY,,False,False,False,False,False,False,False,
18/007345,12502775,2021-09-06,Robot system and robot operation method,FANUC CORPORATION,FANUC,FANUC,JP,112300899,1,B25J-0009/1664,GRAY,,False,True,False,False,False,False,False,
18/266440,12325123,2021-12-08,Impact-protection safety device for a robot,SCHAEFFLER TECHNOLOGIES AG & CO. KG,SCHAEFFLER TECHNOLOGIES & CO KG,SCHAEFFLER TECHNOLOGIES & CO KG,DE,112370543,1,B25J-0019/0091,GRAY,,False,True,False,False,False,False,False,
18/272306,12485549,2022-01-06,Robot system and robot control method,KAWASAKI JUKOGYO KABUSHIKI KAISHA,KAWASAKI JUKOGYO,KAWASAKI HEAVY INDUSTRIES,JP,112438999,1,B25J-0009/1682,GRAY,,False,False,False,False,False,False,False,
18/228937,12544916,2023-08-01,Apparatus for automatically replacing printing sleeves,UTECO CONVERTING S.P.A.,UTECO CONVERTING,UTECO CONVERTING,IT,112456709,1,B25J-0009/1612,GRAY,,False,False,False,False,False,False,False,
18/506672,12544931,2023-11-10,Apparatus and method for controlling robotic manipulators,"SAMSUNG ELECTRONICS CO., LTD.",SAMSUNG ELECTRONICS,SAMSUNG,KR,112460000,1,B25J-0009/1697,GRAY,,False,True,False,False,False,False,False,
18/239621,12539598,2023-08-29,Multi-function modular reconfigurable modular robotic vehicle,Kun Cheng | Wenyan Wu,KUN CHENG,KUN CHENG,US,112463435,1,B25J-0005/007,GRAY,,False,False,False,False,False,False,False,
18/383950,12544921,2023-10-26,"Robotic arm control method, robotic arm and computer-readable storage medium",UBTECH ROBOTICS CORP LTD,UBTECH ROBOTICS,UBTECH,CN,112464109,1,B25J-0009/1656,GRAY,,False,True,False,False,False,False,False,
17/875743,11717969,2022-07-28,Cooperative high-capacity and high-dexterity manipulators,"Altec Industries, Inc.",ALTEC INDUSTRIES,ALTEC INDUSTRIES,US,112465409,2,B25J-0009/1682,GRAY,,False,True,False,False,False,False,False,
18/357625,12466068,2023-07-24,Filtering object detection based on agreement with environment and related technology,"AGILITY ROBOTICS, INC.",AGILITY ROBOTICS,AGILITY ROBOTICS,US,112468201,1,B25J-0009/1679,T1_auto,휴머노이드명시/전건T1_OEM,False,False,False,False,False,False,False,
17/343606,12472631,2021-06-09,Multi-pallet mixed-case robotic palletizer,"DEXTERITY, INC.",DEXTERITY,DEXTERITY,US,112468202,1,B25J-0009/1687,GRAY,,False,True,False,False,False,True,False,
15/258957,12558778,2016-09-07,Configuring a robotic camera to mimic cinematographic styles,"AUTODESK, INC.",AUTODESK,AUTODESK,US,112490140,1,B25J-0009/163,GRAY,,False,True,False,False,False,False,False,
18/193797,12558779,2023-03-31,Self-reconfigurable robot controller,INTEL CORPORATION,INTEL,INTEL,US,112490141,1,B25J-0009/163,GRAY,,False,False,False,False,False,False,False,
17/853982,12558782,2022-06-30,Force control parameter setup support method and force control parameter setup support system,SEIKO EPSON CORPORATION,SEIKO EPSON,SEIKO EPSON,JP,112490144,1,B25J-0009/1633,GRAY,,False,True,False,False,False,False,False,
18/318051,12558784,2023-05-16,"Motion trajectory generation method for robot, motion trajectory generation apparatus for robot, robot system, and program","Kobe Steel, Ltd.",KOBE STEEL,KOBE STEEL,JP,112490146,1,B25J-0009/1664,GRAY,,False,False,False,False,False,False,False,
18/384377,12558785,2023-10-26,Robot and method for autonomously moving and grasping objects,National Yang Ming Chiao Tung University,NATIONAL YANG MING CHIAO TUNG UNIVERSITY,NATIONAL YANG MING CHIAO TUNG UNIVERSITY,TW,112490147,1,B25J-0009/1664,GRAY,,False,True,False,False,False,False,False,
18/227400,12558792,2023-07-28,"Robot, robot control method and recording medium","CASIO COMPUTER CO., LTD.",CASIO COMPUTER,CASIO COMPUTER,JP,112490154,1,B25J-0011/001,GRAY,,False,False,False,False,False,False,False,
18/007406,12558793,2021-08-05,Numerical control system and robot control method,FANUC CORPORATION,FANUC,FANUC,JP,112490155,1,B25J-0013/06,GRAY,,False,False,False,False,False,False,False,
18/332193,12558796,2023-06-09,"Force measurement film, motion robot having force measurement film and method for controlling the motion robot using the force measurement film",SIEMENS HEALTHINEERS AG,SIEMENS HEALTHINEERS,SIEMENS HEALTHINEERS,DE,112490158,1,B25J-0013/084,GRAY,,False,False,False,False,False,False,False,
16/740251,10953544,2020-01-10,Robotic system with coordination mechanism and methods of operating the same,"MUJIN, INC.",MUJIN,MUJIN,JP,112512685,1,B25J-0009/1664,GRAY,,False,True,False,False,False,False,False,
17/069684,11813748,2020-10-13,Simulating multiple robots in virtual environments,GOOGLE LLC,GOOGLE,ALPHABET,US,112513104,2,B25J-0009/1605,GRAY,,False,True,False,False,False,False,False,
17/942373,12257705,2022-09-12,"Robot, robot control method, and non-transitory computer-readable recording medium","CASIO COMPUTER CO., LTD.",CASIO COMPUTER,CASIO COMPUTER,JP,112513654,1,B25J-0009/0003,GRAY,,False,False,False,False,False,False,False,
17/702822,12172312,2022-03-24,"Method of generating control program for robot, storage medium, and teaching apparatus",SEIKO EPSON CORPORATION,SEIKO EPSON,SEIKO EPSON,JP,112535128,1,B25J-0009/163,GRAY,,False,True,False,False,False,False,False,
15/918577,10792818,2018-03-12,Automated pizza assembly system,"Little Caesar Enterprises, Inc.",LITTLE CAESAR ENTERPRISES,LITTLE CAESAR ENTERPRISES,US,112598319,2,B25J-0011/0045,GRAY,,False,True,False,False,False,True,False,
14/695409,9796090,2015-04-24,System architecture for control systems via knowledge layout search,ACCENTURE GLOBAL SERVICES LIMITED,ACCENTURE GLOBAL SERVICES,ACCENTURE GLOBAL SERVICES,IE,112604325,1,B25J-0009/1674,GRAY,,False,True,False,False,False,False,False,
15/120305,10399232,2015-02-26,Safety system for industrial robot,UNIVERSAL ROBOTS A/S,UNIVERSAL ROBOTS A/S,UNIVERSAL ROBOTS A/S,DK,112646907,1,B25J-0013/088,GRAY,,False,True,False,False,False,False,False,
16/390634,10850402,2019-04-22,Systems and methods for acquiring and moving objects,"Berkshire Grey, Inc.",BERKSHIRE GREY,BERKSHIRE GREY,US,112657563,1,B25J-0015/0033,GRAY,,False,True,False,False,False,False,False,
14/937168,10414051,2015-11-10,File translator system,"GED INTEGRATED SOLUTIONS, INC.",GED INTEGRATED SOLUTIONS,GED INTEGRATED SOLUTIONS,US,112661842,1,B25J-0011/0065,GRAY,,False,True,False,False,False,False,False,
17/782317,12220808,2020-12-04,Method and setup for fenceless robotics,MAGNA POWERTRAIN GMBH & CO KG,MAGNA POWERTRAIN & CO KG,MAGNA POWERTRAIN & CO KG,AT,112674789,1,B25J-0013/084,GRAY,,False,True,False,False,False,False,False,
17/134619,11685054,2020-12-28,Autonomous path planning and path execution for decontamination of nuclear power plant objects,"CAPSEN ROBOTICS, INC. | WESTINGHOUSE ELECTRIC COMPANY LLC",CAPSEN ROBOTICS,CAPSEN ROBOTICS,US,112681996,1,B25J-0011/0085,GRAY,,False,True,False,False,False,False,False,
18/092157,11717974,2022-12-30,Haptic photogrammetry in robots and methods for operating the same,SANCTUARY COGNITIVE SYSTEMS CORPORATION,SANCTUARY COGNITIVE SYSTEMS,SANCTUARY COGNITIVE SYSTEMS,CA,112684256,2,B25J-0009/1694,T1_auto,휴머노이드명시/전건T1_OEM,False,True,False,False,False,False,False,
17/743296,12552028,2022-05-12,"Barycenter position determining method and apparatus, legged robot, and storage medium",TENCENT TECHNOLOGY (SHENZHEN) COMPANY LIMITED,TENCENT TECHNOLOGY (SHENZHEN),TENCENT TECHNOLOGY (SHENZHEN),CN,112691201,1,B25J-0009/1664,GRAY,,False,True,False,False,False,False,False,
18/545239,12552030,2023-12-19,Systems and methods for grasping and placing multiple objects with a robotic gripper,"Boston Dynamics, Inc.",BOSTON DYNAMICS,HYUNDAI MOTOR GROUP(2021~)/구글·소프트뱅크(이전),US,112692495,1,B25J-0009/1612,GRAY,,False,True,False,False,False,True,False,
18/086386,12552034,2022-12-21,Robot system,"Mantis Robotics, Inc.",MANTIS ROBOTICS,MANTIS ROBOTICS,US,112695228,1,B25J-0009/1676,GRAY,,False,True,False,False,False,False,False,
18/428219,12552038,2024-01-31,Passivity framework for improving stability in robot-human interactions,"Honda Motor Co., Ltd.",HONDA MOTOR,HONDA,JP,112695230,1,B25J-0009/1689,GRAY,,False,True,False,False,False,False,False,
17/942213,12552045,2022-09-12,Collaborative robot cutting system and method,"VECTIS AUTOMATION, LLC",VECTIS AUTOMATION,VECTIS AUTOMATION,US,112695231,1,B25J-0011/0055,GRAY,,False,True,False,False,False,False,False,
18/187976,12440980,2023-03-22,Robotic manipulation with bimanual and nonprehensile aspects and related technology,"AGILITY ROBOTICS, INC.",AGILITY ROBOTICS,AGILITY ROBOTICS,US,112695279,2,B25J-0009/1664,T1_auto,휴머노이드명시/전건T1_OEM,False,True,False,False,False,False,False,
17/889575,12515358,2022-08-17,Cable management systems and methods for a wearable mobile robot,ROAM ROBOTICS INC.,ROAM ROBOTICS,ROAM ROBOTICS,US,112696314,2,B25J-0019/0025,GRAY,,False,True,False,True,False,False,False,
16/953685,11364639,2020-11-20,Construction robot for ceiling,"DAEMYOUNGGEC CO., LTD. | SAMSUNG C&T CORPORATION",DAEMYOUNGGEC,DAEMYOUNGGEC,KR,112700929,1,B25J-0011/00,GRAY,,False,True,False,False,False,False,False,
18/351685,12564939,2023-07-13,Swarm snake robots' collaboration for controlling ropes,International Business Machines Corporation,INTERNATIONAL BUSINESS MACHINES,INTERNATIONAL BUSINESS MACHINES,US,112709813,1,B25J-0009/065,GRAY,,False,False,False,False,False,False,False,
17/922144,12564942,2021-05-10,"Control device, robot system, and robot control method",OMRON CORPORATION,OMRON,OMRON,JP,112709816,1,B25J-0009/1612,GRAY,,False,False,False,False,False,False,False,
17/758962,12564945,2020-01-22,"System and method for controlling the robot, electronic device and computer readable medium",ABB SCHWEIZ AG,ABB SCHWEIZ,ABB,CH,112709819,1,B25J-0009/163,GRAY,,False,True,False,False,False,False,False,
18/047358,12564946,2022-10-18,Device and method for controlling a robot device,ROBERT BOSCH GMBH,ROBERT BOSCH,ROBERT BOSCH,DE,112709820,1,B25J-0009/163,GRAY,,False,True,False,False,False,False,False,
18/579473,12564947,2021-07-15,Teaching a robot system using hand gesture control and visual-inertial-odometry,SCHAEFFLER TECHNOLOGIES AG & CO. KG,SCHAEFFLER TECHNOLOGIES & CO KG,SCHAEFFLER TECHNOLOGIES & CO KG,DE,112709821,1,B25J-0009/163,GRAY,,False,True,False,False,False,False,False,
18/576557,12564949,2023-06-08,"Method, robot and storage medium for aligning robot end with target object","SHANGHAI FLEXIV ROBOTICS TECHNOLOGY CO., LTD. | FLEXIV LTD.",SHANGHAI FLEXIV ROBOTICS TECHNOLOGY,SHANGHAI FLEXIV ROBOTICS TECHNOLOGY,CN,112709823,1,B25J-0009/1633,GRAY,,False,False,False,False,False,False,False,
17/969718,12564950,2022-10-20,"Robot control method, robot control system, and robot control program",SEIKO EPSON CORPORATION,SEIKO EPSON,SEIKO EPSON,JP,112709824,1,B25J-0009/1661,GRAY,,False,False,False,False,False,False,False,
18/123587,12564959,2023-03-20,Controlling robotic devices based on proximity detection,"Amazon Technologies, Inc.",AMAZON TECHNOLOGIES,AMAZON,US,112709833,1,B25J-0009/1666,GRAY,,False,True,False,False,False,False,False,
18/547456,12564961,2021-12-20,"Information processing device, information processing method, and program",OMRON CORPORATION,OMRON,OMRON,JP,112709835,1,B25J-0009/1676,GRAY,,False,False,False,False,False,False,False,
17/707930,12564962,2022-03-29,"Robot remote operation control device, robot remote operation control system, robot remote operation control method, and non-transitory computer readable medium","Honda Motor Co., Ltd.",HONDA MOTOR,HONDA,JP,112709836,1,B25J-0009/1689,GRAY,,False,True,False,False,False,False,False,
18/041390,12564963,2020-09-18,Method and apparatus for tuning robot system,ABB SCHWEIZ AG,ABB SCHWEIZ,ABB,CH,112709837,1,B25J-0009/1692,GRAY,,False,False,False,False,False,False,False,
17/451169,12564964,2021-10-18,Adaptive navigation using artificial intelligence for enhancing task performance in autonomous roaming robotic devices,International Business Machines Corporation,INTERNATIONAL BUSINESS MACHINES,INTERNATIONAL BUSINESS MACHINES,US,112709838,1,B25J-0009/1697,GRAY,,False,False,False,False,False,False,False,
18/428152,12564967,2024-01-31,"Position inspection system, component assembly system, and position inspection device",TOYOTA JIDOSHA KABUSHIKI KAISHA,TOYOTA JIDOSHA,TOYOTA,JP,112709841,1,B25J-0009/1697,GRAY,,False,False,False,False,False,False,False,
17/994718,12564969,2022-11-28,Event-driven self-programmable robots in smart homes and smart communities,"AT&T Intellectual Property I, L.P.",AT&T INTELLECTUAL PROPERTY I LP,AT&T INTELLECTUAL PROPERTY I LP,US,112709843,1,B25J-0011/0005,GRAY,,False,False,False,False,False,False,False,
17/983553,12330309,2022-11-09,Robot motion control method and apparatus,Tencent Technology (Shenzhen) Company Limited,TENCENT TECHNOLOGY (SHENZHEN),TENCENT TECHNOLOGY (SHENZHEN),CN,112773331,1,B25J-0009/1664,GRAY,,False,True,False,False,False,False,False,
18/153351,12552037,2023-01-12,Remote control system,"Honda Motor Co., Ltd.",HONDA MOTOR,HONDA,JP,112780996,1,B25J-0009/1689,GRAY,,False,True,False,False,False,False,False,
17/674902,12280504,2022-02-18,Robot control method,"PANASONIC INTELLECTUAL PROPERTY MANAGEMENT CO., LTD.",PANASONIC INTELLECTUAL PROPERTY MANAGEMENT,PANASONIC,JP,112802733,1,B25J-0009/1638,GRAY,,False,True,False,False,False,False,False,
18/899084,12459112,2024-09-27,Rigid-flexible coupled continuum robot unit and continuum robot,XI'AN JIAOTONG UNIVERSITY,XI'AN JIAOTONG UNIVERSITY,XI'AN JIAOTONG UNIVERSITY,CN,112807401,1,B25J-0009/065,GRAY,,False,True,False,False,False,False,False,
14/625646,9902069,2015-02-19,Mobile robot system,iRobot Corporation,IROBOT,IROBOT,US,112861002,1,B25J-0009/1697,GRAY,,False,False,False,False,False,False,False,
14/682658,9868211,2015-04-09,Restricting movement of a mobile robot,IROBOT CORPORATION,IROBOT,IROBOT,US,112867081,4,B25J-0009/1666,E_auto,제외전용신호+Tier신호없음,False,False,False,False,True,False,False,
15/546820,10751872,2016-01-13,Underwater manipulator arm robot,EELUME AS,EELUME AS,EELUME AS,NO,112867316,1,B25J-0009/065,GRAY,,False,True,False,False,False,False,False,
17/070748,11738461,2020-10-14,Systems and methods for industrial robotics,"Off-World, Inc.",OFF-WORLD,OFF-WORLD,US,112881892,2,B25J-0009/1682,GRAY,,False,True,False,False,False,False,False,
15/007166,9539725,2016-01-26,Visually controlled end effector,Milos Misha Subotincic,MILOS MISHA SUBOTINCIC,MILOS MISHA SUBOTINCIC,CA,112903951,1,B25J-0009/1612,GRAY,,False,False,False,False,False,False,False,
14/975544,10065308,2015-12-18,Systems and methods for chain joint cable routing,"VEOLIA NUCLEAR SOLUTIONS, INC.",VEOLIA NUCLEAR SOLUTIONS,VEOLIA NUCLEAR SOLUTIONS,US,112905501,2,B25J-0009/104,GRAY,,False,True,False,False,False,False,False,
15/551197,10525588,2016-02-25,Cable-driven system with magnetorheological fluid clutch apparatuses,SOCIETE DE COMMERCIALISATION DES PRODUITS DE LA RECHERCHE APPLIQUEE SOCPRA SCIENCES ET GENIE S.E.C.,SOCIETE DE COMMERCIALISATION DES PRODUITS DE LA RECHERCHE APPLIQUEE SOCPRA SCIENCES ET GENIE SEC,SOCIETE DE COMMERCIALISATION DES PRODUITS DE LA RECHERCHE APPLIQUEE SOCPRA SCIENCES ET GENIE SEC,CA,112905874,2,B25J-0009/104,GRAY,,False,True,False,False,False,False,False,
15/575605,10543604,2015-05-21,Failure diagnostic device and failure diagnostic method,"NISSAN MOTOR CO., LTD.",NISSAN MOTOR,NISSAN MOTOR,JP,112906960,1,B25J-0019/02,GRAY,,False,True,False,False,False,False,False,
16/304976,11780091,2017-06-08,Robot control system and robot control method,"MITSUBISHI HEAVY INDUSTRIES, LTD.",MITSUBISHI HEAVY INDUSTRIES,MITSUBISHI HEAVY INDUSTRIES,JP,112909046,1,B25J-0009/1687,GRAY,,False,True,False,False,False,False,False,
17/429053,12330319,2020-02-07,Robotic systems and methods for assembling furniture,MIRALIS INC.,MIRALIS,MIRALIS,CA,112917757,1,B25J-0009/1697,GRAY,,False,True,False,False,False,False,False,
17/455615,12280493,2021-11-18,End effector for robotic positioner,CTRL ROBOT INC.,CTRL ROBOT,CTRL ROBOT,CA,112920136,1,B25J-0015/0616,GRAY,,False,True,False,False,False,False,False,
18/714397,12472633,2021-11-30,Mechanical grapple for high-pressure processing containers and method for handling high-pressure processing containers using said mechanical grapple,DESARROLLO DE MÁQUINAS Y SOLUCIONES AUTOMÁTICAS S.L. (DESMASA),DESARROLLO DE MÁQUINAS Y SOLUCIONES AUTOMÁTICAS SL (DESMASA),DESARROLLO DE MÁQUINAS Y SOLUCIONES AUTOMÁTICAS SL (DESMASA),ES,112928133,1,B25J-0009/1694,GRAY,,False,True,False,False,False,False,False,
15/456113,10279470,2017-03-10,System and method for facilitating program sharing,"PLAY-I, INC.",PLAY-I,PLAY-I,US,112937795,2,B25J-0009/0081,E_auto,제외전용신호+Tier신호없음,False,False,False,False,False,False,True,
14/659012,9662792,2015-03-16,Natural pitch and roll,"BOSTON DYNAMICS, INC.",BOSTON DYNAMICS,HYUNDAI MOTOR GROUP(2021~)/구글·소프트뱅크(이전),US,112937856,5,B25J-0009/1694,T1_auto,휴머노이드명시/전건T1_OEM,True,True,False,False,False,False,False,
19/254134,12558787,2025-06-30,Robotic arm obstacle avoiding path planning method,GUANGDONG UNIVERSITY OF TECHNOLOGY,GUANGDONG UNIVERSITY OF TECHNOLOGY,GUANGDONG UNIVERSITY OF TECHNOLOGY,CN,112946442,1,B25J-0009/1666,GRAY,,False,True,False,False,False,False,False,
17/792904,12179366,2020-12-02,"Method for avoiding interference of welding equipment, and device for controlling welding equipment","HONDA MOTOR CO., LTD.",HONDA MOTOR,HONDA,JP,112948691,1,B25J-0009/1666,GRAY,,False,True,False,False,False,False,False,
17/926861,12304057,2021-06-23,Control system,FANUC CORPORATION,FANUC,FANUC,JP,112948875,1,B25J-0013/02,GRAY,,False,True,False,False,False,False,False,
15/426048,10414052,2017-02-06,Building-integrated mobile robot,COBALT ROBOTICS INC.,COBALT ROBOTICS,COBALT ROBOTICS,US,112950354,5,B25J-0013/006,GRAY,,False,False,False,False,False,False,False,
18/395746,12558801,2023-12-26,Robotic torso,Sanctuary Cognitive Systems Corporation,SANCTUARY COGNITIVE SYSTEMS,SANCTUARY COGNITIVE SYSTEMS,CA,112951425,1,B25J-0017/00,T1_auto,휴머노이드명시/전건T1_OEM,True,True,False,False,False,False,False,
18/597033,12485547,2024-03-06,Head mounted display for remote operation of machinery,"Altec Industries, Inc.",ALTEC INDUSTRIES,ALTEC INDUSTRIES,US,112952839,1,B25J-0009/1689,GRAY,,False,False,False,False,False,False,False,
18/612719,12569992,2024-03-21,Automatic determination of robot settling states,INTRINSIC INNOVATION LLC,INTRINSIC INNOVATION,ALPHABET,US,112974046,1,B25J-0009/1638,GRAY,,False,True,False,False,False,False,False,
18/178536,12569995,2023-03-06,Path generation for manual robot teaching,KABUSHIKI KAISHA YASKAWA DENKI,YASKAWA DENKI,YASKAWA,JP,112974049,1,B25J-0009/1664,GRAY,,False,False,False,False,False,False,False,
18/475526,12569996,2023-09-27,Method and apparatus for automatically generating drum play motion of robot,KOREA INSTITUTE OF SCIENCE AND TECHNOLOGY,KOREA INSTITUTE OF SCIENCE AND TECHNOLOGY,KOREA INSTITUTE OF SCIENCE AND TECHNOLOGY,KR,112974050,1,B25J-0009/1664,T1_auto,휴머노이드명시/전건T1_OEM,True,True,False,False,False,False,False,
18/271243,12569998,2021-01-12,"Path generation device, path generation method, and path generation program",KAWASAKI JUKOGYO KABUSHIKI KAISHA,KAWASAKI JUKOGYO,KAWASAKI HEAVY INDUSTRIES,JP,112974052,1,B25J-0009/1666,GRAY,,False,True,False,False,False,False,False,
18/540320,12570004,2023-12-14,System for companion robot with three-dimensional (3D) display and method thereof,SQ Technology (Shanghai) Corporation | Inventec Corporation,SQ TECHNOLOGY (SHANGHAI),SQ TECHNOLOGY (SHANGHAI),CN,112974058,1,B25J-0011/001,GRAY,,False,False,False,False,False,False,False,
17/698187,12570009,2022-03-18,Robot hand module,Hyundai Motor Company | Kia Corporation,HYUNDAI MOTOR,HYUNDAI MOTOR GROUP,KR,112974063,1,B25J-0015/0009,T1_auto,휴머노이드명시/전건T1_OEM,True,True,False,False,False,False,False,
14/675697,9623569,2015-03-31,Autonomous truck loader and unloader,"INTELLIGRATED HEADQUARTERS, LLC",INTELLIGRATED HEADQUARTERS,INTELLIGRATED HEADQUARTERS,US,112986584,3,B25J-0015/0014,GRAY,,False,True,False,False,False,True,False,
18/022688,12138789,2021-09-10,Joint mechanism and robot arm mechanism,FANUC CORPORATION,FANUC,FANUC,JP,112987903,1,B25J-0009/10,GRAY,,False,True,False,False,False,False,False,
16/542935,11117267,2019-08-16,Robotic apparatus for operating on fixed frames,GOOGLE LLC,GOOGLE,ALPHABET,US,112988879,2,B25J-0013/089,GRAY,,False,True,False,False,False,True,False,
18/128399, ,2023-03-30,METHOD AND APPARATUS FOR IMPROVED SAMPLING-BASED GRAPH GENERATION FOR ONLINE PATH PLANNING BY A ROBOT,OMRON CORPORATION,OMRON,OMRON,JP,113043749,1,B25J-0009/1666,GRAY,,False,False,False,False,False,False,False,등록번호누락
18/188217,12343875,2023-03-22,System and method for controlling an operation of a manipulation system,"Mitsubishi Electric Research Laboratories, Inc.",MITSUBISHI ELECTRIC RESEARCH LABORATORIES,MITSUBISHI ELECTRIC,US,113044324,1,B25J-0009/1664,GRAY,,False,True,False,False,False,False,False,
17/504445,12168300,2021-10-18,Nonlinear trajectory optimization for robotic devices,"BOSTON DYNAMICS, INC.",BOSTON DYNAMICS,HYUNDAI MOTOR GROUP(2021~)/구글·소프트뱅크(이전),US,113050925,1,B25J-0009/1666,E_auto,제외전용신호+Tier신호없음,False,False,False,False,False,True,False,
18/023258,12194622,2021-09-13,Balancer and robot system,FANUC CORPORATION,FANUC,FANUC,JP,113069504,1,B25J-0019/0016,GRAY,,False,True,False,False,False,False,False,
16/916601,10954081,2020-06-30,Coordinating multiple robots to meet workflow and avoid conflict,"DEXTERITY, INC.",DEXTERITY,DEXTERITY,US,113117103,1,B25J-0009/1697,GRAY,,False,True,False,False,False,True,False,
18/117205,12365090,2023-03-03,"Robots, teleoperation systems, and methods of operating the same",SANCTUARY COGNITIVE SYSTEMS CORPORATION,SANCTUARY COGNITIVE SYSTEMS,SANCTUARY COGNITIVE SYSTEMS,CA,113182276,1,B25J-0009/1689,T1_auto,T1후보-제외신호동반(검증필요),False,True,False,False,False,True,False,
18/528999,12318924,2023-12-05,Robotic arm and modularized segment,Haoxu Wang,HAOXU WANG,HAOXU WANG,CA,113184426,1,B25J-0009/0009,GRAY,,False,True,False,False,False,False,False,
15/006264,9630316,2016-01-26,Real-time determination of object metrics for trajectory planning,X DEVELOPMENT LLC,X DEVELOPMENT,ALPHABET,US,113192092,1,B25J-0009/1612,GRAY,,False,True,False,False,False,False,False,
15/901599,11103992,2018-02-21,Apparatus of continuum robot,CANON KABUSHIKI KAISHA,CANON,CANON,JP,113194993,2,B25J-0009/065,GRAY,,False,True,False,False,False,False,False,
17/463694,12269160,2021-09-01,Material-handling robot with magnetically guided end-effectors,PERSIMMON TECHNOLOGIES CORPORATION,PERSIMMON TECHNOLOGIES,PERSIMMON TECHNOLOGIES,US,113195865,1,B25J-0009/123,GRAY,,False,True,False,False,False,False,False,
18/025928,12564953,2021-10-22,Learning physical features from tactile robotic exploration,Massachusetts Institute of Technology,MASSACHUSETTS INSTITUTE OF TECHNOLOGY,MASSACHUSETTS INSTITUTE OF TECHNOLOGY,US,113196814,1,B25J-0009/1664,GRAY,,False,True,False,False,False,False,False,
18/240420,12564954,2023-08-31,Multi-axis robot with adjustable end of arm tool,"BACA SYSTEMS, LLC",BACA SYSTEMS,BACA SYSTEMS,US,113196815,1,B25J-0009/1664,GRAY,,False,True,False,False,False,False,False,
19/342661,12564968,2025-09-28,"Vision-based tracking control method for quadruped robot, and quadruped robot system",IXOVA INC,IXOVA,IXOVA,US,113196819,1,B25J-0009/1697,GRAY,,False,False,False,False,False,False,False,
17/494687,11969902,2021-10-05,Method for robotic devices to interact with each other,AI Incorporated,AI,AI,CA,113197932,2,B25J-0009/1682,GRAY,,False,True,False,False,True,False,False,
18/904470,12420427,2024-10-02,Robotic systems and methods for objectively evaluating coating compositions and applicators,SWIMC LLC,SWIMC,SWIMC,US,113197936,1,B25J-0011/0075,GRAY,,False,False,False,False,False,False,False,
18/639076,12558775,2024-04-18,Robot apparatus and robot system,"Samsung Electronics Co., Ltd.",SAMSUNG ELECTRONICS,SAMSUNG,미상,113205968,1,B25J-0009/0087,GRAY,,False,True,False,False,False,False,False,
18/643259,12466081,2024-04-23,Sealer work automation system using robot and its method,Hyundai Motor Company | Kia Corporation,HYUNDAI MOTOR,HYUNDAI MOTOR GROUP,KR,113207114,1,B25J-0011/0075,GRAY,,False,True,False,False,False,False,False,
17/938507,12186888,2022-10-06,Robot apparatus and controlling method thereof,"SAMSUNG ELECTRONICS CO., LTD.",SAMSUNG ELECTRONICS,SAMSUNG,KR,113218431,1,B25J-0011/008,GRAY,,False,False,False,False,False,False,False,
19/195645,12576508,2025-04-30,"Mobile robot, controller, and mobile robot control method",VisionNav Robotics USA Inc.,VISIONNAV ROBOTICS USA,VISIONNAV ROBOTICS USA,US,113221951,1,B25J-0005/007,GRAY,,False,True,False,False,False,False,False,
18/324554,12576510,2023-05-26,Robot control system,DENSO WAVE INCORPORATED,DENSO WAVE,DENSO,JP,113221953,1,B25J-0009/0081,GRAY,,False,False,False,False,False,False,False,
18/385478,12576514,2023-10-31,"Robot control method, robot, and control terminal","Shenzhen Pengxing Intelligent Research Co., Ltd.",SHENZHEN PENGXING INTELLIGENT RESEARCH,SHENZHEN PENGXING INTELLIGENT RESEARCH,CN,113221957,1,B25J-0009/1602,GRAY,,False,True,False,False,False,False,False,
18/355914,12576516,2023-07-20,Human skill based path generation,FANUC CORPORATION,FANUC,FANUC,JP,113221959,1,B25J-0009/161,GRAY,,False,True,False,False,False,False,False,
18/246497,12576518,2022-03-04,"Robot control system, control device, and robot control method",JOHNAN CORPORATION,JOHNAN,JOHNAN,JP,113221961,1,B25J-0009/163,GRAY,,False,True,False,False,False,False,False,
18/538283,12576521,2023-12-13,Teaching device for mobile manipulator based on mobile robot and collaborative robot and method for setting interface thereof,Electronics and Telecommunications Research Institute,ELECTRONICS AND TELECOMMUNICATIONS RESEARCH INSTITUTE,ELECTRONICS AND TELECOMMUNICATIONS RESEARCH INSTITUTE,KR,113221964,1,B25J-0009/163,GRAY,,False,True,False,False,False,False,False,
18/602271,12576522,2024-03-12,Drum coupling automation robot and drum coupling automation method,"SAMSUNG ELECTRONICS CO., LTD. | Industry-Academic Cooperation Foundation of Kyungnam University",SAMSUNG ELECTRONICS,SAMSUNG,KR,113221965,1,B25J-0009/1633,GRAY,,False,True,False,False,False,False,False,
18/684838,12576525,2021-09-27,Robot system,FANUC CORPORATION,FANUC,FANUC,JP,113221968,1,B25J-0009/1661,GRAY,,False,True,False,False,False,False,False,
18/574605,12576528,2022-10-28,Tape material applicator and computer program,Techno Olympus Co. LTD.,TECHNO OLYMPUS,TECHNO OLYMPUS,JP,113221969,1,B25J-0009/1664,GRAY,,False,False,False,False,False,False,False,
17/535857,12576531,2021-11-26,Mobile robot system for handling railway IBC,Ming Zhang,MING ZHANG,MING ZHANG,CA,113221972,1,B25J-0009/1682,GRAY,,False,True,False,False,False,False,False,
18/361553,12576535,2023-07-28,Apparatus for automatically fastening chemical coupler,"Samsung Electronics Co., Ltd. | Industry-Academic Cooperation Foundation of Kyungnain University",SAMSUNG ELECTRONICS,SAMSUNG,KR,113221976,1,B25J-0009/1697,GRAY,,False,True,False,False,False,False,False,
18/342983,12576536,2023-06-28,Robotic with depth finding capability and method of using,THE GOVERNMENT OF THE UNITED STATES AS REPRESENTED BY THE SECRETARY OF THE AIR FORCE,THE GOVERNMENT OF THE UNITED STATES AS REPRESENTED BY THE SECRETARY OF THE AIR FORCE,THE GOVERNMENT OF THE UNITED STATES AS REPRESENTED BY THE SECRETARY OF THE AIR FORCE,US,113221977,1,B25J-0011/0025,GRAY,,False,True,False,False,False,False,False,
17/957710,12202143,2022-09-30,"Robot control method, apparatus and device, storage medium and program product",TENCENT TECHNOLOGY (SHENZHEN) COMPANY LIMITED,TENCENT TECHNOLOGY (SHENZHEN),TENCENT TECHNOLOGY (SHENZHEN),CN,113273898,1,B25J-0009/1612,GRAY,,False,False,False,False,False,False,False,
17/664346,12502792,2022-05-20,Robotic gripper apparatus,"DIVERGENT TECHNOLOGIES, INC.",DIVERGENT TECHNOLOGIES,DIVERGENT TECHNOLOGIES,US,113274307,1,B25J-0015/10,GRAY,,False,True,False,False,False,False,False,
17/653031,12049007,2022-03-01,System and method for robust robotic manipulation using chance constrained optimization,"MITSUBISHI ELECTRIC RESEARCH LABORATORIES, INC.",MITSUBISHI ELECTRIC RESEARCH LABORATORIES,MITSUBISHI ELECTRIC,US,113274327,1,B25J-0009/1605,GRAY,,False,True,False,False,False,False,False,
18/317128,12397424,2023-05-15,Method and apparatus for online task planning and robot motion control,OMRON CORPORATION,OMRON,OMRON,JP,113281230,1,B25J-0009/1661,GRAY,,False,True,False,False,False,False,False,
18/481131,12544928,2023-10-04,Interference determination device and path generation device,DENSO CORPORATION,DENSO,DENSO,JP,113284143,1,B25J-0009/1666,GRAY,,False,True,False,False,False,False,False,
18/839062,12552015,2022-03-30,Joint structure for robot,FANUC CORPORATION,FANUC,FANUC,JP,113285217,1,B25J-0009/102,GRAY,,False,True,False,False,False,False,False,
17/447553,12246449,2021-09-13,Device and method for controlling a robotic device,ROBERT BOSCH GMBH,ROBERT BOSCH,ROBERT BOSCH,DE,113304357,1,B25J-0009/163,GRAY,,False,True,False,False,False,False,False,
16/492533,11318621,2017-03-10,In-vehicle building material processing system and building material processing method,"IIDA GROUP HOLDINGS CO., LTD.",IIDA GROUP,IIDA GROUP,JP,113380736,1,B25J-0011/0055,GRAY,,False,True,False,False,False,False,False,
15/946627,10668630,2018-04-05,High speed manipulation of non-uniform ojects,"EMERGING ACQUISITIONS, LLC",EMERGING ACQUISITIONS,EMERGING ACQUISITIONS,US,113381169,3,B25J-0015/0658,GRAY,,False,True,False,False,False,True,False,
15/292851,10759048,2016-10-13,"Driving mechanism, robot apparatus measurement method, robot apparatus control method and component manufacturing method",CANON KABUSHIKI KAISHA,CANON,CANON,JP,113387115,3,B25J-0009/1633,GRAY,,False,True,False,False,False,False,False,
18/501303,12569991,2023-11-03,Variable payload robot,"DEXTERITY, INC.",DEXTERITY,DEXTERITY,US,113389134,1,B25J-0009/1638,GRAY,,False,True,False,False,False,False,False,
15/692204,10456906,2017-08-31,Mechanical tower climber for operations on cell towers,"ETAK SYSTEMS, LLC",ETAK SYSTEMS,ETAK SYSTEMS,US,113390888,1,B25J-0005/007,GRAY,,False,True,False,False,False,False,False,
18/189101,12569986,2023-03-23,Robotic arm system,"BLACK-I ROBOTICS, INC.",BLACK-I ROBOTICS,BLACK-I ROBOTICS,US,113391912,1,B25J-0005/007,GRAY,,False,True,False,False,False,False,False,
17/562941,12570011,2021-12-27,Robotic manipulator arm,"TELEDYNE FLIR DEFENSE, INC.",TELEDYNE FLIR DEFENSE,TELEDYNE FLIR DEFENSE,US,113391916,1,B25J-0009/1697,GRAY,,False,True,False,False,False,False,False,
18/126306,12544920,2023-03-24,Detection of heavy objects in robotic induction,"DEXTERITY, INC.",DEXTERITY,DEXTERITY,US,113393203,1,B25J-0009/1653,GRAY,,False,True,False,False,False,True,False,
18/198146,12358165,2023-05-16,Robotic joint with an automatic transmission,"AVAR ROBOTICS, INC.",AVAR ROBOTICS,AVAR ROBOTICS,US,113393209,1,B25J-0017/00,GRAY,,False,True,False,False,False,False,False,
18/009478,12358160,2021-07-08,Robot,SONY INTERACTIVE ENTERTAINMENT INC.,SONY INTERACTIVE ENTERTAINMENT,SONY,JP,113402459,1,B25J-0013/088,T1_auto,휴머노이드명시/전건T1_OEM,True,True,False,False,False,False,False,
18/231501,12583101,2023-08-08,"Method for operating a modular robot, modular robot, collision avoidance system, and computer program product",SIEMENS AKTIENGESELLSCHAFT,SIEMENS,SIEMENS,DE,113416906,1,B25J-0009/08,GRAY,,False,True,False,False,False,True,False,
18/042051,12583102,2021-08-12,Method and system for handling a load arrangement with a robot gripper,KUKA DEUTSCHLAND GMBH,KUKA DEUTSCHLAND,KUKA,DE,113416907,1,B25J-0009/163,GRAY,,False,True,False,False,False,False,False,
18/490242,12583103,2023-10-19,"Robot arm control device, method for training hierarchical reinforcement learning model for robot arm control, and storage medium storing instructions to perform method training hierarchical reinforcement learning model for robot arm control",Agency for Defense Development | Seoul National University R & DB Foundation,AGENCY FOR DEFENSE DEVELOPMENT,AGENCY FOR DEFENSE DEVELOPMENT,KR,113416908,1,B25J-0009/163,GRAY,,False,True,False,False,False,False,False,
18/029261,12583107,2020-10-09,"Temporal logic formula generation device, temporal logic formula generation method, and storage medium",NEC CORPORATION,NEC,NEC,JP,113416912,1,B25J-0009/1664,GRAY,,False,False,False,False,False,False,False,
18/324527,12583110,2023-05-26,Robot control system,DENSO WAVE INCORPORATED,DENSO WAVE,DENSO,JP,113416915,1,B25J-0009/1664,GRAY,,False,False,False,False,False,False,False,
18/259519,12583114,2022-01-04,"Device for simulating operation of robot, device for controlling robot, and method for simulating operation of robot",FANUC CORPORATION,FANUC,FANUC,JP,113416919,1,B25J-0009/1671,GRAY,,False,True,False,False,False,False,False,
18/249399,12583117,2020-12-18,Workpiece processing apparatus,FUJI CORPORATION,FUJI,FUJI,JP,113416922,1,B25J-0009/1682,GRAY,,False,True,False,False,False,False,False,
17/720271,12583120,2022-04-13,"Management server, remote operation system, remote operation method, and storage medium","Honda Motor Co., Ltd.",HONDA MOTOR,HONDA,JP,113416925,1,B25J-0009/1689,GRAY,,False,True,False,False,False,False,False,
18/296312,12583134,2023-04-05,Neck device for absorbing shock and reducing vibration of legged mobile robot,Seoul National University R&DB Foundation,SEOUL NATIONAL UNIVERSITY R&DB FOUNDATION,SEOUL NATIONAL UNIVERSITY R&DB FOUNDATION,KR,113416939,1,B25J-0019/0091,GRAY,,False,True,False,False,False,False,False,
18/679288,12564957,2024-05-30,Dynamic coordination of multiple robotic manipulator arms,L5 AUTOMATION INC.,L5 AUTOMATION,L5 AUTOMATION,CA,113501979,1,B25J-0009/1664,GRAY,,False,True,False,False,False,False,False,
17/434304,11986961,2020-02-27,Machine learning model operation management system and machine learning model operation management method,KAWASAKI JUKOGYO KABUSHIKI KAISHA,KAWASAKI JUKOGYO,KAWASAKI HEAVY INDUSTRIES,JP,113505274,1,B25J-0009/1656,GRAY,,False,True,False,False,False,False,False,
17/884639,12485548,2022-08-10,Robotic imaging system and method for controlling a robotic device,BHS Technologies GmbH,BHS TECHNOLOGIES,BHS TECHNOLOGIES,AT,113505549,1,B25J-0009/1697,GRAY,,False,True,True,False,False,False,False,
18/263911,12472626,2021-02-11,"Method of controlling manipulator of industrial robot, control system and industrial robot",ABB SCHWEIZ AG,ABB SCHWEIZ,ABB,CH,113530366,1,B25J-0009/1664,GRAY,,False,True,False,False,False,False,False,
18/386494,12496734,2023-11-02,Drill floor grafter robot,TRANSOCEAN SEDCO FOREX VENTURES LIMITED,TRANSOCEAN SEDCO FOREX VENTURES,TRANSOCEAN SEDCO FOREX VENTURES,BM,113590584,1,B25J-0015/0019,GRAY,,False,True,False,False,False,False,False,
16/755499,11254013,2018-10-09,Interchangeable robot gripper base,SOFTBOX PATENTS APS,SOFTBOX PATENTS,SOFTBOX PATENTS,DK,113596284,1,B25J-0015/04,GRAY,,False,True,False,False,False,False,False,
16/843162,11407123,2020-04-08,Systems and methods for a telescoping suction gripper assembly,AMP Robotics Corporation,AMP ROBOTICS,AMP ROBOTICS,US,113597654,2,B25J-0009/0009,GRAY,,False,True,False,False,False,True,False,
17/740627,12485538,2022-05-10,Method and system for determining a workplace loading location in a CNC machine with a robotic arm,"HURCO COMPANIES, INC.",HURCO COMPANIES,HURCO COMPANIES,US,113601377,1,B25J-0009/1664,GRAY,,False,True,False,False,False,False,False,
18/672316,12521893,2024-05-23,Stereo video in augmented reality,"Medivis, Inc.",MEDIVIS,MEDIVIS,US,113610771,1,B25J-0013/08,E_auto,제외전용신호+Tier신호없음,False,False,True,False,False,False,False,
18/487964,12576532,2023-10-16,"Systems, devices, and methods for performing optimized picking and placing operations in a manner to minimize void space",GRIDIRON ROBOTICS LLC,GRIDIRON ROBOTICS,GRIDIRON ROBOTICS,US,113611708,1,B25J-0009/1679,GRAY,,False,True,False,False,False,False,False,
17/993172,12576543,2022-11-23,"Soft robotics, autonomous, space inspection, crawling robot",UNIVERSITY OF SOUTHERN CALIFORNIA,UNIVERSITY OF SOUTHERN CALIFORNIA,UNIVERSITY OF SOUTHERN CALIFORNIA,US,113611710,1,B25J-0015/0233,GRAY,,False,False,False,False,False,False,False,
18/148548,12403589,2022-12-30,Simulating physical interactions for automated systems,NVIDIA CORPORATION,NVIDIA,NVIDIA,US,113612963,1,B25J-0009/1605,GRAY,,False,True,False,False,False,False,False,
18/473055,12576537,2023-09-22,Modular robot with power management platform,"ARISTOCRAT TECHNOLOGIES, INC (ATI)",ARISTOCRAT TECHNOLOGIES (ATI),ARISTOCRAT TECHNOLOGIES (ATI),US,113612973,1,B25J-0011/003,GRAY,,False,False,False,False,False,False,False,
15/941659,11179856,2018-03-30,User-assisted robotic control systems,"SOFT ROBOTICS, INC.",SOFT ROBOTICS,SOFT ROBOTICS/OXIPITAL,US,113612975,7,B25J-0015/0023,GRAY,,False,True,False,False,False,True,False,
18/547694,12589485,2022-02-24,"Teaching point generation device that generates teaching points on basis of output of sensor, and teaching point generation method",FANUC CORPORATION,FANUC,FANUC,JP,113624291,1,B25J-0009/0081,GRAY,,False,False,False,False,False,False,False,
18/136828,12589492,2023-04-19,Robotic arm and control method thereof,TECHMAN ROBOT INC.,TECHMAN ROBOT,TECHMAN ROBOT,TW,113624298,1,B25J-0009/163,GRAY,,False,True,False,False,False,False,False,
18/388561,12589493,2023-11-10,Information processing apparatus and storage medium,NEC CORPORATION,NEC,NEC,JP,113624299,1,B25J-0009/163,GRAY,,False,False,False,False,False,False,False,
18/023222,12589503,2021-08-04,"Robot control apparatus, robot control system, and method for controlling robot",KYOCERA CORPORATION,KYOCERA,KYOCERA,JP,113624309,1,B25J-0009/1676,GRAY,,False,False,False,False,False,False,False,
18/254685,12589506,2020-11-27,"Human machine interface, controller, robot and corresponding system and method",ABB SCHWEIZ AG,ABB SCHWEIZ,ABB,CH,113624312,1,B25J-0013/06,GRAY,,False,False,False,False,False,False,False,
17/450794,11992943,2021-10-13,Method for optimizing a policy for a robot,ROBERT BOSCH GMBH,ROBERT BOSCH,ROBERT BOSCH,DE,113633302,1,B25J-0009/1605,GRAY,,False,False,False,False,False,False,False,
17/510366,11731262,2021-10-25,Robot and method for operating the same,"SAMSUNG ELECTRONICS CO., LTD.",SAMSUNG ELECTRONICS,SAMSUNG,KR,113637405,1,B25J-0009/0003,GRAY,,False,False,False,False,False,False,False,
16/380859,10549928,2019-04-10,Robotic multi-item type palletizing and depalletizing,"DEXTERITY, INC.",DEXTERITY,DEXTERITY,US,113696375,4,B25J-0009/1687,GRAY,,False,True,False,False,False,True,False,
17/852443,12216451,2022-06-29,Robot system,"KAWASAKI JUKOGYO KABUSHIKI KAISHA | KAWASAKI ROBOTICS (USA), INC.",KAWASAKI JUKOGYO,KAWASAKI HEAVY INDUSTRIES,JP,113703339,1,B25J-0019/06,GRAY,,False,False,False,False,False,False,False,
18/508402,12384051,2023-11-14,Robot,TOYOTA JIDOSHA KABUSHIKI KAISHA,TOYOTA JIDOSHA,TOYOTA,JP,113704926,1,B25J-0013/088,GRAY,,False,False,False,False,False,False,False,
17/085285,12466074,2020-10-30,"Image processing method, image processing apparatus, robot-mounted transfer device, and system","DMG MORI CO., LTD. | SKYLLA TECHNOLOGIES",DMG MORI,DMG MORI,JP,113706161,1,B25J-0009/1697,GRAY,,False,False,False,False,False,False,False,
18/105488,12491641,2023-02-03,System and method for automatically correcting orientation of mobile robot,Addverb Technologies Limited,ADDVERB TECHNOLOGIES,ADDVERB TECHNOLOGIES,IN,113723453,1,B25J-0009/1697,GRAY,,False,False,False,False,False,False,False,
18/278096,12454060,2022-03-22,Control device,FANUC CORPORATION,FANUC,FANUC,JP,113728807,1,B25J-0009/1694,GRAY,,False,False,False,False,False,False,False,
14/683737,9579797,2015-04-10,Robotic systems and methods of operating robotic systems,QUANSER CONSULTING INC.,QUANSER CONSULTING,QUANSER CONSULTING,CA,113794560,1,B25J-0009/1674,GRAY,,False,True,False,False,False,False,False,
18/350339,12583099,2023-07-11,Movement control method for underactuated system robot and underactuated system robot,TENCENT TECHNOLOGY (SHENZHEN) COMPANY LIMITED,TENCENT TECHNOLOGY (SHENZHEN),TENCENT TECHNOLOGY (SHENZHEN),CN,113803753,1,B25J-0005/007,GRAY,,False,True,False,False,False,False,False,
16/832564,11712806,2020-03-27,Calibration apparatus for calibrating mechanism error parameter for controlling robot,Fanuc Corporation,FANUC,FANUC,JP,113805119,2,B25J-0009/1692,GRAY,,False,False,False,False,False,False,False,
18/407440,12583123,2024-01-09,Iterative control of robot for target object,KABUSHIKI KAISHA YASKAWA DENKI,YASKAWA DENKI,YASKAWA,JP,113805573,1,B25J-0009/1697,GRAY,,False,True,False,False,False,False,False,
18/009507,12286289,2021-06-07,Packing material,FANUC CORPORATION,FANUC,FANUC,JP,113805581,1,B25J-0019/00,GRAY,,False,True,False,False,False,False,False,
16/294889,11534919,2019-03-06,Security sentinel robot,ADEMCO INC.,ADEMCO,ADEMCO,US,113806196,3,B25J-0009/1679,GRAY,,False,False,False,False,False,False,False,
18/080623,12583108,2022-12-13,Grasp selection,"Honda Motor Co., Ltd.",HONDA MOTOR,HONDA,JP,113806443,1,B25J-0009/1664,GRAY,,False,True,False,False,False,False,False,
18/081560,12583115,2022-12-14,"Enhanced visual feedback systems, enhanced skill libraries, and enhanced fungible tokens for the operation of robotic systems","AIVOT, LLC",AIVOT,AIVOT,US,113807160,1,B25J-0009/163,GRAY,,False,False,False,False,False,False,False,
17/963763,12583133,2022-10-11,Stack pusher,"DEXTERITY, INC.",DEXTERITY,DEXTERITY,US,113807162,1,B25J-0018/025,GRAY,,False,False,False,False,False,False,False,
17/924891,12528186,2021-05-14,Training and/or utilizing machine learning model(s) for use in natural language based robotic control,GOOGLE LLC,GOOGLE,ALPHABET,US,113808267,1,B25J-0009/1656,GRAY,,False,True,False,False,False,False,False,
18/844616,12594663,2023-03-07,Robot system and cart,KAWASAKI JUKOGYO KABUSHIKI KAISHA,KAWASAKI JUKOGYO,KAWASAKI HEAVY INDUSTRIES,JP,113818476,1,B25J-0005/007,GRAY,,False,True,False,False,False,False,False,
18/462583,12594669,2023-09-07,"Robot control method, robot control system, and computer readable medium",TOYOTA JIDOSHA KABUSHIKI KAISHA,TOYOTA JIDOSHA,TOYOTA,JP,113818482,1,B25J-0009/162,T1_auto,휴머노이드명시/전건T1_OEM,True,True,False,False,False,False,False,
18/629377,12594670,2024-04-08,Generating a sequence of pose configurations for a robotic manipulator based on force and velocity ellipsoids,"AMAZON TECHNOLOGIES, INC.",AMAZON TECHNOLOGIES,AMAZON,US,113818483,1,B25J-0009/1664,GRAY,,False,True,False,False,False,False,False,
18/401897,12594672,2024-01-02,Method and system for controlling an artwork-generating robot using a robot interface system,Nikolai Pavlovich Gavrilin | Anna Victorovna Mishchenko,NIKOLAI PAVLOVICH GAVRILIN,NIKOLAI PAVLOVICH GAVRILIN,RU,113818485,1,B25J-0009/1692,GRAY,,False,False,False,False,False,False,False,
19/259465,12594674,2025-07-03,Multi-agent calibration and motion control,"UT-BATTELLE, LLC",UT-BATTELLE,UT-BATTELLE,US,113818487,1,B25J-0009/1692,GRAY,,False,True,False,False,False,False,False,
18/236997,12594677,2023-08-23,MSA-based robot control device and method for managing robot thereof,Hyundai Motor Company | Kia Corporation,HYUNDAI MOTOR,HYUNDAI MOTOR GROUP,KR,113818490,1,B25J-0013/06,GRAY,,False,False,False,False,False,False,False,
18/011308,12594681,2021-06-30,External robot stand and external robot system,"CORPORATION, FANUC",FANUC,FANUC,JP,113818494,1,B25J-0019/00,GRAY,,False,False,False,False,False,False,False,
18/466488,12598706,2023-09-13,"Method of inserting an electronic components in through-hole technology, THT, into a printed circuit board, PCB, by an industrial robot",Fitech Sp. z o.o.,FITECH SP Z OO,FITECH SP Z OO,PL,113822466,1,B25J-0009/1687,GRAY,,False,True,False,False,False,False,False,
16/945370,12005572,2020-07-31,Robotic system with gripping mechanism,"MUJIN, INC.",MUJIN,MUJIN,JP,113831241,1,B25J-0015/0616,GRAY,,False,True,False,False,False,False,False,
17/642573,12358148,2020-09-10,"Robot-mounted moving device, system, and machine tool","DMG MORI CO., LTD. | SKYLLA TECHNOLOGIES",DMG MORI,DMG MORI,JP,113831645,1,B25J-0009/1697,GRAY,,False,False,False,False,False,False,False,
16/408403,11370125,2019-05-09,Social robot with environmental control feature,WARNER BROS. ENTERTAINMENT INC.,WARNER BROS ENTERTAINMENT,WARNER BROS ENTERTAINMENT,US,113892199,3,B25J-0011/0005,T1_auto,휴머노이드명시/전건T1_OEM,True,False,False,False,False,False,False,
18/546286,12403613,2022-02-07,Process of interacting with objects,UNIVERSITA DI PISA | FONDAZIONE ISTITUTO ITALIANO DI TECNOLOGIA,UNIVERSITA DI PISA,UNIVERSITA DI PISA,IT,113893717,1,B25J-0013/087,GRAY,,False,False,False,False,False,False,False,
18/201690,12440981,2023-05-24,"Robot control method, robot and storage medium","BEIJING XIAOMI ROBOT TECHNOLOGY CO., LTD.",BEIJING XIAOMI ROBOT TECHNOLOGY,BEIJING XIAOMI ROBOT TECHNOLOGY,CN,113894183,1,B25J-0009/1664,T1_auto,휴머노이드명시/전건T1_OEM,True,True,False,False,False,False,False,
18/169817,12425101,2023-02-15,Robot,"Honda Motor Co., Ltd.",HONDA MOTOR,HONDA,JP,113901322,1,B25J-0019/0037,T1_auto,휴머노이드명시/전건T1_OEM,True,True,False,False,False,False,False,
17/736558,11897131,2022-05-04,Actuator,ROLLS-ROYCE plc,ROLLS-ROYCE,ROLLS-ROYCE,GB,113903759,1,B25J-0009/1075,GRAY,,False,True,False,False,False,False,False,
18/112772,12502777,2023-02-22,Robot apparatus and control method,KABUSHIKI KAISHA YASKAWA DENKI,YASKAWA DENKI,YASKAWA,JP,113905977,1,B25J-0009/1664,GRAY,,False,False,False,False,False,False,False,
17/797014,12515327,2021-02-19,Robotic device,DYSON TECHNOLOGY LIMITED,DYSON TECHNOLOGY,DYSON TECHNOLOGY,GB,113920300,1,B25J-0009/1638,GRAY,,False,True,False,False,False,False,False,
18/472767,12583111,2023-09-22,Eye-on-hand reinforcement learner for dynamic grasping with active pose estimation,"Mitsubishi Electric Research Laboratories, Inc.",MITSUBISHI ELECTRIC RESEARCH LABORATORIES,MITSUBISHI ELECTRIC,US,113950118,1,B25J-0009/1664,GRAY,,False,True,False,False,False,False,False,
18/265739,12564966,2021-12-10,"Tool checking device, storage device storing tool checking program, and tool checking method for robot arm","MAYEKAWA MFG. CO., LTD.",MAYEKAWA MFG,MAYEKAWA MFG,JP,113973106,1,B25J-0009/1697,GRAY,,False,True,False,False,False,False,False,
17/766931,11872697,2020-10-06,Collaborative device with optimised control,FTS WELDING,FTS WELDING,FTS WELDING,FR,113978398,1,B25J-0009/0081,GRAY,,False,True,False,False,False,False,False,
15/765480,10946526,2016-10-05,Robot taping system and method of taping,NANYANG TECHNOLOGICAL UNIVERSITY,NANYANG TECHNOLOGICAL UNIVERSITY,NANYANG TECHNOLOGICAL UNIVERSITY,SG,113982339,1,B25J-0009/1697,GRAY,,False,True,False,False,False,False,False,
18/446040,11904470,2023-08-08,"Systems, apparatuses, and methods for robotic learning and execution of skills including navigation and manipulation functions","Diligent Robotics, Inc.",DILIGENT ROBOTICS,DILIGENT ROBOTICS,US,114007801,2,B25J-0009/163,GRAY,,False,True,False,False,False,False,False,
15/596768,10245729,2017-05-16,Sensorized covering for an industrial device,Comau S.p.A.,COMAU,COMAU,IT,114014502,1,B25J-0009/1676,GRAY,,False,True,False,False,False,True,False,
17/621714,12269176,2020-06-24,"Carrying and deflection correction system for elastic material, and method thereof","ANJI BATA ROBOT CO., LTD.",ANJI BATA ROBOT,ANJI BATA ROBOT,CN,114021681,1,B25J-0009/1697,GRAY,,False,False,False,False,False,False,False,
17/034902,11931902,2020-09-28,Robotic system simulation engine,"DEXTERITY, INC.",DEXTERITY,DEXTERITY,US,114022014,2,B25J-0009/1671,GRAY,,False,True,False,False,False,False,False,
17/711991,12569999,2022-04-01,Configuring and managing fleets of dynamic mechanical systems,SANCTUARY COGNITIVE SYSTEMS CORPORATION,SANCTUARY COGNITIVE SYSTEMS,SANCTUARY COGNITIVE SYSTEMS,CA,114023730,1,B25J-0009/1682,T1_auto,휴머노이드명시/전건T1_OEM,False,False,False,False,False,False,False,
18/282587,12005593,2022-11-14,"Microfluidic valves and channels and minifluidic valves and channels enabled soft robotic device, apparel, and method",Run Ze Gao | Carolyn L. Ren | Clark R. Dickerson | Jacqueline Mary Kormylo | Peter S. Lee | Vivian Ngoc Tram Mai,RUN ZE GAO,RUN ZE GAO,CA,114025674,1,B25J-0009/20,GRAY,,False,True,False,False,False,False,False,
17/269241,11919176,2019-08-13,Mobile construction robot,HILTI AKTIENGESELLSCHAFT,HILTI,HILTI,LI,114032283,2,B25J-0009/1692,GRAY,,False,False,False,False,False,False,False,
18/443209,12589494,2024-02-15,Techniques for controlling robots using dynamic gain tuning,"AUTODESK, INC.",AUTODESK,AUTODESK,US,114035674,1,B25J-0009/163,GRAY,,False,True,False,False,False,False,False,
17/918400,12515343,2021-05-14,Following robot,FANUC CORPORATION,FANUC,FANUC,JP,114040256,1,B25J-0009/0093,GRAY,,False,False,False,False,False,False,False,
17/916028,12318914,2021-03-26,"Device for correcting robot teaching position, teaching device, robot system, teaching position correction method, and computer program",FANUC CORPORATION,FANUC,FANUC,JP,114040260,1,B25J-0013/089,GRAY,,False,False,False,False,False,False,False,
18/167851,12459123,2023-02-11,Robot system with object detecting sensors,"Mantis Robotics, Inc.",MANTIS ROBOTICS,MANTIS ROBOTICS,US,114043859,1,B25J-0009/1676,GRAY,,False,True,False,False,False,False,False,
17/900843,12427672,2022-08-31,Robotic manipulator with visual guidance and tactile sensing,Khalifa University of Science and Technology and The Aerospace Holding Company LLC | Khalifa University of Science and Technology | The Aerospace Holding Company LLC,KHALIFA UNIVERSITY OF SCIENCE AND TECHNOLOGY AND THE AEROSPACE,KHALIFA UNIVERSITY OF SCIENCE AND TECHNOLOGY AND THE AEROSPACE,AE,114043863,1,B25J-0009/1697,GRAY,,False,True,False,False,False,False,False,
18/393883,12496716,2023-12-22,Method and apparatus for controlling serving robot based on information from table,ELECTRONICS AND TELECOMMUNICATIONS RESEARCH INSTITUTE,ELECTRONICS AND TELECOMMUNICATIONS RESEARCH INSTITUTE,ELECTRONICS AND TELECOMMUNICATIONS RESEARCH INSTITUTE,KR,114058225,1,B25J-0009/1664,GRAY,,False,False,False,False,False,False,False,
18/574421,12600028,2022-06-25,Industrial robot comprising an axle drive with a compact construction,Martin Zimmer | Günther Zimmer,MARTIN ZIMMER,MARTIN ZIMMER,DE,114068367,1,B25J-0009/103,GRAY,,False,False,False,False,False,False,False,
17/616895,12600034,2020-06-04,Compensation of positional tolerances in the robot-assisted surface machining,FERROBOTICS COMPLIANT ROBOT TECHNOLOGY GMBH,FERROBOTICS COMPLIANT ROBOT TECHNOLOGY,FERROBOTICS COMPLIANT ROBOT TECHNOLOGY,AT,114068371,1,B25J-0009/1641,GRAY,,False,True,False,False,False,False,False,
18/215235,12600035,2023-06-28,"Information processing method, information processing apparatus, robot system, manufacturing method of product, and storage medium",Canon Kabushiki Kaisha,CANON,CANON,JP,114068372,1,B25J-0009/1656,GRAY,,False,False,False,False,False,False,False,
18/274139,12600036,2021-01-27,"Control device, control method, and storage medium",NEC CORPORATION,NEC,NEC,JP,114068373,1,B25J-0009/1661,GRAY,,False,False,False,False,False,False,False,
18/135673,12600038,2023-04-17,Motion control method and robot,"BEIJING XIAOMI ROBOT TECHNOLOGY CO., LTD.",BEIJING XIAOMI ROBOT TECHNOLOGY,BEIJING XIAOMI ROBOT TECHNOLOGY,CN,114068375,1,B25J-0009/1664,T1_auto,휴머노이드명시/전건T1_OEM,True,False,False,False,False,False,False,
18/622015,12600039,2024-03-29,"Robot, conveying system, and robot-controlling method",KAWASAKI JUKOGYO KABUSHIKI KAISHA,KAWASAKI JUKOGYO,KAWASAKI HEAVY INDUSTRIES,JP,114068376,1,B25J-0009/1666,GRAY,,False,True,False,False,False,False,False,
18/687299,12600042,2021-09-30,Control device and robot system,FANUC CORPORATION,FANUC,FANUC,JP,114068379,1,B25J-0005/00,GRAY,,False,False,False,False,False,False,False,
18/897430,12600044,2024-09-26,Guide dog robot for the visually impaired persons and control method thereof,ELECTRONICS AND TELECOMMUNICATIONS RESEARCH INSTITUTE,ELECTRONICS AND TELECOMMUNICATIONS RESEARCH INSTITUTE,ELECTRONICS AND TELECOMMUNICATIONS RESEARCH INSTITUTE,KR,114068381,1,B25J-0011/008,GRAY,,False,False,False,False,False,False,False,
17/550217,12240100,2021-12-14,Controlled compliant gripping and manipulating system for a robot,GM GLOBAL TECHNOLOGY OPERATIONS LLC,GM GLOBAL TECHNOLOGY OPERATIONS,GM,US,114078652,1,B25J-0009/1669,GRAY,,False,True,False,False,False,False,False,
18/081840,12447634,2022-12-15,"Control method for control device controlling robot arm, non-transitory computer-readable storage medium storing computer program, and control device",SEIKO EPSON CORPORATION,SEIKO EPSON,SEIKO EPSON,JP,114078662,1,B25J-0009/1674,GRAY,,False,True,False,False,False,False,False,
18/572102,12447622,2022-02-09,Article conveyance processing system,"JAPAN CASH MACHINE CO., LTD.",JAPAN CASH MACHINE,JAPAN CASH MACHINE,JP,114080842,1,B25J-0009/1687,GRAY,,False,True,False,False,False,False,False,
17/005722,11305423,2020-08-28,Control device for robot having arm,FANUC CORPORATION,FANUC,FANUC,JP,114151313,1,B25J-0009/1633,GRAY,,False,True,False,False,False,False,False,
18/265536,12472649,2021-12-14,Power harness and robot,FANUC CORPORATION,FANUC,FANUC,JP,114164763,1,B25J-0019/0029,GRAY,,False,True,False,False,False,False,False,
17/369965,11931895,2021-07-08,Robot control system and robot control method,KABUSHIKI KAISHA YASKAWA DENKI,YASKAWA DENKI,YASKAWA,JP,114167680,1,B25J-0009/163,GRAY,,False,True,False,False,False,False,False,
17/782373,12122616,2021-01-06,Workpiece transfer system,FANUC CORPORATION,FANUC,FANUC,JP,114169359,1,B25J-0013/085,GRAY,,False,True,False,False,False,False,False,
18/574324,12545556,2022-06-27,Transport system and method for controlling transport system,KITO CORPORATION,KITO,KITO,JP,114174319,1,B25J-0019/0008,GRAY,,False,False,False,False,False,False,False,
17/430250,11865694,2020-02-17,Rotary driving tool for handling closure elements,DÜRR SOMAC GMBH,DÜRR SOMAC,DÜRR SOMAC,DE,114224605,1,B25J-0011/005,GRAY,,False,True,False,False,False,False,False,
17/749536,12569982,2022-05-20,"Systems, devices, and methods for a hydraulic robotic arm",SANCTUARY COGNITIVE SYSTEMS CORPORATION,SANCTUARY COGNITIVE SYSTEMS,SANCTUARY COGNITIVE SYSTEMS,CA,114245295,1,B25J-0009/14,T1_auto,휴머노이드명시/전건T1_OEM,True,True,False,False,False,False,False,
17/670443,12594668,2022-02-12,Brain-like decision-making and motion control system,NEUROCEAN TECHNOLOGIES INC.,NEUROCEAN TECHNOLOGIES,NEUROCEAN TECHNOLOGIES,CN,114249172,1,B25J-0009/161,GRAY,,False,True,False,False,False,False,False,
17/770896,12296485,2020-10-09,Robot arm with adaptive three-dimensional boundary in free-drive,UNIVERSAL ROBOTS A/S,UNIVERSAL ROBOTS A/S,UNIVERSAL ROBOTS A/S,DK,114249221,1,B25J-0009/1641,GRAY,,False,True,False,False,False,False,False,
17/560075,12594666,2021-12-22,"Soft pneumatic hexapedal robot, and uses thereof",THE REGENTS OF THE UNIVERSITY OF CALIFORNIA,THE REGENTS OF THE UNIVERSITY OF CALIFORNIA,THE REGENTS OF THE UNIVERSITY OF CALIFORNIA,US,114252810,1,B25J-0009/144,GRAY,,False,True,False,False,False,False,False,
19/185186,12594671,2025-04-21,"Teleoperation system for robotic manipulation, and methods, apparatus, and systems thereof",Watney Robotics Inc.,WATNEY ROBOTICS,WATNEY ROBOTICS,US,114252811,1,B25J-0009/1689,GRAY,,False,True,False,False,False,False,False,
18/626511,12605823,2024-04-04,Humanoid android,Victoria Hewitt,VICTORIA HEWITT,VICTORIA HEWITT,US,114262789,1,B25J-0009/0003,T1_auto,휴머노이드명시/전건T1_OEM,True,False,False,False,False,False,False,
18/706526,12605833,2021-12-22,Robot system and robot,KAWASAKI JUKOGYO KABUSHIKI KAISHA,KAWASAKI JUKOGYO,KAWASAKI HEAVY INDUSTRIES,JP,114262799,1,B25J-0009/1664,GRAY,,False,True,False,False,False,False,False,
18/553961,12605834,2022-04-13,Robotic cells,BAE SYSTEMS PLC,BAE SYSTEMS,BAE SYSTEMS,GB,114262800,1,B25J-0009/1666,GRAY,,False,True,False,False,False,False,False,
18/211641,12605835,2023-06-20,Collaborative robot welding system,"LINCOLN GLOBAL, INC.",LINCOLN GLOBAL,LINCOLN GLOBAL,US,114262801,1,B25J-0009/1671,GRAY,,False,True,False,False,False,False,False,
17/912075,12605837,2021-10-05,Collaborative Delta robot,DEMAUREX SA,DEMAUREX,DEMAUREX,CH,114262803,1,B25J-0009/1676,GRAY,,False,True,False,False,False,False,False,
19/235005,12605844,2025-06-11,"Method and apparatus for position alignment of robotic arm, as well as electronic device","Vostro Medical Technology (Tianjin) Co., Ltd | The Second Affiliated Hospital of Army Medical University",VOSTRO MEDICAL TECHNOLOGY (TIANJIN),VOSTRO MEDICAL TECHNOLOGY (TIANJIN),CN,114262810,1,B25J-0009/1697,GRAY,,False,True,False,False,False,False,False,
17/319502,12220818,2021-05-13,Singularity-free kinematic parameterization of soft robot manipulators,"AUTODESK, INC.",AUTODESK,AUTODESK,US,114337481,1,B25J-0009/1635,GRAY,,False,True,False,False,False,False,False,
17/391242,12280490,2021-08-02,"Method, system, and non-transitory computer-readable recording medium for controlling a serving robot","Bear Robotics, Inc.",BEAR ROBOTICS,BEAR ROBOTICS,US,114338350,1,B25J-0011/008,GRAY,,False,False,False,False,False,False,False,
18/371821,12583119,2023-09-22,Transfer system and transfer method,KABUSHIKI KAISHA YASAKAWA DENKI | KABUSHIKI KAISHA YASKAWA DENKI,YASAKAWA DENKI,YASAKAWA DENKI,JP,114346271,1,B25J-0009/1687,GRAY,,False,False,False,False,False,False,False,
17/465534,12090637,2021-09-02,Adaptable multifunction robotic hands,VIRALINT PTE LTD,VIRALINT PTE,VIRALINT PTE,SG,114348625,1,B25J-0015/0009,GRAY,,False,True,False,False,False,False,False,
16/936877,11613012,2020-07-23,Robot controller,FANUC CORPORATION,FANUC,FANUC,JP,114356143,1,B25J-0009/1633,GRAY,,False,False,False,False,False,False,False,
16/104033,10751883,2018-08-16,Robot system with supplementary metrology position coordinates determination system,Mitutoyo Corporation,MITUTOYO,MITUTOYO,JP,114356146,3,B25J-0009/1697,GRAY,,False,True,False,False,False,False,False,
17/003183,11541535,2020-08-26,Robot control device,FANUC CORPORATION,FANUC,FANUC,JP,114356162,1,B25J-0009/1651,GRAY,,False,True,False,False,False,False,False,
16/587192,11260540,2019-09-30,Automatic pick-up equipment,TYCO ELECTRONICS (SHANGHAI) CO. LTD. | SHENZHEN AMI TECHNOLOGY CO. LTD.,TYCO ELECTRONICS (SHANGHAI),TYCO ELECTRONICS (SHANGHAI),CN,114356857,1,B25J-0015/0057,GRAY,,False,True,False,False,False,False,False,
17/913321,12208529,2021-04-23,Robot system,FANUC CORPORATION,FANUC,FANUC,JP,114356875,1,B25J-0009/1697,GRAY,,False,False,False,False,False,False,False,
18/037477,12466085,2021-12-21,Robot operating device and robot,"CORPORATION, FANUC",FANUC,FANUC,JP,114356898,1,B25J-0009/1656,GRAY,,False,True,False,False,False,False,False,
18/546972,12569980,2022-03-25,Robot system comprising robot equipped with display unit,FANUC CORPORATION,FANUC,FANUC,JP,114367662,1,B25J-0009/023,GRAY,,False,True,False,False,False,False,False,
14/857648,10118301,2015-09-17,"Soft robotic actuator attachment hub and grasper assembly, reinforced actuators, and electroadhesive actuators","SOFT ROBOTICS, INC.",SOFT ROBOTICS,SOFT ROBOTICS/OXIPITAL,US,114425467,7,B25J-0015/12,GRAY,,False,True,False,False,False,False,False,
17/403325,11691297,2021-08-16,Field-assembled soft gripping for industrial and collaborative robots,"SOFT ROBOTICS, INC.",SOFT ROBOTICS,SOFT ROBOTICS/OXIPITAL,US,114427007,1,B25J-0015/12,GRAY,,False,True,False,False,False,False,False,
16/757545,11440191,2018-10-16,"Automated device with a sensorized covered movable structure, in particular a robot",COMAU S.P.A.,COMAU,COMAU,IT,114434304,1,B25J-0009/1676,GRAY,,False,True,False,False,False,False,False,
16/900911,11364641,2020-06-13,Gripping device,ONROBOT A/S,ONROBOT A/S,ONROBOT A/S,DK,114438780,1,B25J-0015/0441,GRAY,,False,True,False,False,False,False,False,
18/049419,12600041,2022-10-25,Surface analyst end effector for industrial robot,WICHITA STATE UNIVERSITY,WICHITA STATE UNIVERSITY,WICHITA STATE UNIVERSITY,US,114444619,1,B25J-0009/1679,GRAY,,False,False,False,False,False,False,False,
18/352843,12496735,2023-07-14,Multiple object grasping using robotics,UNIVERSITY OF SOUTH FLORIDA,UNIVERSITY OF SOUTH FLORIDA,UNIVERSITY OF SOUTH FLORIDA,US,114445705,1,B25J-0009/1612,GRAY,,False,True,False,False,False,False,False,
18/604616,12611771,2024-03-14,TCP acceleration limitation for joint interpolated motions,FANUC AMERICA CORPORATION,FANUC AMERICA,FANUC,US,114472899,1,B25J-0009/1664,GRAY,,False,True,False,False,False,False,False,
18/746382,12611772,2024-06-18,Robot control device and robot control method,"HITACHI, LTD.",HITACHI,HITACHI,JP,114472900,1,B25J-0009/1664,GRAY,,False,False,False,False,False,False,False,
18/264543,12611773,2022-02-14,"Robot control device, robot control system, and non-transitory computer-readable medium storing a computer program",FANUC CORPORATION,FANUC,FANUC,JP,114472901,1,B25J-0009/1666,GRAY,,False,False,False,False,False,False,False,
17/922490,12611776,2021-01-11,Multiple hydraulic robot system for precisely mounting girder,KOREA INSTITUTE OF ROBOT AND CONVERGENCE,KOREA INSTITUTE OF ROBOT AND CONVERGENCE,KOREA INSTITUTE OF ROBOT AND CONVERGENCE,KR,114472904,1,B25J-0009/1682,GRAY,,False,True,False,False,False,False,False,
18/358536,12611781,2023-07-25,Manufacturing overhead photogrammetry guidance system for robotic based formation and inspection of workpiece features,GM GLOBAL TECHNOLOGY OPERATIONS LLC,GM GLOBAL TECHNOLOGY OPERATIONS,GM,US,114472909,1,B25J-0009/1697,GRAY,,False,False,False,False,False,False,False,
18/845611,12611782,2023-03-03,Robotic grouter,FABRICA ROBOTICS PTE LTD.,FABRICA ROBOTICS PTE,FABRICA ROBOTICS PTE,SG,114472910,1,B25J-0011/00,GRAY,,False,False,False,False,False,False,False,
17/931954,12343876,2022-09-14,System and method for controlling a robot using constrained dynamic movement primitives,"Mitsubishi Electric Research Laboratories, Inc.",MITSUBISHI ELECTRIC RESEARCH LABORATORIES,MITSUBISHI ELECTRIC,US,114534852,1,B25J-0009/1666,GRAY,,False,False,False,False,False,False,False,
18/103946,12564941,2023-01-31,"Robot control device, robot control method, and recording medium storing robot control program",NEC CORPORATION,NEC,NEC,JP,114535613,1,B25J-0009/1602,GRAY,,False,False,False,False,False,False,False,
17/977578,12583100,2022-10-31,Robot to which direct teaching is applied,DENSO WAVE INCORPORATED,DENSO WAVE,DENSO,JP,114536881,1,B25J-0009/0081,GRAY,,False,True,False,False,False,False,False,
18/187892,12539611,2023-03-22,"Robot control apparatus, robot control system, and robot control method",NACHI-FUJIKOSHI CORP.,NACHI-FUJIKOSHI,NACHI-FUJIKOSHI,JP,114536892,1,B25J-0009/1674,GRAY,,False,True,False,False,False,True,False,
17/096971,11541536,2020-11-13,Program generation device configured to generate operation program including operation symbol of robot apparatus,FANUC CORPORATION,FANUC,FANUC,JP,114549264,3,B25J-0009/1656,GRAY,,False,True,False,False,False,False,False,
17/717843,12358130,2022-04-11,Machine learning device and robot system,DENSO WAVE INCORPORATED,DENSO WAVE,DENSO,JP,114556497,1,B25J-0009/1612,GRAY,,False,True,False,False,False,False,False,
18/102962,12358158,2023-01-30,Robot controller and robot system,SEIKO EPSON CORPORATION,SEIKO EPSON,SEIKO EPSON,JP,114558961,1,B25J-0013/06,GRAY,,False,False,False,False,False,False,False,
18/264582,12570000,2022-02-08,Palletizing system and external appearance inspection apparatus,G-TEKT CORPORATION,G-TEKT,G-TEKT,JP,114559549,1,B25J-0009/1687,E_auto,제외전용신호+Tier신호없음,False,False,False,False,False,True,False,
16/999544,11648690,2020-08-21,Robotic end-of-arm tools and methods of use,House of Design LLC,HOUSE OF DESIGN,HOUSE OF DESIGN,US,114614891,1,B25J-0015/0266,GRAY,,False,True,False,False,False,False,False,
17/699528,12415285,2022-03-21,Integrated mobile manipulator robot with accessory interfaces,"Boston Dynamics, Inc.",BOSTON DYNAMICS,HYUNDAI MOTOR GROUP(2021~)/구글·소프트뱅크(이전),US,114615394,2,B25J-0015/0466,GRAY,,False,True,False,False,False,True,False,
15/986952,11084169,2018-05-23,System and method for controlling a robotic arm,OLIVER CRISPIN ROBOTICS LIMITED,OLIVER CRISPIN ROBOTICS,OLIVER CRISPIN ROBOTICS,GB,114621587,1,B25J-0009/1664,GRAY,,False,True,False,False,False,False,False,
15/991019,11000948,2018-05-29,Robotic arm assembly,OLIVER CRISPIN ROBOTICS LIMITED,OLIVER CRISPIN ROBOTICS,OLIVER CRISPIN ROBOTICS,GB,114621597,1,B25J-0009/06,GRAY,,False,True,False,False,False,False,False,
17/725753,12605850,2022-04-21,Micro electro-hydraulic linear actuator and hand of electro-hydraulic driven robot,"SHENZHEN SPHERICAL FLUID POWER TECHNOLOGY CO.,LTD.",SHENZHEN SPHERICAL FLUID POWER TECHNOLOGY COLTD,SHENZHEN SPHERICAL FLUID POWER TECHNOLOGY COLTD,CN,114629093,1,B25J-0015/0009,T1_auto,휴머노이드명시/전건T1_OEM,True,True,False,False,False,False,False,
18/195059,12605822,2023-05-09,Mobile robot apparatus and control method therefor,"SAMSUNG ELECTRONICS CO., LTD.",SAMSUNG ELECTRONICS,SAMSUNG,KR,114629523,1,B25J-0005/007,GRAY,,False,True,False,False,False,False,False,
18/144078,12605840,2023-05-05,Lift device with robotic welding attachment innovations,OSHKOSH CORPORATION,OSHKOSH,OSHKOSH,US,114630058,1,B25J-0005/06,GRAY,,False,False,False,False,False,False,False,
17/172209,12350821,2021-02-10,Vacuum-environment robot with distributed actuators,PERSIMMON TECHNOLOGIES CORPORATION,PERSIMMON TECHNOLOGIES,PERSIMMON TECHNOLOGIES,US,114631358,1,B25J-0019/007,GRAY,,False,True,False,False,False,False,False,
18/047561,12128553,2022-10-18,Infinite-rotation infinite-stiffness variable stiffness actuator (IRISVSA) with application for compliant supernumerary robotic limb,KHALIFA UNIVERSITY OF SCIENCE AND TECHNOLOGY,KHALIFA UNIVERSITY OF SCIENCE AND TECHNOLOGY,KHALIFA UNIVERSITY OF SCIENCE AND TECHNOLOGY,AE,114632388,2,B25J-0019/068,GRAY,,False,True,False,True,False,False,False,
18/390358,12605830,2023-12-20,Robot planning for gaps,INTRINSIC INNOVATION LLC,INTRINSIC INNOVATION,ALPHABET,US,114632960,1,B25J-0009/1661,GRAY,,False,False,False,False,False,False,False,
18/545986,12605832,2023-12-19,Robotic control with real-time switching between trajectories,INTRINSIC INNOVATION LLC,INTRINSIC INNOVATION,ALPHABET,US,114632961,1,B25J-0009/1661,GRAY,,False,False,False,False,False,False,False,
17/902399,12605849,2022-09-02,Force overshoot and other pressure disturbance mitigation in pneumatic force control devices,"ATI Industrial Automation, Inc.",ATI INDUSTRIAL AUTOMATION,ATI INDUSTRIAL AUTOMATION,US,114632962,1,B25J-0013/085,GRAY,,False,False,False,False,False,False,False,
17/689211,12605851,2022-03-08,Robot end effector,"TOYOTA RESEARCH INSTITUTE, INC.",TOYOTA RESEARCH INSTITUTE,TOYOTA,US,114632963,1,B25J-0009/0012,GRAY,,False,True,False,False,False,False,False,
17/644945,12521875,2021-12-17,Supervised autonomous grasping,"Boston Dynamics, Inc.",BOSTON DYNAMICS,HYUNDAI MOTOR GROUP(2021~)/구글·소프트뱅크(이전),US,114634149,1,B25J-0009/1612,GRAY,,False,True,False,False,False,False,False,
18/200347,12496714,2023-05-22,Collision-free motion generation,NVIDIA CORPORATION,NVIDIA,NVIDIA,US,114634152,1,B25J-0009/1664,GRAY,,False,True,False,False,False,False,False,
18/545148,12447620,2023-12-19,Methods and apparatus for controlling a gripper of a robotic device,"Boston Dynamics, Inc.",BOSTON DYNAMICS,HYUNDAI MOTOR GROUP(2021~)/구글·소프트뱅크(이전),US,114634153,1,B25J-0009/1612,GRAY,,False,True,False,False,False,False,False,
18/626004,12617079,2024-04-03,Robotics system for verification and validation of smart connected HMI devices and method thereof,SGBI Inc.,SGBI,SGBI,US,114642466,1,B25J-0009/026,GRAY,,False,True,False,False,False,False,False,
18/347226,12617081,2023-07-05,Mobile manipulator robot and method for using the same,"Hyundai Mobis Co., Ltd.",HYUNDAI MOBIS,HYUNDAI MOTOR GROUP,KR,114642468,1,B25J-0009/162,GRAY,,False,True,False,False,False,False,False,
18/278305,12617082,2021-02-26,"Learning device, learning method, and recording medium",NEC CORPORATION,NEC,NEC,JP,114642469,1,B25J-0009/163,GRAY,,False,False,False,False,False,False,False,
18/492861,12617089,2023-10-24,Teaching program generation device,DAIHEN CORPORATION,DAIHEN,DAIHEN,JP,114642476,1,B25J-0009/1656,GRAY,,False,False,False,False,False,False,False,
18/078307,12617095,2022-12-09,Dynamic allocation of robotic sortation resources,"AMAZON TECHNOLOGIES, INC.",AMAZON TECHNOLOGIES,AMAZON,US,114642482,1,B25J-0009/1682,E_auto,제외전용신호+Tier신호없음,False,False,False,False,False,True,False,
17/685815,12617106,2022-03-03,Robot hand module,Hyundai Motor Company | Kia Corporation,HYUNDAI MOTOR,HYUNDAI MOTOR GROUP,KR,114642493,1,B25J-0015/0009,T1_auto,휴머노이드명시/전건T1_OEM,True,True,False,False,False,False,False,
17/019546,12070860,2020-09-14,Machine learning based decision making for robotic item handling,"INTELLIGRATED HEADQUARTERS, LLC",INTELLIGRATED HEADQUARTERS,INTELLIGRATED HEADQUARTERS,US,114716078,1,B25J-0009/161,GRAY,,False,True,False,False,False,True,False,
18/277940,12415283,2022-03-11,Robot manipulation device and robot,FANUC CORPORATION,FANUC,FANUC,JP,114738716,1,B25J-0013/02,GRAY,,False,True,False,False,False,False,False,
17/251993,11839979,2019-06-17,Dual mode free-drive of robot arm,UNIVERSAL ROBOTS A/S,UNIVERSAL ROBOTS A/S,UNIVERSAL ROBOTS A/S,DK,114790457,1,B25J-0009/1633,GRAY,,False,True,False,False,False,False,False,
17/595132,11554504,2020-05-08,Change-over coupling,FACC AG,FACC,FACC,AT,114818154,1,B25J-0015/0408,GRAY,,False,True,False,False,False,False,False,
17/294428,11504847,2018-12-29,"Distributed robot scheduling decision method, apparatus and system, electronic device and storage medium","SYRIUS ROBOTICS CO., LTD.",SYRIUS ROBOTICS,SYRIUS ROBOTICS,CN,114818170,1,B25J-0009/1661,E_auto,제외전용신호+Tier신호없음,False,False,False,False,False,True,False,
16/337565,11241794,2017-09-28,Method for the surface treatment of an article,GAIOTTO AUTOMATION S.P.A.,GAIOTTO AUTOMATION,GAIOTTO AUTOMATION,IT,114825109,1,B25J-0009/1679,GRAY,,False,True,False,False,False,False,False,
18/626092,12611783,2024-04-03,Robot hand and control method of the same,"SAMSUNG ELECTRONICS CO., LTD.",SAMSUNG ELECTRONICS,SAMSUNG,KR,114830999,1,B25J-0015/0028,GRAY,,False,True,False,False,False,False,False,
18/144377,12611778,2023-05-08,"Robot teleoperation method, robot and storage medium","SHANGHAI FLEXIV ROBOTICS TECHNOLOGY CO., LTD. | FLEXIV LTD.",SHANGHAI FLEXIV ROBOTICS TECHNOLOGY,SHANGHAI FLEXIV ROBOTICS TECHNOLOGY,CN,114831000,1,B25J-0009/1689,GRAY,,False,True,False,False,False,False,False,
15/733892,11878431,2019-05-20,End effector and member mounting method,SHIMIZU CORPORATION,SHIMIZU,SHIMIZU,JP,114833719,1,B25J-0009/1687,GRAY,,False,True,False,False,False,False,False,
18/927001,12403597,2024-10-25,Intuitive virtual reality interface for controlling robots,"Altec Industries, Inc.",ALTEC INDUSTRIES,ALTEC INDUSTRIES,US,114836275,1,B25J-0009/1661,GRAY,,False,True,False,False,False,False,False,
19/378386,12611765,2025-11-04,Modular omnidirectional robotic system for nonplanar structure navigation,William Lukac Yankanin Boychuck | Graham Michael Simons | Paul Bennett Dohn | Kyle Tavarez,WILLIAM LUKAC YANKANIN BOYCHUCK,WILLIAM LUKAC YANKANIN BOYCHUCK,US,114836848,1,B25J-0009/08,GRAY,,False,False,False,False,False,False,False,
19/322446,12611767,2025-09-08,System and method for efficient control of a humanoid robot,FIGURE AI INC.,FIGURE AI,FIGURE AI,US,114836849,1,B25J-0009/1605,T1_auto,휴머노이드명시/전건T1_OEM,True,True,False,False,False,False,False,
18/019039,12611777,2021-08-02,Robotic system for remote operation of equipment in infectious environments,THE JOHNS HOPKINS UNIVERSITY,THE JOHNS HOPKINS UNIVERSITY,THE JOHNS HOPKINS UNIVERSITY,US,114836852,1,B25J-0009/1689,GRAY,,False,False,False,False,False,False,False,
17/978608,12528189,2022-11-01,Controlling multiple robots to cooperatively unload a truck or other container,"DEXTERITY, INC.",DEXTERITY,DEXTERITY,US,114838243,1,B25J-0009/1682,GRAY,,False,True,False,False,False,True,False,
18/532845,12623339,2023-12-07,Articulated work robot device,RAON ROBOTICS INC.,RAON ROBOTICS,RAON ROBOTICS,KR,114850754,1,B25J-0009/0084,GRAY,,False,True,False,False,False,False,False,
18/140784,12623344,2023-04-28,Method for robot assisted multi-view 3D scanning measurement based on path planning,UNIVERSITY OF ELECTRONIC SCIENCE AND TECHNOLOGY OF CHINA,UNIVERSITY OF ELECTRONIC SCIENCE AND TECHNOLOGY OF CHINA,UNIVERSITY OF ELECTRONIC SCIENCE AND TECHNOLOGY OF CHINA,CN,114850759,1,B25J-0009/1664,GRAY,,False,False,False,False,False,False,False,
18/302838,12623345,2023-04-19,Path generation method of generating path of robot using command from external apparatus and robot control system,SEIKO EPSON CORPORATION,SEIKO EPSON,SEIKO EPSON,JP,114850760,1,B25J-0009/1664,GRAY,,False,False,False,False,False,False,False,
18/219264,12623352,2023-07-07,Automatic massage method,Denis Ledenkov | Maxim Gladilov,DENIS LEDENKOV,DENIS LEDENKOV,AE,114850767,1,B25J-0011/008,GRAY,,False,True,False,False,False,False,False,
18/555790,12623356,2022-11-28,Parallel robot,"SHANGHAI FLEXIV ROBOTICS TECHNOLOGY CO., LTD. | FLEXIV LTD.",SHANGHAI FLEXIV ROBOTICS TECHNOLOGY,SHANGHAI FLEXIV ROBOTICS TECHNOLOGY,CN,114850771,1,B25J-0013/085,E_auto,제외전용신호+Tier신호없음,False,False,False,False,False,True,False,
18/048802,12583105,2022-10-21,"Robot, control method therefor, method for manufacturing article using robot, and storage medium",Canon Kabushiki Kaisha,CANON,CANON,JP,114918214,1,B25J-0009/1633,GRAY,,False,True,False,False,False,False,False,
18/408963,12409562,2024-01-10,Method for controlling robot and system,"HITACHI, LTD.",HITACHI,HITACHI,JP,114918389,1,B25J-0013/02,GRAY,,False,True,False,False,False,False,False,
18/248643,12370702,2021-10-12,"Systems and methods for designing, testing, and validating a robotic system","MacDonald, Dettwiler and Associates Inc.",MACDONALD DETTWILER AND ASSOCIATES,MACDONALD DETTWILER AND ASSOCIATES,CA,114919713,1,B25J-0019/0095,GRAY,,False,True,False,False,False,False,False,
18/048271,12479092,2022-10-20,System and method for learning sequences in robotic tasks for generalization to new tasks,"Mitsubishi Electric Research Laboratories, Inc.",MITSUBISHI ELECTRIC RESEARCH LABORATORIES,MITSUBISHI ELECTRIC,미상,114920706,1,B25J-0009/163,GRAY,,False,True,False,False,False,False,False,
18/569087,12564944,2022-09-27,Robot and robot control method,"BEIJING YOUZHUJU NETWORK TECHNOLOGY CO., LTD.",BEIJING YOUZHUJU NETWORK TECHNOLOGY,BEIJING YOUZHUJU NETWORK TECHNOLOGY,CN,114940942,1,B25J-0009/162,GRAY,,False,True,False,False,False,False,False,
17/854730,12454050,2022-06-30,Reactive interactions for robotic applications and other automated systems,NVIDIA CORPORATION,NVIDIA,NVIDIA,US,114942285,1,B25J-0009/1612,GRAY,,False,True,False,False,False,False,False,
16/949754,12053893,2020-11-12,Module insertion system for robotic assembly,"BRIGHT MACHINES, INC.",BRIGHT MACHINES,BRIGHT MACHINES,US,115000728,1,B25J-0009/1687,GRAY,,False,True,False,False,False,False,False,
18/085702,12617098,2022-12-21,"Method, apparatus, and system for automating operation of a machine","Y SOFT CORPORATION, A.S.",Y SOFT AS,Y SOFT AS,미상,115010300,1,B25J-0009/1694,GRAY,,False,True,False,False,False,False,False,
14/714489,9751213,2015-05-18,System and method for robot operating environment discovery,ROSS VIDEO LIMITED,ROSS VIDEO,ROSS VIDEO,CA,115013330,1,B25J-0009/1638,GRAY,,False,True,False,False,False,False,False,
16/648450,11370111,2018-09-20,System and method for adaptive bin picking for manufacturing,MAGNA INTERNATIONAL INC.,MAGNA INTERNATIONAL,MAGNA INTERNATIONAL,CA,115015519,1,B25J-0009/1612,GRAY,,False,False,False,False,False,False,False,
18/397942,12617102,2023-12-27,Robotic polishing system and method for using same,PRATT & WHITNEY CANADA CORP.,PRATT & WHITNEY CANADA,PRATT & WHITNEY CANADA,CA,115019464,1,B25J-0011/0065,GRAY,,False,False,False,False,False,False,False,
18/695751,12617096,2022-09-15,Coordination of multiple robots using graph neural networks,GDM HOLDING LLC,GDM,GDM,US,115022287,1,B25J-0009/1682,GRAY,,False,True,False,False,False,False,False,
18/279941,12617091,2022-03-04,Safety features for a robot assembly and method of same,MAGNA POWERTRAIN GMBH & CO KG,MAGNA POWERTRAIN & CO KG,MAGNA POWERTRAIN & CO KG,AT,115025152,1,B25J-0009/1666,GRAY,,False,True,False,False,False,False,False,
18/545967,12617093,2023-12-19,Real-time robotic control using digital twin models,INTRINSIC INNOVATION LLC,INTRINSIC INNOVATION,ALPHABET,US,115025153,1,B25J-0009/1671,GRAY,,False,False,False,False,False,False,False,
17/870648,12539610,2022-07-21,"Methods, systems, and computer program products for reachability constraint manipulation for height thresholded scenarios in robotic depalletization","Intelligrated Headquarters, LLC",INTELLIGRATED HEADQUARTERS,INTELLIGRATED HEADQUARTERS,US,115026348,1,B25J-0009/1666,GRAY,,False,True,False,False,False,True,False,
18/885248,12577067,2024-09-13,Robotic depalletization system and method,"Hand Held Products, Inc.",HAND HELD PRODUCTS,HAND HELD PRODUCTS,US,115032488,1,B25J-0009/1697,GRAY,,False,True,False,False,False,True,False,
16/967830,12070865,2019-02-07,Device and method for use in cleaning a facade,Skyline Robotics Ltd.,SKYLINE ROBOTICS,SKYLINE ROBOTICS,IL,115032857,1,B25J-0005/00,GRAY,,False,True,False,False,False,False,False,
17/935879,12629822,2022-09-27,Device and method for controlling a robot,ROBERT BOSCH GMBH,ROBERT BOSCH,ROBERT BOSCH,DE,115040052,1,B25J-0009/163,GRAY,,False,True,False,False,False,False,False,
18/018199,12629832,2021-08-18,Robot control device,FANUC CORPORATION,FANUC,FANUC,JP,115040062,1,B25J-0009/1666,GRAY,,False,False,False,False,False,False,False,
18/146079,12629833,2022-12-23,Trajectory planning systems and methods,INTEL CORPORATION,INTEL,INTEL,US,115040063,1,B25J-0009/1666,GRAY,,False,True,False,False,False,False,False,
18/707600,12629836,2022-11-03,"Robot suspension judgment method based on laser points, a map update method and a chip","AMICRO SEMICONDUCTOR CO., LTD.",AMICRO SEMICONDUCTOR,AMICRO SEMICONDUCTOR,CN,115040066,1,B25J-0009/1676,GRAY,,False,False,False,False,False,False,False,
18/356525,12629837,2023-07-21,Method for robot assembly skill learning,FANUC CORPORATION,FANUC,FANUC,JP,115040067,1,B25J-0009/1687,GRAY,,False,True,False,False,False,False,False,
18/608971,12629840,2024-03-19,"Operation control device, operation control system, operation control method, and storage medium","HONDA MOTOR CO., LTD.",HONDA MOTOR,HONDA,JP,115040070,1,B25J-0009/1692,GRAY,,False,True,False,False,False,False,False,
17/723916,12629849,2022-04-19,Inverse tendon actuated fingers for active grasping,"Toyota Research Institute, Inc.",TOYOTA RESEARCH INSTITUTE,TOYOTA,US,115040079,1,B25J-0015/12,GRAY,,False,True,False,False,False,False,False,
18/553183,12632028,2021-04-23,Numerical control device and numerical control system,FANUC CORPORATION,FANUC,FANUC,JP,115042225,1,B25J-0009/16,GRAY,,False,False,False,False,False,False,False,
17/351351,12632695,2021-06-18,Robotic demonstration retrieval systems and methods,NAVER CORPORATION,NAVER,NAVER,KR,115042880,1,B25J-0009/1664,GRAY,,False,True,False,False,False,False,False,
16/971679,11964397,2019-02-15,"Method for moving tip of line-like object, controller, and three-dimensional camera",KURASHIKI BOSEKI KABUSHIKI KAISHA,KURASHIKI BOSEKI,KURASHIKI BOSEKI,JP,115113892,1,B25J-0009/1697,GRAY,,False,True,False,False,False,False,False,
18/328227,12605831,2023-06-02,Robot controller and robot control system,NACHI-FUJIKOSHI CORP.,NACHI-FUJIKOSHI,NACHI-FUJIKOSHI,JP,115124434,1,B25J-0009/1664,GRAY,,False,True,False,False,False,False,False,
18/278239,12533809,2022-01-19,"Robot posture determination device, method, and program",OMRON CORPORATION,OMRON,OMRON,JP,115148478,1,B25J-0009/1669,GRAY,,False,True,False,False,False,False,False,
15/956804,11154992,2018-04-19,"Soft robotic actuators for positioning, packaging, and assembling","SOFT ROBOTICS, INC.",SOFT ROBOTICS,SOFT ROBOTICS/OXIPITAL,US,115198713,1,B25J-0015/0023,GRAY,,False,True,False,False,False,False,False,
15/938595,10537990,2018-03-28,Split robotic article pick and put system,Dematic Corp.,DEMATIC,DEMATIC,US,115199374,1,B25J-0009/0093,GRAY,,False,True,False,False,False,False,False,
16/978318,12139340,2019-03-07,"Robot system for gripping an item in a storage and picking system, and operating method for same",TGW LOGISTICS GROUP GMBH,TGW LOGISTICS GROUP,TGW LOGISTICS GROUP,AT,115211249,1,B25J-0009/1612,GRAY,,False,True,False,False,False,False,False,
16/978311,12427656,2019-03-07,Robot system for testing a loading space of a loading aid in a storage and order-picking system and operating method therefor,TGW LOGISTICS GMBH,TGW LOGISTICS,TGW LOGISTICS,AT,115211506,1,B25J-0009/1612,GRAY,,False,True,False,False,False,True,False,
17/238940,11992955,2021-04-23,"Robotic spearing device for performing item capture and sorting, spearing end effector and method for performing same",WASTE ROBOTICS INC.,WASTE ROBOTICS,WASTE ROBOTICS,CA,115212109,1,B25J-0009/1679,GRAY,,False,True,False,False,False,True,False,
17/774764,12304068,2020-11-02,"Articulation having three degrees of freedom for a robot, and corresponding control method",POLLEN ROBOTICS,POLLEN ROBOTICS,POLLEN ROBOTICS,FR,115213210,1,B25J-0009/0048,GRAY,,False,True,False,False,False,False,False,
18/696290,12623347,2022-09-29,"Method for the safety control, during direct teaching, of a robotised system and relative robotised system",GAIOTTO AUTOMATION S.P.A.,GAIOTTO AUTOMATION,GAIOTTO AUTOMATION,IT,115217562,1,B25J-0009/1656,GRAY,,False,True,False,False,False,False,False,
18/190281,12623343,2023-03-27,Robot and method for controlling thereof,"Samsung Electronics Co., Ltd.",SAMSUNG ELECTRONICS,SAMSUNG,KR,115219037,1,B25J-0009/1661,GRAY,,False,True,False,False,False,False,False,
15/223141,10717196,2016-07-29,"Machine learning device, robot system, and machine learning method for learning workpiece picking operation","FANUC CORPORATION | PREFERRED NETWORKS, INC.",FANUC,FANUC,JP,115220064,2,B25J-0009/1697,GRAY,,False,True,False,False,False,False,False,
18/574965,12454056,2021-08-03,"Device, control device and method for generating signal for weaving motion",FANUC CORPORATION,FANUC,FANUC,JP,115220519,1,B25J-0009/16,GRAY,,False,False,False,False,False,False,False,
18/731745,12623350,2024-06-03,Universal manipulation interface,"Toyota Research Institute, Inc. | Toyota Jidosha Kabushiki Kaisha | THE BOARD OF TRUSTEES OF THE LELAND STANFORD JUNIOR UNIVERSITY",TOYOTA RESEARCH INSTITUTE,TOYOTA,US,115221556,1,B25J-0009/1697,GRAY,,False,True,False,False,False,False,False,
18/935741,12617074,2024-11-04,"Pick-up method, pick-up device, and pick-up system","SINTOKOGIO, LTD.",SINTOKOGIO,SINTOKOGIO,JP,115225320,1,B25J-0009/0096,GRAY,,False,True,False,False,False,False,False,
18/337573,12636778,2023-06-20,Intelligent scheduling system for construction robot and method for generating an interpretation,Feng Chia University,FENG CHIA UNIVERSITY,FENG CHIA UNIVERSITY,TW,115247066,1,B25J-0009/163,GRAY,,False,True,False,False,False,False,False,
18/730573,12636779,2023-01-17,Controlling a telerobot,KUKA DEUTSCHLAND GMBH,KUKA DEUTSCHLAND,KUKA,DE,115247067,1,B25J-0009/1633,GRAY,,False,False,False,False,False,False,False,
18/001586,12636781,2021-07-27,Control device and robot system,FANUC CORPORATION,FANUC,FANUC,JP,115247069,1,B25J-0009/1651,GRAY,,False,True,False,False,False,False,False,
17/884678,12636784,2022-08-10,Real-time motion and path planner for robots,Intel Corporation,INTEL,INTEL,US,115247072,1,B25J-0009/1666,GRAY,,False,True,False,False,False,False,False,
17/346311,12636790,2021-06-14,Image processing device,KEYENCE CORPORATION,KEYENCE,KEYENCE,JP,115247078,1,B25J-0009/1697,GRAY,,False,False,False,False,False,False,False,
18/254212,12636800,2021-12-14,Damage-point estimation device and damage-point estimation method,FANUC CORPORATION,FANUC,FANUC,JP,115247088,1,B25J-0009/1674,GRAY,,False,False,False,False,False,False,False,
16/870903,11518042,2020-05-09,Robotic assistant,UBTECH ROBOTICS CORP LTD,UBTECH ROBOTICS,UBTECH,CN,115307200,2,B25J-0011/009,GRAY,,False,True,False,False,False,False,False,
18/273387,12479096,2022-02-24,"Robot installation position measurement device, installation position measurement method, robot controller, teaching system, and simulator",FANUC CORPORATION,FANUC,FANUC,JP,115312051,1,B25J-0009/1656,GRAY,,False,False,False,False,False,False,False,
18/262577,12496732,2022-03-24,"Computation device for calculating permissible value of external force acting on robot device or workpiece, and device for controlling robot",FANUC CORPORATION,FANUC,FANUC,JP,115312536,1,B25J-0013/085,GRAY,,False,False,False,False,False,False,False,
17/699545,12186919,2022-03-21,Perception mast for an integrated mobile manipulator robot,"Boston Dynamics, Inc.",BOSTON DYNAMICS,HYUNDAI MOTOR GROUP(2021~)/구글·소프트뱅크(이전),US,115382836,1,B25J-0009/1697,GRAY,,False,True,False,False,False,True,False,
17/699523,12240105,2022-03-21,Dynamic mass estimation methods for an integrated mobile manipulator robot,"BOSTON DYNAMICS, INC.",BOSTON DYNAMICS,HYUNDAI MOTOR GROUP(2021~)/구글·소프트뱅크(이전),US,115382837,1,B25J-0009/1638,GRAY,,False,True,False,False,False,True,False,
15/618525,10252420,2017-06-09,Collaborative robot,"Precise Automation, Inc.",PRECISE AUTOMATION,PRECISE AUTOMATION,US,115388343,3,B25J-0009/1676,GRAY,,False,True,False,False,False,False,False,
17/613470,11958192,2020-06-01,Method and system for mobile reconfigurable robot for a large workspace,Amir Khajepour | Hamed Jamshidifar,AMIR KHAJEPOUR,AMIR KHAJEPOUR,CA,115389939,1,B25J-0009/1617,GRAY,,False,True,False,False,False,False,False,
17/456543,12377546,2021-11-24,System and method for automatically sorting and combining board pieces,MEKANIKA INC. | PRO-AUTOMATION INC.,MEKANIKA,MEKANIKA,CA,115390344,1,B25J-0009/1687,GRAY,,False,True,False,False,False,True,False,
17/746910,12064865,2022-05-17,Proximity sensing autonomous robotic systems and apparatus,"CORPORATION, COBIONIX",COBIONIX,COBIONIX,CA,115391609,1,B25J-0013/086,GRAY,,False,True,False,False,False,False,False,
18/630170,12311536,2024-04-09,"Vacuum-based end effector, system, and method for detecting parcel engagement and classifying parcels using audio","FORTNA SYSTEMS, INC.",FORTNA SYSTEMS,FORTNA SYSTEMS,US,115392854,1,B25J-0015/0683,E_auto,제외전용신호+Tier신호없음,False,False,False,False,False,True,False,
17/743709,12629827,2022-05-13,Rapid change mechanism for complex end effectors,The Boeing Company,THE BOEING,THE BOEING,US,115395490,1,B25J-0009/1612,GRAY,,False,False,False,False,False,False,False,
18/293937,12629847,2022-08-04,System for controlling robotic end effectors,EMI INTEGRATED SYSTEMS LTD.,EMI INTEGRATED SYSTEMS,EMI INTEGRATED SYSTEMS,IL,115396409,1,B25J-0015/0408,GRAY,,False,True,False,False,False,False,False,
18/189469,12629825,2023-03-24,Method of determining value of parameter for controlling wearable device and electronic device performing the method,"SAMSUNG ELECTRONICS CO., LTD.",SAMSUNG ELECTRONICS,SAMSUNG,KR,115396531,1,B25J-0009/1633,GRAY,,False,True,False,False,False,False,False,
18/414084,12629819,2024-01-16,Method and system for dexterous manipulation by a robot,"Honda Motor Co., Ltd.",HONDA MOTOR,HONDA,JP,115400856,1,B25J-0009/1605,GRAY,,False,True,False,False,False,False,False,
18/825339,12629839,2024-09-05,System and methods for robotic teleoperation intention estimation,"Honda Motor Co., Ltd.",HONDA MOTOR,HONDA,JP,115400858,1,B25J-0009/1689,GRAY,,False,True,True,False,False,True,False,
18/157797,11839975,2023-01-20,Controlling a robotic arm based on profilometer scans to perform precision workstation operations upon a workpiece,VAIA TECHNOLOGIES LLC,VAIA TECHNOLOGIES,VAIA TECHNOLOGIES,US,115401963,1,B25J-0009/1612,GRAY,,False,True,False,False,False,False,False,
17/823440,12454058,2022-08-30,"Methods, systems, and computer program products for executing partial depalletization operations in robotic depalletization","Intelligrated Headquarters, LLC",INTELLIGRATED HEADQUARTERS,INTELLIGRATED HEADQUARTERS,US,115401967,1,B25J-0009/1687,E_auto,제외전용신호+Tier신호없음,False,False,False,False,False,True,False,
18/526504,12552011,2023-12-01,Method and system for multirobot collaborative mobile manipulation,NORTHWESTERN UNIVERSITY,NORTHWESTERN UNIVERSITY,NORTHWESTERN UNIVERSITY,US,115404403,1,B25J-0005/007,GRAY,,False,True,False,False,False,True,False,
18/840904,12643222,2022-03-18,Parallel link robot and parallel link robot system,FANUC CORPORATION,FANUC,FANUC,JP,115420649,1,B25J-0009/0051,GRAY,,False,False,False,False,False,False,False,
18/003251,12643227,2021-06-28,Numerical control system,FANUC CORPORATION,FANUC,FANUC,JP,115420654,1,B25J-0009/1602,GRAY,,False,True,False,False,False,False,False,
18/553949,12643233,2022-04-13,Robotic cells,BAE SYSTEMS PLC,BAE SYSTEMS,BAE SYSTEMS,GB,115420660,1,B25J-0009/1661,GRAY,,False,False,False,False,False,False,False,
19/260568,12643243,2025-07-06,Autowrap robotics: AI platform for automated vehicle surface treatment using humanoid robots,AUTOWRAP ROBOTICS LLC,AUTOWRAP ROBOTICS,AUTOWRAP ROBOTICS,US,115420670,1,B25J-0015/0491,T1_auto,휴머노이드명시/전건T1_OEM,True,True,False,False,False,False,False,
17/822809,12643246,2022-08-29,Robotic end effectors and soft grippers thereof,HONG KONG CENTRE FOR LOGISTICS ROBOTICS LIMITED,HONG KONG CENTRE FOR LOGISTICS ROBOTICS,HONG KONG CENTRE FOR LOGISTICS ROBOTICS,CN,115420673,1,B25J-0015/12,GRAY,,False,True,False,False,False,False,False,
18/273824,12605829,2022-02-04,Robot system and workpiece supply method,FANUC CORPORATION,FANUC,FANUC,JP,115435160,1,B25J-0009/1633,GRAY,,False,True,False,False,False,False,False,
18/435800,12600031,2024-02-07,Tactile robotic training platform,Tacta Systems Inc.,TACTA SYSTEMS,TACTA SYSTEMS,US,115435473,2,B25J-0009/163,GRAY,,False,True,False,False,False,False,False,
18/201258,12420409,2023-05-24,Weld angle correction device,"LINCOLN GLOBAL, INC.",LINCOLN GLOBAL,LINCOLN GLOBAL,US,115441353,1,B25J-0009/1661,GRAY,,False,False,False,False,False,False,False,
17/598630,12246433,2020-03-20,Device and method for finishing a solid-propellant charge,ARIANEGROUP SAS,ARIANEGROUP,ARIANEGROUP,FR,115498831,1,B25J-0011/005,GRAY,,False,True,False,False,False,False,False,
18/162808,12311541,2023-02-01,"Generation method, computer program, and generation system",SEIKO EPSON CORPORATION,SEIKO EPSON,SEIKO EPSON,JP,115512958,1,B25J-0009/0081,GRAY,,False,True,False,False,False,False,False,
17/189381,12128558,2021-03-02,Compact traversing robot,PERSIMMON TECHNOLOGIES CORPORATION,PERSIMMON TECHNOLOGIES,PERSIMMON TECHNOLOGIES,US,115514346,2,B25J-0009/044,GRAY,,False,True,False,False,False,False,False,
17/531267,11926054,2021-11-19,Robot control method,"PANASONIC INTELLECTUAL PROPERTY MANAGEMENT CO., LTD.",PANASONIC INTELLECTUAL PROPERTY MANAGEMENT,PANASONIC,JP,115525715,1,B25J-0009/1641,GRAY,,False,True,False,False,False,False,False,
18/904343,12534837,2024-10-02,Sewing cell adjustable feature,"INTEVA PRODUCTS, LLC",INTEVA PRODUCTS,INTEVA PRODUCTS,US,115533340,1,B25J-0011/00,GRAY,,False,True,False,False,False,False,False,
18/026538,12397446,2021-09-22,Electrostatic attractor and robot hand comprising same,CREATIVE TECHNOLOGY CORPORATION,CREATIVE TECHNOLOGY,CREATIVE TECHNOLOGY,JP,115541648,1,B25J-0015/0085,GRAY,,False,True,False,False,False,False,False,
18/549021,12508708,2021-03-11,"Method of handling manipulator, control system and industrial robot",ABB SCHWEIZ AG,ABB SCHWEIZ,ABB,CH,115542868,1,B25J-0009/1664,GRAY,,False,True,False,False,False,False,False,
14/734719,10974382,2015-06-09,Soft robotic actuators utilizing asymmetric surfaces,"SOFT ROBOTICS, INC.",SOFT ROBOTICS,SOFT ROBOTICS/OXIPITAL,US,115571652,4,B25J-0009/142,GRAY,,False,True,False,False,False,False,False,
16/361684,11623348,2019-03-22,Torsional series elastic actuator,"ROBOLIGENT, INC.",ROBOLIGENT,ROBOLIGENT,US,115574690,2,B25J-0013/085,GRAY,,False,True,False,False,False,False,False,
18/213275,11826914,2023-06-23,Mechanical arm type measuring robot device and application method,Beijing LongRuan Technologies Inc.,BEIJING LONGRUAN TECHNOLOGIES,BEIJING LONGRUAN TECHNOLOGIES,CN,115580855,1,B25J-0009/1676,GRAY,,False,False,False,False,False,False,False,
17/941735,12059803,2022-09-09,Conveyor system with multiple robot singulators and buffering conveyor,"MATERIAL HANDLING SYSTEMS, INC.",MATERIAL HANDLING SYSTEMS,MATERIAL HANDLING SYSTEMS,US,115582021,2,B25J-0009/0093,E_auto,제외전용신호+Tier신호없음,False,False,False,False,False,True,False,
16/007166,11065772,2018-06-13,"Functional assembly for an industrial machine, in particular for a robot, including an operative unit equipped with a safety cover",COMAU S.P.A.,COMAU,COMAU,IT,115587626,1,B25J-0019/06,GRAY,,False,True,False,False,False,False,False,
16/787418,11413751,2020-02-11,Motion distribution in robotic systems,"HYPERTHERM, INC.",HYPERTHERM,HYPERTHERM,US,115590019,1,B25J-0009/1664,GRAY,,False,True,False,False,False,False,False,
17/566589,11938634,2021-12-30,"Systems, devices, and methods for multi-purpose robots",SANCTUARY COGNITIVE SYSTEMS CORPORATION,SANCTUARY COGNITIVE SYSTEMS,SANCTUARY COGNITIVE SYSTEMS,CA,115591051,6,B25J-0009/1661,T1_auto,휴머노이드명시/전건T1_OEM,False,True,False,False,False,False,False,
17/719110,12330315,2022-04-12,"Systems, devices, and methods for developing robot autonomy",SANCTUARY COGNITIVE SYSTEMS CORPORATION,SANCTUARY COGNITIVE SYSTEMS,SANCTUARY COGNITIVE SYSTEMS,CA,115591267,3,B25J-0009/1689,T1_auto,휴머노이드명시/전건T1_OEM,False,True,False,False,False,False,False,
17/711973,12318933,2022-04-01,System for presenting robotic data flows for application development,SANCTUARY COGNITIVE SYSTEMS CORPORATION,SANCTUARY COGNITIVE SYSTEMS,SANCTUARY COGNITIVE SYSTEMS,CA,115593465,1,B25J-0009/163,T1_auto,휴머노이드명시/전건T1_OEM,False,False,False,False,False,False,False,
18/573197,12636776,2022-07-12,Method for controlling a robotic gripper using friction estimation,CAMOZZI AUTOMATION S.P.A.,CAMOZZI AUTOMATION,CAMOZZI AUTOMATION,IT,115598952,1,B25J-0009/1612,GRAY,,False,True,False,False,False,False,False,
17/546397,11897149,2021-12-09,Object handling apparatus,GOOGLE LLC,GOOGLE,ALPHABET,US,115603331,2,B25J-0009/1697,GRAY,,False,True,False,False,False,False,False,
18/472517,12636783,2023-09-22,"Robotic arm, method and apparatus for controlling robotic arm, robot, and storage medium",TENCENT TECHNOLOGY (SHENZHEN) COMPANY LIMITED,TENCENT TECHNOLOGY (SHENZHEN),TENCENT TECHNOLOGY (SHENZHEN),CN,115604600,1,B25J-0009/1612,GRAY,,False,True,False,False,False,False,False,
18/109611,12240714,2023-02-14,Robotic system to load and unload trucks and other containers,"DEXTERITY, INC.",DEXTERITY,DEXTERITY,US,115604635,2,B25J-0005/007,GRAY,,False,True,False,False,False,False,False,
18/002453,12337480,2021-07-07,Robot control system,FANUC CORPORATION,FANUC,FANUC,JP,115608120,1,B25J-0009/1656,GRAY,,False,True,False,False,False,False,False,
18/003261,12384043,2021-07-01,State monitoring device and state monitoring method for industrial machinery,FANUC CORPORATION,FANUC,FANUC,JP,115608884,1,B25J-0009/1697,GRAY,,False,False,False,False,False,False,False,
18/002813,12449796,2021-06-29,Teaching device and non-transitory computer-readable medium storing a computer program,FANUC CORPORATION,FANUC,FANUC,JP,115608885,1,B25J-0009/1664,GRAY,,False,True,False,False,False,False,False,
18/464837,12636775,2023-09-11,Robust position control system of flexible joint robots,Daegu Gyeongbuk Institute of Science and Technology,DAEGU GYEONGBUK INSTITUTE OF SCIENCE AND TECHNOLOGY,DAEGU GYEONGBUK INSTITUTE OF SCIENCE AND TECHNOLOGY,KR,115609213,1,B25J-0009/1607,GRAY,,False,True,False,False,False,False,False,
17/182359,11717960,2021-02-23,Anti-sway control for a robotic arm with adaptive grasping,"INTELLIGRATED HEADQUARTERS, LLC",INTELLIGRATED HEADQUARTERS,INTELLIGRATED HEADQUARTERS,US,115610634,2,B25J-0009/1638,GRAY,,False,True,False,False,False,False,False,
19/064596,12605824,2025-02-26,Humanoid robot,FIGURE AI INC.,FIGURE AI,FIGURE AI,US,115610981,1,B25J-0009/0009,T1_auto,휴머노이드명시/전건T1_OEM,True,True,False,False,False,False,False,
17/864350,12636786,2022-07-13,"System, method and device for managing an autonomous robot delivery system for a building",Earth Robotics,EARTH ROBOTICS,EARTH ROBOTICS,US,115611516,1,B25J-0009/1679,GRAY,,False,True,False,False,False,False,False,
18/368941,12636792,2023-09-15,Containerized robotic system,"DEXTERITY, INC.",DEXTERITY,DEXTERITY,US,115611517,1,B25J-0009/1692,GRAY,,False,True,False,False,False,False,False,
18/489789,12552021,2023-10-18,Techniques for training and implementing reinforcement learning policies for robot control,NVIDIA CORPORATION,NVIDIA,NVIDIA,US,115612829,2,B25J-0009/163,GRAY,,False,True,False,False,False,False,False,
18/623925,12275130,2024-04-01,Robotic food preparation system,CHEFEE ROBOTICS INC.,CHEFEE ROBOTICS,CHEFEE ROBOTICS,US,115612835,1,B25J-0009/023,GRAY,,False,False,False,False,False,False,False,
17/486364,11772268,2021-09-27,Robot collision detection device and method thereof,Hyundai Motor Company | Kia Corporation,HYUNDAI MOTOR,HYUNDAI MOTOR GROUP,KR,115621914,1,B25J-0009/1676,GRAY,,False,True,False,False,False,False,False,
17/685713,11826903,2022-03-03,Robot hand module,Hyundai Motor Company | Kia Corporation,HYUNDAI MOTOR,HYUNDAI MOTOR GROUP,KR,115621985,1,B25J-0015/0009,T1_auto,휴머노이드명시/전건T1_OEM,True,True,False,False,False,False,False,
18/393944,12649230,2023-12-22,Method and apparatus for performing robot skill based on skill uncertainty using large language model,ELECTRONICS AND TELECOMMUNICATIONS RESEARCH INSTITUTE,ELECTRONICS AND TELECOMMUNICATIONS RESEARCH INSTITUTE,ELECTRONICS AND TELECOMMUNICATIONS RESEARCH INSTITUTE,KR,115625278,1,B25J-0009/163,GRAY,,False,True,False,False,False,False,False,
18/277893,12649238,2021-03-24,"Motion plan device, motion plan method, and recording medium",NEC CORPORATION,NEC,NEC,JP,115625286,1,B25J-0009/1666,GRAY,,False,True,False,False,False,False,False,
19/187062,12649241,2025-04-23,"Calibration method applied to mobile robot, controller, and mobile robot",VISIONNAV ROBOTICS USA INC.,VISIONNAV ROBOTICS USA,VISIONNAV ROBOTICS USA,US,115625289,1,B25J-0009/1661,GRAY,,False,False,False,False,False,False,False,
18/416621,12649243,2024-01-18,Working robot operating system and method,HYUNDAI MOTOR COMPANY | KIA CORPORATION,HYUNDAI MOTOR,HYUNDAI MOTOR GROUP,KR,115625291,1,B25J-0011/005,GRAY,,False,False,False,False,False,False,False,
19/200673,12649247,2025-05-07,Vertical articulated robot,NACHI-FUJIKOSHI CORP.,NACHI-FUJIKOSHI,NACHI-FUJIKOSHI,JP,115625295,1,B25J-0015/0052,GRAY,,False,True,False,False,False,False,False,
18/066787,12649248,2022-12-15,Apparatus and methods to reduce impact of robot collision and/or avoid robot collision,The Boeing Company,THE BOEING,THE BOEING,US,115625296,1,B25J-0019/06,GRAY,,False,True,False,False,False,False,False,
18/160815,12649249,2023-01-27,High-rate cleanable robot cell,VELEC SYSTEMS,VELEC SYSTEMS,VELEC SYSTEMS,FR,115625297,1,B25J-0021/00,GRAY,,False,False,False,False,False,False,False,
18/554820,12358139,2021-05-19,Robot system,FANUC CORPORATION,FANUC,FANUC,JP,115637266,1,B25J-0005/007,E_auto,제외전용신호+Tier신호없음,False,False,False,False,False,True,False,
18/087265,12285863,2022-12-22,"Robot control method and apparatus, electronic device, storage medium, and robot","BEIJING XIAOMI ROBOT TECHNOLOGY CO., LTD.",BEIJING XIAOMI ROBOT TECHNOLOGY,BEIJING XIAOMI ROBOT TECHNOLOGY,CN,115637550,1,B25J-0009/1602,T1_auto,휴머노이드명시/전건T1_OEM,True,True,False,False,False,False,False,
18/797905,12600043,2024-08-08,Robot for assisting with and performing household chores,Symbol Robotics Inc.,SYMBOL ROBOTICS,SYMBOL ROBOTICS,US,115662134,1,B25J-0011/008,GRAY,,False,True,False,False,False,False,False,
18/362471,12296460,2023-07-31,Live inspector robot,SAUDI ARABIAN OIL COMPANY,SAUDI ARABIAN OIL,SAUDI ARABIAN OIL,SA,115678989,1,B25J-0011/008,GRAY,,False,False,False,False,False,False,False,
17/990345,12296458,2022-11-18,Robot apparatus and controlling method thereof,"SAMSUNG ELECTRONICS CO., LTD.",SAMSUNG ELECTRONICS,SAMSUNG,KR,115682904,1,B25J-0011/0005,GRAY,,False,False,False,False,False,False,False,
17/371942,11446826,2021-07-09,"Autonomous traverse tire changing bot, autonomous tire changing system, and method therefor","AUTOMATED TIRE, INC.",AUTOMATED TIRE,AUTOMATED TIRE,US,115706039,2,B25J-0011/00,GRAY,,False,True,False,False,False,False,False,
15/180653,10179410,2016-06-13,Modular robotic systems,"SOFT ROBOTICS, INC.",SOFT ROBOTICS,SOFT ROBOTICS/OXIPITAL,US,115766003,3,B25J-0015/0023,GRAY,,False,True,False,False,False,False,False,
15/738315,10850393,2016-07-07,Method for extending end user programming of an industrial robot with third party contributions,UNIVERSAL ROBOTS A/S,UNIVERSAL ROBOTS A/S,UNIVERSAL ROBOTS A/S,DK,115778446,1,B25J-0009/1664,GRAY,,False,False,False,False,False,False,False,
16/970856,11890761,2019-02-14,Method for interconnecting robots,UNIVERSITÉ DE REIMS CHAMPAGNE-ARDENNE,UNIVERSITÉ DE REIMS CHAMPAGNE-ARDENNE,UNIVERSITÉ DE REIMS CHAMPAGNE-ARDENNE,FR,115780158,1,B25J-0009/1682,T1_auto,휴머노이드명시/전건T1_OEM,True,False,False,False,False,False,False,
17/331956,12454047,2021-05-27,Fit and suspension systems and methods for a mobile robot,ROAM ROBOTICS INC.,ROAM ROBOTICS,ROAM ROBOTICS,US,115783038,1,B25J-0009/0006,GRAY,,False,True,False,True,False,False,False,
17/732282,12643220,2022-04-28,Deployable robotic arm,"ELEVATE ROBOTICS, INC.",ELEVATE ROBOTICS,ELEVATE ROBOTICS,US,115784313,1,B25J-0005/007,GRAY,,False,True,False,False,False,False,False,
18/276048,12643236,2021-02-17,Device for handling products in containers based on movement by elastic pressure on the top of the containers,Máquinas Sanmartin Ltda,MÁQUINAS SANMARTIN LTDA,MÁQUINAS SANMARTIN LTDA,BR,115790403,1,B25J-0009/1687,E_auto,제외전용신호+Tier신호없음,False,False,False,False,False,True,False,
18/671844,12636777,2024-05-22,Object placing via a mobile robot including nudging and related technology,"AGILITY ROBOTICS, INC.",AGILITY ROBOTICS,AGILITY ROBOTICS,US,115793668,1,B25J-0009/1612,T1_auto,휴머노이드명시/전건T1_OEM,False,True,False,False,False,False,False,
18/392132,12643224,2023-12-21,Self-assembling shape-morphing robotic platform,THE UNIVERSITY OF CHICAGO | ILLINOIS INSTITUTE OF TECHNOLOGY,THE UNIVERSITY OF CHICAGO,THE UNIVERSITY OF CHICAGO,US,115794161,1,B25J-0009/08,GRAY,,False,True,False,False,False,False,False,
18/545640,12643232,2023-12-19,"System, apparatus, and method for improved location identification","GECKO ROBOTICS, INC.",GECKO ROBOTICS,GECKO ROBOTICS,US,115794163,1,B25J-0009/1653,GRAY,,False,False,False,False,False,False,False,
17/818499,12654311,2022-08-09,"Robot hand, handling system, robot hand control device, method for controlling robot hand, and storage medium",KABUSHIKI KAISHA TOSHIBA,TOSHIBA,TOSHIBA,JP,115805992,1,B25J-0009/1612,GRAY,,False,True,False,False,False,False,False,
18/178533,12654314,2023-03-06,Robot control in working space,KABUSHIKI KAISHA YASKAWA DENKI,YASKAWA DENKI,YASKAWA,JP,115805995,1,B25J-0009/163,GRAY,,False,False,False,False,False,False,False,
19/033317,12654316,2025-01-21,Lab automation and related systems and methods,STREAMLINE BIO TAIWAN,STREAMLINE BIO TAIWAN,STREAMLINE BIO TAIWAN,TW,115805997,1,B25J-0009/163,GRAY,,False,True,False,False,False,False,False,
18/489750,12654319,2023-10-18,"Robot, robot control method, article manufacturing method using robot, and control program and storage medium",Canon Kabushiki Kaisha,CANON,CANON,JP,115806000,1,B25J-0009/1664,GRAY,,False,True,False,False,False,False,False,
18/141985,12654321,2023-05-01,Method of improving a preplanned movement sequence for the control of a robot,SICK AG,SICK,SICK,DE,115806002,1,B25J-0009/1666,GRAY,,False,True,False,False,False,False,False,
17/799714,12654324,2020-02-25,"Control device, control method and storage medium",NEC CORPORATION,NEC,NEC,JP,115806005,1,B25J-0009/1661,GRAY,,False,False,False,False,False,False,False,
17/553874,12654325,2021-12-17,Task impact zone and 4-dimensional safety envelope for robots,INTEL CORPORATION,INTEL,INTEL,US,115806006,1,B25J-0005/007,GRAY,,False,False,False,False,False,False,False,
18/033814,12654330,2021-08-26,"Robot control system, robot control method, and program","HITACHI, LTD.",HITACHI,HITACHI,JP,115806011,1,B25J-0009/1697,GRAY,,False,False,False,False,False,False,False,
19/001553,12654333,2024-12-26,Method and device for obstacle avoidance control for robot and computer-readable storage medium,UBTECH ROBOTICS CORP LTD,UBTECH ROBOTICS,UBTECH,CN,115806014,1,B25J-0009/1697,GRAY,,False,False,False,False,False,False,False,
18/467082,12654336,2023-09-14,End of arm tools having belt-driven engagement members,"AMAZON TECHNOLOGIES, INC.",AMAZON TECHNOLOGIES,AMAZON,US,115806017,1,B25J-0015/0683,GRAY,,False,True,False,False,False,False,False,
18/269060,12441000,2021-12-21,Robot system and robot working method,KAWASAKI JUKOGYO KABUSHIKI KAISHA,KAWASAKI JUKOGYO,KAWASAKI HEAVY INDUSTRIES,JP,115820348,1,B25J-0009/0084,GRAY,,False,True,False,False,False,False,False,
18/495074,12515340,2023-10-26,Control method for robot system and robot system,SEIKO EPSON CORPORATION,SEIKO EPSON,SEIKO EPSON,JP,115878610,1,B25J-0009/1674,GRAY,,False,True,False,False,False,False,False,
17/457696,12151379,2021-12-06,Method of robot dynamic motion planning and control,FANUC CORPORATION,FANUC,FANUC,JP,115886331,1,B25J-0009/1666,GRAY,,False,True,False,False,False,False,False,
17/782119,12134187,2020-12-07,Agile robot arm for positioning a tool with controlled orientation,COGNIBOTICS AB,COGNIBOTICS,COGNIBOTICS,SE,115904589,1,B25J-0009/0072,GRAY,,False,True,False,False,False,False,False,
18/902906,12330292,2024-09-30,Telescoping robot,NEPTUNE MEDICAL INC.,NEPTUNE MEDICAL,NEPTUNE MEDICAL,US,115931365,2,B25J-0018/025,E_auto,제외전용신호+Tier신호없음,False,False,True,False,False,False,False,
17/541406,11926063,2021-12-03,Fractional order sliding mode synchronous control method for teleoperation system based on event trigger mechanism,Yanshan University,YANSHAN UNIVERSITY,YANSHAN UNIVERSITY,CN,115964059,1,B25J-0009/1689,GRAY,,False,True,True,False,False,False,False,
17/252282,11969896,2019-06-19,"Robot scheduling and robot path control method, server and storage medium","BEIJING GEEKPLUS TECHNOLOGY CO., LTD.",BEIJING GEEKPLUS TECHNOLOGY,BEIJING GEEKPLUS TECHNOLOGY,CN,115984626,1,B25J-0009/1661,GRAY,,False,False,False,False,False,False,False,
15/001003,9586315,2016-01-19,System and method for flexible human-machine collaboration,THE JOHNS HOPKINS UNIVERSITY,THE JOHNS HOPKINS UNIVERSITY,THE JOHNS HOPKINS UNIVERSITY,US,115992979,3,B25J-0009/1664,GRAY,,False,True,False,False,False,False,False,
17/052703,12011828,2019-04-26,Method for controlling a plurality of robot effectors,SPOON,SPOON,SPOON,FR,115995090,1,B25J-0009/0084,GRAY,,False,False,False,False,False,False,False,
17/881475,11745348,2022-08-04,System and/or method for robotic foodstuff assembly,"CHEF ROBOTICS, INC.",CHEF ROBOTICS,CHEF ROBOTICS,US,115999634,4,B25J-0009/1687,GRAY,,False,True,False,False,False,True,False,
16/456919,11148288,2019-06-28,"Systems, apparatus, and methods for robotic learning and execution of skills","DILIGENT ROBOTICS, INC.",DILIGENT ROBOTICS,DILIGENT ROBOTICS,US,116001468,4,B25J-0009/1661,GRAY,,False,True,False,False,False,False,False,
18/074387,12649229,2022-12-02,Simulation and reinforcement learning techniques for performing robotic tasks,NVIDIA CORPORATION,NVIDIA,NVIDIA,US,116005745,1,B25J-0009/163,GRAY,,False,True,False,False,False,False,False,
18/152980,12649235,2023-01-11,Techniques for adaptive robotic assembly,"AUTODESK, INC.",AUTODESK,AUTODESK,US,116005747,1,B25J-0009/1664,GRAY,,False,True,False,False,False,False,False,
16/249582,11865722,2019-01-16,Systems and methods for efficiently moving a variety of objects,"BERKSHIRE GREY OPERATING COMPANY, INC.",BERKSHIRE GREY OPERATING,BERKSHIRE GREY OPERATING,US,116006766,2,B25J-0009/1664,GRAY,,False,True,False,False,False,False,False,
18/460458,12459125,2023-09-01,Simultaneous direct relative measurement and calculated positions of equipment bases,"ASENSUS SURGICAL US, INC.",ASENSUS SURGICAL US,ASENSUS SURGICAL US,US,116006769,1,B25J-0009/1676,GRAY,,False,True,True,False,False,False,False,
16/470447,11485030,2017-12-15,"Constructive assembly of a containment means, intended for the automated production of pharmaceutical or biotechnical articles",PHARMA INTEGRATION S.R.L.,PHARMA INTEGRATION,PHARMA INTEGRATION,IT,116010667,1,B25J-0021/005,GRAY,,False,True,False,False,False,False,False,
17/996095,12661778,2020-04-20,Spare robot controller,ABB SCHWEIZ AG,ABB SCHWEIZ,ABB,CH,116020037,1,B25J-0009/1602,GRAY,,False,False,False,False,False,False,False,
18/337310,12661779,2023-06-19,"Robot system, method for controlling robot system, method for manufacturing product using robot system, control program, and recording medium",Canon Kabushiki Kaisha,CANON,CANON,JP,116020038,1,B25J-0009/161,GRAY,,False,True,False,False,False,False,False,
17/632810,12661782,2020-05-28,"Control device, control system, robot system and controlling method",KAWASAKI JUKOGYO KABUSHIKI KAISHA,KAWASAKI JUKOGYO,KAWASAKI HEAVY INDUSTRIES,JP,116020041,1,B25J-0009/1664,GRAY,,False,True,False,False,False,False,False,
18/170414,12661788,2023-02-16,"Manipulation apparatus, robot system, manipulation apparatus control method, and robot system control method",Canon Kabushiki Kaisha,CANON,CANON,JP,116020047,1,B25J-0009/1666,GRAY,,False,True,False,False,False,False,False,
18/368578,12661790,2023-09-15,"Remote operation method, storage medium, remote operation device, and remote operation system","HONDA MOTOR CO., LTD.",HONDA MOTOR,HONDA,JP,116020049,1,B25J-0009/1671,GRAY,,False,True,False,False,False,False,False,
18/753957,12661792,2024-06-25,Real-time text logging by thread-local buffering,INTRINSIC INNOVATION LLC,INTRINSIC INNOVATION,ALPHABET,US,116020051,1,B25J-0009/1674,GRAY,,False,False,False,False,False,False,False,
18/573014,12661796,2022-06-10,Hand and robot system,KAWASAKI JUKOGYO KABUSHIKI KAISHA,KAWASAKI JUKOGYO,KAWASAKI HEAVY INDUSTRIES,JP,116020055,1,B25J-0009/1687,GRAY,,False,True,False,False,False,False,False,
18/522973,12661797,2023-11-29,Systems and methods for controlling an on-premises robot through an industrial digital twin,"Rockwell Automation Technologies, Inc.",ROCKWELL AUTOMATION TECHNOLOGIES,ROCKWELL AUTOMATION TECHNOLOGIES,US,116020056,1,B25J-0009/1689,GRAY,,False,False,False,False,False,False,False,
18/102042,12172305,2023-01-26,Transfer robot,"Sinfonia Technology Co., Ltd.",SINFONIA TECHNOLOGY,SINFONIA TECHNOLOGY,JP,116115486,1,B25J-0009/042,GRAY,,False,True,False,False,False,False,False,
17/757351,12589507,2020-12-15,Robotic hand sensitive to forces in an aquatic environment,CENTRE NATIONAL DE LA RECHERCHE SCIENTIFIQUE | UNIVERSITE DE POITIERS,CENTRE NATIONAL DE LA RECHERCHE SCIENTIFIQUE,CENTRE NATIONAL DE LA RECHERCHE SCIENTIFIQUE,FR,116118002,1,B25J-0015/0009,GRAY,,False,True,False,False,False,False,False,
16/998857,11117256,2020-08-20,Robotic multi-gripper assemblies and methods for gripping and holding objects,"MUJIN, Inc.",MUJIN,MUJIN,JP,116120323,4,B25J-0009/1612,GRAY,,False,True,False,False,False,False,False,
17/083591,11890759,2020-10-29,Robot control method,"PANASONIC INTELLECTUAL PROPERTY MANAGEMENT CO., LTD.",PANASONIC INTELLECTUAL PROPERTY MANAGEMENT,PANASONIC,JP,116135663,1,B25J-0009/1638,GRAY,,False,True,False,False,False,False,False,
16/378734,10471590,2019-04-09,Cable robot,Frédéric Vachon,FRÉDÉRIC VACHON,FRÉDÉRIC VACHON,CA,116191661,3,B25J-0009/0078,GRAY,,False,False,False,False,False,False,False,
17/513008,11999067,2021-10-28,"Robotic laundry separating and repositioning devices, systems, and methods of use","MONOTONY.AI, INC.",MONOTONYAI,MONOTONYAI,US,116193531,1,B25J-0009/1669,GRAY,,False,True,False,False,False,True,False,
15/342053,10399220,2016-11-02,Generation of robotic user interface responsive to connection of peripherals to robot,THE JOHNS HOPKINS UNIVERSITY,THE JOHNS HOPKINS UNIVERSITY,THE JOHNS HOPKINS UNIVERSITY,US,116198913,3,B25J-0009/161,GRAY,,False,False,False,False,False,False,False,
16/652862,11559898,2018-10-05,"Teleoperation system, method, apparatus, and computer-readable medium",Moog Inc.,MOOG,MOOG,US,116200137,1,B25J-0009/1689,GRAY,,False,True,False,False,False,False,False,
16/986406,12070894,2020-08-06,Trimming of contoured polymeric panels,DUPONT DE NEMOURS BELGIUM BV,DUPONT DE NEMOURS BELGIUM,DUPONT DE NEMOURS BELGIUM,BE,116202561,1,B25J-0011/006,GRAY,,False,True,False,False,False,False,False,
16/814977,11498222,2020-03-10,Autonomously acting robot that stares at companion,"GROOVE X, INC.",GROOVE X,GROOVE X,JP,116209425,1,B25J-0011/0005,GRAY,,False,False,False,False,False,False,False,
18/785706,12654309,2024-07-26,Continuum robot control system and continuum robot control method,CANON KABUSHIKI KAISHA,CANON,CANON,JP,116209475,1,B25J-0009/104,GRAY,,False,True,False,False,False,False,False,
18/372406,12649239,2023-09-25,"Apparatus, apparatus control method and recording medium","CASIO COMPUTER CO., LTD.",CASIO COMPUTER,CASIO COMPUTER,JP,116209862,1,B25J-0009/1669,GRAY,,False,False,False,False,False,False,False,
18/518278,12654328,2023-11-22,Robotic system with multi-location placement control mechanism,"MUJIN, INC.",MUJIN,MUJIN,JP,116209986,1,B25J-0009/1687,GRAY,,False,True,False,False,False,False,False,
17/185374,12049164,2021-02-25,Automated package transport vehicle,"UNITED PARCEL SERVICE OF AMERICA, INC.",UNITED PARCEL SERVICE OF AMERICA,UNITED PARCEL SERVICE OF AMERICA,US,116210648,1,B25J-0009/1682,GRAY,,False,False,False,False,False,False,False,
18/960720,12654313,2024-11-26,Extendable variable-stiffness boom-lift-mounted robot with vibration compensation,THE HONG KONG UNIVERSITY OF SCIENCE AND TECHNOLOGY,THE HONG KONG UNIVERSITY OF SCIENCE AND TECHNOLOGY,THE HONG KONG UNIVERSITY OF SCIENCE AND TECHNOLOGY,HK,116211781,1,B25J-0009/162,GRAY,,False,True,False,False,False,False,False,
18/303188,12667958,2023-04-19,Picking-up robot,"SINTOKOGIO, LTD.",SINTOKOGIO,SINTOKOGIO,JP,116243822,1,B25J-0009/104,GRAY,,False,True,False,False,False,False,False,
18/970132,12667964,2024-12-05,"Control system, control method, and non-transitory computer readable medium storing control program",TOYOTA JIDOSHA KABUSHIKI KAISHA,TOYOTA JIDOSHA,TOYOTA,JP,116243828,1,B25J-0009/1653,GRAY,,False,True,False,False,False,False,False,
18/638210,12667979,2024-04-17,Robotic manipulators for collaborative and independent tasks,"Amazon Technologies, Inc.",AMAZON TECHNOLOGIES,AMAZON,US,116243843,1,B25J-0015/0066,GRAY,,False,True,False,False,False,False,False,
18/025377,12667980,2021-09-03,Layer module for handling robot system,Martin Zimmer | Günther Zimmer,MARTIN ZIMMER,MARTIN ZIMMER,DE,116243844,1,B25J-0015/04,GRAY,,False,True,False,False,False,False,False,
18/547723,12576540,2021-04-30,Robot control device,FANUC CORPORATION,FANUC,FANUC,JP,116260425,1,B25J-0013/085,GRAY,,False,True,False,False,False,False,False,
16/994896,11938630,2020-08-17,Edible soft robotic systems and methods,Universal City Studios LLC,UNIVERSAL CITY STUDIOS,UNIVERSAL CITY STUDIOS,US,116323955,2,B25J-0009/142,E_auto,제외전용신호+Tier신호없음,False,False,False,False,False,False,True,
18/766242,12214513,2024-07-08,Apparatus and method for adaptive handling of slides using a robotic arm,"PRAMANA, INC.",PRAMANA,PRAMANA,US,116329351,1,B25J-0009/1697,GRAY,,False,True,False,False,False,False,False,
17/620236,12233535,2020-06-26,System for performing an input on a robotic manipulator,FRANKA EMIKA GMBH,FRANKA EMIKA,FRANKA,DE,116329643,1,B25J-0013/085,GRAY,,False,True,False,False,False,False,False,
18/568736,12472642,2022-06-11,Adjustable end-of-arm tool or fixture,MAGSWITCH AUTOMATION COMPANY,MAGSWITCH AUTOMATION,MAGSWITCH AUTOMATION,US,116364789,1,B25J-0015/0004,GRAY,,False,False,False,False,False,False,False,
17/583113,12128562,2022-01-24,"Touch sensation sensor, sensitivity switching circuit, and sensitivity switching method","Honda Motor Co., Ltd.",HONDA MOTOR,HONDA,JP,116366417,1,B25J-0009/1612,GRAY,,False,False,False,False,False,False,False,
18/252239,12090646,2021-12-10,Robot,FANUC CORPORATION,FANUC,FANUC,JP,116368847,1,B25J-0017/02,GRAY,,False,True,False,False,False,False,False,
18/556276,12594673,2021-04-29,"Method of calibrating manipulator, control system and robot system",ABB SCHWEIZ AG,ABB SCHWEIZ,ABB,CH,116369895,1,B25J-0009/1692,GRAY,,False,True,False,False,False,False,False,
17/810723,12617105,2022-07-05,Robotic end effector system and method with lockable compliance,GM GLOBAL TECHNOLOGY OPERATIONS LLC | Northwestern University,GM GLOBAL TECHNOLOGY OPERATIONS,GM,US,116370563,1,B25J-0015/083,GRAY,,False,True,False,False,False,False,False,
18/660517,12515331,2024-05-10,System and method for robotic planning in partially observable environments using large language models,"Mitsubishi Electric Research Laboratories, Inc.",MITSUBISHI ELECTRIC RESEARCH LABORATORIES,MITSUBISHI ELECTRIC,US,116399443,1,B25J-0009/1658,GRAY,,False,True,False,False,False,False,False,
15/153413,10259120,2016-05-12,Compact resolver pre-amplification assembly (RPA) module,"The United States of America, as represented by the Secretary of the Navy | THE GOVERNMENT OF THE UNITED STATES OF AMERICA, AS REPRESENTED BY THE SECRETARY OF THE NAVY",THE UNITED STATES OF AMERICA AS REPRESENTED BY THE SECRETARY OF THE NAVY,THE UNITED STATES OF AMERICA AS REPRESENTED BY THE SECRETARY OF THE NAVY,US,116449212,1,B25J-0013/088,GRAY,,False,True,False,False,False,False,False,
15/322679,10518424,2015-06-30,Protection method and protection device for a handling apparatus,BLUE DANUBE ROBOTICS GMBH,BLUE DANUBE ROBOTICS,BLUE DANUBE ROBOTICS,AT,116449316,1,B25J-0019/063,GRAY,,False,True,False,False,False,False,False,
15/204780,9925663,2016-07-07,Movable hardstop for a robotic component,UNIVERSAL CITY STUDIOS LLC,UNIVERSAL CITY STUDIOS,UNIVERSAL CITY STUDIOS,US,116450026,2,B25J-0009/101,GRAY,,False,True,False,False,False,False,False,
17/737075,12466071,2022-05-05,"Robots, tele-operation systems, and methods of operating the same",SANCTUARY COGNITIVE SYSTEMS CORPORATION,SANCTUARY COGNITIVE SYSTEMS,SANCTUARY COGNITIVE SYSTEMS,CA,116452753,1,B25J-0009/1689,T1_auto,T1후보-제외신호동반(검증필요),False,True,False,False,False,True,False,
17/985215,12275154,2022-11-11,Robots and methods for protecting fragile components thereof,SANCTUARY COGNITIVE SYSTEMS CORPORATION,SANCTUARY COGNITIVE SYSTEMS,SANCTUARY COGNITIVE SYSTEMS,CA,116453506,1,B25J-0009/1674,T1_auto,휴머노이드명시/전건T1_OEM,False,False,False,False,False,False,False,
18/715277,12643240,2022-12-02,"Robotized unit and method for controlling a metal product in movement in an apparatus, and method to produce metal reels",DANIELI & C. OFFICINE MECCANICHE S.P.A. | DANIELI AUTOMATION S.P.A.,DANIELI & C OFFICINE MECCANICHE,DANIELI & C OFFICINE MECCANICHE,IT,116455926,1,B25J-0011/005,GRAY,,False,True,False,False,False,False,False,
17/600907,12661791,2020-04-01,Robot arm safety system with runtime adaptable safety limits,UNIVERSAL ROBOTS A/S,UNIVERSAL ROBOTS A/S,UNIVERSAL ROBOTS A/S,DK,116456433,1,B25J-0009/1674,GRAY,,False,True,False,False,False,False,False,
18/429595,12661785,2024-02-01,"Robot control method and apparatus, robot, and storage medium",TENCENT TECHNOLOGY (SHENZHEN) COMPANY LIMITED,TENCENT TECHNOLOGY (SHENZHEN),TENCENT TECHNOLOGY (SHENZHEN),CN,116457241,1,B25J-0009/1664,GRAY,,False,True,False,False,False,False,False,
18/232912,12661784,2023-08-11,Method and apparatus for controlling wheel-legged robot,Tencent Technology (Shenzhen) Company Limited,TENCENT TECHNOLOGY (SHENZHEN),TENCENT TECHNOLOGY (SHENZHEN),CN,116457406,1,B25J-0009/1664,GRAY,,False,True,False,False,False,False,False,
18/657415,12661800,2024-05-07,Robot and method for controlling thereof,"SAMSUNG ELECTRONICS CO., LTD.",SAMSUNG ELECTRONICS,SAMSUNG,KR,116457624,1,B25J-0009/1697,GRAY,,False,False,False,False,False,False,False,
18/508914,12661803,2023-11-14,System and method for controlling operation of robotic manipulator with soft robotic touch,"Mitsubishi Electric Research Laboratories, Inc.",MITSUBISHI ELECTRIC RESEARCH LABORATORIES,MITSUBISHI ELECTRIC,US,116457749,1,B25J-0009/1612,GRAY,,False,True,False,False,False,False,False,
17/113565,12186906,2020-12-07,Robot teaching device including icon programming function,FANUC CORPORATION,FANUC,FANUC,JP,116458480,1,B25J-0009/163,GRAY,,False,True,False,False,False,False,False,
18/808390,12661794,2024-08-19,System and method for proprioceptive and responsive robotic door opening,GHOST ROBOTICS CORPORATION,GHOST ROBOTICS,GHOST ROBOTICS,US,116460576,1,B25J-0009/1682,GRAY,,False,True,False,False,False,False,False,
18/070759,12661811,2022-11-29,Accessory interfaces for a mobile manipulator robot,"Boston Dynamics, Inc.",BOSTON DYNAMICS,HYUNDAI MOTOR GROUP(2021~)/구글·소프트뱅크(이전),US,116460578,1,B25J-0005/007,GRAY,,False,True,False,False,False,True,False,
19/360494,12605846,2025-10-16,Large-capacity cooking robot system performing large-capacity cooking through multiple modes,"HANKOOKROBOTICS CO., LTD.",HANKOOKROBOTICS,HANKOOKROBOTICS,KR,116470316,1,B25J-0011/0045,GRAY,,False,True,False,False,False,False,False,
14/702014,9889566,2015-05-01,Systems and methods for control of robotic manipulation,General Electric Company,GENERAL ELECTRIC,GENERAL ELECTRIC,US,116474358,12,B25J-0009/1697,GRAY,,False,True,False,False,False,False,False,
18/590590,12673413,2024-02-28,Apparatus and method for automated teaching of locations in laboratory automation equipment,"HIGHRES BIOSOLUTIONS, INC.",HIGHRES BIOSOLUTIONS,HIGHRES BIOSOLUTIONS,US,116475115,1,B25J-0009/0081,GRAY,,False,False,False,False,False,False,False,
18/544759,12673418,2023-12-19,Power assist system and storage medium,TOYOTA JIDOSHA KABUSHIKI KAISHA | TOYOTA SCHOOL FOUNDATION,TOYOTA JIDOSHA,TOYOTA,JP,116475120,1,B25J-0009/1633,GRAY,,False,True,False,True,False,False,False,
18/008709,12673419,2021-06-21,Robot controller,"CORPORATION, FANUC",FANUC,FANUC,JP,116475121,1,B25J-0009/1653,GRAY,,False,False,False,False,False,False,False,
18/574382,12673421,2022-06-27,Processing apparatus and relative marking device to generate process trajectories,COMAU S.P.A.,COMAU,COMAU,IT,116475123,1,B25J-0009/1656,GRAY,,False,True,False,False,False,False,False,
18/795786,12673422,2024-08-06,Systems and methods for manufacturing with an end effector having two or more independent tools,GM GLOBAL TECHNOLOGY OPERATIONS LLC,GM GLOBAL TECHNOLOGY OPERATIONS,GM,US,116475124,1,B25J-0009/1664,GRAY,,False,True,False,False,False,False,False,
18/269353,12673424,2022-01-17,"Device, robot system, and method for determining position of recessed portion to be formed by scraping",FANUC CORPORATION,FANUC,FANUC,JP,116475126,1,B25J-0009/1669,GRAY,,False,False,False,False,False,False,False,
17/161084,11826915,2021-01-28,Method and system for assembling a rotor stack for an electric motor,"Ford Global Technologies, LLC | ABB, Inc.",FORD GLOBAL TECHNOLOGIES,FORD GLOBAL TECHNOLOGIES,US,116475127,2,B25J-0009/1687,GRAY,,False,False,False,False,False,False,False,
18/294752,12673428,2021-08-20,"Device for teaching position and posture for robot to grasp workpiece, robot system, and method",FANUC CORPORATION,FANUC,FANUC,JP,116475130,1,B25J-0009/1697,GRAY,,False,True,False,False,False,False,False,
19/260279,12673429,2025-07-04,High-throughput method for preparing anticorrosion coatings,University of Science and Technology Beijing,UNIVERSITY OF SCIENCE AND TECHNOLOGY BEIJING,UNIVERSITY OF SCIENCE AND TECHNOLOGY BEIJING,CN,116475131,1,G01N-0001/2813,GRAY,,False,True,False,False,False,False,False,
17/434760,11981036,2020-02-28,Robot and control system,"RICOH COMPANY, LTD.",RICOH,RICOH,JP,116558377,1,B25J-0009/1689,GRAY,,False,True,False,False,False,False,False,
18/007492,12370694,2020-07-31,Grip detection system for liquid handling robot,TAKEDA PHARMACEUTICAL COMPANY LIMITED | BAXALTA INNOVATIONS GMBH | BAXTER AG (NOW TAKEDA MANUFACTURING AUSTRIA AG),TAKEDA PHARMACEUTICAL,TAKEDA PHARMACEUTICAL,JP,116558761,1,B25J-0013/081,GRAY,,False,True,False,False,False,False,False,
18/281427,12036661,2022-03-11,Gripper device configured to be attached to a robotic device and to pickup a food product from a pickup area and to release it from a releasing location to a receiving location,MAREL A/S,MAREL A/S,MAREL A/S,DK,116558803,1,B25J-0011/0045,GRAY,,False,True,False,False,False,False,False,
17/890104,12233551,2022-08-17,"System and method for controlling continuum robot, and continuum robot",CANON KABUSHIKI KAISHA,CANON,CANON,JP,116559122,1,B25J-0009/1625,GRAY,,False,True,False,False,False,False,False,
18/114651,12454059,2023-02-27,"Determination device, system, and determination method","PANASONIC INTELLECTUAL PROPERTY MANAGEMENT CO., LTD.",PANASONIC INTELLECTUAL PROPERTY MANAGEMENT,PANASONIC,JP,116569147,1,B25J-0009/1694,GRAY,,False,False,False,False,False,False,False,
18/669531,12654322,2024-05-21,Delivery system,TOYOTA JIDOSHA KABUSHIKI KAISHA,TOYOTA JIDOSHA,TOYOTA,JP,116570670,1,B25J-0009/1666,E_auto,제외전용신호+Tier신호없음,False,False,False,False,False,True,False,
18/242527,12539617,2023-09-06,"Robot, robot control method and recording medium","CASIO COMPUTER CO., LTD.",CASIO COMPUTER,CASIO COMPUTER,JP,116570829,1,B25J-0011/001,GRAY,,False,True,False,False,False,False,False,
16/237615,11351675,2018-12-31,Robotic end-effector having dynamic stiffening elements for conforming object interaction,SARCOS CORP.,SARCOS,SARCOS,US,116572168,1,B25J-0015/0009,GRAY,,False,True,False,False,False,False,False,
16/941460,11654554,2020-07-28,Artificial intelligence cleaning robot and method thereof,LG Electronics Inc.,LG ELECTRONICS,LG,KR,116573402,1,B25J-0009/163,E_auto,제외전용신호+Tier신호없음,False,False,False,False,True,False,False,
18/242532,12533817,2023-09-06,"Robot, robot control method and recording medium","CASIO COMPUTER CO., LTD.",CASIO COMPUTER,CASIO COMPUTER,JP,116576093,1,B25J-0011/001,GRAY,,False,False,False,False,False,False,False,
17/631894,12589508,2020-08-04,"Robot hand, robot, robot system, and transfer method",KAWASAKI JUKOGYO KABUSHIKI KAISHA,KAWASAKI JUKOGYO,KAWASAKI HEAVY INDUSTRIES,JP,116576099,1,B25J-0015/0066,GRAY,,False,True,False,False,False,False,False,
17/881357,12083679,2022-08-04,Mobile robot and stabilization method for the mobile robot,"DELTA ELECTRONICS, INC.",DELTA ELECTRONICS,DELTA ELECTRONICS,TW,116594512,1,B25J-0009/1638,E_auto,제외전용신호+Tier신호없음,False,False,False,False,False,True,False,
18/199649,12304067,2023-05-19,Transfer robot and robot system,KABUSHIKI KAISHA YASKAWA DENKI,YASKAWA DENKI,YASKAWA,JP,116600623,1,B25J-0009/0009,GRAY,,False,False,False,False,False,False,False,
18/572647,12129120,2022-04-27,System and method for picking flat-pack articles,SSI SCHÄFER AUTOMATION GMBH (DE),SSI SCHÄFER AUTOMATION (DE),SSI SCHÄFER AUTOMATION (DE),DE,116630051,1,B25J-0009/1656,GRAY,,False,True,False,False,False,True,False,
16/576285,10617032,2019-09-19,Robot for a liquid immersion cooling system,"TMGCore, LLC",TMGCORE,TMGCORE,US,116639946,1,B25J-0009/0084,GRAY,,False,True,False,False,False,False,False,
16/991932,11577397,2020-08-12,Position accuracy robotic printing system,"DUSTY ROBOTICS, IRC. | Dusty Robotics, Inc.",DUSTY ROBOTICS IRC,DUSTY ROBOTICS IRC,US,116641217,1,B25J-0009/1692,GRAY,,False,False,False,False,False,False,False,
17/094939,11134586,2020-11-11,External robotic system for liquid immersion cooling platform,"TMGCORE, LLC",TMGCORE,TMGCORE,US,116643287,2,B25J-0005/007,GRAY,,False,False,False,False,False,False,False,
16/674704,11420327,2019-11-05,Automated control of multi-process using robotic equipment for complex workflows,BIOSERO INC.,BIOSERO,BIOSERO,US,116643366,2,B25J-0009/1661,GRAY,,False,False,False,False,False,False,False,
18/074610,12334868,2022-12-05,Solar panel handling system,The AES Corporation,THE AES,THE AES,US,116645398,1,B25J-0009/0084,GRAY,,False,True,False,False,False,False,False,
17/159358,12115676,2021-01-27,Robotic pallet,"Lucomm Technologies, Inc.",LUCOMM TECHNOLOGIES,LUCOMM TECHNOLOGIES,US,116646166,4,B25J-0009/1669,GRAY,,False,True,False,False,False,False,False,
18/222236,12311549,2023-07-14,"Methods, systems and devices for automated assembly of building structures",PROMISE ROBOTICS INC.,PROMISE ROBOTICS,PROMISE ROBOTICS,CA,116649622,1,B25J-0009/1661,GRAY,,False,False,False,False,False,False,False,
19/001845,12617100,2024-12-26,Countertop cooking robot,Epifeast Inc.,EPIFEAST,EPIFEAST,US,116655392,1,B25J-0011/0045,GRAY,,False,True,False,False,False,False,False,
16/919959,11518051,2020-07-02,"Dynamic, interactive signaling of safety-related conditions in a monitored environment","VEO ROBOTICS, INC.",VEO ROBOTICS,VEO ROBOTICS,US,116656555,6,B25J-0019/061,GRAY,,False,False,False,False,False,False,False,
17/010494,10987809,2020-09-02,Rotary tool adjuster for robot with end of arm tool having multiple tools,"T.A. SYSTEMS, INC.",TA SYSTEMS,TA SYSTEMS,US,116658047,1,B25J-0009/1615,GRAY,,False,False,False,False,False,False,False,
17/068572,11701776,2020-10-12,Robotic kitting machine,"DEXTERITY, INC.",DEXTERITY,DEXTERITY,US,116660136,2,B25J-0009/1664,GRAY,,False,True,False,False,False,False,False,
17/083718,11992952,2020-10-29,Systems and methods of servicing equipment,General Electric Company | Oliver Crispin Robotics Limited,GENERAL ELECTRIC,GENERAL ELECTRIC,US,116660151,2,B25J-0009/1669,GRAY,,False,False,False,False,False,False,False,
17/032771,11154989,2020-09-25,"Pipe traversing apparatus, sensing, and controls","ARIX TECHNOLOGIES, INC.",ARIX TECHNOLOGIES,ARIX TECHNOLOGIES,US,116660299,2,B25J-0009/1694,GRAY,,False,False,False,False,False,False,False,
17/118777,11839987,2020-12-11,Vacuum-based end effector with extendible vacuum cup,"MATERIAL HANDLING SYSTEMS, INC.",MATERIAL HANDLING SYSTEMS,MATERIAL HANDLING SYSTEMS,US,116660890,1,B25J-0009/1697,GRAY,,False,True,False,False,False,False,False,
18/261010,12472624,2022-01-13,"Spring constant correction device, method therefor, and recording medium","KABUSHIKI KAISHA KOBE SEIKO SHO (KOBE STEEL, LTD.)",KOBE SEIKO SHO (KOBE STEEL ),KOBE SEIKO SHO (KOBE STEEL ),JP,116662520,1,B25J-0009/1633,GRAY,,False,True,False,False,False,False,False,
17/940844,11822710,2022-09-08,Wearable robot data collection system with human-machine operation interface,ACUMINO,ACUMINO,ACUMINO,US,116663457,2,B25J-0009/1656,GRAY,,False,True,False,False,False,False,False,
18/397907,12667975,2023-12-27,Robotic polishing system and method for using same,Pratt & Whitney Canada Corp.,PRATT & WHITNEY CANADA,PRATT & WHITNEY CANADA,CA,116663796,1,B25J-0011/0065,GRAY,,False,False,False,False,False,False,False,
17/875710,11660750,2022-07-28,Autonomous and semi-autonomous control of aerial robotic systems,"Altec Industries, Inc.",ALTEC INDUSTRIES,ALTEC INDUSTRIES,US,116666777,2,B25J-0009/1664,GRAY,,False,True,False,False,False,False,False,
18/679110,12661781,2024-05-30,Magnetic connection system for a multi-axis gripper of a lab automation robot,THERMO CRS LTD.,THERMO CRS,THERMO CRS,CA,116667900,1,B25J-0009/1612,GRAY,,False,True,False,False,False,False,False,
18/030671,12638823,2021-09-17,Multifunctional input device for a robot arm,UNIVERSAL ROBOTS A/S,UNIVERSAL ROBOTS A/S,UNIVERSAL ROBOTS A/S,DK,116679842,1,B25J-0009/1656,GRAY,,False,True,False,False,False,False,False,
17/829205,11584005,2022-05-31,System and method for autonomously scanning and processing a part,GRAYMATTER ROBOTICS INC.,GRAYMATTER ROBOTICS,GRAYMATTER ROBOTICS,US,116681128,2,B25J-0009/1633,GRAY,,False,True,False,False,False,False,False,
16/653330,11292122,2019-10-15,Robot operation apparatus,FANUC CORPORATION,FANUC,FANUC,JP,116685941,2,B25J-0009/0081,GRAY,,False,True,False,False,False,False,False,
18/484974,12576524,2023-10-11,"Control device, control method, and recording medium",NEC CORPORATION,NEC,NEC,JP,116686333,1,B25J-0009/1661,GRAY,,False,True,False,False,False,False,False,
18/869498,12643234,2022-06-01,Nonlinear adaptive control method and system for mechanical arm motion control,"TIANJIN SAIXIANG TECHNOLOGY CO., LTD",TIANJIN SAIXIANG TECHNOLOGY,TIANJIN SAIXIANG TECHNOLOGY,CN,116687579,1,B25J-0009/1664,GRAY,,False,True,False,False,False,False,False,
18/822489,12667971,2024-09-03,Robotic control of object placement,KABUSHIKI KAISHA YASKAWA DENKI,YASKAWA DENKI,YASKAWA,JP,116687833,1,B25J-0009/1697,GRAY,,False,False,False,False,False,False,False,
18/561397,12415274,2021-08-03,"Robot system, control device, diagnosis method, and diagnosis program",FANUC CORPORATION,FANUC,FANUC,JP,116687869,1,B25J-0009/1674,GRAY,,False,False,False,False,False,False,False,
18/432606,12583128,2024-02-05,Mobile robot and method for controlling mobile robot,"Samsung Electronics Co., Ltd.",SAMSUNG ELECTRONICS,SAMSUNG,KR,116688426,1,B25J-0013/06,GRAY,,False,False,False,False,False,False,False,
19/329559,12611766,2025-09-15,Humanoid robot with advanced kinematics,FIGURE AI INC.,FIGURE AI,FIGURE AI,US,116690592,2,B25J-0009/126,T1_auto,휴머노이드명시/전건T1_OEM,True,True,False,False,False,False,False,
18/799719,12667960,2024-08-09,"Systems, methods, and control modules for controlling grasping by robot systems",Sanctuary Cognitive Systems Corporation,SANCTUARY COGNITIVE SYSTEMS,SANCTUARY COGNITIVE SYSTEMS,CA,116691023,1,B25J-0009/1612,T1_auto,휴머노이드명시/전건T1_OEM,False,True,False,False,False,False,False,
17/982590,11858145,2022-11-08,Surface management of piled grain,Grain Weevil Corporation,GRAIN WEEVIL,GRAIN WEEVIL,US,116693693,4,B25J-0009/1664,GRAY,,False,False,False,False,False,False,False,
17/246082,12502773,2021-04-30,Real-time robotics control framework,INTRINSIC INNOVATION LLC,INTRINSIC INNOVATION,ALPHABET,US,116694199,1,B25J-0009/1628,GRAY,,False,False,False,False,False,False,False,
18/124451,12583127,2023-03-21,Interface system and/or method for refilling assembly systems,"CHEF ROBOTICS, INC.",CHEF ROBOTICS,CHEF ROBOTICS,US,116694205,1,B25J-0009/1697,GRAY,,False,False,False,False,False,False,False,
17/274549,11465278,2018-09-10,Robotic manipulator including pneumatic artificial muscle,OZYEGIN UNIVERSITESI,OZYEGIN UNIVERSITESI,OZYEGIN UNIVERSITESI,TR,116700165,1,B25J-0009/1075,GRAY,,False,True,False,False,False,False,False,
18/776860,12678938,2024-07-18,Automated multi-arm robotic system,"PLUS ONE ROBOTICS, INC.",PLUS ONE ROBOTICS,PLUS ONE ROBOTICS,US,116709537,1,B25J-0009/0084,E_auto,제외전용신호+Tier신호없음,False,False,False,False,False,True,False,
18/500888,12678939,2023-11-02,"Method and system for controlling robot configured with plurality of modular robots, and building in which robot is disposed",NAVER CORPORATION,NAVER,NAVER,KR,116709538,1,B25J-0009/08,GRAY,,False,False,False,False,False,False,False,
18/251825,12678940,2021-11-19,"Tension estimation device, life evaluation device, and robot system",FANUC CORPORATION,FANUC,FANUC,JP,116709539,1,B25J-0009/104,GRAY,,False,False,False,False,False,False,False,
18/683246,12678941,2021-09-08,Simulation device,FANUC CORPORATION,FANUC,FANUC,JP,116709540,1,B25J-0009/1605,GRAY,,False,False,False,False,False,False,False,
17/805318,12678942,2022-06-03,"Tool for palletizing mixed load products, palletizing robot including the tool, and method therefor","SYMBOTIC CANADA, ULC",SYMBOTIC CANADA ULC,SYMBOTIC CANADA ULC,CA,116709541,1,B25J-0009/1612,GRAY,,False,True,False,False,False,True,False,
16/716874,11584004,2019-12-17,Autonomous object learning by robots triggered by remote operators,X DEVELOPMENT LLC,X DEVELOPMENT,ALPHABET,US,116709542,2,B25J-0009/162,GRAY,,False,True,False,False,False,False,False,
18/709157,12678944,2022-10-31,Precision assembly control method and system by robot with visual-tactile fusion,"Harbin Institute of Technology, Shenzhen",HARBIN INSTITUTE OF TECHNOLOGY SHENZHEN,HARBIN INSTITUTE OF TECHNOLOGY SHENZHEN,CN,116709543,1,B25J-0009/163,GRAY,,False,True,False,False,False,False,False,
18/780486,12678945,2024-07-23,Estimation of external force for robot control,KABUSHIKI KAISHA YASKAWA DENKI,YASKAWA DENKI,YASKAWA,JP,116709544,1,B25J-0009/163,GRAY,,False,False,False,False,False,False,False,
18/432400,12678948,2024-02-05,Method and system of generating a feasible smooth reference trajectory for an actuator,Sanctuary Cognitive Systems Corporation,SANCTUARY COGNITIVE SYSTEMS,SANCTUARY COGNITIVE SYSTEMS,CA,116709547,1,B25J-0009/1651,T1_auto,휴머노이드명시/전건T1_OEM,True,True,False,False,False,False,False,
18/879482,12678949,2022-09-20,Robot control device,FANUC CORPORATION,FANUC,FANUC,JP,116709548,1,B25J-0009/1653,E_auto,제외전용신호+Tier신호없음,False,False,False,False,False,True,False,
18/099886,12678950,2023-01-20,Robotic system with independently controllable higher derivatives,"DEXTERITY, INC.",DEXTERITY,DEXTERITY,US,116709549,1,B25J-0009/1664,GRAY,,False,True,False,False,False,False,False,
18/279449,12678951,2022-03-23,"Device for generating signal for weaving motion, control device, and method",FANUC CORPORATION,FANUC,FANUC,JP,116709550,1,B25J-0009/1664,GRAY,,False,True,False,False,False,False,False,
18/556962,12678952,2021-04-29,"Method of programming manipulator, control system and industrial robot",ABB SCHWEIZ AG,ABB SCHWEIZ,ABB,CH,116709551,1,B25J-0009/1664,GRAY,,False,True,False,False,False,False,False,
18/747284,12678954,2024-06-18,Robotic dolphins and sharks and fish-like robots with embodied artificial intelligence,General Cybernation Group Inc.,GENERAL CYBERNATION GROUP,GENERAL CYBERNATION GROUP,US,116709553,1,B25J-0009/1664,GRAY,,False,False,False,False,False,False,False,
17/616806,11926059,2020-05-27,Method and system for automatically securing the operation of a robot system controlled by a mobile operating device,KUKA DEUTSCHLAND GMBH,KUKA DEUTSCHLAND,KUKA,DE,116709556,2,B25J-0009/1674,GRAY,,False,True,False,False,False,False,False,
17/978600,11772269,2022-11-01,Robotic system to control multiple robots to perform a task cooperatively,"DEXTERITY, INC.",DEXTERITY,DEXTERITY,US,116709558,3,B25J-0009/1682,GRAY,,False,True,False,False,False,False,False,
18/806621,12678960,2024-08-15,Systems and methods for robotic teleoperation intention estimation,"Honda Motor Co., Ltd.",HONDA MOTOR,HONDA,JP,116709559,1,B25J-0009/1689,GRAY,,False,True,False,False,False,False,False,
18/849193,12678961,2023-03-20,Robot guidance using multiple frames,TRUE POSITION ROBOTICS LIMITED,TRUE POSITION ROBOTICS,TRUE POSITION ROBOTICS,GB,116709560,1,B25J-0009/1692,GRAY,,False,True,False,False,False,False,False,
18/747879,12678962,2024-06-19,Autonomous robots for detecting leaks,The ADT Security Corporation,THE ADT SECURITY,THE ADT SECURITY,US,116709561,1,B25J-0009/1694,GRAY,,False,False,False,False,False,False,False,
18/152499,12678963,2023-01-10,Device and method for controlling a robot,ROBERT BOSCH GMBH,ROBERT BOSCH,ROBERT BOSCH,DE,116709562,1,B25J-0009/1697,GRAY,,False,True,False,False,False,False,False,
18/703538,12678967,2021-10-29,Work assistance device and work assistance method,FANUC CORPORATION,FANUC,FANUC,JP,116709566,1,B25J-0009/1656,GRAY,,False,True,False,False,False,False,False,
18/603784,12678968,2024-03-13,Robot and controlling method thereof,"Samsung Electronics Co., Ltd.",SAMSUNG ELECTRONICS,SAMSUNG,KR,116709567,1,B25J-0011/0005,GRAY,,False,False,False,False,False,False,False,
17/965202,12678975,2022-10-13,Robotic end effector system,"CHEF ROBOTICS, INC.",CHEF ROBOTICS,CHEF ROBOTICS,US,116709574,1,B25J-0015/0028,GRAY,,False,True,False,False,False,False,False,
18/605012,12678976,2024-03-14,Robotic apparatus for ceramic matrix composites,General Electric Company,GENERAL ELECTRIC,GENERAL ELECTRIC,US,116709575,1,B25J-0015/0028,GRAY,,False,True,False,False,False,False,False,
18/561466,12678982,2022-05-09,Finger with tactile sensor for robot hand and robot hand with tactile sensor using same,"NISSHA CO.,LTD.",NISSHA COLTD,NISSHA COLTD,JP,116709581,1,B25J-0019/02,GRAY,,False,True,False,False,False,False,False,
18/460612,12679669,2023-09-04,Control method and control device for robot,NIDEC INSTRUMENTS CORPORATION,NIDEC INSTRUMENTS,NIDEC INSTRUMENTS,JP,116710255,1,B25J-0009/1615,GRAY,,False,True,False,False,False,False,False,
17/267464,11992933,2019-08-09,Intermediation device and intermediating method using the same,KAWASAKI JUKOGYO KABUSHIKI KAISHA,KAWASAKI JUKOGYO,KAWASAKI HEAVY INDUSTRIES,JP,116713324,2,B25J-0013/02,GRAY,,False,True,False,False,False,False,False,
17/770733,12397414,2020-10-09,Maintaining free-drive mode of robot arm for period of time,UNIVERSAL ROBOTS A/S,UNIVERSAL ROBOTS A/S,UNIVERSAL ROBOTS A/S,DK,116721015,1,B25J-0009/0081,GRAY,,False,True,False,False,False,False,False,
17/361323,11826913,2021-06-29,"Control system, robot system and control method",KABUSHIKI KAISHA YASKAWA DENKI,YASKAWA DENKI,YASKAWA,JP,116721577,1,B25J-0009/1671,GRAY,,False,False,False,False,False,False,False,
17/729305,12246457,2022-04-26,System and method for connection of service lines to trailer fronts by automated trucks,"OUTRIDER TECHNOLOGIES, INC.",OUTRIDER TECHNOLOGIES,OUTRIDER TECHNOLOGIES,US,116766986,2,B25J-0009/1697,GRAY,,False,True,False,False,False,False,False,
17/299213,12263582,2019-12-03,Gyroscopically stabilised legged robot,THE UNIVERSITY OF QUEENSLAND,THE UNIVERSITY OF QUEENSLAND,THE UNIVERSITY OF QUEENSLAND,AU,116767919,1,B25J-0013/088,GRAY,,False,True,False,False,False,False,False,
17/483235,11821290,2021-09-23,Remote underwater robotic actuator,Kinetic Pressure Control Ltd.,KINETIC PRESSURE CONTROL,KINETIC PRESSURE CONTROL,US,116768395,1,B25J-0009/04,GRAY,,False,True,False,False,False,False,False,
18/262280,12629830,2021-02-10,Method and apparatus for tuning robot path for processing workpiece,ABB SCHWEIZ AG,ABB SCHWEIZ,ABB,CH,116768434,1,B25J-0009/1664,GRAY,,False,False,False,False,False,False,False,
16/237609,11241801,2018-12-31,Robotic end effector with dorsally supported actuation mechanism,SARCOS CORP.,SARCOS,SARCOS,US,116769518,2,B25J-0009/1065,T1_auto,휴머노이드명시/전건T1_OEM,True,True,False,False,False,False,False,
16/257748,11458626,2019-01-25,"Trajectory generating method, and trajectory generating apparatus",CANON KABUSHIKI KAISHA,CANON,CANON,JP,116775189,1,B25J-0009/1664,GRAY,,False,True,False,False,False,False,False,
17/784916,12280507,2020-12-22,Generating a control program for a robot manipulator,"AGILE ROBOTS HANOVER GMBH, NOW TRADING AS FRANKA ROBOTICS GMBH",AGILE ROBOTS HANOVER NOW TRADING AS FRANKA ROBOTICS,FRANKA,DE,116777434,1,B25J-0009/1664,GRAY,,False,True,False,False,False,False,False,
19/022149, ,2025-01-15,SYSTEM FOR SECURING A PAYLOAD TO AN AUTONOMOUS MOBILE ROBOT (AMR),GM GLOBAL TECHNOLOGY OPERATIONS LLC,GM GLOBAL TECHNOLOGY OPERATIONS,GM,US,116781960,1,B25J-0009/0021,E_auto,제외전용신호+Tier신호없음,False,False,False,False,False,True,False,등록번호누락
19/434406, ,2025-12-29,ROBOT,AISAN KOGYO KABUSHIKI KAISHA,AISAN KOGYO,AISAN KOGYO,JP,116781980,1,B25J-0009/1697,GRAY,,False,True,False,False,False,False,False,등록번호누락
19/375297, ,2025-10-31,MECHANICAL HAND AND ROBOT,"ZHEJIANG QIANGNAO TECHNOLOGY CO., LTD. | SHENZHEN MENTAL FLOW TECHNOLOGY CO.,LTD.",ZHEJIANG QIANGNAO TECHNOLOGY,ZHEJIANG QIANGNAO TECHNOLOGY,CN,116781984,1,B25J-0015/0009,GRAY,,False,True,False,False,False,False,False,등록번호누락
19/326595, ,2025-09-11,ROBOTIC GRIPPER WITH RECONFIGURABLE FINGERS,Delta Electronics Int’l (Singapore) Pte Ltd | Nanyang Technological University,DELTA ELECTRONICS INT’L (SINGAPORE) PTE,DELTA ELECTRONICS INT’L (SINGAPORE) PTE,SG,116781987,1,B25J-0015/10,GRAY,,False,True,False,False,False,False,False,등록번호누락
18/547857,12399482,2022-03-02,Command generation device and non-transitory computer-readable medium storing a computer program,FANUC CORPORATION,FANUC,FANUC,JP,116791416,1,B25J-0009/1656,GRAY,,False,False,False,False,False,False,False,
18/179936,12508713,2023-03-07,Systems and methods for robotic system with object handling,"MUJIN, INC.",MUJIN,MUJIN,JP,116797131,1,B25J-0009/1697,GRAY,,False,True,False,False,False,False,False,
17/537798,12064880,2021-11-30,Clutter-clearing robotic system,CLUTTERBOT INC.,CLUTTERBOT,CLUTTERBOT,US,116858698,1,B25J-0009/1666,GRAY,,False,True,False,False,False,False,False,
18/281678,12667959,2022-03-22,System and method for executing an assembly task by means of a robot,FFT PRODUKTIONSSYSTEME GMBH & CO. KG,FFT PRODUKTIONSSYSTEME & CO KG,FFT PRODUKTIONSSYSTEME & CO KG,DE,116858699,1,B25J-0009/1612,GRAY,,False,True,False,False,False,False,False,
