family_id,expansion_level,title,abstract,text,label
39242767,ANTISEED-AF,"Cooling device, electronic device and cooling medium","Cooling performance is improved by using a cooling medium in which a liquid and a solid having high thermal conductivity are mixed.   Since a cooling medium 1 in which a liquid 2a is mixed with a solid 2 having higher thermal conductivity and water repellency or oil repellency than the liquid 1a is formed, dispersibility between the solids 2 is improved. The Therefore, the condensation of the solids 2 in the liquid 1a is hindered, and therefore, the sedimentation of the condensed solid 2 in the liquid 1a is hindered. Therefore, the stirring ability of the liquid 1a and the solid 2 is increased, and the cooling performance can be improved.   [Selection] Figure 1","Cooling device, electronic device and cooling medium Cooling performance is improved by using a cooling medium in which a liquid and a solid having high thermal conductivity are mixed. Since a cooling medium 1 in which a liquid 2a is mixed with a solid 2 having higher thermal conductivity and water repellency or oil repellency than the liquid 1a is formed, dispersibility between the solids 2 is improved. The Therefore, the condensation of the solids 2 in the liquid 1a is hindered, and therefore, the sedimentation of the condensed solid 2 in the liquid 1a is hindered. Therefore, the stirring ability of the liquid 1a and the solid 2 is increased, and the cooling performance can be improved. [Selection] Figure 1",0
62586700,ANTISEED-manual,A kind of electric energy and natural gas competitiveness integrated evaluating method that planning guidance is substituted available for electric energy,"A kind of electric energy and natural gas competitiveness integrated evaluating method that planning guidance is substituted available for electric energy, it is characterised in that include the following steps：First according to the application characteristic of electric energy and natural gas in different technologies field, from economy, technology, three levels of environment establish competitive power appraisal target system, and weight assignment is carried out to each index using analytic hierarchy process (AHP), and five competitiveness evalua- tion grades are divided, the competitiveness fuzzy membership relational matrix of each index is calculated for quantitative target and qualitative index respectively, it finally combines index weights and electric energy is calculated in subordinated-degree matrix respectively, the synthesized competitiveness evaluation points of natural gas, the competitiveness comparison result of electric energy and natural gas can intuitively be obtained by the numerical values recited of evaluation points, the accuracy that overall merit is carried out to electric energy and natural gas competitiveness is high, it can substitute project planning for power grid enterprises and user&#39;s development electric energy and invest and useful guidance is provided.","A kind of electric energy and natural gas competitiveness integrated evaluating method that planning guidance is substituted available for electric energy A kind of electric energy and natural gas competitiveness integrated evaluating method that planning guidance is substituted available for electric energy, it is characterised in that include the following steps：First according to the application characteristic of electric energy and natural gas in different technologies field, from economy, technology, three levels of environment establish competitive power appraisal target system, and weight assignment is carried out to each index using analytic hierarchy process (AHP), and five competitiveness evalua- tion grades are divided, the competitiveness fuzzy membership relational matrix of each index is calculated for quantitative target and qualitative index respectively, it finally combines index weights and electric energy is calculated in subordinated-degree matrix respectively, the synthesized competitiveness evaluation points of natural gas, the competitiveness comparison result of electric energy and natural gas can intuitively be obtained by the numerical values recited of evaluation points, the accuracy that overall merit is carried out to electric energy and natural gas competitiveness is high, it can substitute project planning for power grid enterprises and user&#39;s development electric energy and invest and useful guidance is provided.",0
18341326,ANTISEED-AF,Exhaust valve for marine engine,"PURPOSE: To work a metal of heat resistance and oxidation resistance at relatively low temperature to make aging treatment and to contrive high hardness and long life integrating metal of different kinds with a main unit, thereafter performing solution treatment and warm forging further aging treatment.  
     CONSTITUTION: An exhaust valve is constituted by arranging a heat resistant steel material in a main unit and further metal of different kinds rich in wearing resistance and oxidation resistance at high temperature in a seat part. After the metal of different kinds is integrated with the main unit, solution treatment and warm forging are performed further to perform aging treatment. That is, as compared with that the conventional one is formed into a compound structure by finally padding a material of different kind welded, a maximum feature is provided in the point that warm finish forging following the solution treatment is applied after previously forming the compound structure. A composition of the metal of different kinds is left as adequately set, so that very high hardness can be obtained by aging treatment after finishing forging. 
     COPYRIGHT: (C)1992,JPO&amp;Japio","Exhaust valve for marine engine PURPOSE: To work a metal of heat resistance and oxidation resistance at relatively low temperature to make aging treatment and to contrive high hardness and long life integrating metal of different kinds with a main unit, thereafter performing solution treatment and warm forging further aging treatment. CONSTITUTION: An exhaust valve is constituted by arranging a heat resistant steel material in a main unit and further metal of different kinds rich in wearing resistance and oxidation resistance at high temperature in a seat part. After the metal of different kinds is integrated with the main unit, solution treatment and warm forging are performed further to perform aging treatment. That is, as compared with that the conventional one is formed into a compound structure by finally padding a material of different kind welded, a maximum feature is provided in the point that warm finish forging following the solution treatment is applied after previously forming the compound structure. A composition of the metal of different kinds is left as adequately set, so that very high hardness can be obtained by aging treatment after finishing forging. COPYRIGHT: (C)1992,JPO&amp;Japio",0
56978589,SEED,"Signal processing method, program, information processing device, and eyewear","In this signal processing method, a computer executes: an acquisition step of acquiring an ocular potential-related signal relating to an ocular potential detected using electrodes in contact with a region around the eye of a subject; a first calculation step of calculating an extreme value difference signal between an extreme value of the ocular potential-related signal and another extreme value prior to said extreme value; and a detection step of detecting a line-of-sight movement or an eyeblink on the basis of the extreme value difference signal.","Signal processing method, program, information processing device, and eyewear In this signal processing method, a computer executes: an acquisition step of acquiring an ocular potential-related signal relating to an ocular potential detected using electrodes in contact with a region around the eye of a subject; a first calculation step of calculating an extreme value difference signal between an extreme value of the ocular potential-related signal and another extreme value prior to said extreme value; and a detection step of detecting a line-of-sight movement or an eyeblink on the basis of the extreme value difference signal.",1
64329668,ANTISEED-manual,Method and apparatus for graph generation,"A graph generation method and apparatus are disclosed. The apparatus for generating graphs according to an exemplary embodiment recognizes any one of the plurality of vertices and determines a target of at least one trunk to be generated from the source vertex The number of trunk lines can be obtained. The graph generating device obtains a recursive vector that is used repeatedly to generate at least one trunk in a scope that requires confirmation of the existence of trunks for the source vertex, and based on the target truncation number and the recursive vector, And at least one truncation between at least one destination vertex.","Method and apparatus for graph generation A graph generation method and apparatus are disclosed. The apparatus for generating graphs according to an exemplary embodiment recognizes any one of the plurality of vertices and determines a target of at least one trunk to be generated from the source vertex The number of trunk lines can be obtained. The graph generating device obtains a recursive vector that is used repeatedly to generate at least one trunk in a scope that requires confirmation of the existence of trunks for the source vertex, and based on the target truncation number and the recursive vector, And at least one truncation between at least one destination vertex.",0
69541254,SEED,Method and device for explaining sports game,"The disclosure relates to a method and a device for explaining a sports game. The method comprises the following steps: carrying out character recognition on a video frame of a sports game video, and determining the name of an athlete in the video frame; performing posture recognition on the athlete and determining the action of the athlete; determining corresponding action description information of the athlete according to the action of the athlete; and generating the commentary content corresponding to the sports game video according to the name of the athlete and the action description information. The method and the device can improve the accuracy of the explanation content, avoid the condition of manual misstatement, greatly reduce the error rate and save manpower.","Method and device for explaining sports game The disclosure relates to a method and a device for explaining a sports game. The method comprises the following steps: carrying out character recognition on a video frame of a sports game video, and determining the name of an athlete in the video frame; performing posture recognition on the athlete and determining the action of the athlete; determining corresponding action description information of the athlete according to the action of the athlete; and generating the commentary content corresponding to the sports game video according to the name of the athlete and the action description information. The method and the device can improve the accuracy of the explanation content, avoid the condition of manual misstatement, greatly reduce the error rate and save manpower.",1
63016587,SEED,A method of air quality is estimated based on single image,"The invention discloses a kind of methods for estimating air quality based on single image, including：The arbitrary scene image for acquiring known air performance figure, establishes database and is expanded, and obtains the image data base that air quality grade is &#34; excellent &#34;, &#34; slight pollution &#34; and &#34; serious pollution &#34; three grades；Choose convolutional neural networks classical model --- atmospheric quality models of the Alexnet models as the present invention, and pre-training is carried out using Imagenet big datas, improve further feature otherness；After the completion of pre-training, the scene image library that the present invention acquires is substituted into air quality disaggregated model and is finely adjusted；After the completion of fine tuning, test training set image air quality disaggregated model is subjected to scene air quality classification；Present invention firstly provides air quality estimation is carried out using scene image information, this method is not necessarily to any measuring instrument and human assistance, and classification accuracy is higher, and has stronger real-time, and the development for the following air monitoring technology provides new approaches.","A method of air quality is estimated based on single image The invention discloses a kind of methods for estimating air quality based on single image, including：The arbitrary scene image for acquiring known air performance figure, establishes database and is expanded, and obtains the image data base that air quality grade is &#34; excellent &#34;, &#34; slight pollution &#34; and &#34; serious pollution &#34; three grades；Choose convolutional neural networks classical model --- atmospheric quality models of the Alexnet models as the present invention, and pre-training is carried out using Imagenet big datas, improve further feature otherness；After the completion of pre-training, the scene image library that the present invention acquires is substituted into air quality disaggregated model and is finely adjusted；After the completion of fine tuning, test training set image air quality disaggregated model is subjected to scene air quality classification；Present invention firstly provides air quality estimation is carried out using scene image information, this method is not necessarily to any measuring instrument and human assistance, and classification accuracy is higher, and has stronger real-time, and the development for the following air monitoring technology provides new approaches.",1
60064069,SEED,A kind of image depth estimation method and system,"The invention discloses a kind of image depth estimation method and system, the realization of wherein method includes：Estimation of Depth network is built, estimation of Depth network includes：Coded portion, convolution coupling part and decoded portion, the warp lamination of decoded portion are connected with last layer of convolutional layer in the yardstick identical convolution block of coded portion, form final warp lamination；The depth map of two consecutive images and wherein one image in selection sample image trains estimation of Depth network, the estimation of Depth network trained as training sample using training sample；Collecting test image, extracts the current frame image of test image and the previous frame image of current frame image；The estimation of Depth network that the Color Channel input of current frame image and previous frame image is trained, obtains the depth map of current frame image.The inventive method efficiency high, obtains depth map accuracy height, compactness strong.","A kind of image depth estimation method and system The invention discloses a kind of image depth estimation method and system, the realization of wherein method includes：Estimation of Depth network is built, estimation of Depth network includes：Coded portion, convolution coupling part and decoded portion, the warp lamination of decoded portion are connected with last layer of convolutional layer in the yardstick identical convolution block of coded portion, form final warp lamination；The depth map of two consecutive images and wherein one image in selection sample image trains estimation of Depth network, the estimation of Depth network trained as training sample using training sample；Collecting test image, extracts the current frame image of test image and the previous frame image of current frame image；The estimation of Depth network that the Color Channel input of current frame image and previous frame image is trained, obtains the depth map of current frame image.The inventive method efficiency high, obtains depth map accuracy height, compactness strong.",1
66633311,ANTISEED-manual,Method and a server for converting a categorical factor value into its numerical representation and for creating a separating value of a categorical factor,"FIELD: computer equipment.SUBSTANCE: invention relates to computer engineering. Disclosed is a method of converting into a numerical representation a categorical factor value which is associated with a training object for training machine learning algorithm (MLA), wherein MLA uses a decision tree model having a decision tree, wherein the training object is processed on a node of a given decision tree level, wherein the decision tree has at least one previous decision tree level, wherein at least one previous level value of at least one categorical factor is converted into its previous numerical representation for at least one previous level of decision tree, wherein machine learning algorithm is performed by electronic device for prediction of use phase object, method includes: obtaining access from a side of machine-readable carrier of machine learning system to a set of training objects, wherein each training object from a set of training objects comprises a document and an event indicator associated with the document, wherein each document is associated with a categorical factor; creating a numerical representation for a categorical factor value by extracting a previous numerical representation of at least one categorical factor value for the given object from the set of training entities on at least one previous decision tree level; creating, for each combination of at least one previous value of categorical factor on at least one previous level of decision tree and at least some values of categorical factors from set of training objects, current numerical representation for given level of decision tree, creation is carried out during creation of decision tree.EFFECT: forming a machine learning algorithm using a decision tree model and designed to classify objects having a categorical factor value which is converted to its numerical representation.42 cl, 14 dwg","Method and a server for converting a categorical factor value into its numerical representation and for creating a separating value of a categorical factor FIELD: computer equipment.SUBSTANCE: invention relates to computer engineering. Disclosed is a method of converting into a numerical representation a categorical factor value which is associated with a training object for training machine learning algorithm (MLA), wherein MLA uses a decision tree model having a decision tree, wherein the training object is processed on a node of a given decision tree level, wherein the decision tree has at least one previous decision tree level, wherein at least one previous level value of at least one categorical factor is converted into its previous numerical representation for at least one previous level of decision tree, wherein machine learning algorithm is performed by electronic device for prediction of use phase object, method includes: obtaining access from a side of machine-readable carrier of machine learning system to a set of training objects, wherein each training object from a set of training objects comprises a document and an event indicator associated with the document, wherein each document is associated with a categorical factor; creating a numerical representation for a categorical factor value by extracting a previous numerical representation of at least one categorical factor value for the given object from the set of training entities on at least one previous decision tree level; creating, for each combination of at least one previous value of categorical factor on at least one previous level of decision tree and at least some values of categorical factors from set of training objects, current numerical representation for given level of decision tree, creation is carried out during creation of decision tree.EFFECT: forming a machine learning algorithm using a decision tree model and designed to classify objects having a categorical factor value which is converted to its numerical representation.42 cl, 14 dwg",0
67859125,SEED,A kind of image processing method and device,"This application involves technical field of image processing, in particular to a kind of image processing method and device, to shorten the period that facial image is converted into cartoon image.The embodiment of the present application obtains at least one picture to be converted comprising human face region；Obtain the face image data for the human face region for including in picture to be converted；Cartoon image data are converted to by the face image data that the neural network trained will acquire respectively；Cartoon image is generated according to the cartoon image data obtained after conversion, and the human face region in picture to be converted is replaced with to the cartoon image of conversion.Quickly due to Processing with Neural Network speed, it can be realized and be quickly converted in such a way that facial image is converted to cartoon image by neural network, shorten the period that facial image is converted to cartoon image, improve the efficiency that facial image is converted to cartoon image.","A kind of image processing method and device This application involves technical field of image processing, in particular to a kind of image processing method and device, to shorten the period that facial image is converted into cartoon image.The embodiment of the present application obtains at least one picture to be converted comprising human face region；Obtain the face image data for the human face region for including in picture to be converted；Cartoon image data are converted to by the face image data that the neural network trained will acquire respectively；Cartoon image is generated according to the cartoon image data obtained after conversion, and the human face region in picture to be converted is replaced with to the cartoon image of conversion.Quickly due to Processing with Neural Network speed, it can be realized and be quickly converted in such a way that facial image is converted to cartoon image by neural network, shorten the period that facial image is converted to cartoon image, improve the efficiency that facial image is converted to cartoon image.",1
68146502,ANTISEED-manual,Audio representation learning method based on multilayer timing pond,"The present invention provides the audio representation learning method based on multilayer timing pond, belongs to audio classification techniques field.The present invention extracts training set and the spectrum signature wait indicate each audio sample in audio first, and it is cut into the segment of equal length, using the segment rank time-frequency characteristics set training CNN network of training set, the segment rank character representation of audio to be indicated then is extracted with trained CNN network；Again using the segment rank character representation of the audio to be indicated of extraction as the input of multilayer timing pond network, each timing pond layer of multilayer timing pond network successively carries out nonlinear characteristic mapping to input data and sequential coding operates, the expression vector of final output audio to be indicated.The present invention solves the problems, such as the existing character representation technology for lacking and capableing of time-series dynamics information that is flexible, efficiently capturing any duration audio sample.The present invention can be used for robust and advanced audio representation.","Audio representation learning method based on multilayer timing pond The present invention provides the audio representation learning method based on multilayer timing pond, belongs to audio classification techniques field.The present invention extracts training set and the spectrum signature wait indicate each audio sample in audio first, and it is cut into the segment of equal length, using the segment rank time-frequency characteristics set training CNN network of training set, the segment rank character representation of audio to be indicated then is extracted with trained CNN network；Again using the segment rank character representation of the audio to be indicated of extraction as the input of multilayer timing pond network, each timing pond layer of multilayer timing pond network successively carries out nonlinear characteristic mapping to input data and sequential coding operates, the expression vector of final output audio to be indicated.The present invention solves the problems, such as the existing character representation technology for lacking and capableing of time-series dynamics information that is flexible, efficiently capturing any duration audio sample.The present invention can be used for robust and advanced audio representation.",0
70849766,SEED,3d hair synthesis using volumetric variational autoencoders,"Devices and methods for single-view 3D hair modeling are disclosed. The method for single-view 3D hair modeling includes training, by a neural network processor, a volumetric autoencoder to encode a plurality of 3D hairstyles into latent features, and to generate an output based on the latent features. The method for single-view 3D hair modeling includes training, by the neural network processor, an embedding network to determine hair coefficients of a single hairstyle from an input image. The method for single-view 3D hair modeling includes receiving, by the neural network processor, the input image. The method for single-view 3D hair modeling includes synthesizing, by the neural network processor, hair strands to generate a single-view 3D model of the single hairstyle based on the volumetric autoencoder, the embedding network, and the input image.","3d hair synthesis using volumetric variational autoencoders Devices and methods for single-view 3D hair modeling are disclosed. The method for single-view 3D hair modeling includes training, by a neural network processor, a volumetric autoencoder to encode a plurality of 3D hairstyles into latent features, and to generate an output based on the latent features. The method for single-view 3D hair modeling includes training, by the neural network processor, an embedding network to determine hair coefficients of a single hairstyle from an input image. The method for single-view 3D hair modeling includes receiving, by the neural network processor, the input image. The method for single-view 3D hair modeling includes synthesizing, by the neural network processor, hair strands to generate a single-view 3D model of the single hairstyle based on the volumetric autoencoder, the embedding network, and the input image.",1
34840359,ANTISEED-AF,Methods for electrosurgical electrolysis,"Methods for electrosurgical electrolysis for treating tissue within a body, including methods that operate in an electrolyzable medium, including an aqueous electrolyzable medium, by means of electrolysis, and optionally by means of oxy-hydrogen combustion for use in treatment, including therapeutic methods of electrolysis to effect advantageous tissue changes.","Methods for electrosurgical electrolysis Methods for electrosurgical electrolysis for treating tissue within a body, including methods that operate in an electrolyzable medium, including an aqueous electrolyzable medium, by means of electrolysis, and optionally by means of oxy-hydrogen combustion for use in treatment, including therapeutic methods of electrolysis to effect advantageous tissue changes.",0
15340625,ANTISEED-manual,Compressing and volumetric reducing treatment of solid waste,"PURPOSE: To prevent the exposing of compressed bodies to the outside after an embedding disposition and to reduce cost by packing solid waste containing rubber, etc., which internally contain reaction after compression into containers and subjecting the waste to compressing and volumetric reducing in this state then to a heating treatment, thereby forming the stable compressed bodies.  
     CONSTITUTION: The fire retardant or other solid waste is packed into the containers 1 such as drum cans and are compressed by a compressing device 2 to form the compressed bodies 4 which are decreased in volume to a fraction. The compressed bodies 4 are then subjected to the heating treatment by a heater provided with a heating means 5 such as electric heater. The heating temp. is preferably set at the temp. above the softening temp. at which the rubber, etc., in the compressed bodies 4 soften to decrease the internally existing reaction and below the temp. at which the thermal decomposition of the rubber, etc., and the generation of harmful gases such as gaseous chlorine do not arise. Said temp. is preferably about 200W400°C with, for example, rubber. Plural pieces of the compressed bodies 4 from which the internal reaction is removed by the heating treatment in such a manner are packed into a storage container 6 such as drum can and thereafter, a fixing material 7 such as mortar is packed between the outside peripheral face of the compressed bodies 4 and the inside peripheral face of the container 6 by a packing machine 8 and the entire part is solidified. The waste body is thus formed. 
     COPYRIGHT: (C)1988,JPO&amp;Japio","Compressing and volumetric reducing treatment of solid waste PURPOSE: To prevent the exposing of compressed bodies to the outside after an embedding disposition and to reduce cost by packing solid waste containing rubber, etc., which internally contain reaction after compression into containers and subjecting the waste to compressing and volumetric reducing in this state then to a heating treatment, thereby forming the stable compressed bodies. CONSTITUTION: The fire retardant or other solid waste is packed into the containers 1 such as drum cans and are compressed by a compressing device 2 to form the compressed bodies 4 which are decreased in volume to a fraction. The compressed bodies 4 are then subjected to the heating treatment by a heater provided with a heating means 5 such as electric heater. The heating temp. is preferably set at the temp. above the softening temp. at which the rubber, etc., in the compressed bodies 4 soften to decrease the internally existing reaction and below the temp. at which the thermal decomposition of the rubber, etc., and the generation of harmful gases such as gaseous chlorine do not arise. Said temp. is preferably about 200W400°C with, for example, rubber. Plural pieces of the compressed bodies 4 from which the internal reaction is removed by the heating treatment in such a manner are packed into a storage container 6 such as drum can and thereafter, a fixing material 7 such as mortar is packed between the outside peripheral face of the compressed bodies 4 and the inside peripheral face of the container 6 by a packing machine 8 and the entire part is solidified. The waste body is thus formed. COPYRIGHT: (C)1988,JPO&amp;Japio",0
61260925,ANTISEED-manual,A kind of turn inside diameter householder method and device,"The embodiment of the present invention, which discloses a kind of turn inside diameter householder method and device, method, to be included：In response to auxiliary request, periphery barrier situation is obtained；Calculate and the current kinetic track of front hook is worked as based on steering wheel, when the distance of current kinetic track and any barrier in periphery reaches pre-determined distance threshold value, disabled orientation disk increases corner on current wheel steering direction.The embodiment of the present invention is by judging movement locus and periphery barrier situation, and before vehicle and barrier will scratch, i.e. the corner of locking direction disk so as to avoid the control of driver&#39;s steering wheel improper, causes vehicle to scratch.","A kind of turn inside diameter householder method and device The embodiment of the present invention, which discloses a kind of turn inside diameter householder method and device, method, to be included：In response to auxiliary request, periphery barrier situation is obtained；Calculate and the current kinetic track of front hook is worked as based on steering wheel, when the distance of current kinetic track and any barrier in periphery reaches pre-determined distance threshold value, disabled orientation disk increases corner on current wheel steering direction.The embodiment of the present invention is by judging movement locus and periphery barrier situation, and before vehicle and barrier will scratch, i.e. the corner of locking direction disk so as to avoid the control of driver&#39;s steering wheel improper, causes vehicle to scratch.",0
26998601,ANTISEED-AF,Impact blasting system for etching metal surfaces,"Apparatus for etching a metal surface utilizes a specially shrouded centrifugal throwing wheel to effect a uniform, non-pulsating application of very fine, lightweight, impact blasting media. The resulting etched finish is of a fine-grained quality suitable for use in lithography. A replaceable, wear-resistant liner is provided within the shroud.","Impact blasting system for etching metal surfaces Apparatus for etching a metal surface utilizes a specially shrouded centrifugal throwing wheel to effect a uniform, non-pulsating application of very fine, lightweight, impact blasting media. The resulting etched finish is of a fine-grained quality suitable for use in lithography. A replaceable, wear-resistant liner is provided within the shroud.",0
68077377,SEED,A kind of removing rain based on single image method based on the compression rewards and punishments neural network for reusing raw information,"The present invention relates to it is a kind of based on reuse raw information compression rewards and punishments neural network removing rain based on single image method, first with quick guiding filtering by rainy picture breakdown be low frequency figure layer and high frequency figure layer；Then high frequency figure layer is input to and carries out feature learning in the neural network that one combines the reuse raw information connection type that compression rewards and punishments neural network structure block, batch normalized and this method propose and extracts, remove rain line therein；It the high frequency figure layer after rain line will finally be removed is added with original low frequency figure layer to obtain and final go rain result.This method carries out rain for single width rain image, compared with existing traditional rain removing method, based on deep learning rain removing method, can obtain higher-quality no rain figure picture；And the network that this method proposes is based on compression rewards and punishments neural network, and compression rewards and punishments block structure used in the network that this method proposes can then portray the relationship between feature channel well, to improve the expressiveness of network, rain effect is gone in promotion.","A kind of removing rain based on single image method based on the compression rewards and punishments neural network for reusing raw information The present invention relates to it is a kind of based on reuse raw information compression rewards and punishments neural network removing rain based on single image method, first with quick guiding filtering by rainy picture breakdown be low frequency figure layer and high frequency figure layer；Then high frequency figure layer is input to and carries out feature learning in the neural network that one combines the reuse raw information connection type that compression rewards and punishments neural network structure block, batch normalized and this method propose and extracts, remove rain line therein；It the high frequency figure layer after rain line will finally be removed is added with original low frequency figure layer to obtain and final go rain result.This method carries out rain for single width rain image, compared with existing traditional rain removing method, based on deep learning rain removing method, can obtain higher-quality no rain figure picture；And the network that this method proposes is based on compression rewards and punishments neural network, and compression rewards and punishments block structure used in the network that this method proposes can then portray the relationship between feature channel well, to improve the expressiveness of network, rain effect is gone in promotion.",1
71681073,SEED,Online sparse prototype tracking method based on twin neural network linear representation model,"The invention discloses an online sparse prototype tracking method based on a twin neural network linear representation model, which comprises the steps of carrying out linear superposition on different pictures based on an image mixing method to obtain a complex background picture; modeling is carried out on an appearance model through online sparse prototype tracking, and a tracked target is sparsely and linearly represented by a prototype composed of orthogonal subspace basis vectors and trivial templates; and outputting an occlusion tracking result based on the observation model and the observation likelihood function. The method has the advantages that different pictures are linearly overlapped through a data augmentation method, a complex background picture with semantic information is generated by using a limited training set, the distinguishing capability of the siamrPN to different objects is enhanced, the problem of background clutter is solved, an online sparse prototype target representation model is combined with the improved siamrPN, the target shielding condition is considered, a robust tracker manufactured by using an observation likelihood function and an updating mechanism is used, the positioning accuracy of a tracked target is improved, and the overall tracking performance is improved.","Online sparse prototype tracking method based on twin neural network linear representation model The invention discloses an online sparse prototype tracking method based on a twin neural network linear representation model, which comprises the steps of carrying out linear superposition on different pictures based on an image mixing method to obtain a complex background picture; modeling is carried out on an appearance model through online sparse prototype tracking, and a tracked target is sparsely and linearly represented by a prototype composed of orthogonal subspace basis vectors and trivial templates; and outputting an occlusion tracking result based on the observation model and the observation likelihood function. The method has the advantages that different pictures are linearly overlapped through a data augmentation method, a complex background picture with semantic information is generated by using a limited training set, the distinguishing capability of the siamrPN to different objects is enhanced, the problem of background clutter is solved, an online sparse prototype target representation model is combined with the improved siamrPN, the target shielding condition is considered, a robust tracker manufactured by using an observation likelihood function and an updating mechanism is used, the positioning accuracy of a tracked target is improved, and the overall tracking performance is improved.",1
69804019,SEED,Apparatus and method for image registration based on deep learning,"The present invention relates to an image matching device and a method, and an image matching device according to an embodiment of the present invention includes a visible light image input unit for receiving a visible light (RGB) image; An infrared image input unit for receiving an infrared (IR) image; A feature extractor which extracts an object from a visible light image using a deep learning technique and extracts a background image from an infrared image; And a matching unit matching the extracted object with the background. According to the present invention, an object recognition and identification capability may be improved even in an image captured at night.","Apparatus and method for image registration based on deep learning The present invention relates to an image matching device and a method, and an image matching device according to an embodiment of the present invention includes a visible light image input unit for receiving a visible light (RGB) image; An infrared image input unit for receiving an infrared (IR) image; A feature extractor which extracts an object from a visible light image using a deep learning technique and extracts a background image from an infrared image; And a matching unit matching the extracted object with the background. According to the present invention, an object recognition and identification capability may be improved even in an image captured at night.",1
25079587,ANTISEED-AF,Cyclic diene adsorption with activated zinc oxide-silica-alumina adsorbents,,Cyclic diene adsorption with activated zinc oxide-silica-alumina adsorbents,0
49193581,ANTISEED-AF,Method for positioning temporary supporting point of large structure base layer deck piece,"The invention discloses a method for positioning a temporary supporting point of a large structure base layer deck piece. The method comprises the following steps of (1) confirming a severely-deformed rectangular region required to be supported temporarily in the deck piece; (2) optionally selecting one point in the confirmed rectangular region and using the point as the one-time temporary supporting point, using position coordinates of the one-time temporary supporting point as design variables, and then adopting a zero-order optimization method to calculate position coordinates of an optimal supporting point in the rectangular region through iteration optimizing; (3) selecting a main beam cross point closest to the position coordinates of the optimal supporting point in the rectangular region and using the cross point as the final temporary supporting point. The method has the advantages that the settling volume of a structure can be remarkably decreased, improvement of the stability of a steel structure is facilitated, the design time is shortened, and the design is scientific and reasonable.","Method for positioning temporary supporting point of large structure base layer deck piece The invention discloses a method for positioning a temporary supporting point of a large structure base layer deck piece. The method comprises the following steps of (1) confirming a severely-deformed rectangular region required to be supported temporarily in the deck piece; (2) optionally selecting one point in the confirmed rectangular region and using the point as the one-time temporary supporting point, using position coordinates of the one-time temporary supporting point as design variables, and then adopting a zero-order optimization method to calculate position coordinates of an optimal supporting point in the rectangular region through iteration optimizing; (3) selecting a main beam cross point closest to the position coordinates of the optimal supporting point in the rectangular region and using the cross point as the final temporary supporting point. The method has the advantages that the settling volume of a structure can be remarkably decreased, improvement of the stability of a steel structure is facilitated, the design time is shortened, and the design is scientific and reasonable.",0
68839333,ANTISEED-manual,Optimizing Benefits Selection in View of both Member Population and Organizational Preferences,"The present disclosure relates to systems and methods for optimizing benefits plan options offered by an organization through balancing derived population preferences with organizational preferences by analyzing historical selections made by individuals. Census data dividing members of an organization into census divisions may be applied to machine learning algorithm(s) to derive estimated selection preferences of the members. Using selection preferences, costs of various product offering scenarios and overall member satisfaction estimates of the scenarios may be calculated. Product offering scenarios meeting member preference criteria and organizational budget criteria may be presented for review.","Optimizing Benefits Selection in View of both Member Population and Organizational Preferences The present disclosure relates to systems and methods for optimizing benefits plan options offered by an organization through balancing derived population preferences with organizational preferences by analyzing historical selections made by individuals. Census data dividing members of an organization into census divisions may be applied to machine learning algorithm(s) to derive estimated selection preferences of the members. Using selection preferences, costs of various product offering scenarios and overall member satisfaction estimates of the scenarios may be calculated. Product offering scenarios meeting member preference criteria and organizational budget criteria may be presented for review.",0
36227940,ANTISEED-AF,Toners for electrostatic-image development,"Toners for electrostatic-image development which are toners produced through emulsion polymerization and aggregation and which have excellent fixability even at a higher temperature while retaining intact other various properties and emit no odor offensive to people; and a process for producing the toners. One of the toners produced through emulsion polymerization and aggregation is characterized by having an odor index in terms of the odor of aliphatic aldehydes as determined by gas chromatography of 300 or lower. The other toner produced through emulsion polymerization and aggregation is a toner obtained via a polymerization step, aggregation step, and aging step and is characterized in that the latex which has been obtained by emulsion polymerization before the aggregation step is a latex having a peoxide value of 30 or smaller.","Toners for electrostatic-image development Toners for electrostatic-image development which are toners produced through emulsion polymerization and aggregation and which have excellent fixability even at a higher temperature while retaining intact other various properties and emit no odor offensive to people; and a process for producing the toners. One of the toners produced through emulsion polymerization and aggregation is characterized by having an odor index in terms of the odor of aliphatic aldehydes as determined by gas chromatography of 300 or lower. The other toner produced through emulsion polymerization and aggregation is a toner obtained via a polymerization step, aggregation step, and aging step and is characterized in that the latex which has been obtained by emulsion polymerization before the aggregation step is a latex having a peoxide value of 30 or smaller.",0
66933599,SEED,Submicron lens-free microscopic imaging method and system based on neural network,"The invention discloses a submicron lens-free microscopic imaging method and system based on a neural network, which comprises the following steps: under the condition of coherent illumination, obtaining a hologram corresponding to interference fringes generated by an object to be imaged through a non-transparent microscope; performing phase recovery based on the hologram of the object to be imaged, and acquiring two-dimensional amplitude images of different cross sections of the object to be imaged at a first resolution and two-dimensional phase images of the first resolution; and inputting the two-dimensional amplitude image with the first resolution and the two-dimensional phase image with the first resolution into a trained generation countermeasure network to obtain the two-dimensional amplitude image with the second resolution and the two-dimensional phase image with the second resolution, wherein the second resolution is greater than the first resolution. The invention solves the problem of insufficient resolution of the lens-free microscope by utilizing the neural network, can strengthen the resolution of any cell image, allows the lens-free imaging system to break through the limitation of the pixel size and realizes the submicron resolution.","Submicron lens-free microscopic imaging method and system based on neural network The invention discloses a submicron lens-free microscopic imaging method and system based on a neural network, which comprises the following steps: under the condition of coherent illumination, obtaining a hologram corresponding to interference fringes generated by an object to be imaged through a non-transparent microscope; performing phase recovery based on the hologram of the object to be imaged, and acquiring two-dimensional amplitude images of different cross sections of the object to be imaged at a first resolution and two-dimensional phase images of the first resolution; and inputting the two-dimensional amplitude image with the first resolution and the two-dimensional phase image with the first resolution into a trained generation countermeasure network to obtain the two-dimensional amplitude image with the second resolution and the two-dimensional phase image with the second resolution, wherein the second resolution is greater than the first resolution. The invention solves the problem of insufficient resolution of the lens-free microscope by utilizing the neural network, can strengthen the resolution of any cell image, allows the lens-free imaging system to break through the limitation of the pixel size and realizes the submicron resolution.",1
65023364,ANTISEED-manual,Adaptive health status scoring for network assurance,"In one embodiment, a device receives network metrics regarding networking equipment of a network in a physical location. The device predicts a health status score for the networking equipment in the physical location using the received network metrics as input to a machine learning-based predictive scoring model. The device provides an indication of the predicted health status score in conjunction with a visualization of the physical location for display by an electronic display. The device adjusts the predictive scoring model based on feedback regarding the predicted health status score.","Adaptive health status scoring for network assurance In one embodiment, a device receives network metrics regarding networking equipment of a network in a physical location. The device predicts a health status score for the networking equipment in the physical location using the received network metrics as input to a machine learning-based predictive scoring model. The device provides an indication of the predicted health status score in conjunction with a visualization of the physical location for display by an electronic display. The device adjusts the predictive scoring model based on feedback regarding the predicted health status score.",0
65693619,SEED,"Image enchancing method, device, electronic equipment and computer-readable medium","This disclosure relates to a kind of image enchancing method, device, electronic equipment and computer-readable medium.It is related to field of image processing, this method comprises: pre-processing to original image, generates standard picture；Color correction is carried out to the standard picture, generates correction image；And the correction image input picture is enhanced and obtains enhancing image in model；Wherein, described image enhancing model is the depth convolutional neural networks model comprising the on-fixed number of plies.This disclosure relates to image enchancing method, device, electronic equipment and computer-readable medium, it is able to ascend the effect of image enhancement, it efficiently solves the problems, such as that image document structuring is handled, improves authentication efficiency when face recognition, while saving a large amount of human cost.","Image enchancing method, device, electronic equipment and computer-readable medium This disclosure relates to a kind of image enchancing method, device, electronic equipment and computer-readable medium.It is related to field of image processing, this method comprises: pre-processing to original image, generates standard picture；Color correction is carried out to the standard picture, generates correction image；And the correction image input picture is enhanced and obtains enhancing image in model；Wherein, described image enhancing model is the depth convolutional neural networks model comprising the on-fixed number of plies.This disclosure relates to image enchancing method, device, electronic equipment and computer-readable medium, it is able to ascend the effect of image enhancement, it efficiently solves the problems, such as that image document structuring is handled, improves authentication efficiency when face recognition, while saving a large amount of human cost.",1
49234260,ANTISEED-manual,Apparatus and method for sensing touch input,"The present invention relates to a touch sensing device and method. According to the present invention, a sensing circuit unit for generating a plurality of sensing signals from a plurality of capacitance changes occurring in each of the plurality of electrodes provided in the panel portion, and each of the two or more electrodes spaced apart by a predetermined distance from each other of the plurality of electrodes A signal processing unit for comparing the level of two or more sensing signals generated from the capacitance change with a predetermined reference value, wherein the signal processing unit is configured to generate the plurality of capacitances when all of the levels of the two or more sensing signals are greater than the predetermined reference value. A touch sensing device which determines that a change is generated by noise is proposed.","Apparatus and method for sensing touch input The present invention relates to a touch sensing device and method. According to the present invention, a sensing circuit unit for generating a plurality of sensing signals from a plurality of capacitance changes occurring in each of the plurality of electrodes provided in the panel portion, and each of the two or more electrodes spaced apart by a predetermined distance from each other of the plurality of electrodes A signal processing unit for comparing the level of two or more sensing signals generated from the capacitance change with a predetermined reference value, wherein the signal processing unit is configured to generate the plurality of capacitances when all of the levels of the two or more sensing signals are greater than the predetermined reference value. A touch sensing device which determines that a change is generated by noise is proposed.",0
52645665,ANTISEED-manual,Text message extracting method and system,"The invention provides a text message extracting method. The method comprises the steps of determining a target object; preprocessing the target object; constructing LSA (latent semantic analysis) according to the preprocessing result, digitizing the target object; clustering the digitalized target object by the k-means clustering algorithm to obtain at least one clustering cluster; extracting the message of each clustering cluster by LSA-based algorithm; combining the extracted message, so as to accurately extract the summary of a microblog. The invention also provides a text message extracting system which can accurately extract the summary of the microblog.","Text message extracting method and system The invention provides a text message extracting method. The method comprises the steps of determining a target object; preprocessing the target object; constructing LSA (latent semantic analysis) according to the preprocessing result, digitizing the target object; clustering the digitalized target object by the k-means clustering algorithm to obtain at least one clustering cluster; extracting the message of each clustering cluster by LSA-based algorithm; combining the extracted message, so as to accurately extract the summary of a microblog. The invention also provides a text message extracting system which can accurately extract the summary of the microblog.",0
55962081,ANTISEED-manual,Automatic Discovery of High-Performance Features for Customer Lifetime Value Optimization via Low-Variance Random Projection,"Techniques for automatic discovery of high-performance features for customer LTV optimization via low-variance random projection are described. In one or more implementations, a random projection matrix is generated that is usable to compress a dataset representing a plurality of features associated with one or more customers. Using a first subset of the plurality of features, a simulator is created to model customer behavior. In addition, a policy is trained to determine which advertisements to present to a new customer based on a second subset of the plurality of features. In implementations, the policy is trained by at least using the random projection matrix to compress the second subset of the plurality of features. Subsequently, a performance of the policy is evaluated using the simulator to determine a level of the performance of the policy. This process is repeated a number of times in order to evaluate several possible candidate transformations and compressions of the dataset, with the goal of autonomously discovering and identifying a new compressed set of high-performing features for use in LTV learning algorithms.","Automatic Discovery of High-Performance Features for Customer Lifetime Value Optimization via Low-Variance Random Projection Techniques for automatic discovery of high-performance features for customer LTV optimization via low-variance random projection are described. In one or more implementations, a random projection matrix is generated that is usable to compress a dataset representing a plurality of features associated with one or more customers. Using a first subset of the plurality of features, a simulator is created to model customer behavior. In addition, a policy is trained to determine which advertisements to present to a new customer based on a second subset of the plurality of features. In implementations, the policy is trained by at least using the random projection matrix to compress the second subset of the plurality of features. Subsequently, a performance of the policy is evaluated using the simulator to determine a level of the performance of the policy. This process is repeated a number of times in order to evaluate several possible candidate transformations and compressions of the dataset, with the goal of autonomously discovering and identifying a new compressed set of high-performing features for use in LTV learning algorithms.",0
20217678,ANTISEED-AF,Method to accelerate working medium flow in rocket engine channel,"FIELD: electric rocket engines. SUBSTANCE: according to proposed method, acceleration is provided owing to action of electrodynamic Lorentz force in nonhomogeneous gas plasma flow. Plasmoids in gas flow are created by T-layer effect formed at artificially provoking overheat instability in channel with magnetic field cross to flow. For this purpose impulsive high current discharge is provided periodically at inlet section of MHD accelerator channel. T-layer at steady state are stable current layers acting onto gas flow at plasma pistons. MHD-process with T-layers preserves stability at high mass density of flow. This methods improves stability of plasma to development of overheat instability at multiple increase in consumption of working medium. EFFECT: increased thrust of electric rocket engine.","Method to accelerate working medium flow in rocket engine channel FIELD: electric rocket engines. SUBSTANCE: according to proposed method, acceleration is provided owing to action of electrodynamic Lorentz force in nonhomogeneous gas plasma flow. Plasmoids in gas flow are created by T-layer effect formed at artificially provoking overheat instability in channel with magnetic field cross to flow. For this purpose impulsive high current discharge is provided periodically at inlet section of MHD accelerator channel. T-layer at steady state are stable current layers acting onto gas flow at plasma pistons. MHD-process with T-layers preserves stability at high mass density of flow. This methods improves stability of plasma to development of overheat instability at multiple increase in consumption of working medium. EFFECT: increased thrust of electric rocket engine.",0
54396963,ANTISEED-manual,Piezoelectric film structures and sensors and display assemblies using same,"The present disclosure relates to a piezoelectric film structure and a sensor, and a display assembly using the same. The piezoelectric film structure is transparent and comprises: a substrate; A lower optical layer disposed on or on the substrate; A lower conductive layer disposed on or in the lower optical layer; At least one piezoelectric layer disposed on or above the lower conductive layer; An upper conductive layer disposed on or in the at least one piezoelectric layer; And an upper optical layer disposed on or over the upper conductive layer. The sensor includes a piezoelectric film structure electrically connected to the signal processing system. The display assembly includes a sensor operably arranged relative to the display device. The piezo film structure and sensors may be configured to determine one or more touch-sensitive features associated with a touch event.","Piezoelectric film structures and sensors and display assemblies using same The present disclosure relates to a piezoelectric film structure and a sensor, and a display assembly using the same. The piezoelectric film structure is transparent and comprises: a substrate; A lower optical layer disposed on or on the substrate; A lower conductive layer disposed on or in the lower optical layer; At least one piezoelectric layer disposed on or above the lower conductive layer; An upper conductive layer disposed on or in the at least one piezoelectric layer; And an upper optical layer disposed on or over the upper conductive layer. The sensor includes a piezoelectric film structure electrically connected to the signal processing system. The display assembly includes a sensor operably arranged relative to the display device. The piezo film structure and sensors may be configured to determine one or more touch-sensitive features associated with a touch event.",0
62603608,SEED,"Deep neural network model training, image processing method and device and equipment","An embodiment of the present invention provides a kind of deep neural network model training method and device, image processing method and device and electronic equipments.The model training method is based on training sample picture library, repeatedly training is carried out to deep neural network model until meeting scheduled trained completion condition, the training sample picture library includes multiple unperturbed samples pictures and multiple scrambling samples pictures, each unperturbed samples pictures correspond at least one scrambling samples pictures, and the training process at least once of the deep neural network model is included：Scrambling samples pictures are carried out disturbing processing using the deep neural network model, obtain disturbing processing picture；It goes to disturb the feature difference between processing picture unperturbed samples pictures corresponding with the scrambling samples pictures described in determining；The network parameter of the deep neural network model is adjusted according to the feature difference.By this programme, it can solve the problem of that prior art smaller scope of application causes practicability relatively low.","Deep neural network model training, image processing method and device and equipment An embodiment of the present invention provides a kind of deep neural network model training method and device, image processing method and device and electronic equipments.The model training method is based on training sample picture library, repeatedly training is carried out to deep neural network model until meeting scheduled trained completion condition, the training sample picture library includes multiple unperturbed samples pictures and multiple scrambling samples pictures, each unperturbed samples pictures correspond at least one scrambling samples pictures, and the training process at least once of the deep neural network model is included：Scrambling samples pictures are carried out disturbing processing using the deep neural network model, obtain disturbing processing picture；It goes to disturb the feature difference between processing picture unperturbed samples pictures corresponding with the scrambling samples pictures described in determining；The network parameter of the deep neural network model is adjusted according to the feature difference.By this programme, it can solve the problem of that prior art smaller scope of application causes practicability relatively low.",1
62710144,ANTISEED-AF,Ground environment detection method and apparatus,"A ground environment detection method and apparatus are disclosed, where the method includes: scanning a ground environment by using laser sounding signals having different operating wavelengths, receiving a reflected signal that is reflected back by the ground environment, determining scanning spot information of each scanning spot of the ground environment based on the reflected signal, determining space coordinate information and a laser reflection feature of each scanning spot based on each piece of scanning spot information, partitioning the ground environment into sub-regions having different laser reflection features, and determining a ground environment type of each sub-region. Lasers having different operating wavelengths are used to scan the ground, and the ground environment type is determined based on the reflection intensity of the ground environment under different wavelengths of lasers, thereby improving a perception effect of a complex ground environment, and better determining a passable road surface.","Ground environment detection method and apparatus A ground environment detection method and apparatus are disclosed, where the method includes: scanning a ground environment by using laser sounding signals having different operating wavelengths, receiving a reflected signal that is reflected back by the ground environment, determining scanning spot information of each scanning spot of the ground environment based on the reflected signal, determining space coordinate information and a laser reflection feature of each scanning spot based on each piece of scanning spot information, partitioning the ground environment into sub-regions having different laser reflection features, and determining a ground environment type of each sub-region. Lasers having different operating wavelengths are used to scan the ground, and the ground environment type is determined based on the reflection intensity of the ground environment under different wavelengths of lasers, thereby improving a perception effect of a complex ground environment, and better determining a passable road surface.",0
40289214,ANTISEED-AF,"Method and automated system for assisting in the prognosis of alzheimer’s disease, and method for training such a system","The invention relates to a method and an automated system for assisting in the prognosis of the progress of, and for assisting in the diagnosis of, Alzheimer’s disease in patients having mild cognitive impairment, or MCI. The invention also relates to a method for training such a system related to identifying discriminant regions of the brain and using said regions to fine tune the assistance method based on new known cases. The invention uses imaging data (PET or MPET) representing the cerebral activity in a plurality of spatial areas (voxels). The method thus includes an image data standardization process and an analysis of cerebral activity values noted in a selection of voxels forming at least one predetermined discriminant region defined by the coordinates thereof in a spatial reference system. The invention may also include a combination of the imaging results with the results of one or more cognitive tests.","Method and automated system for assisting in the prognosis of alzheimer’s disease, and method for training such a system The invention relates to a method and an automated system for assisting in the prognosis of the progress of, and for assisting in the diagnosis of, Alzheimer’s disease in patients having mild cognitive impairment, or MCI. The invention also relates to a method for training such a system related to identifying discriminant regions of the brain and using said regions to fine tune the assistance method based on new known cases. The invention uses imaging data (PET or MPET) representing the cerebral activity in a plurality of spatial areas (voxels). The method thus includes an image data standardization process and an analysis of cerebral activity values noted in a selection of voxels forming at least one predetermined discriminant region defined by the coordinates thereof in a spatial reference system. The invention may also include a combination of the imaging results with the results of one or more cognitive tests.",0
67317949,SEED,Pcb board based on deep learning marks print quality inspection method,"The present invention is based on the pcb boards of deep learning to mark print quality inspection method, gaussian filtering is carried out to the pcb board original image of acquisition, switchs to the series of preprocessing such as grayscale image, edge detection, holes filling, optimal threshold binarization segmentation, recognition detection efficiency can be effectively improved；Optimal-threshold segmentation is carried out to image using Otsu algorithm and obtains binary image, improves measuring accuracy of the invention；Image sample data is effectively acquired, is expanded, increase the representativeness of sample, it prevents from leading to model over-fitting because data are few, make to train resulting model as small as possible by the influence of irrelevant factor, enhance the robustness of model, keep deep learning net training time shorter, convergence rate is faster；Target signature high efficiency extraction is carried out to image by deep neural network, can effectively avoid and be easy the defects of over-fitting, time consumption for training are long, parameter adjustment difficulty is big caused by traditional artificial neural network feature extracting method.","Pcb board based on deep learning marks print quality inspection method The present invention is based on the pcb boards of deep learning to mark print quality inspection method, gaussian filtering is carried out to the pcb board original image of acquisition, switchs to the series of preprocessing such as grayscale image, edge detection, holes filling, optimal threshold binarization segmentation, recognition detection efficiency can be effectively improved；Optimal-threshold segmentation is carried out to image using Otsu algorithm and obtains binary image, improves measuring accuracy of the invention；Image sample data is effectively acquired, is expanded, increase the representativeness of sample, it prevents from leading to model over-fitting because data are few, make to train resulting model as small as possible by the influence of irrelevant factor, enhance the robustness of model, keep deep learning net training time shorter, convergence rate is faster；Target signature high efficiency extraction is carried out to image by deep neural network, can effectively avoid and be easy the defects of over-fitting, time consumption for training are long, parameter adjustment difficulty is big caused by traditional artificial neural network feature extracting method.",1
64692689,SEED,Material segmentation in image volumes,"The present approach relates, in some aspects, to a multi-level and a multi-channel frame work for segmentation using model-based or “shallow” classification (i.e. learning processes such as linear regression, clustering, support vector machines, and so forth) followed by deep learning. This framework starts with a very low resolution version of the multi-channel data and constructs an shallow classifier with simple features to generate a coarser level tissue mask that in turn is used to crop patches from the high-resolution volume. The cropped volume is then processed using the trained convolution network to perform a deep learning based segmentation within the slices.","Material segmentation in image volumes The present approach relates, in some aspects, to a multi-level and a multi-channel frame work for segmentation using model-based or “shallow” classification (i.e. learning processes such as linear regression, clustering, support vector machines, and so forth) followed by deep learning. This framework starts with a very low resolution version of the multi-channel data and constructs an shallow classifier with simple features to generate a coarser level tissue mask that in turn is used to crop patches from the high-resolution volume. The cropped volume is then processed using the trained convolution network to perform a deep learning based segmentation within the slices.",1
56150384,ANTISEED-manual,Vehicle control device,,Vehicle control device,0
16310673,SEED,Hand-written character input device,"PURPOSE: To attain holograph display and input character recognition by pen input using a pen on the market by using a transparent tablet, arranging a holograph display device under the tablet, recognizing an input character every entory of one character, and transferring the recognized character to a master system.  
     CONSTITUTION: One character is inputted to the tablet 1 every entory and a transparent tablet is used for the tablet 1. The holograph a display device 3 is arranged under the tablet 1. The output of the transparent tablet 1 is A/D converted into a digital value by an A/D converter 4 and the digital value is inputted to a coordinate detecting part 8 in a recognizing means 2 to detect the coordinates. The character or code written on the tablet 1 is recognized by a recognizing part 9, converted into a JIS code and the JIS code is transferred to the master system through a transmission means 5. The recognizing part 9 and the transmission part 5 are controlled by an operating means 6. Consequently, the input character is recognized every entory of one character and transferred to the master system. 
     COPYRIGHT: (C)1987,JPO&amp;Japio","Hand-written character input device PURPOSE: To attain holograph display and input character recognition by pen input using a pen on the market by using a transparent tablet, arranging a holograph display device under the tablet, recognizing an input character every entory of one character, and transferring the recognized character to a master system. CONSTITUTION: One character is inputted to the tablet 1 every entory and a transparent tablet is used for the tablet 1. The holograph a display device 3 is arranged under the tablet 1. The output of the transparent tablet 1 is A/D converted into a digital value by an A/D converter 4 and the digital value is inputted to a coordinate detecting part 8 in a recognizing means 2 to detect the coordinates. The character or code written on the tablet 1 is recognized by a recognizing part 9, converted into a JIS code and the JIS code is transferred to the master system through a transmission means 5. The recognizing part 9 and the transmission part 5 are controlled by an operating means 6. Consequently, the input character is recognized every entory of one character and transferred to the master system. COPYRIGHT: (C)1987,JPO&amp;Japio",1
70506357,ANTISEED-manual,"Steering engine state control method and device for robot, robot and storage medium","The application is suitable for the technical field of computers, and provides a steering engine state control method of a robot, which comprises the following steps: determining control parameters of a target steering engine which shakes and/or generates abnormal sound according to the rotation angle value of each joint part at the current moment, and adjusting the rotation state of the target steering engine based on the control parameters of the target steering engine. The problem that the robot shakes or makes abnormal sound during operation in the prior art can be solved, and the service life of the robot can be influenced.","Steering engine state control method and device for robot, robot and storage medium The application is suitable for the technical field of computers, and provides a steering engine state control method of a robot, which comprises the following steps: determining control parameters of a target steering engine which shakes and/or generates abnormal sound according to the rotation angle value of each joint part at the current moment, and adjusting the rotation state of the target steering engine based on the control parameters of the target steering engine. The problem that the robot shakes or makes abnormal sound during operation in the prior art can be solved, and the service life of the robot can be influenced.",0
68775863,SEED,Thyroid nodule ultrasonic image denoising method,"The invention discloses a thyroid nodule ultrasonic image denoising method, which comprises the following steps: constructing a database of thyroid nodule ultrasonic images; performing NSST decomposition on the thyroid nodule ultrasonic image, and aiming at the characteristic of speckle noise distribution of the thyroid nodule ultrasonic image, obtaining a corresponding low-frequency component denoising sparse representation model so as to eliminate the speckle noise of the low-frequency component and improve the image contrast; designing a deep learning network training model, and combining the high-frequency component after NSST transformation with the deep learning network training model to more effectively separate speckle noise and image edges; and (4) reconstructing the thyroid nodule ultrasonic image with speckle noise removed by INSST. The invention has the following advantages and effects: based on the combination of multi-scale geometric analysis and deep learning, a corresponding speckle noise suppression model and a frame are established so as to obtain a good thyroid nodule ultrasonic image processing result.","Thyroid nodule ultrasonic image denoising method The invention discloses a thyroid nodule ultrasonic image denoising method, which comprises the following steps: constructing a database of thyroid nodule ultrasonic images; performing NSST decomposition on the thyroid nodule ultrasonic image, and aiming at the characteristic of speckle noise distribution of the thyroid nodule ultrasonic image, obtaining a corresponding low-frequency component denoising sparse representation model so as to eliminate the speckle noise of the low-frequency component and improve the image contrast; designing a deep learning network training model, and combining the high-frequency component after NSST transformation with the deep learning network training model to more effectively separate speckle noise and image edges; and (4) reconstructing the thyroid nodule ultrasonic image with speckle noise removed by INSST. The invention has the following advantages and effects: based on the combination of multi-scale geometric analysis and deep learning, a corresponding speckle noise suppression model and a frame are established so as to obtain a good thyroid nodule ultrasonic image processing result.",1
70771276,ANTISEED-manual,Calculating a most probable path,"A method of calculating a most probable path (MPP) comprising: with a classification module, classifying each of a plurality of origin and destination (O/D) trajectories into one of a plurality of periods of time, the classification comprising: changing a data sampling time period of any of the plurality of trajectories within the determined classification periods; with the classification module, detecting any O/D data descriptive of an aperiodic O/D trajectory using context data descriptive of the aperiodic O/D trajectory; and with the classification module, calculating a route trajectory serving as a candidate of the MPP to determine a priority O/D trajectory that matches the context data.","Calculating a most probable path A method of calculating a most probable path (MPP) comprising: with a classification module, classifying each of a plurality of origin and destination (O/D) trajectories into one of a plurality of periods of time, the classification comprising: changing a data sampling time period of any of the plurality of trajectories within the determined classification periods; with the classification module, detecting any O/D data descriptive of an aperiodic O/D trajectory using context data descriptive of the aperiodic O/D trajectory; and with the classification module, calculating a route trajectory serving as a candidate of the MPP to determine a priority O/D trajectory that matches the context data.",0
45931525,ANTISEED-AF,Method and apparatus for remote web-based technical support,"A system provides task-oriented enhancement of a software application that allows for remote, Web-based, technical support. The system observes user-interactive elements in the software application. Based on the observed user-interactive elements, the system generates at least one task indication and at least one respective instruction indication associated with the software application. Generation of the indications may be done dynamically as the software application loads or executes. The system may be activated locally or remotely to provide technical support, or “coaching”, to a user. The system may also be used to generate documentation for the software application.","Method and apparatus for remote web-based technical support A system provides task-oriented enhancement of a software application that allows for remote, Web-based, technical support. The system observes user-interactive elements in the software application. Based on the observed user-interactive elements, the system generates at least one task indication and at least one respective instruction indication associated with the software application. Generation of the indications may be done dynamically as the software application loads or executes. The system may be activated locally or remotely to provide technical support, or “coaching”, to a user. The system may also be used to generate documentation for the software application.",0
25542773,SEED,Automatic sketch generation,An example-based facial sketch system and process that automatically generates a sketch from an input image depicting a person&#39;s face. Sketch generation is accomplished by first training the system using example facial images and sketches of the depicted faces drawn with a particular style by a sketch artist. The trained system is then used to automatically generate a facial sketch that simulates the artist&#39;s style from an input image depicting a person&#39;s face. Nonparametric sampling and a flexible sketch model are employed to capture the complex statistical characteristics between an image and its sketch.,Automatic sketch generation An example-based facial sketch system and process that automatically generates a sketch from an input image depicting a person&#39;s face. Sketch generation is accomplished by first training the system using example facial images and sketches of the depicted faces drawn with a particular style by a sketch artist. The trained system is then used to automatically generate a facial sketch that simulates the artist&#39;s style from an input image depicting a person&#39;s face. Nonparametric sampling and a flexible sketch model are employed to capture the complex statistical characteristics between an image and its sketch.,1
52391348,ANTISEED-manual,Efficient prediction,"Disclosed are a system and method for constructing and using a predictive model to generate a prediction signal, also referred to as a classification signal when the signal indicates one of a plurality of distinct classes. In various embodiments, the disclosed technique reduces a size of a predictive Support Vector Model by extracting certain values beforehand and storing only weighting values. The technique does not sacrifice generalization performance but does significantly reduce the model size and accelerate prediction performance. The described system applies to most kernel functions, whether linear or nonlinear.","Efficient prediction Disclosed are a system and method for constructing and using a predictive model to generate a prediction signal, also referred to as a classification signal when the signal indicates one of a plurality of distinct classes. In various embodiments, the disclosed technique reduces a size of a predictive Support Vector Model by extracting certain values beforehand and storing only weighting values. The technique does not sacrifice generalization performance but does significantly reduce the model size and accelerate prediction performance. The described system applies to most kernel functions, whether linear or nonlinear.",0
14551716,ANTISEED-AF,Slip frequency control system,"PURPOSE:To contrive energy saving, by providing a slip frequency correction part correcting the output command value from a slip frequency control means. CONSTITUTION:In a slip frequency correction circuit 6, a D/A converter 6a reads a current command I* in analog value and converts the current command I* into a digital signal and transfers the digital signal to a microcomputer 6b. In the microcomputer 6b, after adding the slip frequency correction value f&#39;s to a minor deviation portion DELTAf&#39;s for every sampling of the current command I*, a new f&#39;s is formed and the new f&#39;s is delivered to an inverter through an A/D converter 6c. Therefore, the f&#39;s successively moves in a fixed direction every sampling for the command I*.","Slip frequency control system PURPOSE:To contrive energy saving, by providing a slip frequency correction part correcting the output command value from a slip frequency control means. CONSTITUTION:In a slip frequency correction circuit 6, a D/A converter 6a reads a current command I* in analog value and converts the current command I* into a digital signal and transfers the digital signal to a microcomputer 6b. In the microcomputer 6b, after adding the slip frequency correction value f&#39;s to a minor deviation portion DELTAf&#39;s for every sampling of the current command I*, a new f&#39;s is formed and the new f&#39;s is delivered to an inverter through an A/D converter 6c. Therefore, the f&#39;s successively moves in a fixed direction every sampling for the command I*.",0
56116299,ANTISEED-manual,Adaptive cruise control system and vehicle comprising an adaptive cruise control system,"A vehicle (H) and an adaptive cruise control system, ACC, (1) is provided. The ACC system (1) comprises a control unit (15) configured to control a steering angle of said vehicle (H) in relation to detected road lanes (12) and/or road markings (13). The ACC system (1) further comprises a steering wheel (19) arranged to allow the provision of manual steering input to the steering system (17) of the vehicle (H) and a steering angle sensor (18). The steering system (17) is configured to identify a steering wheel jerk, performed as a clockwise- and counter-clockwise actuation of the steering wheel (19) within a predetermined time range and to steer the host vehicle (H) from a first, current, road lane (12a) to a second road lane (12b) based on the identified jerk as indicated by the steering angle sensor (18).","Adaptive cruise control system and vehicle comprising an adaptive cruise control system A vehicle (H) and an adaptive cruise control system, ACC, (1) is provided. The ACC system (1) comprises a control unit (15) configured to control a steering angle of said vehicle (H) in relation to detected road lanes (12) and/or road markings (13). The ACC system (1) further comprises a steering wheel (19) arranged to allow the provision of manual steering input to the steering system (17) of the vehicle (H) and a steering angle sensor (18). The steering system (17) is configured to identify a steering wheel jerk, performed as a clockwise- and counter-clockwise actuation of the steering wheel (19) within a predetermined time range and to steer the host vehicle (H) from a first, current, road lane (12a) to a second road lane (12b) based on the identified jerk as indicated by the steering angle sensor (18).",0
57110398,ANTISEED-manual,"Sensor arrangement for detecting a state of a road with at least two ultrasonic sensors, driver assistance system, motor vehicle and associated method","The invention relates to a sensor arrangement (3) for detecting a condition of a roadway (10), having a sensor device (8) which is designed to impinge on water (12) during travel of a motor vehicle (1) on the roadway (10) ) on a Radlaufverkleidung (13) of the motor vehicle (1), and with a control device (7) for detecting the state of the road (10) based on the means of the sensor device (8) detected impact of the water (12), wherein the sensor device (8) comprises a first ultrasonic sensor (4) and a second ultrasonic sensor (5), which are each adapted to receive an ultrasonic signal and which are also adapted to detect the impact of the water (12) on the Radlaufverkleidung (13) ,","Sensor arrangement for detecting a state of a road with at least two ultrasonic sensors, driver assistance system, motor vehicle and associated method The invention relates to a sensor arrangement (3) for detecting a condition of a roadway (10), having a sensor device (8) which is designed to impinge on water (12) during travel of a motor vehicle (1) on the roadway (10) ) on a Radlaufverkleidung (13) of the motor vehicle (1), and with a control device (7) for detecting the state of the road (10) based on the means of the sensor device (8) detected impact of the water (12), wherein the sensor device (8) comprises a first ultrasonic sensor (4) and a second ultrasonic sensor (5), which are each adapted to receive an ultrasonic signal and which are also adapted to detect the impact of the water (12) on the Radlaufverkleidung (13) ,",0
65187883,SEED,"Light-based three-dimensional face optimization method and apparatus, and electronic device","A light-based three-dimensional face optimization method and apparatus, and an electronic device. The method comprises: acquiring a target picture, and determining whether a facial image in the target picture is in a non-uniform light condition (S101); if the facial image is in a non-uniform light condition, inputting the facial image to a pre-trained image generation model to obtain an optimized facial image after light adjustment is performed on the facial image (S102); processing the optimized facial image based on a pre-trained convolutional neural network model to obtain first three-dimensional face model parameter information (S103); and processing a three-dimensional average face model according to the first three-dimensional face model parameter information to obtain a three-dimensional facial image corresponding to the facial image (S104). By means of the method, a facial image photographed under a poor lighting environment is optimized, so as to obtain a clear face; moreover, only a single picture is needed to generate a three-dimensional face, thus reducing the costs.","Light-based three-dimensional face optimization method and apparatus, and electronic device A light-based three-dimensional face optimization method and apparatus, and an electronic device. The method comprises: acquiring a target picture, and determining whether a facial image in the target picture is in a non-uniform light condition (S101); if the facial image is in a non-uniform light condition, inputting the facial image to a pre-trained image generation model to obtain an optimized facial image after light adjustment is performed on the facial image (S102); processing the optimized facial image based on a pre-trained convolutional neural network model to obtain first three-dimensional face model parameter information (S103); and processing a three-dimensional average face model according to the first three-dimensional face model parameter information to obtain a three-dimensional facial image corresponding to the facial image (S104). By means of the method, a facial image photographed under a poor lighting environment is optimized, so as to obtain a clear face; moreover, only a single picture is needed to generate a three-dimensional face, thus reducing the costs.",1
65025670,ANTISEED-manual,Learning system and learning method,To provide a learning system and a learning method capable of acquiring a safe and optimal action series under a dynamic environment.SOLUTION: A learning system comprises: an output generation unit for generating a locus Tr with which a robot 10 reaches a target place Ta while avoiding an obstacle 30 by optimal control for each of a plurality of conditions composed of an initial value of a state of the robot 10 and a position of the obstacle 30; a determination unit for determining a convergence property of generation of the locus Tr by optimal control for each of the conditions; an exception generation unit for generating the locus Tr by exceptional control for condition which has been determined not to converge; an integration unit for integrating the locus Tr generated for each condition by utilizing generalization performance of a neural network; and a learning unit for feeding back an integration result from the integration unit to the optimal control and learning the generation of the locus Tr with each condition and integration of the locus Tr generated with each condition by repeating them a preset number of times.SELECTED DRAWING: Figure 7,Learning system and learning method To provide a learning system and a learning method capable of acquiring a safe and optimal action series under a dynamic environment.SOLUTION: A learning system comprises: an output generation unit for generating a locus Tr with which a robot 10 reaches a target place Ta while avoiding an obstacle 30 by optimal control for each of a plurality of conditions composed of an initial value of a state of the robot 10 and a position of the obstacle 30; a determination unit for determining a convergence property of generation of the locus Tr by optimal control for each of the conditions; an exception generation unit for generating the locus Tr by exceptional control for condition which has been determined not to converge; an integration unit for integrating the locus Tr generated for each condition by utilizing generalization performance of a neural network; and a learning unit for feeding back an integration result from the integration unit to the optimal control and learning the generation of the locus Tr with each condition and integration of the locus Tr generated with each condition by repeating them a preset number of times.SELECTED DRAWING: Figure 7,0
23666932,ANTISEED-AF,Cap valve for liquid dispensers,,Cap valve for liquid dispensers,0
69846300,SEED,System and method for evaluating symbols,"Evaluating a symbol on an object can include acquiring a first image of the object, including the symbol. A second image can be derived from the first image based upon determining a saturation threshold for the second image and possibly scaling of pixel values to a reduced bit-depth for the second image.","System and method for evaluating symbols Evaluating a symbol on an object can include acquiring a first image of the object, including the symbol. A second image can be derived from the first image based upon determining a saturation threshold for the second image and possibly scaling of pixel values to a reduced bit-depth for the second image.",1
56959057,ANTISEED-manual,Systems and methods for providing dynamic vacuum pressure in an articulated arm end effector,"A system is disclosed for providing dynamic vacuum control to an end effector of an articulated arm. The system includes a first vacuum source for providing a first vacuum pressure with a first maximum air flow rate, and a second vacuum source for providing a second vacuum pressure with a second maximum air flow rate, wherein the second vacuum pressure is higher than the first vacuum pressure and wherein the second maximum air flow rate is greater than the first maximum air flow rate.","Systems and methods for providing dynamic vacuum pressure in an articulated arm end effector A system is disclosed for providing dynamic vacuum control to an end effector of an articulated arm. The system includes a first vacuum source for providing a first vacuum pressure with a first maximum air flow rate, and a second vacuum source for providing a second vacuum pressure with a second maximum air flow rate, wherein the second vacuum pressure is higher than the first vacuum pressure and wherein the second maximum air flow rate is greater than the first maximum air flow rate.",0
40808858,ANTISEED-AF,LED light source with radiator,"The utility model discloses an LED light source, in particular to an LED light source with a heat radiator. The LED light source comprises a lamp cap, a lamp, an installation base, and a heat radiator. The heat radiator consists of a base plate and a plurality of heat radiation blades which are formed integrally on the surface of the heat radiation base plate. The blades of the heat radiator are vertical to the base plate; certain intervals between blades are arranged; and the heat radiator is connected with a transparent outer cover with grids. In order to improve deficiencies of poor heat radiation effects and poor appearance of the existing LED lamps, the lamp provided with the structure has the advantages of strong working stability, long product service life, little light decaying of the light source and high photoelectric efficiency; the radiator is integrally formed by die-casting, has beautiful appearance and is light and durable; and the heat radiator is connected with the transparent outer cover with grids, thus leading the light source to have a larger light-emitting angle and causing the light to be soft.","LED light source with radiator The utility model discloses an LED light source, in particular to an LED light source with a heat radiator. The LED light source comprises a lamp cap, a lamp, an installation base, and a heat radiator. The heat radiator consists of a base plate and a plurality of heat radiation blades which are formed integrally on the surface of the heat radiation base plate. The blades of the heat radiator are vertical to the base plate; certain intervals between blades are arranged; and the heat radiator is connected with a transparent outer cover with grids. In order to improve deficiencies of poor heat radiation effects and poor appearance of the existing LED lamps, the lamp provided with the structure has the advantages of strong working stability, long product service life, little light decaying of the light source and high photoelectric efficiency; the radiator is integrally formed by die-casting, has beautiful appearance and is light and durable; and the heat radiator is connected with the transparent outer cover with grids, thus leading the light source to have a larger light-emitting angle and causing the light to be soft.",0
34159459,ANTISEED-AF,Air cooler,"The utility model relates to a new air cooler which mainly solves the problems that in the present air cooler electric defrosting process, a large amount of water vapor can be generated in defrosting, which increases the temperature in a cold chamber or cold room, increases the workload of the compressor and electrical power consumption; the air cooler also solves the problem that in water defrosting process, the equipment is large in volume and water consumption, the surface of the evaporator forms a layer of ice, and the refrigerating effect is poor. The air cooler of the utility model is composed of an outer shell, a draught fan, an evaporator, an air inlet, an air outlet, etc., and is characterized in that a heat-insulating layer is arranged on the outer shell, the air inlet and the air outlet are all provided with heat insulating seal doors capable of opening and closing, and the outer shell is provided with a defrosting air inlet and a defrosting air water outlet. The utility model has the advantages that the air cooler is sealed in defrosting, temperature raising phenomenon can not occur in the cold chamber or cold room, water and electricity are saved in defrosting, and the defrosting effect is favorable; meanwhile, the evaporator is dry after defrosting, and the refrigerating efficiency is increased.","Air cooler The utility model relates to a new air cooler which mainly solves the problems that in the present air cooler electric defrosting process, a large amount of water vapor can be generated in defrosting, which increases the temperature in a cold chamber or cold room, increases the workload of the compressor and electrical power consumption; the air cooler also solves the problem that in water defrosting process, the equipment is large in volume and water consumption, the surface of the evaporator forms a layer of ice, and the refrigerating effect is poor. The air cooler of the utility model is composed of an outer shell, a draught fan, an evaporator, an air inlet, an air outlet, etc., and is characterized in that a heat-insulating layer is arranged on the outer shell, the air inlet and the air outlet are all provided with heat insulating seal doors capable of opening and closing, and the outer shell is provided with a defrosting air inlet and a defrosting air water outlet. The utility model has the advantages that the air cooler is sealed in defrosting, temperature raising phenomenon can not occur in the cold chamber or cold room, water and electricity are saved in defrosting, and the defrosting effect is favorable; meanwhile, the evaporator is dry after defrosting, and the refrigerating efficiency is increased.",0
64537195,ANTISEED-manual,"Electronic device, user&#39;s insurance fraud method for prewarning risk and storage medium","The invention discloses a kind of electronic device, user&#39;s insurance fraud method for prewarning risk and storage mediums, which comprises obtains the network access record information for the user that insures；The one or more operation informations and temporal information corresponding with the operation information in record information are accessed according to the network, determine the access trace information of one or more user that insures；The access trace information of the determining user that insures is subjected to clustering according to predetermined clustering algorithm, to obtain customer group belonging to the user that insures；Mapping relations between customer group and user insurance fraud probability value according to the pre-stored data, determine the probability value of user&#39;s insurance fraud in customer group belonging to the user that insures；If it is determined that insurance fraud probability value be more than or equal to preset insurance fraud probability threshold value, it is determined that the user that insures needs to do insurance fraud Risk-warning for the user there are the risk of insurance fraud.It can be found that potential insurance fraud behavior, reduces insurance fraud risk.","Electronic device, user&#39;s insurance fraud method for prewarning risk and storage medium The invention discloses a kind of electronic device, user&#39;s insurance fraud method for prewarning risk and storage mediums, which comprises obtains the network access record information for the user that insures；The one or more operation informations and temporal information corresponding with the operation information in record information are accessed according to the network, determine the access trace information of one or more user that insures；The access trace information of the determining user that insures is subjected to clustering according to predetermined clustering algorithm, to obtain customer group belonging to the user that insures；Mapping relations between customer group and user insurance fraud probability value according to the pre-stored data, determine the probability value of user&#39;s insurance fraud in customer group belonging to the user that insures；If it is determined that insurance fraud probability value be more than or equal to preset insurance fraud probability threshold value, it is determined that the user that insures needs to do insurance fraud Risk-warning for the user there are the risk of insurance fraud.It can be found that potential insurance fraud behavior, reduces insurance fraud risk.",0
71757289,SEED,"Image processing method, image processing device, computer equipment and storage medium","The embodiment of the application provides an image processing method, an image processing device, computer equipment and a storage medium. The method comprises the following steps: acquiring a first image; and performing image super-resolution reconstruction processing on the first image through a super-resolution reconstruction model to obtain a second image. In the embodiment of the application, the super-resolution reconstruction processing of the low-resolution image is completed through the super-resolution reconstruction model, so that the high-resolution image is obtained, and the efficiency of the super-resolution reconstruction of the image is improved. In addition, the combination of the multi-scale residual fusion module, the first up-sampling module, the second up-sampling module and the multi-scale prediction module is used for replacing a deep convolutional neural network with a large depth to extract and fuse the features, so that the complexity of the hierarchical structure of the super-resolution reconstruction model is low, the processing effect of image super-resolution reconstruction processing is ensured, and meanwhile, the calculated amount and the storage occupation are reduced.","Image processing method, image processing device, computer equipment and storage medium The embodiment of the application provides an image processing method, an image processing device, computer equipment and a storage medium. The method comprises the following steps: acquiring a first image; and performing image super-resolution reconstruction processing on the first image through a super-resolution reconstruction model to obtain a second image. In the embodiment of the application, the super-resolution reconstruction processing of the low-resolution image is completed through the super-resolution reconstruction model, so that the high-resolution image is obtained, and the efficiency of the super-resolution reconstruction of the image is improved. In addition, the combination of the multi-scale residual fusion module, the first up-sampling module, the second up-sampling module and the multi-scale prediction module is used for replacing a deep convolutional neural network with a large depth to extract and fuse the features, so that the complexity of the hierarchical structure of the super-resolution reconstruction model is low, the processing effect of image super-resolution reconstruction processing is ensured, and meanwhile, the calculated amount and the storage occupation are reduced.",1
29201698,ANTISEED-manual,User authentication system and method,"(57) [Summary] An object of the present invention is to provide a user authentication system and method capable of easily inputting a password by a user and ensuring a certain level of security with a simple mechanism. A bar code is created by using a character that cannot be directly input with a keyboard as a hidden code and embedding the hidden code in a password determined by a user. When inputting a password, the barcode is read by the mouse 102 having a barcode reader function and the password is input. The JAVA applet checks whether the input password includes a hidden code, and sends data including the hidden code to the server 104 as key information. The server 104 collates the data from the client 101 with the existing data in the database 105, and when they match,   Recognize that you are a registered user and allow subsequent access.","User authentication system and method (57) [Summary] An object of the present invention is to provide a user authentication system and method capable of easily inputting a password by a user and ensuring a certain level of security with a simple mechanism. A bar code is created by using a character that cannot be directly input with a keyboard as a hidden code and embedding the hidden code in a password determined by a user. When inputting a password, the barcode is read by the mouse 102 having a barcode reader function and the password is input. The JAVA applet checks whether the input password includes a hidden code, and sends data including the hidden code to the server 104 as key information. The server 104 collates the data from the client 101 with the existing data in the database 105, and when they match, Recognize that you are a registered user and allow subsequent access.",0
69406765,SEED,Deep quality enhancement of adaptive downscaled coding for image compression,"Techniques are disclosed for coding image data adaptively at different levels of downscaling. Such techniques may involve partitioning input data into pixel blocks for coding and performing content analysis on the pixel blocks. The pixel blocks may be input to block coders that operate at different pixel block sizes, which may code the pixel blocks input to them at their respective sizes. Except when a block coder operates at the partitioning size, block coders that operate at different pixel block sizes may perform downscaling of the pixel blocks to match their size with the block coders&#39; respective coding size. A block decoder may invert the coding operations performed by the block coders, decoding coded image data at respective pixel block sizes, then upscaling decoded image data obtained therefrom to a common pixel block size. Image reconstruction may synthesize a resultant image from the decode pixel block data output by the decoders. Quality enhancements may be added by neural network processing systems that have been trained to other segmented images.","Deep quality enhancement of adaptive downscaled coding for image compression Techniques are disclosed for coding image data adaptively at different levels of downscaling. Such techniques may involve partitioning input data into pixel blocks for coding and performing content analysis on the pixel blocks. The pixel blocks may be input to block coders that operate at different pixel block sizes, which may code the pixel blocks input to them at their respective sizes. Except when a block coder operates at the partitioning size, block coders that operate at different pixel block sizes may perform downscaling of the pixel blocks to match their size with the block coders&#39; respective coding size. A block decoder may invert the coding operations performed by the block coders, decoding coded image data at respective pixel block sizes, then upscaling decoded image data obtained therefrom to a common pixel block size. Image reconstruction may synthesize a resultant image from the decode pixel block data output by the decoders. Quality enhancements may be added by neural network processing systems that have been trained to other segmented images.",1
56111294,ANTISEED-AF,N-ary tree for mapping a virtual memory space,"A page table is a data structure used by a virtual memory system in a computer system to store the mapping between virtual addresses and physical addresses. Embodiments herein use a tree to map a virtual memory address space in the page table. The tree may be an N-ary tree where N is a power of two (e.g., 2, 4, 8, 16, etc.). The tree may include multiple levels that each correspond to a different page table size. For example, an octree includes eight different entries for each child node which may include per-thread sub-entries. Child nodes in the first level of the octree may each correspond to a 512 GiB page, while child nodes in the second level, however, may each have eight entries that correspond to a 64 GiB page. In this manner, an N-ary tree may be used to support a computing system with varying page sizes.","N-ary tree for mapping a virtual memory space A page table is a data structure used by a virtual memory system in a computer system to store the mapping between virtual addresses and physical addresses. Embodiments herein use a tree to map a virtual memory address space in the page table. The tree may be an N-ary tree where N is a power of two (e.g., 2, 4, 8, 16, etc.). The tree may include multiple levels that each correspond to a different page table size. For example, an octree includes eight different entries for each child node which may include per-thread sub-entries. Child nodes in the first level of the octree may each correspond to a 512 GiB page, while child nodes in the second level, however, may each have eight entries that correspond to a 64 GiB page. In this manner, an N-ary tree may be used to support a computing system with varying page sizes.",0
12367794,SEED,Registering device of standard pattern,"PURPOSE:To improve the speed of character recognition and the precision of character recognition considerably, by registering additionally standard patterns of characters and symbols which are not prepared in a character recognizing device. CONSTITUTION:A picture input device 80 converts a picture on a form to an electric signal to quantize it to a binary. The signal of the picture obtained by the device 80 is stored in a picture storage device 81. A timing mark detector 82  detects the position of a timing mark on a basis of the picture signal stored in  this device 81. A character frame segmentting device 83 calculates the position of a character frame by the position of this timing mark and takes in the picture signal in this calculated position from the device 80. An entry character  frame detector 84 counts the number of black points in the picture signal segmented by the device 83; and if this number is larger than a certain value, it is  discriminated that a picture is written in the character frame. A standard pattern storage device 85 stores features of the signal in the character frame as a standard pattern. A code storage device 86 determines a code corresponding to  the standard pattern on a basis of the position of the character frame and stores  it.","Registering device of standard pattern PURPOSE:To improve the speed of character recognition and the precision of character recognition considerably, by registering additionally standard patterns of characters and symbols which are not prepared in a character recognizing device. CONSTITUTION:A picture input device 80 converts a picture on a form to an electric signal to quantize it to a binary. The signal of the picture obtained by the device 80 is stored in a picture storage device 81. A timing mark detector 82 detects the position of a timing mark on a basis of the picture signal stored in this device 81. A character frame segmentting device 83 calculates the position of a character frame by the position of this timing mark and takes in the picture signal in this calculated position from the device 80. An entry character frame detector 84 counts the number of black points in the picture signal segmented by the device 83; and if this number is larger than a certain value, it is discriminated that a picture is written in the character frame. A standard pattern storage device 85 stores features of the signal in the character frame as a standard pattern. A code storage device 86 determines a code corresponding to the standard pattern on a basis of the position of the character frame and stores it.",1
70788496,SEED,Identification method and device of skin object and electronic equipment,"The present disclosure provides a method of identifying a skin object, comprising: a target image of the skin object corresponding to a first magnification and a reference image corresponding to a second magnification are obtained, wherein the first magnification is greater than the second magnification. Based on the reference image, a target region of the skin object is located, wherein the skin object can be identified from the target image based on the target region. Based on the target area, a skin object is identified from the target image. In addition, the invention also provides a device for identifying the skin object and an electronic device.","Identification method and device of skin object and electronic equipment The present disclosure provides a method of identifying a skin object, comprising: a target image of the skin object corresponding to a first magnification and a reference image corresponding to a second magnification are obtained, wherein the first magnification is greater than the second magnification. Based on the reference image, a target region of the skin object is located, wherein the skin object can be identified from the target image based on the target region. Based on the target area, a skin object is identified from the target image. In addition, the invention also provides a device for identifying the skin object and an electronic device.",1
37563606,ANTISEED-manual,Road shape estimator,"A road shape estimation device (100, 100A) comprising: a vehicle-mounted object detection section (104) for transmitting an electromagnetic wave (W1) in a predetermined detection area, and receiving a reflected wave (W2) of the electromagnetic wave (W1), thereby object information (B) including a relative speed between the vehicle and an object (A) present in the detection area; a detection section (106, 107) for detecting roll rate information (E) or steering angle information (F) of the vehicle; a first road shape estimation section (101) for estimating a first road shape (D1) of a road on which the vehicle is traveling, based on the roll rate information (E) or the steering angle information (F); a hard object determining section (105) for determining, based on the item information (B), whether the object (A) is a static object and generating a plurality of solid object information (C); a second road shape estimation section (102) for estimating a second road shape (D2) of the road on which the vehicle is traveling, based on the plurality of solid article information (C), when it is determined that the article (A) is a static article; a third road shape estimation section (103, 103A) for calculating a third road shape (D3, D3a, D3b) of a road on which the vehicle is expected to travel; and a vehicle speed detecting section (108) for detecting the speed of the vehicle as vehicle speed information (V); wherein the third road shape estimation section (103, 103A) calculates the third road shape (D3, D3a, D3b) using the first road shape (D1) and the second road shape (D2) based on a comparison between distance information and a predetermined distance (500) is changed from the third road shape estimation section (103A) in accordance with the vehicle speed information (V).","Road shape estimator A road shape estimation device (100, 100A) comprising: a vehicle-mounted object detection section (104) for transmitting an electromagnetic wave (W1) in a predetermined detection area, and receiving a reflected wave (W2) of the electromagnetic wave (W1), thereby object information (B) including a relative speed between the vehicle and an object (A) present in the detection area; a detection section (106, 107) for detecting roll rate information (E) or steering angle information (F) of the vehicle; a first road shape estimation section (101) for estimating a first road shape (D1) of a road on which the vehicle is traveling, based on the roll rate information (E) or the steering angle information (F); a hard object determining section (105) for determining, based on the item information (B), whether the object (A) is a static object and generating a plurality of solid object information (C); a second road shape estimation section (102) for estimating a second road shape (D2) of the road on which the vehicle is traveling, based on the plurality of solid article information (C), when it is determined that the article (A) is a static article; a third road shape estimation section (103, 103A) for calculating a third road shape (D3, D3a, D3b) of a road on which the vehicle is expected to travel; and a vehicle speed detecting section (108) for detecting the speed of the vehicle as vehicle speed information (V); wherein the third road shape estimation section (103, 103A) calculates the third road shape (D3, D3a, D3b) using the first road shape (D1) and the second road shape (D2) based on a comparison between distance information and a predetermined distance (500) is changed from the third road shape estimation section (103A) in accordance with the vehicle speed information (V).",0
15221817,ANTISEED-manual,Sound information compression method and sound information reproduction device,"(57) [Summary] [Purpose] Applying a three-dimensional to n-dimensional correlation map that stores representative sound values that classify and approximate input sound information,   A sound information compression method for satisfactorily classifying and encoding input sound information in a short time, and a simple configuration for reading and reproducing the sound code information from a memory storing the sound code information encoded by the sound information compression method, and An object is to provide a low-cost sound information reproducing device. [Structure] The sound information reproducing device 20 stores codebook data obtained by applying an n-dimensional correlation map in advance in a memory 21, and an address reference decompression executing unit 23 in a control unit 22   The codebook data is transferred to the data read switching unit 24 from the address of the memory 21 corresponding to the index data input from the data read switching unit 24, and the data read switching unit 24 temporarily buffers the transferred codebook data. After being stored in 25, the D / A converter 26 converts the analog signal and outputs the analog signal to the amplification unit 27. The amplification unit 27 amplifies the analog signal to drive a speaker or the like.","Sound information compression method and sound information reproduction device (57) [Summary] [Purpose] Applying a three-dimensional to n-dimensional correlation map that stores representative sound values that classify and approximate input sound information, A sound information compression method for satisfactorily classifying and encoding input sound information in a short time, and a simple configuration for reading and reproducing the sound code information from a memory storing the sound code information encoded by the sound information compression method, and An object is to provide a low-cost sound information reproducing device. [Structure] The sound information reproducing device 20 stores codebook data obtained by applying an n-dimensional correlation map in advance in a memory 21, and an address reference decompression executing unit 23 in a control unit 22 The codebook data is transferred to the data read switching unit 24 from the address of the memory 21 corresponding to the index data input from the data read switching unit 24, and the data read switching unit 24 temporarily buffers the transferred codebook data. After being stored in 25, the D / A converter 26 converts the analog signal and outputs the analog signal to the amplification unit 27. The amplification unit 27 amplifies the analog signal to drive a speaker or the like.",0
69106433,SEED,Method for generating license plate training sample in complex environment,"The invention provides a method for generating a license plate training sample in a complex environment, which comprises the following steps: the method comprises the following steps: generating a standard license plate picture; step two: color disturbance; step three: adding noise; step four: adding a frame; step five: affine transformation; step six: adding frame noise and color disturbance; step seven: a motion blur effect is generated. The invention can effectively avoid the cost of manpower, time and the like caused by license plate collection, solves the problem of limited number and types of collected license plates, and can accelerate the training speed of the deep learning model.","Method for generating license plate training sample in complex environment The invention provides a method for generating a license plate training sample in a complex environment, which comprises the following steps: the method comprises the following steps: generating a standard license plate picture; step two: color disturbance; step three: adding noise; step four: adding a frame; step five: affine transformation; step six: adding frame noise and color disturbance; step seven: a motion blur effect is generated. The invention can effectively avoid the cost of manpower, time and the like caused by license plate collection, solves the problem of limited number and types of collected license plates, and can accelerate the training speed of the deep learning model.",1
66948975,SEED,Foreground and background detection method,"The present invention concerns a method for assigning a pixel to one of a foreground pixel set and a background pixel set using asynchronous semantic post processing to improve motion detection by an imaging device, the pixel belonging to an image of a chronological sequence of images taken by the imaging device that includes background and foreground objects.","Foreground and background detection method The present invention concerns a method for assigning a pixel to one of a foreground pixel set and a background pixel set using asynchronous semantic post processing to improve motion detection by an imaging device, the pixel belonging to an image of a chronological sequence of images taken by the imaging device that includes background and foreground objects.",1
35333291,ANTISEED-manual,Character input device using track point,"PROBLEM TO BE SOLVED: To provide a character input device capable of inputting a character as if it were a small human information device that cannot take a large area for character input, as if it were a human character.   A three-component force sensor that detects finger pressure in each of the X-axis, Y-axis, and Z-axis directions, and a finger pressure change pattern in each of the X-axis, Y-axis, and Z-axis directions with respect to time progress for each character that can be input. , A finger pressure change pattern in each of the X-axis, Y-axis, and Z-axis directions acquired by the three-component force sensor, and each of the X-axis, Y-axis, and Z-axis directions accumulated in the character storage unit And a character recognition unit that selects the character with the smallest difference. The three-component force sensor is a strain sensor arranged around a plate to which a track point stick is fixed, and in two strain sensors symmetrical with respect to an axis, the X-axis direction and the Y-axis direction are determined by a difference in finger pressure. And the Z-axis direction is detected by the sum of finger pressures.   [Selection] Figure 1","Character input device using track point PROBLEM TO BE SOLVED: To provide a character input device capable of inputting a character as if it were a small human information device that cannot take a large area for character input, as if it were a human character. A three-component force sensor that detects finger pressure in each of the X-axis, Y-axis, and Z-axis directions, and a finger pressure change pattern in each of the X-axis, Y-axis, and Z-axis directions with respect to time progress for each character that can be input. , A finger pressure change pattern in each of the X-axis, Y-axis, and Z-axis directions acquired by the three-component force sensor, and each of the X-axis, Y-axis, and Z-axis directions accumulated in the character storage unit And a character recognition unit that selects the character with the smallest difference. The three-component force sensor is a strain sensor arranged around a plate to which a track point stick is fixed, and in two strain sensors symmetrical with respect to an axis, the X-axis direction and the Y-axis direction are determined by a difference in finger pressure. And the Z-axis direction is detected by the sum of finger pressures. [Selection] Figure 1",0
67884011,SEED,"A kind of target image extracting method, system and terminal device","The present invention is suitable for column reconstruction technical field, provide a kind of target image extracting method, system and terminal device, pass through the first image being split to target image, it is input to the closed type for being classified to obtain non-close vertebral foramen in neural network, further according to the closed type of the non-close vertebral foramen, the non-close region of the non-close vertebral foramen is marked, then by the first image the image of promising non-close vertebral foramen and its label in non-close region be input to production confrontation network, obtain completing the second image of vertebral foramen completion, the profile of all vertebral foramens in the second image and filling are extracted again, three-dimensional reconstruction is carried out according to the profile filled, it is enable to realize the three-dimensional reconstruction of canalis spinalis according to the vertebral foramen of closure, realize the extraction to vertebral column canal.","A kind of target image extracting method, system and terminal device The present invention is suitable for column reconstruction technical field, provide a kind of target image extracting method, system and terminal device, pass through the first image being split to target image, it is input to the closed type for being classified to obtain non-close vertebral foramen in neural network, further according to the closed type of the non-close vertebral foramen, the non-close region of the non-close vertebral foramen is marked, then by the first image the image of promising non-close vertebral foramen and its label in non-close region be input to production confrontation network, obtain completing the second image of vertebral foramen completion, the profile of all vertebral foramens in the second image and filling are extracted again, three-dimensional reconstruction is carried out according to the profile filled, it is enable to realize the three-dimensional reconstruction of canalis spinalis according to the vertebral foramen of closure, realize the extraction to vertebral column canal.",1
66532986,ANTISEED-manual,Identifying text for labeling utilizing topic modeling-based text clustering,"Software that selects portions of unlabeled text for labeling, by performing the following operations: (i) receiving a set of unlabeled input text for classification with respect to a particular domain, wherein the domain includes a labeled corpus for which topics of a set of topics correspond to labels from the corpus, and wherein the topics include statistical probability distributions of words in the corpus; (ii) performing topic modeling on the input text to associate portions of the input text with respective classifications, wherein the classifications include statistical probability distributions of topics of the set of topics in the respective portions of the input text; and (iii) applying a machine learning-based selection strategy to the portions of the input text and their respective classifications to identify one or more portions of the input text for labeling.","Identifying text for labeling utilizing topic modeling-based text clustering Software that selects portions of unlabeled text for labeling, by performing the following operations: (i) receiving a set of unlabeled input text for classification with respect to a particular domain, wherein the domain includes a labeled corpus for which topics of a set of topics correspond to labels from the corpus, and wherein the topics include statistical probability distributions of words in the corpus; (ii) performing topic modeling on the input text to associate portions of the input text with respective classifications, wherein the classifications include statistical probability distributions of topics of the set of topics in the respective portions of the input text; and (iii) applying a machine learning-based selection strategy to the portions of the input text and their respective classifications to identify one or more portions of the input text for labeling.",0
34005796,ANTISEED-AF,Connector mounting means,"The utility model relates to a fixing device for a connector. The bottom of the back end of an insulating base body and two sides of the insulating base body are forwards extended and formed with containing sheets and protecting sheets spaced with the base body, and after the insulating base body is assembled in a metallic shielding element, the bottom seams and two sides of the metallic shielding element can be clamped by the containing sheets and the protecting sheets in order to reinforce the structure of the connector. In addition, the circumference of a splicing end opening of the metallic shielding element can be folded with fixed sheets having screw holes toward lower part to two sides in order to locking screws and fix the connector which is welded on the machine shell for reinforcing the assembled structure of the connector.","Connector mounting means The utility model relates to a fixing device for a connector. The bottom of the back end of an insulating base body and two sides of the insulating base body are forwards extended and formed with containing sheets and protecting sheets spaced with the base body, and after the insulating base body is assembled in a metallic shielding element, the bottom seams and two sides of the metallic shielding element can be clamped by the containing sheets and the protecting sheets in order to reinforce the structure of the connector. In addition, the circumference of a splicing end opening of the metallic shielding element can be folded with fixed sheets having screw holes toward lower part to two sides in order to locking screws and fix the connector which is welded on the machine shell for reinforcing the assembled structure of the connector.",0
55853361,ANTISEED-manual,Multi-stage hotword detection,"Methods, systems, and apparatus, including computer programs encoded on a computer storage medium, for multi-stage hotword detection are disclosed. In one aspect, a method includes the actions of receiving, by a second stage hotword detector of a multi-stage hotword detection system that includes at least a first stage hotword detector and the second stage hotword detector, audio data that corresponds to an initial portion of an utterance. The actions further include determining a likelihood that the initial portion of the utterance includes a hotword. The actions further include determining that the likelihood that the initial portion of the utterance includes the hotword satisfies a threshold. The actions further include, in response to determining that the likelihood satisfies the threshold, transmitting a request for the first stage hotword detector to cease providing additional audio data that corresponds to one or more subsequent portions of the utterance.","Multi-stage hotword detection Methods, systems, and apparatus, including computer programs encoded on a computer storage medium, for multi-stage hotword detection are disclosed. In one aspect, a method includes the actions of receiving, by a second stage hotword detector of a multi-stage hotword detection system that includes at least a first stage hotword detector and the second stage hotword detector, audio data that corresponds to an initial portion of an utterance. The actions further include determining a likelihood that the initial portion of the utterance includes a hotword. The actions further include determining that the likelihood that the initial portion of the utterance includes the hotword satisfies a threshold. The actions further include, in response to determining that the likelihood satisfies the threshold, transmitting a request for the first stage hotword detector to cease providing additional audio data that corresponds to one or more subsequent portions of the utterance.",0
68111012,SEED,The sub- selection method of iamge description,"The invention discloses the sub- selection methods of iamge description, it is related to edge detection, it is further comprising the steps of: histogram detection being carried out to image and LOG operator detects, detects the perimeter of closed area including gradient operator, Laplace operator, Marr edge-description, Hildreth edge-description；It counts and the gray value of sort closed area perimeter, histogram, perimeter, gray value is in subaverage and is in ratio L, K of subaverage closed area quantity；Ratio L, K are greater than 20, obtain edge to derivation after image elder generation smothing filtering using Marr edge-description and Hildreth edge-description；Ratio L, K after carrying out histogram equalization using gradient operator and Laplacian operator, ask single order or second dervative detected edge points less than 20.The present invention can be directed to different noise scenarios, recommend optimal edge-description；The accuracy of edge extracting can be effectively improved.","The sub- selection method of iamge description The invention discloses the sub- selection methods of iamge description, it is related to edge detection, it is further comprising the steps of: histogram detection being carried out to image and LOG operator detects, detects the perimeter of closed area including gradient operator, Laplace operator, Marr edge-description, Hildreth edge-description；It counts and the gray value of sort closed area perimeter, histogram, perimeter, gray value is in subaverage and is in ratio L, K of subaverage closed area quantity；Ratio L, K are greater than 20, obtain edge to derivation after image elder generation smothing filtering using Marr edge-description and Hildreth edge-description；Ratio L, K after carrying out histogram equalization using gradient operator and Laplacian operator, ask single order or second dervative detected edge points less than 20.The present invention can be directed to different noise scenarios, recommend optimal edge-description；The accuracy of edge extracting can be effectively improved.",1
71783226,ANTISEED-manual,Target variable distribution-based acceptance of machine learning test data sets,Respective statistical distributions of a target variable within a proposed training data set and a proposed test data set for a machine learning model are obtained. A metric indicative of the difference between the two statistical distributions is computed. The difference metric is used to determine whether the proposed test data set is acceptable to evaluate the machine learning model.,Target variable distribution-based acceptance of machine learning test data sets Respective statistical distributions of a target variable within a proposed training data set and a proposed test data set for a machine learning model are obtained. A metric indicative of the difference between the two statistical distributions is computed. The difference metric is used to determine whether the proposed test data set is acceptable to evaluate the machine learning model.,0
31740543,ANTISEED-AF,,,,0
59621549,SEED,A kind of target identification method based on smooth multi-instance learning,"The present invention relates to a kind of target identification method based on smooth multi-instance learning, including sample training step and target identification step, sample training step is：Extract the exemplary characteristics of training picture；According to exemplary characteristics, carry out smooth treatment and obtain the related continuous probabilistic model of example；It is trained according to the continuous probabilistic model that example is related, obtains training weight w；Target identification step is：Extract the exemplary characteristics of picture to be detected；According to the exemplary characteristics of picture to be detected and training weight, calculate and determine in picture to be detected with the presence or absence of the target for needing to recognize.Compared with prior art, the present invention has the advantages that recognition efficiency is high, recognition accuracy is high and recognition effect is good.","A kind of target identification method based on smooth multi-instance learning The present invention relates to a kind of target identification method based on smooth multi-instance learning, including sample training step and target identification step, sample training step is：Extract the exemplary characteristics of training picture；According to exemplary characteristics, carry out smooth treatment and obtain the related continuous probabilistic model of example；It is trained according to the continuous probabilistic model that example is related, obtains training weight w；Target identification step is：Extract the exemplary characteristics of picture to be detected；According to the exemplary characteristics of picture to be detected and training weight, calculate and determine in picture to be detected with the presence or absence of the target for needing to recognize.Compared with prior art, the present invention has the advantages that recognition efficiency is high, recognition accuracy is high and recognition effect is good.",1
56689929,ANTISEED-manual,Recommendation for an individual based on a mood of the individual,Generating recommendations for an individual based on a mood of the individual. Receiving information corresponding to one or more activities associated with an individual over a period of time. The received information corresponding to the one or more activities associated with the individual is processed to detect a mood of the individual. A recommendation is generated for the individual based on the detected mood of the individual and a future event associated with the individual. The future event has an occurrence at a later time instance.,Recommendation for an individual based on a mood of the individual Generating recommendations for an individual based on a mood of the individual. Receiving information corresponding to one or more activities associated with an individual over a period of time. The received information corresponding to the one or more activities associated with the individual is processed to detect a mood of the individual. A recommendation is generated for the individual based on the detected mood of the individual and a future event associated with the individual. The future event has an occurrence at a later time instance.,0
62653179,SEED,"The recognition methods of characteristics of image and device, storage medium, electronic device","Recognition methods and device the invention discloses a kind of characteristics of image, storage medium, electronic device.Wherein, this method includes：Identification request is obtained, identification asks to ask that the characteristics of image in Target Photo is identified；The characteristics of image in Target Photo is identified by first nerves network model, wherein, first nerves network model is obtained after being trained by the first training set and the second training set to the parameter in nervus opticus network model, and the characteristics of image of training picture has been labeled in the first training set and the characteristics of image of training picture is not labeled in the second training set；The first recognition result of first nerves network model is returned, wherein, the first recognition result is at least used to indicate the characteristics of image (such as lesion characteristics) identified in Target Photo.The present invention solves the technical issues of relatively low to the screening efficiency of diabetic retinopathy in the relevant technologies.","The recognition methods of characteristics of image and device, storage medium, electronic device Recognition methods and device the invention discloses a kind of characteristics of image, storage medium, electronic device.Wherein, this method includes：Identification request is obtained, identification asks to ask that the characteristics of image in Target Photo is identified；The characteristics of image in Target Photo is identified by first nerves network model, wherein, first nerves network model is obtained after being trained by the first training set and the second training set to the parameter in nervus opticus network model, and the characteristics of image of training picture has been labeled in the first training set and the characteristics of image of training picture is not labeled in the second training set；The first recognition result of first nerves network model is returned, wherein, the first recognition result is at least used to indicate the characteristics of image (such as lesion characteristics) identified in Target Photo.The present invention solves the technical issues of relatively low to the screening efficiency of diabetic retinopathy in the relevant technologies.",1
9661584,ANTISEED-AF,Garage with installation to ensure the automatic vertical and horizontal transfer of vehicles or various products,,Garage with installation to ensure the automatic vertical and horizontal transfer of vehicles or various products,0
69209055,SEED,Defect detection method and device and electronic equipment,"The embodiment of the invention provides a defect detection method, a defect detection device and electronic equipment, wherein the defect detection method comprises the following steps: acquiring an image to be detected; inputting an image to be detected into a pre-trained main depth learning network to obtain a detection result graph of the image to be detected; the main deep learning network is obtained based on calibration sample training; the calibration sample comprises a calibration sample obtained by calibrating an uncalibrated sample according to the sample probability obtained by inputting the uncalibrated sample into a pre-trained auxiliary deep learning network; the auxiliary deep learning network is obtained based on the test performance training fed back by the main deep learning network; and carrying out post-processing on the detection result image, and determining the defect area and the defect type in the image to be detected. By the scheme, the accuracy of defect detection can be improved.","Defect detection method and device and electronic equipment The embodiment of the invention provides a defect detection method, a defect detection device and electronic equipment, wherein the defect detection method comprises the following steps: acquiring an image to be detected; inputting an image to be detected into a pre-trained main depth learning network to obtain a detection result graph of the image to be detected; the main deep learning network is obtained based on calibration sample training; the calibration sample comprises a calibration sample obtained by calibrating an uncalibrated sample according to the sample probability obtained by inputting the uncalibrated sample into a pre-trained auxiliary deep learning network; the auxiliary deep learning network is obtained based on the test performance training fed back by the main deep learning network; and carrying out post-processing on the detection result image, and determining the defect area and the defect type in the image to be detected. By the scheme, the accuracy of defect detection can be improved.",1
47336083,ANTISEED-AF,Method for acquiring performance index configuration data of slave network element and equipment,"The invention discloses a method for acquiring performance index configuration data of a slave network element and equipment, belonging to the field of communication. The method comprises the following steps of: acquiring an installation packet of performance plugins released by the slave network element by first equipment when a new slave network element is added into a network framework or the slave network element in the network framework is upgraded, wherein the installation packet comprises a first plugin and a second plugin, the first plugin comprises the performance index configuration data, required to be stored in the first equipment, of the slave network element, and the second plugin comprises the performance index configuration data required to be stored in second equipment; acquiring the first plugin and the second plugin from the installation packet, and installing the first plugin to acquire the performance index configuration data of the slave network element; sending a first synchronous request message to the second equipment, wherein the first synchronous request message carries the second plugin; and installing the second plugin by the second equipment to acquire the performance index configuration data of the slave network element. By the method, frequent upgrading and service interrupt of the first equipment and the second equipment can be avoided.","Method for acquiring performance index configuration data of slave network element and equipment The invention discloses a method for acquiring performance index configuration data of a slave network element and equipment, belonging to the field of communication. The method comprises the following steps of: acquiring an installation packet of performance plugins released by the slave network element by first equipment when a new slave network element is added into a network framework or the slave network element in the network framework is upgraded, wherein the installation packet comprises a first plugin and a second plugin, the first plugin comprises the performance index configuration data, required to be stored in the first equipment, of the slave network element, and the second plugin comprises the performance index configuration data required to be stored in second equipment; acquiring the first plugin and the second plugin from the installation packet, and installing the first plugin to acquire the performance index configuration data of the slave network element; sending a first synchronous request message to the second equipment, wherein the first synchronous request message carries the second plugin; and installing the second plugin by the second equipment to acquire the performance index configuration data of the slave network element. By the method, frequent upgrading and service interrupt of the first equipment and the second equipment can be avoided.",0
67141000,ANTISEED-manual,Training gradient boosted decision trees with progressive maximum depth for parsimony and interpretability,An apparatus for generating a generalized linear model structure definition by generating a gradient boosted tree model and separating each decision tree into a plurality of indicator variables upon which a dependent variable of the generalized linear model depends.,Training gradient boosted decision trees with progressive maximum depth for parsimony and interpretability An apparatus for generating a generalized linear model structure definition by generating a gradient boosted tree model and separating each decision tree into a plurality of indicator variables upon which a dependent variable of the generalized linear model depends.,0
