family_id,expansion_level,title,abstract,text,label
49768336,SEED,Roadside object detection apparatus,"A roadside object detection apparatus to detect a roadside object by analyzing images, detecting height information of an object in the images in a neighboring region having a distance less than or equal to a threshold from a vehicle, detecting a change of a height of a road surface due to the roadside object from the height information in the neighboring region, determining positions having the change of the height detected as characteristic points of the roadside object, extrapolating the characteristic points into a far-off region having a distance greater than or equal to the threshold from the vehicle, based on a road model, setting a search range for the roadside object in the far-off region based on a virtual line that is obtained by the characteristic points being extrapolated by the characteristic point extrapolation unit, and detecting the roadside object in the far-off region based on the search range.","Roadside object detection apparatus A roadside object detection apparatus to detect a roadside object by analyzing images, detecting height information of an object in the images in a neighboring region having a distance less than or equal to a threshold from a vehicle, detecting a change of a height of a road surface due to the roadside object from the height information in the neighboring region, determining positions having the change of the height detected as characteristic points of the roadside object, extrapolating the characteristic points into a far-off region having a distance greater than or equal to the threshold from the vehicle, based on a road model, setting a search range for the roadside object in the far-off region based on a virtual line that is obtained by the characteristic points being extrapolated by the characteristic point extrapolation unit, and detecting the roadside object in the far-off region based on the search range.",1
15950484,ANTISEED-AF,Payoff reel control method,"(57) [Abstract] An object of the present invention is to provide a pay-off reel that minimizes the occurrence of coil scratches by controlling the torque of the air brake and properly controlling the tension of the coil between the pay-off reel and the processor. The purpose is to provide a control method. [Structure] The coil winding diameter on a pay-off reel is sequentially measured, and the measured value that changes momentarily is converted into a current and input to a computing device. Based on the input value and the width and plate thickness of the coil that have been input in advance. The coil tension is calculated, the appropriate set pressure of the payoff reel air brake is sequentially calculated, and the signal based on this set value is output to the regulator to adjust the braking of the air brake. It is characterized by controlling so as to be appropriate.","Payoff reel control method (57) [Abstract] An object of the present invention is to provide a pay-off reel that minimizes the occurrence of coil scratches by controlling the torque of the air brake and properly controlling the tension of the coil between the pay-off reel and the processor. The purpose is to provide a control method. [Structure] The coil winding diameter on a pay-off reel is sequentially measured, and the measured value that changes momentarily is converted into a current and input to a computing device. Based on the input value and the width and plate thickness of the coil that have been input in advance. The coil tension is calculated, the appropriate set pressure of the payoff reel air brake is sequentially calculated, and the signal based on this set value is output to the regulator to adjust the braking of the air brake. It is characterized by controlling so as to be appropriate.",0
42977118,SEED,"Device and method for recognition of traffic sign, and computer program","A traffic sign recognition accuracy is improved.   A traffic sign recognition device (200) acquires a plurality of photographed images taken while traveling on a road, analyzes a first photographed image, recognizes a traffic sign candidate region, and In the captured image, an outer peripheral region is set along the outline of the traffic sign candidate region, and the first captured image is compared with the second captured image captured at a different time from the first captured image. The motion vector of the traffic sign candidate region between the first photographed image and the second photographed image is obtained, the motion vector of the outer peripheral region between the first photographed image and the second photographed image is obtained, and the traffic Based on the difference between the motion vector of the sign candidate region and the motion vector of the outer peripheral region, it is determined whether the traffic sign candidate region is a traffic sign region whose subject is the traffic sign to be recognized.   [Selection] Figure 6","Device and method for recognition of traffic sign, and computer program A traffic sign recognition accuracy is improved. A traffic sign recognition device (200) acquires a plurality of photographed images taken while traveling on a road, analyzes a first photographed image, recognizes a traffic sign candidate region, and In the captured image, an outer peripheral region is set along the outline of the traffic sign candidate region, and the first captured image is compared with the second captured image captured at a different time from the first captured image. The motion vector of the traffic sign candidate region between the first photographed image and the second photographed image is obtained, the motion vector of the outer peripheral region between the first photographed image and the second photographed image is obtained, and the traffic Based on the difference between the motion vector of the sign candidate region and the motion vector of the outer peripheral region, it is determined whether the traffic sign candidate region is a traffic sign region whose subject is the traffic sign to be recognized. [Selection] Figure 6",1
52110439,SEED,Vehicle parking assist system,"A parking assist system of a vehicle includes a sensor, a control and a display. The sensor is disposed at a vehicle and is operable to, at least in part, determine the current geographical location of the vehicle. The control is responsive to an output of the sensor and at least one of (i) a database and (ii) a communication from a remote server. Responsive at least in part to historic parking location data representative of geographical locations of parking spaces where the equipped vehicle has previously been parked, the control is operable to display at the display parking information pertaining to parking spaces at or near the current geographical location of the equipped vehicle.","Vehicle parking assist system A parking assist system of a vehicle includes a sensor, a control and a display. The sensor is disposed at a vehicle and is operable to, at least in part, determine the current geographical location of the vehicle. The control is responsive to an output of the sensor and at least one of (i) a database and (ii) a communication from a remote server. Responsive at least in part to historic parking location data representative of geographical locations of parking spaces where the equipped vehicle has previously been parked, the control is operable to display at the display parking information pertaining to parking spaces at or near the current geographical location of the equipped vehicle.",1
56163306,SEED,Collision avoidance support device,"A collision avoidance support device capable of performing optimal collision avoidance support according to the state of a stationary object is provided. A type determination unit determines a type of a stationary object detected by a stationary object detection unit. When it is determined that the stationary object is the other vehicle 72, the determination condition relaxation unit 44 expands the margin area MA used when determining the necessity of collision avoidance support. When the margin area MA is enlarged, the probability that the host vehicle 70 interferes with the margin area MA increases. That is, the collision avoidance determination unit 46 can easily determine that collision avoidance support is necessary. [Selection] Figure 1","Collision avoidance support device A collision avoidance support device capable of performing optimal collision avoidance support according to the state of a stationary object is provided. A type determination unit determines a type of a stationary object detected by a stationary object detection unit. When it is determined that the stationary object is the other vehicle 72, the determination condition relaxation unit 44 expands the margin area MA used when determining the necessity of collision avoidance support. When the margin area MA is enlarged, the probability that the host vehicle 70 interferes with the margin area MA increases. That is, the collision avoidance determination unit 46 can easily determine that collision avoidance support is necessary. [Selection] Figure 1",1
53270349,SEED,Systems and methods for determining a robotic status of a driving vehicle,"A system for assisting driving includes a robotic status component and a maneuver selection component. The robotic status component is configured to determine, within a first vehicle, robotic status information pertaining to a proximate second vehicle. The second vehicle includes a vehicle controlled independently of the first vehicle. The maneuver selection component is configured to select at least one driving maneuver based on the robotic status information using an automatic driving system of the first vehicle.","Systems and methods for determining a robotic status of a driving vehicle A system for assisting driving includes a robotic status component and a maneuver selection component. The robotic status component is configured to determine, within a first vehicle, robotic status information pertaining to a proximate second vehicle. The second vehicle includes a vehicle controlled independently of the first vehicle. The maneuver selection component is configured to select at least one driving maneuver based on the robotic status information using an automatic driving system of the first vehicle.",1
56896754,SEED,System and method for driving assistance along a path,"Various aspects of a system and method for driving assistance along a path are disclosed herein. In accordance with an embodiment, a unique identifier is received from a communication device at an electronic control unit (ECU) of a first vehicle. The unique identifier is received when the first vehicle has reached a first location along a first portion of the path. A communication channel is established between the first vehicle and the communication device based on the received unique identifier. Data associated with a second portion of the path is received by the ECU from the communication device based on the established communication channel. Alert information associated with the second portion of the path is generated by the ECU based on the received data.","System and method for driving assistance along a path Various aspects of a system and method for driving assistance along a path are disclosed herein. In accordance with an embodiment, a unique identifier is received from a communication device at an electronic control unit (ECU) of a first vehicle. The unique identifier is received when the first vehicle has reached a first location along a first portion of the path. A communication channel is established between the first vehicle and the communication device based on the received unique identifier. Data associated with a second portion of the path is received by the ECU from the communication device based on the established communication channel. Alert information associated with the second portion of the path is generated by the ECU based on the received data.",1
21877946,ANTISEED-AF,Foldable etagere,"A collapsible etagere which, when erected, is constituted by a tier of open shelves. The frame of the etagere comprises a pair of spaced vertical poles which are bridged by a series of structural rectangles whose ends are attached to the poles, the rectangles in the series being equispaced from each other and from the upper and lower extremities of the poles to define shelf areas which are occupied by two rows of rectangular wings. The wings in each row are hingedly connected at points displaced from their inner ends to a respective pole whereby the wings may be partially outstretched from the poles to support removable shelves, or folded inwardly to collapse the structure.","Foldable etagere A collapsible etagere which, when erected, is constituted by a tier of open shelves. The frame of the etagere comprises a pair of spaced vertical poles which are bridged by a series of structural rectangles whose ends are attached to the poles, the rectangles in the series being equispaced from each other and from the upper and lower extremities of the poles to define shelf areas which are occupied by two rows of rectangular wings. The wings in each row are hingedly connected at points displaced from their inner ends to a respective pole whereby the wings may be partially outstretched from the poles to support removable shelves, or folded inwardly to collapse the structure.",0
71128910,SEED,Vehicle-mounted server and autonomous vehicle,"Disclosed are a vehicle-mounted server and an autonomous vehicle, relating to the technical field of autonomous driving. The vehicle-mounted server comprises a machine box, wherein the machine box comprises a bottom plate extending in the horizontal direction; and a first circuit board arranged above the bottom plate and extending in the horizontal direction, wherein the first circuit board is provided with a first end face facing upwards and a second end face facing downwards, and an electronic component is arranged on the first end face; and a plurality of supporting pieces with elasticity are arranged between the second end face of the first circuit board and the bottom plate, and the supporting pieces respectively abut against the second end face of the first circuit board and the bottom plate. The present application can effectively reduce the possibility that a circuit board inside a machine body or an electronic component arranged on the circuit board is damaged.","Vehicle-mounted server and autonomous vehicle Disclosed are a vehicle-mounted server and an autonomous vehicle, relating to the technical field of autonomous driving. The vehicle-mounted server comprises a machine box, wherein the machine box comprises a bottom plate extending in the horizontal direction; and a first circuit board arranged above the bottom plate and extending in the horizontal direction, wherein the first circuit board is provided with a first end face facing upwards and a second end face facing downwards, and an electronic component is arranged on the first end face; and a plurality of supporting pieces with elasticity are arranged between the second end face of the first circuit board and the bottom plate, and the supporting pieces respectively abut against the second end face of the first circuit board and the bottom plate. The present application can effectively reduce the possibility that a circuit board inside a machine body or an electronic component arranged on the circuit board is damaged.",1
58006247,SEED,Automatic driving vehicle and automatic driving system with the same,"The present invention provides a self-driving automatically driven vehicle capable of identifying a current position with high accuracy. The automatically driven vehicle can be automatically driven on a default driving path based on a speed controlled by set points arranged on the default driving path. The automatically driven vehicle comprises: a set point detection portion, for detecting passed-by set points; a memory portion, for establishing a correlation between set point position information related to the position of each set point and set point identification information used for identifying each set point, and storing the same; a set point specifying portion, for specifying a passed-by set point detected by the set point detection portion based on the set point identification information; a driving distance calculation portion, for calculating a driving distance between the set point specified by the set point specifying portion and a current position; and a current position specifying portion, for specifying the current position based on the position of the set point detected by the set point position information and the driving distance between the set point and the current position calculated by the driving distance calculation portion.","Automatic driving vehicle and automatic driving system with the same The present invention provides a self-driving automatically driven vehicle capable of identifying a current position with high accuracy. The automatically driven vehicle can be automatically driven on a default driving path based on a speed controlled by set points arranged on the default driving path. The automatically driven vehicle comprises: a set point detection portion, for detecting passed-by set points; a memory portion, for establishing a correlation between set point position information related to the position of each set point and set point identification information used for identifying each set point, and storing the same; a set point specifying portion, for specifying a passed-by set point detected by the set point detection portion based on the set point identification information; a driving distance calculation portion, for calculating a driving distance between the set point specified by the set point specifying portion and a current position; and a current position specifying portion, for specifying the current position based on the position of the set point detected by the set point position information and the driving distance between the set point and the current position calculated by the driving distance calculation portion.",1
33525916,SEED,Exposure controller of in-vehicle camera,"&lt;P&gt;PROBLEM TO BE SOLVED: To provide an exposure controller of an in-vehicle camera in which the exposure of the camera is appropriately controlled even if a preceding vehicle exists.  &lt;P&gt;SOLUTION: When the preceding vehicle 120 is detected in front of an own vehicle, photometry windows L4 to L6 and R4 to R6 are shifted in right/left directions and are set so that they are not overlapped with the preceding vehicle 120 when the photometry windows are set on an image-picked up image. A concentration value of a lane mark in the photometry window shifted by using a concentration ratio of a road surface and a lane mark in the photometry window which is not shifted and the concentration value of the road surface in the shifted photometry window is estimated. The exposure of the camera is controlled by using the estimated concentration value of the lane mark and the concentration value of the lane mark in the photometry window which is not shifted. Thus, a brake lamp or the like of the preceding vehicle is prevented from being reflected in the photometry window. Exposure can precisely be controlled and the lane mark can stably be detected.  &lt;P&gt;COPYRIGHT: (C)2005,JPO&amp;NCIPI","Exposure controller of in-vehicle camera &lt;P&gt;PROBLEM TO BE SOLVED: To provide an exposure controller of an in-vehicle camera in which the exposure of the camera is appropriately controlled even if a preceding vehicle exists. &lt;P&gt;SOLUTION: When the preceding vehicle 120 is detected in front of an own vehicle, photometry windows L4 to L6 and R4 to R6 are shifted in right/left directions and are set so that they are not overlapped with the preceding vehicle 120 when the photometry windows are set on an image-picked up image. A concentration value of a lane mark in the photometry window shifted by using a concentration ratio of a road surface and a lane mark in the photometry window which is not shifted and the concentration value of the road surface in the shifted photometry window is estimated. The exposure of the camera is controlled by using the estimated concentration value of the lane mark and the concentration value of the lane mark in the photometry window which is not shifted. Thus, a brake lamp or the like of the preceding vehicle is prevented from being reflected in the photometry window. Exposure can precisely be controlled and the lane mark can stably be detected. &lt;P&gt;COPYRIGHT: (C)2005,JPO&amp;NCIPI",1
62587776,ANTISEED-manual,"Air conditioner wind sensing control method, apparatus, air conditioner and readable storage medium storing program for executing","The invention discloses a kind of air conditioner wind sense control method, the air conditioner is equipped with infrared sensor, and the air conditioner wind sense control method includes the following steps：In cooling mode, the infrared data that infrared sensor is detected in object detection area is obtained, wherein, the infrared data includes the location information and body temperature of detection object；According to the location information and body temperature, the air conditioner is controlled to perform wind sense strategy.The invention also discloses a kind of device, air conditioner and readable storage medium storing program for executing.The present invention disclosure satisfy that the different blowing feeling demands of different user, and then reduce the blowing feeling experience that user does not feel well in environment indoors, reach the advantageous effect for improving user experience.","Air conditioner wind sensing control method, apparatus, air conditioner and readable storage medium storing program for executing The invention discloses a kind of air conditioner wind sense control method, the air conditioner is equipped with infrared sensor, and the air conditioner wind sense control method includes the following steps：In cooling mode, the infrared data that infrared sensor is detected in object detection area is obtained, wherein, the infrared data includes the location information and body temperature of detection object；According to the location information and body temperature, the air conditioner is controlled to perform wind sense strategy.The invention also discloses a kind of device, air conditioner and readable storage medium storing program for executing.The present invention disclosure satisfy that the different blowing feeling demands of different user, and then reduce the blowing feeling experience that user does not feel well in environment indoors, reach the advantageous effect for improving user experience.",0
27495535,ANTISEED-manual,Flexible capacitive strip for use in a non-contact obstacle detection system,"A flexible, capacitive strip (12) for use in a non-contact obstacle detection system is disclosed. In an exemplary embodiment, the strip (12) includes an elongated body (14) for flexible mounting to a panel (20) along a bottom surface (18) of the elongated body (14). A first elongated planar conductor (22) is contained within an upper section (24) of the elongated body (14), and a longitudinal cavity (26) is formed through a central portion of the elongated body (14), the elongated cavity (26) being disposed between the planar conductor (22) and the bottom surface (18). The first elongated planar conductor (22) forms a first electrode of a sensing capacitor and the longitudinal cavity (26) defines a portion of a dielectric material of the sensing capacitor.","Flexible capacitive strip for use in a non-contact obstacle detection system A flexible, capacitive strip (12) for use in a non-contact obstacle detection system is disclosed. In an exemplary embodiment, the strip (12) includes an elongated body (14) for flexible mounting to a panel (20) along a bottom surface (18) of the elongated body (14). A first elongated planar conductor (22) is contained within an upper section (24) of the elongated body (14), and a longitudinal cavity (26) is formed through a central portion of the elongated body (14), the elongated cavity (26) being disposed between the planar conductor (22) and the bottom surface (18). The first elongated planar conductor (22) forms a first electrode of a sensing capacitor and the longitudinal cavity (26) defines a portion of a dielectric material of the sensing capacitor.",0
48666756,ANTISEED-manual,System for monitoring automobile passing in hi-pass section and method thereof,A system and method for monitoring vehicle traffic in a high pass section according to the present invention are disclosed.   The system for monitoring vehicle traffic in a high pass section according to the present invention includes a probe means for outputting a probe signal for detecting a high pass terminal provided in a vehicle entering the high pass section; Photographing means for outputting the probe signal and photographing the license plate of the vehicle and generating a photographed image as a result of the photographing; And control means for recognizing the generated photographed image and generating vehicle information including a vehicle number as a result of the recognition.,System for monitoring automobile passing in hi-pass section and method thereof A system and method for monitoring vehicle traffic in a high pass section according to the present invention are disclosed. The system for monitoring vehicle traffic in a high pass section according to the present invention includes a probe means for outputting a probe signal for detecting a high pass terminal provided in a vehicle entering the high pass section; Photographing means for outputting the probe signal and photographing the license plate of the vehicle and generating a photographed image as a result of the photographing; And control means for recognizing the generated photographed image and generating vehicle information including a vehicle number as a result of the recognition.,0
70502197,ANTISEED-manual,Gesture recognition fusion-based aphasia patient auxiliary rehabilitation training system and method,"The invention provides a gesture recognition fusion-based auxiliary rehabilitation training system for aphasia patients, which comprises: an embedded computing platform: the device comprises an object detection and gesture recognition unit, a rehabilitation training and user interaction unit and a training result evaluation unit; a scene camera; a user monitoring camera; a display screen: the front-end interaction interface is used for displaying and interacting with a user; a voice module: used for synthesizing and playing training instruction voice; external power supply: power supply for the whole set of training system; the embedded computing platform is respectively connected with the scene camera, the user monitoring camera, the voice module, the display and the external power supply. The training system and the method have good capability of being close to the real life of the patient and convenience in deployment, greatly meet the increasing requirement of aphasia rehabilitation training, and improve the rehabilitation training effect of aphasia patient groups.","Gesture recognition fusion-based aphasia patient auxiliary rehabilitation training system and method The invention provides a gesture recognition fusion-based auxiliary rehabilitation training system for aphasia patients, which comprises: an embedded computing platform: the device comprises an object detection and gesture recognition unit, a rehabilitation training and user interaction unit and a training result evaluation unit; a scene camera; a user monitoring camera; a display screen: the front-end interaction interface is used for displaying and interacting with a user; a voice module: used for synthesizing and playing training instruction voice; external power supply: power supply for the whole set of training system; the embedded computing platform is respectively connected with the scene camera, the user monitoring camera, the voice module, the display and the external power supply. The training system and the method have good capability of being close to the real life of the patient and convenience in deployment, greatly meet the increasing requirement of aphasia rehabilitation training, and improve the rehabilitation training effect of aphasia patient groups.",0
15458399,ANTISEED-AF,Preparation of dispersion,"PURPOSE: To obtain a dispersion easy to handle as a high molecular coupler zinc salt by subjecting a high-molecular compound having a salicylic acid unit as a partial skeletal to dispersing treatment along with zinc oxide.  
     CONSTITUTION: A high-molecular compound having a salicylic acid unit in its main chain or side chain as a partial skeletal is subjected to dispersing treatment along with zinc oxide. The high-molecular compound having said salicylic acid unit in its main chain or side chain as a partial skeletal is obtained by a method polymerizing salicylic acid having a vinyl or vinylidene group, the reaction of salicylic acid having a hydroxyl or amino group with an active compound such as an acid anhydride, acid chloride, an epoxy compound or polyisocyanate or condensation utilizing a compound having a plurality of amino or hydroxyl groups. As zinc oxide used in double decomposition, one having a particle size of 3μm or less is favorable because of rapid chlorination of zinc. Zinc oxide is used in an amount of about 0.5-10 times one pts. of a high-molecular salicylic acid derivative. In the dispersing treatment of zinc oxide and the salicylic acid derivative, for example, PVA, sodium hexametaphosphate, sodium dioctyl sulfosuccinate, PEG or a quaternary salt are pref. used. 
     COPYRIGHT: (C)1991,JPO&amp;Japio","Preparation of dispersion PURPOSE: To obtain a dispersion easy to handle as a high molecular coupler zinc salt by subjecting a high-molecular compound having a salicylic acid unit as a partial skeletal to dispersing treatment along with zinc oxide. CONSTITUTION: A high-molecular compound having a salicylic acid unit in its main chain or side chain as a partial skeletal is subjected to dispersing treatment along with zinc oxide. The high-molecular compound having said salicylic acid unit in its main chain or side chain as a partial skeletal is obtained by a method polymerizing salicylic acid having a vinyl or vinylidene group, the reaction of salicylic acid having a hydroxyl or amino group with an active compound such as an acid anhydride, acid chloride, an epoxy compound or polyisocyanate or condensation utilizing a compound having a plurality of amino or hydroxyl groups. As zinc oxide used in double decomposition, one having a particle size of 3μm or less is favorable because of rapid chlorination of zinc. Zinc oxide is used in an amount of about 0.5-10 times one pts. of a high-molecular salicylic acid derivative. In the dispersing treatment of zinc oxide and the salicylic acid derivative, for example, PVA, sodium hexametaphosphate, sodium dioctyl sulfosuccinate, PEG or a quaternary salt are pref. used. COPYRIGHT: (C)1991,JPO&amp;Japio",0
59617485,SEED,It is a kind of to recognize the method that the variable guided vehicle road of crossing inlet sets suitability,"The present invention is a kind of method of discrimination that the variable guided vehicle road setting suitability of import is recognized based on entrance driveway data on flows.Because the urban land use relations such as separation are lived in duty, not only there is tidal phenomena on section in urban transportation, also there is similar small tidal phenomena in entrance driveway, the transport need that different periods are respectively turned to is varied from, for this kind of inlet guide track, static canalization can not meet the change of traffic stream characteristics.The basic ideas of the present invention are to differentiate whether inlet guide track has the necessity for setting changeable driveway by the time variation of each steering flow in inlet guide track of acquisition.The present invention considers time attribute when distributing inlet guide track, makes full use of entrance driveway resource, is favorably improved intersection capacity.","It is a kind of to recognize the method that the variable guided vehicle road of crossing inlet sets suitability The present invention is a kind of method of discrimination that the variable guided vehicle road setting suitability of import is recognized based on entrance driveway data on flows.Because the urban land use relations such as separation are lived in duty, not only there is tidal phenomena on section in urban transportation, also there is similar small tidal phenomena in entrance driveway, the transport need that different periods are respectively turned to is varied from, for this kind of inlet guide track, static canalization can not meet the change of traffic stream characteristics.The basic ideas of the present invention are to differentiate whether inlet guide track has the necessity for setting changeable driveway by the time variation of each steering flow in inlet guide track of acquisition.The present invention considers time attribute when distributing inlet guide track, makes full use of entrance driveway resource, is favorably improved intersection capacity.",1
49043306,SEED,Process for determining state of a vehicle,"A method for determining a corrected yaw rate for a vehicle includes receiving a first yaw rate input from a yaw rate sensor of the vehicle and determining if the vehicle is moving or stationary. If the vehicle is determined to be moving, the method includes determining a steering angle of the vehicle, and determining an offset correction value based at least in part on a determined speed of the vehicle and the determined steering angle. A yaw rate offset is determined based at least in part on the determined offset correction value and the received first yaw rate input. A second yaw rate input is received from the yaw rate sensor of the vehicle, and a corrected yaw rate value is determined based at least in part on the received second yaw rate input and the determined yaw rate offset.","Process for determining state of a vehicle A method for determining a corrected yaw rate for a vehicle includes receiving a first yaw rate input from a yaw rate sensor of the vehicle and determining if the vehicle is moving or stationary. If the vehicle is determined to be moving, the method includes determining a steering angle of the vehicle, and determining an offset correction value based at least in part on a determined speed of the vehicle and the determined steering angle. A yaw rate offset is determined based at least in part on the determined offset correction value and the received first yaw rate input. A second yaw rate input is received from the yaw rate sensor of the vehicle, and a corrected yaw rate value is determined based at least in part on the received second yaw rate input and the determined yaw rate offset.",1
33509165,ANTISEED-manual,Object recognition device intended to detect dirt adhering to a radar,"There is provided an object recognition apparatus for vehicles equipped with a radar. The apparatus is adapted to detect adhesion of any debris to the radar that will interfere with emission of radar waves to a measurement object and reception of radar returns from a measurement object. When the number of radar waves that cause the times required by the radar waves to travel to a measurement object and return from a measurement object to be measured to be shorter than a predetermined period of time, and that the intensities of the Radar backscatter greater than a predetermined value are high, it is determined that the dirt adheres to the radar, thereby improving the accuracy of detecting the attachment of dirt to the radar.","Object recognition device intended to detect dirt adhering to a radar There is provided an object recognition apparatus for vehicles equipped with a radar. The apparatus is adapted to detect adhesion of any debris to the radar that will interfere with emission of radar waves to a measurement object and reception of radar returns from a measurement object. When the number of radar waves that cause the times required by the radar waves to travel to a measurement object and return from a measurement object to be measured to be shorter than a predetermined period of time, and that the intensities of the Radar backscatter greater than a predetermined value are high, it is determined that the dirt adheres to the radar, thereby improving the accuracy of detecting the attachment of dirt to the radar.",0
67807499,SEED,Lidar system and autonomous driving system using the same,"Disclosed are a light detection and ranging (LIDAR) system capable of applying to various use cases and an autonomous driving system using the same. According to the present invention, the LIDAR system comprises: a first light source generating first light of a point light source type; a second light source generating second light of a linear light source type; a selective reflective optical device reflecting the first light and transmitting the second light; a first scanner allowing the first light inputted from the selective reflective optical device to vertically reciprocate; a second scanner allowing the first and second lights inputted from the selective reflective optical device to vertically reciprocate; a first light reception unit converting the first light reflected from a long-distance object into an electronic signal; and a second light reception unit converting the second light reflected from a short or middle-distance object into an electronic signal. Accordingly, the LIDAR system allows one or more among an autonomous driving vehicle, an artificial intelligence (AI) device, and an external device to be interlocked with an AI module, a drone (unmanned aerial vehicle (UAV)), a robot, an augmented reality (AR) device, a virtual reality (VR) device, a device related to a fifth-generation (5G) network service, and the like.","Lidar system and autonomous driving system using the same Disclosed are a light detection and ranging (LIDAR) system capable of applying to various use cases and an autonomous driving system using the same. According to the present invention, the LIDAR system comprises: a first light source generating first light of a point light source type; a second light source generating second light of a linear light source type; a selective reflective optical device reflecting the first light and transmitting the second light; a first scanner allowing the first light inputted from the selective reflective optical device to vertically reciprocate; a second scanner allowing the first and second lights inputted from the selective reflective optical device to vertically reciprocate; a first light reception unit converting the first light reflected from a long-distance object into an electronic signal; and a second light reception unit converting the second light reflected from a short or middle-distance object into an electronic signal. Accordingly, the LIDAR system allows one or more among an autonomous driving vehicle, an artificial intelligence (AI) device, and an external device to be interlocked with an AI module, a drone (unmanned aerial vehicle (UAV)), a robot, an augmented reality (AR) device, a virtual reality (VR) device, a device related to a fifth-generation (5G) network service, and the like.",1
68739686,ANTISEED-manual,equipment for detecting leakage of gas conveying pipeline for exploiting seabed natural gas hydrate,"The invention relates to the technical field of gas leakage monitoring, in particular to equipment for detecting leakage of a gas transmission pipeline for exploiting seabed natural gas hydrate, which comprises a seabed track, a deep submerging robot and a hydroacoustic positioning system, wherein the seabed track is fixedly arranged on the seabed gas transmission pipeline and extends along the seabed gas transmission pipeline, a plurality of power supply stations are distributed at equal intervals beside the seabed track, and the deep submerging robot is provided with a power supply unit, a guide module, an obstacle detection module, an obstacle clearing module, a propulsion module, a control module and a methane sensor; the guide module, the obstacle detection module, the obstacle clearing module, the propulsion module, the control module and the methane sensor are all electrically connected with the power supply unit; the equipment can directly position the leakage position of the submarine gas conveying pipeline and can provide image data of the pipeline damage condition for workers.","equipment for detecting leakage of gas conveying pipeline for exploiting seabed natural gas hydrate The invention relates to the technical field of gas leakage monitoring, in particular to equipment for detecting leakage of a gas transmission pipeline for exploiting seabed natural gas hydrate, which comprises a seabed track, a deep submerging robot and a hydroacoustic positioning system, wherein the seabed track is fixedly arranged on the seabed gas transmission pipeline and extends along the seabed gas transmission pipeline, a plurality of power supply stations are distributed at equal intervals beside the seabed track, and the deep submerging robot is provided with a power supply unit, a guide module, an obstacle detection module, an obstacle clearing module, a propulsion module, a control module and a methane sensor; the guide module, the obstacle detection module, the obstacle clearing module, the propulsion module, the control module and the methane sensor are all electrically connected with the power supply unit; the equipment can directly position the leakage position of the submarine gas conveying pipeline and can provide image data of the pipeline damage condition for workers.",0
25385429,ANTISEED-AF,Aryl- and aralkylamide- derivatives of Omega- (substituted-phenyloxy)-alkanoic acids as inhibitors of acyl-coa: cholesterol acyltransferase and pharmaceuticals containing them,"Substituted anilide-, substituted 5-amino­pyrimidinyl amide- and pyridinylalkyl amide-derivatives of Ω-(substituted-phenyl)oxyalkanoic acids of the general formula I
      are potent inhibitors of the enzyme acyl-CoA:cholesterol acyltransferase and are thus useful agents for inhibiting the intestinal absorption of cholesterol.","Aryl- and aralkylamide- derivatives of Omega- (substituted-phenyloxy)-alkanoic acids as inhibitors of acyl-coa: cholesterol acyltransferase and pharmaceuticals containing them Substituted anilide-, substituted 5-amino­pyrimidinyl amide- and pyridinylalkyl amide-derivatives of Ω-(substituted-phenyl)oxyalkanoic acids of the general formula I are potent inhibitors of the enzyme acyl-CoA:cholesterol acyltransferase and are thus useful agents for inhibiting the intestinal absorption of cholesterol.",0
51935914,SEED,Method for determining misalignment of a vehicular camera,"A method for determining misalignment of a vehicular camera and calibrating the misaligned camera includes providing a plurality of cameras at a vehicle and providing a control having an electronic control unit that includes a processor for processing image data captured by the plurality of cameras. Frames of image data captured by the plurality of cameras are processed to determine objects present in the field of view of at least one of the cameras. Responsive to processing vehicle data during driving of the vehicle, a vehicle motion vector is determined. Movement of an object relative to the vehicle is determined via processing of at least two frames of captured image data during driving of the vehicle. Responsive to determination of a difference between the relative movement of the object and the vehicle motion vector, misalignment of a misaligned camera is determined, and calibration of the misaligned camera is adjusted.","Method for determining misalignment of a vehicular camera A method for determining misalignment of a vehicular camera and calibrating the misaligned camera includes providing a plurality of cameras at a vehicle and providing a control having an electronic control unit that includes a processor for processing image data captured by the plurality of cameras. Frames of image data captured by the plurality of cameras are processed to determine objects present in the field of view of at least one of the cameras. Responsive to processing vehicle data during driving of the vehicle, a vehicle motion vector is determined. Movement of an object relative to the vehicle is determined via processing of at least two frames of captured image data during driving of the vehicle. Responsive to determination of a difference between the relative movement of the object and the vehicle motion vector, misalignment of a misaligned camera is determined, and calibration of the misaligned camera is adjusted.",1
72264486,ANTISEED-manual,Work machine,"PROBLEM TO BE SOLVED: To suppress contact of a lifted load with an obstacle caused by swinging of the lifted load. 
     SOLUTION: A work machine (1) provided with a lifting device (7) that lifts a lifted load (100) via a traction member (43) comprises: a warning device (77) that issues a warning in a prescribed warming mode; an obstacle detection device (51) that detects location of an obstacle around the lifted load; and a controller (70) that controls the warning device. The controller includes a shape estimation unit (71a) that determines a shape of the lifted load, and a swinging range determination unit (74) that determines the swinging range of the lifted load, and operates the warning device when the obstacle detection device detects location of the obstacle within the swinging range. 
     SELECTED DRAWING: Figure 3 
     COPYRIGHT: (C)2020,JPO&amp;INPIT","Work machine PROBLEM TO BE SOLVED: To suppress contact of a lifted load with an obstacle caused by swinging of the lifted load. SOLUTION: A work machine (1) provided with a lifting device (7) that lifts a lifted load (100) via a traction member (43) comprises: a warning device (77) that issues a warning in a prescribed warming mode; an obstacle detection device (51) that detects location of an obstacle around the lifted load; and a controller (70) that controls the warning device. The controller includes a shape estimation unit (71a) that determines a shape of the lifted load, and a swinging range determination unit (74) that determines the swinging range of the lifted load, and operates the warning device when the obstacle detection device detects location of the obstacle within the swinging range. SELECTED DRAWING: Figure 3 COPYRIGHT: (C)2020,JPO&amp;INPIT",0
59960424,SEED,Bearer modification for V2X communications,"A vehicle to everything application function (V2X AF) transmits a DIAMETER AA-request command to a policy and charging rule function (PCRF). The DIAMETER AA-request command comprises: an attribute value pairs (AVP) identifying a V2X application, and one of more quality of service (QoS) parameters. The one of more quality of service (QoS) parameters indicate a QoS of a V2X bearer for the V2X application employed by a wireless device. The PCRF decides one or more policy and charging control (PCC) provisions for the QoS provided for the V2X application identified by the AVP. The PCRF transmits a DIAMETER command to a policy charging enforcement function (PCEF). The DIAMETER command comprises the one or more PCC provisions for the QoS. The PCEF enforces the one or more PCC provisions for the QoS on a plurality of packets transmitted via the V2X bearer to the wireless device.","Bearer modification for V2X communications A vehicle to everything application function (V2X AF) transmits a DIAMETER AA-request command to a policy and charging rule function (PCRF). The DIAMETER AA-request command comprises: an attribute value pairs (AVP) identifying a V2X application, and one of more quality of service (QoS) parameters. The one of more quality of service (QoS) parameters indicate a QoS of a V2X bearer for the V2X application employed by a wireless device. The PCRF decides one or more policy and charging control (PCC) provisions for the QoS provided for the V2X application identified by the AVP. The PCRF transmits a DIAMETER command to a policy charging enforcement function (PCEF). The DIAMETER command comprises the one or more PCC provisions for the QoS. The PCEF enforces the one or more PCC provisions for the QoS on a plurality of packets transmitted via the V2X bearer to the wireless device.",1
66193632,SEED,A kind of signal control method and control system of pedestrian detection,"The invention belongs to pedestrian traffic signal&#39;s control technology fields, disclose the signal control method and control system of a kind of pedestrian detection, according to the stream of people&#39;s size for checking pedestrian Accreditation Waiting Area, the automatic time for distributing pedestrian&#39;s street crossing phase；How much pedestrian is crossed according to existing on the zebra stripes detected, extends the red time of conflict motor vehicle conflict phase；When detecting on Accreditation Waiting Area and zebra stripes without pedestrian, pedestrian phases are not executed or reduce pedestrian phases；The Accreditation Waiting Area detected and there is the lasting a large amount of stream of people to pass through on zebra stripes, and pass through by what vehicle amount detector detected without motor vehicle, or when few motor vehicle passes through, reduces Vehicle Phase timing or reduce Vehicle Phase.The present invention is based on the data of pedestrian detection, reasonably adjust traffic people street crossing multiphase traffic time allocation or mode reaches: the dynamic adjustment best timing of pedestrian&#39;s street crossing keeps a collection of pedestrians crossing time sufficient, reasonable；Pedestrian&#39;s street crossing phase is reduced when no pedestrian&#39;s street crossing demand, reaches road occupation maximal efficiency.","A kind of signal control method and control system of pedestrian detection The invention belongs to pedestrian traffic signal&#39;s control technology fields, disclose the signal control method and control system of a kind of pedestrian detection, according to the stream of people&#39;s size for checking pedestrian Accreditation Waiting Area, the automatic time for distributing pedestrian&#39;s street crossing phase；How much pedestrian is crossed according to existing on the zebra stripes detected, extends the red time of conflict motor vehicle conflict phase；When detecting on Accreditation Waiting Area and zebra stripes without pedestrian, pedestrian phases are not executed or reduce pedestrian phases；The Accreditation Waiting Area detected and there is the lasting a large amount of stream of people to pass through on zebra stripes, and pass through by what vehicle amount detector detected without motor vehicle, or when few motor vehicle passes through, reduces Vehicle Phase timing or reduce Vehicle Phase.The present invention is based on the data of pedestrian detection, reasonably adjust traffic people street crossing multiphase traffic time allocation or mode reaches: the dynamic adjustment best timing of pedestrian&#39;s street crossing keeps a collection of pedestrians crossing time sufficient, reasonable；Pedestrian&#39;s street crossing phase is reduced when no pedestrian&#39;s street crossing demand, reaches road occupation maximal efficiency.",1
73171421,ANTISEED-manual,Sensor installation device,"The application discloses sensor installation device relates to the autopilot field. The specific implementation scheme is as follows: including shell and inner shell, the inner shell has the chamber that holds, set up on the inner shell and hold the first opening that the chamber communicates, set up the second opening that corresponds with first opening on the shell, the inner shell rotate in the shell set up and the inner shell rotate to when presetting the position with shell fixed connection, the inner shell can rotate for the shell promptly, just drive the sensor in the inner shell and take place to rotate when the inner shell rotates, the inner shell is fixed with the shell and is set up after rotating to presetting the position, just so realized the adjustment to sensor field angle, satisfy the installation demand in multiple field of vision, easy operation is convenient, help improving work efficiency, and the installation cost is reduced. The problem of current mounting means fixed the visual angle of sensor, can not satisfy the collection demand in different fields of vision is solved.","Sensor installation device The application discloses sensor installation device relates to the autopilot field. The specific implementation scheme is as follows: including shell and inner shell, the inner shell has the chamber that holds, set up on the inner shell and hold the first opening that the chamber communicates, set up the second opening that corresponds with first opening on the shell, the inner shell rotate in the shell set up and the inner shell rotate to when presetting the position with shell fixed connection, the inner shell can rotate for the shell promptly, just drive the sensor in the inner shell and take place to rotate when the inner shell rotates, the inner shell is fixed with the shell and is set up after rotating to presetting the position, just so realized the adjustment to sensor field angle, satisfy the installation demand in multiple field of vision, easy operation is convenient, help improving work efficiency, and the installation cost is reduced. The problem of current mounting means fixed the visual angle of sensor, can not satisfy the collection demand in different fields of vision is solved.",0
39874371,ANTISEED-manual,Cell broadcast updates to application software,"A system for providing information services via broadcast messages to mobile stations and other devices. The broadcast messages are encrypted prior to being communicated to devices within a geographic area. A client application retrieves cryptographic keys associated with the information services to which a customer is subscribed. When the mobile station or device receives encrypted broadcast messages, the client application determines if it has the cryptographic key to decrypt the message. If so, the information contained in the message is displayed. If not, then the message is ignored by the mobile station. The information may be used to provide or retrieve near real time information from devices to provide such services as traffic alters, fleet management, etc.","Cell broadcast updates to application software A system for providing information services via broadcast messages to mobile stations and other devices. The broadcast messages are encrypted prior to being communicated to devices within a geographic area. A client application retrieves cryptographic keys associated with the information services to which a customer is subscribed. When the mobile station or device receives encrypted broadcast messages, the client application determines if it has the cryptographic key to decrypt the message. If so, the information contained in the message is displayed. If not, then the message is ignored by the mobile station. The information may be used to provide or retrieve near real time information from devices to provide such services as traffic alters, fleet management, etc.",0
72832569,ANTISEED-manual,Robust training of large-scale object detectors with a noisy dataset,"Systems and methods are described for object detection within a digital image using a hierarchical softmax function. The method may include applying a first softmax function of a softmax hierarchy on a digital image based on a first set of object classes that are children of a root node of a class hierarchy, then apply a second (and subsequent) softmax functions to the digital image based on a second (and subsequent) set of object classes, where the second (and subsequent) object classes are children nodes of an object class from the first (or parent) object classes. The methods may then include generating an object recognition output using a convolutional neural network (CNN) based at least in part on applying the first and second (and subsequent) softmax functions. In some cases, the hierarchical softmax function is the loss function for the CNN.","Robust training of large-scale object detectors with a noisy dataset Systems and methods are described for object detection within a digital image using a hierarchical softmax function. The method may include applying a first softmax function of a softmax hierarchy on a digital image based on a first set of object classes that are children of a root node of a class hierarchy, then apply a second (and subsequent) softmax functions to the digital image based on a second (and subsequent) set of object classes, where the second (and subsequent) object classes are children nodes of an object class from the first (or parent) object classes. The methods may then include generating an object recognition output using a convolutional neural network (CNN) based at least in part on applying the first and second (and subsequent) softmax functions. In some cases, the hierarchical softmax function is the loss function for the CNN.",0
67770558,SEED,Parametric data modeling for model based reasoners,"Methods and apparatus are provided for an integrated vehicle health management system that uses a model based reasoner to develop real-time diagnostic and maintenance information about a vehicle. A model having nodes is used to represent sensors, components, functions and other elements of the system. Parameterized input sensors provide flexible definitions of each node. Once developed, the model is loaded into an operational flight program to provide real¬ time failure analysis of the vehicle.","Parametric data modeling for model based reasoners Methods and apparatus are provided for an integrated vehicle health management system that uses a model based reasoner to develop real-time diagnostic and maintenance information about a vehicle. A model having nodes is used to represent sensors, components, functions and other elements of the system. Parameterized input sensors provide flexible definitions of each node. Once developed, the model is loaded into an operational flight program to provide real¬ time failure analysis of the vehicle.",1
70729985,SEED,Apparatus and method for handling passenger safety of autonomous vehicle,"The present invention discloses an apparatus and method for passenger safety handling of an autonomous vehicle, which enables passengers to have emotional stability and safely escape in the event of emergency such as sudden braking or drive inability of the autonomous vehicle. The disclosed apparatus comprises: a passenger characteristic identification unit which tracks and classifies passengers in an autonomous vehicle and identifies characteristics of the passengers; a detection unit which detects a state of the surrounding moving obstacles and detects whether the autonomous vehicle has failed; an emergency situation determination unit determines whether an emergency situation occurs based on information from the detection unit and determines the type of the emergency situation; and a control unit for controlling escape guidance according to the emergency situation based on information from the passenger characteristic identification unit and the emergency situation determination unit.","Apparatus and method for handling passenger safety of autonomous vehicle The present invention discloses an apparatus and method for passenger safety handling of an autonomous vehicle, which enables passengers to have emotional stability and safely escape in the event of emergency such as sudden braking or drive inability of the autonomous vehicle. The disclosed apparatus comprises: a passenger characteristic identification unit which tracks and classifies passengers in an autonomous vehicle and identifies characteristics of the passengers; a detection unit which detects a state of the surrounding moving obstacles and detects whether the autonomous vehicle has failed; an emergency situation determination unit determines whether an emergency situation occurs based on information from the detection unit and determines the type of the emergency situation; and a control unit for controlling escape guidance according to the emergency situation based on information from the passenger characteristic identification unit and the emergency situation determination unit.",1
64815719,SEED,Vehicle-to-vehicle incident information collection,"One or more driving analysis computing devices in a driving analysis system may be configured to collect vehicle driving data and infrastructure data in response to a collision. Vehicle driving data may be received from a first vehicle involved in the collision and a second vehicle involved in the collision. Vehicle driving data may be received for vehicles within a defined radius of the first vehicle and/or the second vehicle. Infrastructure data from infrastructure elements within a defined vicinity of the first vehicle and/or the second vehicle may be received. The received data may be used to initiate an insurance claim, assess fault for the collision, and detect fraudulent claims.","Vehicle-to-vehicle incident information collection One or more driving analysis computing devices in a driving analysis system may be configured to collect vehicle driving data and infrastructure data in response to a collision. Vehicle driving data may be received from a first vehicle involved in the collision and a second vehicle involved in the collision. Vehicle driving data may be received for vehicles within a defined radius of the first vehicle and/or the second vehicle. Infrastructure data from infrastructure elements within a defined vicinity of the first vehicle and/or the second vehicle may be received. The received data may be used to initiate an insurance claim, assess fault for the collision, and detect fraudulent claims.",1
72518039,ANTISEED-manual,Method for operating a motor vehicle and motor vehicle,"Method for operating a motor vehicle (1), comprising the steps of: - Acquisition of sensor data relating to a person (6, 11, 16) in the vicinity of the motor vehicle (1) by at least one sensor device (3) of the motor vehicle (1) - Evaluation of the sensor data to determine gesture information from the posture of at least one limb (7, 12) or the head (13, 17) of the person (6, 11, 16) and / or from an eye position (18) of the person (6, 11, 16) and / or depends on a change in posture or eye position (18), and determination or modification of at least one driving intervention for the motor vehicle (1) as a function of the gesture information.","Method for operating a motor vehicle and motor vehicle Method for operating a motor vehicle (1), comprising the steps of: - Acquisition of sensor data relating to a person (6, 11, 16) in the vicinity of the motor vehicle (1) by at least one sensor device (3) of the motor vehicle (1) - Evaluation of the sensor data to determine gesture information from the posture of at least one limb (7, 12) or the head (13, 17) of the person (6, 11, 16) and / or from an eye position (18) of the person (6, 11, 16) and / or depends on a change in posture or eye position (18), and determination or modification of at least one driving intervention for the motor vehicle (1) as a function of the gesture information.",0
51190620,ANTISEED-manual,A kind of parking occupancy management system and management method thereof,"The invention discloses a kind of parking occupancy management system, including server, client terminal device and parking lot control device；Server, client terminal device and parking lot control device are connected by network；Parking lot control device is according to the service condition real-time update parking space information of parking stall in parking lot, and the parking space information of renewal is sent in real time in server；In server, storage has the parking space information of the real-time update in multiple parking lot；Client terminal device is for sending parking stall inquiry request to server, and parking stall inquiry request includes destination or parking rate；The parking stall Query Result that server mates with parking stall inquiry request according to parking stall inquiry request search parking stall information acquisition sends client terminal device.The present invention realizes issuing the management of parking position with information, enables users to the parking stall around long-range search destination and subscribes parking stall, and can self-navigation and Automatic-settlement, it is achieved that intelligent management parking stall.The invention also discloses a kind of parking stall management method.","A kind of parking occupancy management system and management method thereof The invention discloses a kind of parking occupancy management system, including server, client terminal device and parking lot control device；Server, client terminal device and parking lot control device are connected by network；Parking lot control device is according to the service condition real-time update parking space information of parking stall in parking lot, and the parking space information of renewal is sent in real time in server；In server, storage has the parking space information of the real-time update in multiple parking lot；Client terminal device is for sending parking stall inquiry request to server, and parking stall inquiry request includes destination or parking rate；The parking stall Query Result that server mates with parking stall inquiry request according to parking stall inquiry request search parking stall information acquisition sends client terminal device.The present invention realizes issuing the management of parking position with information, enables users to the parking stall around long-range search destination and subscribes parking stall, and can self-navigation and Automatic-settlement, it is achieved that intelligent management parking stall.The invention also discloses a kind of parking stall management method.",0
15267352,ANTISEED-AF,Pressure responsive valve,,Pressure responsive valve,0
53800901,ANTISEED-AF,"Housing, manufacturing method thereof, and electronic device including the housing","A mobile phone is provided, which includes a metal bezel having a left bezel portion and a right bezel portion and covering at least one part of an outer circumferential edge of a main body of the mobile phone, wherein upper and lower corner bezel portions of the left and right bezel portion are formed to be thicker outwardly in comparison with a middle portion of the left and right bezel portions.","Housing, manufacturing method thereof, and electronic device including the housing A mobile phone is provided, which includes a metal bezel having a left bezel portion and a right bezel portion and covering at least one part of an outer circumferential edge of a main body of the mobile phone, wherein upper and lower corner bezel portions of the left and right bezel portion are formed to be thicker outwardly in comparison with a middle portion of the left and right bezel portions.",0
18058093,ANTISEED-manual,Shock absorbing hood,"PROBLEM TO BE SOLVED: To prevent an air bag in a front hood of an obstacle protection vehicle from deforming and obstructing the forward view in case of a collision due to the effect of wind pressure or the like because the vehicle is very likely to run at a high speed in case of the collision. SOLUTION: A hood 5 comprises an outer panel 51, an inner panel 52 bonded to the outer panel 51, an air bag 6a, and a reaction force plate 7, with the air bag 6a and the reaction force plate 7 interposed between the outer and inner panels 51 and 52. When an obstacle detection means disposed on a vehicle detects a collision with an obstacle, an actuation signal is sent to the air bag 6a to expand it. Here, as a downward load is supported with the reaction force plate 7, the air bag 6a expands upward, the expansion force of the air bag breaks up the bond between the outer panel 51 and the inner panel 52, and the outer panel 51 moves upward. Since a stroke amount is produced corresponding to the air bag which has expanded below the outer panel 51 of a thin sheet structure, the shock due to a secondary collision is alleviated.","Shock absorbing hood PROBLEM TO BE SOLVED: To prevent an air bag in a front hood of an obstacle protection vehicle from deforming and obstructing the forward view in case of a collision due to the effect of wind pressure or the like because the vehicle is very likely to run at a high speed in case of the collision. SOLUTION: A hood 5 comprises an outer panel 51, an inner panel 52 bonded to the outer panel 51, an air bag 6a, and a reaction force plate 7, with the air bag 6a and the reaction force plate 7 interposed between the outer and inner panels 51 and 52. When an obstacle detection means disposed on a vehicle detects a collision with an obstacle, an actuation signal is sent to the air bag 6a to expand it. Here, as a downward load is supported with the reaction force plate 7, the air bag 6a expands upward, the expansion force of the air bag breaks up the bond between the outer panel 51 and the inner panel 52, and the outer panel 51 moves upward. Since a stroke amount is produced corresponding to the air bag which has expanded below the outer panel 51 of a thin sheet structure, the shock due to a secondary collision is alleviated.",0
55961997,SEED,Object-centric fine-grained image classification,"Systems and methods are disclosed for classifying vehicles by performing scale aware detection; performing detection assisted sampling for convolutional neural network (CNN) training, and performing deep CNN fine-grained image classification to classify the vehicle type.","Object-centric fine-grained image classification Systems and methods are disclosed for classifying vehicles by performing scale aware detection; performing detection assisted sampling for convolutional neural network (CNN) training, and performing deep CNN fine-grained image classification to classify the vehicle type.",1
54197547,ANTISEED-manual,Method for providing an obstacle-free path using image identification and mobile assistive device,"Disclosed are a method for providing an obstacle-free path using image identification and a mobile assistive device. The method simulates a user&#39;s vision and shoots images on spot in real time, runs analyses based on objects in the field of the shot images so as to generate path information, and based on the path information to run analyses on obstacles in the surroundings of the shot spot and the three-dimensional coordinates of the obstacle&#39;s spot, then applies an obstacle detection process to work together with the present location and map information in order to generate an obstacle-free path for guiding the user. The disclosure is able to apply the aforementioned technology to provide a path option and fix the path in real time to generate an obstacle-free path, thereby ensuring a safe and convenient moving path.","Method for providing an obstacle-free path using image identification and mobile assistive device Disclosed are a method for providing an obstacle-free path using image identification and a mobile assistive device. The method simulates a user&#39;s vision and shoots images on spot in real time, runs analyses based on objects in the field of the shot images so as to generate path information, and based on the path information to run analyses on obstacles in the surroundings of the shot spot and the three-dimensional coordinates of the obstacle&#39;s spot, then applies an obstacle detection process to work together with the present location and map information in order to generate an obstacle-free path for guiding the user. The disclosure is able to apply the aforementioned technology to provide a path option and fix the path in real time to generate an obstacle-free path, thereby ensuring a safe and convenient moving path.",0
31864763,ANTISEED-AF,,,,0
50188580,SEED,Construction area detection using multiple sources,,Construction area detection using multiple sources,1
58463757,SEED,Detection of pedestrians using missibility cards,,Detection of pedestrians using missibility cards,1
57629361,SEED,Vehicle traveling support control apparatus,"A vehicle traveling support control apparatus includes a traveling environment determining portion that determines a traveling environment of a vehicle, a support device determining portion that determines a serviceable traveling support device from one or more traveling support devices mounted in the vehicle in accordance with the traveling environment determined by the traveling environment determining portion, a presentation portion that presents support guidance of the serviceable traveling support device, and a control portion that controls the presentation portion to present the support guidance of the serviceable traveling support device based on use frequency of the serviceable traveling support device determined by the support device determining portion.","Vehicle traveling support control apparatus A vehicle traveling support control apparatus includes a traveling environment determining portion that determines a traveling environment of a vehicle, a support device determining portion that determines a serviceable traveling support device from one or more traveling support devices mounted in the vehicle in accordance with the traveling environment determined by the traveling environment determining portion, a presentation portion that presents support guidance of the serviceable traveling support device, and a control portion that controls the presentation portion to present the support guidance of the serviceable traveling support device based on use frequency of the serviceable traveling support device determined by the support device determining portion.",1
65153385,SEED,A kind of processing method that the pedestrian detection based on deep neural network identifies again,"The invention discloses a kind of processing methods that the pedestrian detection based on deep neural network identifies again, it is on the basis of Faster-RCNN object detection network, according to the following steps improve: step 1, improve Faster-RCNN:1), Faster-RCNN is added to an additional region recommendation network, 2) it, is finally added to the full articulamentum of 256 neurons in improved network for extracting the relevant feature of pedestrian&#39;s identity, and adds calculating of the characteristic storage module for loss function；3) On-line matching loss function OLP and the preferential loss function HEP of difficult sample, are added to after the full articulamentum identified again for pedestrian；The training of Faster-RCNN after step 2, improvement；The test of Faster-RCNN after step 3, improvement.The solution have the advantages that: it is integrated together first is that pedestrian detection is identified again with pedestrian, improves the performance that the pedestrian based on pedestrian detection network identifies again；Second is that improving the accuracy of pedestrian&#39;s search mission.","A kind of processing method that the pedestrian detection based on deep neural network identifies again The invention discloses a kind of processing methods that the pedestrian detection based on deep neural network identifies again, it is on the basis of Faster-RCNN object detection network, according to the following steps improve: step 1, improve Faster-RCNN:1), Faster-RCNN is added to an additional region recommendation network, 2) it, is finally added to the full articulamentum of 256 neurons in improved network for extracting the relevant feature of pedestrian&#39;s identity, and adds calculating of the characteristic storage module for loss function；3) On-line matching loss function OLP and the preferential loss function HEP of difficult sample, are added to after the full articulamentum identified again for pedestrian；The training of Faster-RCNN after step 2, improvement；The test of Faster-RCNN after step 3, improvement.The solution have the advantages that: it is integrated together first is that pedestrian detection is identified again with pedestrian, improves the performance that the pedestrian based on pedestrian detection network identifies again；Second is that improving the accuracy of pedestrian&#39;s search mission.",1
11730427,ANTISEED-AF,Workpiece conveying method,"PURPOSE: To eliminate a wasteful standby time by dividing a work process into two parts and a work region into three areas and executing a half work process in one of a pair of end part areas, except a central area, while executing pre-work and post-work processes in the other end part area.  
     CONSTITUTION: Three stations W1, W2, W3 are respectively division-set, and the first printed board Pb 1  is carried in the upstream side work station W1, with parts loaded in an about half region of the printed board Pb 1 , and conveyed, after work is performed after loading, to the standby station W2. Subsequently, the next printed board Pb 2  is carried in the work station W1 to execute work before loading. The printed board Pb 1  from the standby station W2 is carried in the downstream side work station W3 and left as executing work before loading while half loading of electronic parts is executed on the printed board Pb 2  in the work station W1, and then electronic parts are loaded in the rest of half region of the printed board Pb 1  in the work station W3. 
     COPYRIGHT: (C)1991,JPO&amp;Japio","Workpiece conveying method PURPOSE: To eliminate a wasteful standby time by dividing a work process into two parts and a work region into three areas and executing a half work process in one of a pair of end part areas, except a central area, while executing pre-work and post-work processes in the other end part area. CONSTITUTION: Three stations W1, W2, W3 are respectively division-set, and the first printed board Pb 1 is carried in the upstream side work station W1, with parts loaded in an about half region of the printed board Pb 1 , and conveyed, after work is performed after loading, to the standby station W2. Subsequently, the next printed board Pb 2 is carried in the work station W1 to execute work before loading. The printed board Pb 1 from the standby station W2 is carried in the downstream side work station W3 and left as executing work before loading while half loading of electronic parts is executed on the printed board Pb 2 in the work station W1, and then electronic parts are loaded in the rest of half region of the printed board Pb 1 in the work station W3. COPYRIGHT: (C)1991,JPO&amp;Japio",0
42185874,SEED,Vehicle speed control device,"&lt;P&gt;PROBLEM TO BE SOLVED: To provide a vehicle speed control device for setting a target vehicle speed, according to the intention of a driver.  &lt;P&gt;SOLUTION: A vehicle speed control device 1 for controlling the vehicle speed of a self-vehicle, based on a target vehicle speed is provided with: a decelerating operation detecting means 12 for detecting the decelerating operation of a driver; a target vehicle speed setting means 34 for setting the target vehicle speed of the self-vehicle, based on the decelerating operation detected by the decelerating operation detection means 12; peripheral object detection means 10, 11, and 32 for detecting an object in the periphery of the self-vehicle. The target vehicle speed setting means 34 is such that it is not to set the target vehicle speed, based on the decelerating operation when any object other than the preceding vehicle in the periphery of the self-vehicle is detected by the peripheral object detection means 10, 11 and 32.  &lt;P&gt;COPYRIGHT: (C)2010,JPO&amp;INPIT","Vehicle speed control device &lt;P&gt;PROBLEM TO BE SOLVED: To provide a vehicle speed control device for setting a target vehicle speed, according to the intention of a driver. &lt;P&gt;SOLUTION: A vehicle speed control device 1 for controlling the vehicle speed of a self-vehicle, based on a target vehicle speed is provided with: a decelerating operation detecting means 12 for detecting the decelerating operation of a driver; a target vehicle speed setting means 34 for setting the target vehicle speed of the self-vehicle, based on the decelerating operation detected by the decelerating operation detection means 12; peripheral object detection means 10, 11, and 32 for detecting an object in the periphery of the self-vehicle. The target vehicle speed setting means 34 is such that it is not to set the target vehicle speed, based on the decelerating operation when any object other than the preceding vehicle in the periphery of the self-vehicle is detected by the peripheral object detection means 10, 11 and 32. &lt;P&gt;COPYRIGHT: (C)2010,JPO&amp;INPIT",1
59562967,ANTISEED-manual,"Information processing device, control method, program and storage medium","On the basis of a segment signal Sseg outputted by a core unit 1, a signal processing unit 2 of a LIDAR unit 100 generates a polar coordinate space frame Fp indicating the received light intensity of laser light with respect to each scan angle that indicates the outgoing direction of the laser light and its corresponding target distance Ltag. Then, the signal processing unit 2 converts the polar coordinate space frames Fp into an orthogonal coordinate space frame Fo and outputs it to a display control unit 3. Further, for an outgoing direction of the laser light in which the segment signal Sseg outputted by the core unit 1 indicates a received light intensity equal to or larger than a threshold Apth, the signal processing unit 2 generates the measurement point information Ip and outputs it to a point group processing unit 5.","Information processing device, control method, program and storage medium On the basis of a segment signal Sseg outputted by a core unit 1, a signal processing unit 2 of a LIDAR unit 100 generates a polar coordinate space frame Fp indicating the received light intensity of laser light with respect to each scan angle that indicates the outgoing direction of the laser light and its corresponding target distance Ltag. Then, the signal processing unit 2 converts the polar coordinate space frames Fp into an orthogonal coordinate space frame Fo and outputs it to a display control unit 3. Further, for an outgoing direction of the laser light in which the segment signal Sseg outputted by the core unit 1 indicates a received light intensity equal to or larger than a threshold Apth, the signal processing unit 2 generates the measurement point information Ip and outputs it to a point group processing unit 5.",0
18041737,ANTISEED-AF,Phase shift detector for printing press,"(57) [Problem] To provide a phase shift detecting device whose structure is simplified, installation cost is inexpensive, and performance is sufficiently satisfied. An intermediate shaft rotatably supported on a fixed member of a printing press, a first detection gear fitted non-rotatably on the intermediate shaft, and relatively rotatable on the intermediate shaft. A second detection gear fitted therein, one of the first and second detection gears being provided on a first drive gear coaxially and integrally provided on the rear segment, and the other being provided on a reversing cylinder. In this connection state, the first and second detection gears are synchronously rotated at the same rotation speed in the same direction, and are separately connected to the second drive gear provided coaxially and integrally. Is characterized in that the phase shift caused by the phase shift is caused to appear as a phase shift between these detection gears.","Phase shift detector for printing press (57) [Problem] To provide a phase shift detecting device whose structure is simplified, installation cost is inexpensive, and performance is sufficiently satisfied. An intermediate shaft rotatably supported on a fixed member of a printing press, a first detection gear fitted non-rotatably on the intermediate shaft, and relatively rotatable on the intermediate shaft. A second detection gear fitted therein, one of the first and second detection gears being provided on a first drive gear coaxially and integrally provided on the rear segment, and the other being provided on a reversing cylinder. In this connection state, the first and second detection gears are synchronously rotated at the same rotation speed in the same direction, and are separately connected to the second drive gear provided coaxially and integrally. Is characterized in that the phase shift caused by the phase shift is caused to appear as a phase shift between these detection gears.",0
43847780,SEED,Multifunctional electronic accelerator cruise control system,"The utility model relates to a multifunctional electronic accelerator cruise control system which comprises a main controller, and a control handle and a display device that are respectively connected with the main controller, wherein the main controller is connected with an electronic accelerator position sensor by an accelerator adapter; the main controller is connected with a vehicle speed sensor by a vehicle speed signal wire; the main controller is connected with a clutch by a clutch signal wire; the main controller is provided with two braking signal wires which are respectively connected with a stop lamp fuse and a stop lamp; the accelerator adapter is connected with an engine electronic control unit (ECU); the main controller comprises two micro-programmed control unit (MCU) chips, wherein one is used for a main control MCU circuit, and the other one is used for a monitoring MCU circuit; and the main control MCU circuit and the monitoring MCU circuit are used for mutually monitoring. The multifunctional electronic accelerator cruise control system can be applied to all electronic accelerator automobiles, and is added with speeding alarm or speed limit function based on traditional cruise control, thus being especially suitable for being used in urban areas, reducing speeding violation caused by the fault of a driver and fundamentally stopping overspeed driving.","Multifunctional electronic accelerator cruise control system The utility model relates to a multifunctional electronic accelerator cruise control system which comprises a main controller, and a control handle and a display device that are respectively connected with the main controller, wherein the main controller is connected with an electronic accelerator position sensor by an accelerator adapter; the main controller is connected with a vehicle speed sensor by a vehicle speed signal wire; the main controller is connected with a clutch by a clutch signal wire; the main controller is provided with two braking signal wires which are respectively connected with a stop lamp fuse and a stop lamp; the accelerator adapter is connected with an engine electronic control unit (ECU); the main controller comprises two micro-programmed control unit (MCU) chips, wherein one is used for a main control MCU circuit, and the other one is used for a monitoring MCU circuit; and the main control MCU circuit and the monitoring MCU circuit are used for mutually monitoring. The multifunctional electronic accelerator cruise control system can be applied to all electronic accelerator automobiles, and is added with speeding alarm or speed limit function based on traditional cruise control, thus being especially suitable for being used in urban areas, reducing speeding violation caused by the fault of a driver and fundamentally stopping overspeed driving.",1
65615298,SEED,A kind of unmanned boat auto-pilot control system and method,"The present invention relates to a kind of unmanned boat auto-pilot control system and methods, the system comprises: remote controler, center control cabinet, monitoring system, rudder angle ultramagnifier and the mechanism that comes about, the remote controler is connect with the center control cabinet, the center control cabinet is connect with the monitoring system, the bearing signal in course is constantly transferred to the center control cabinet and handled by the monitoring system, the rudder angle ultramagnifier is connect with the center control cabinet, actual rudder angle is fed back into the center control cabinet, the mechanism that comes about controls direction of coming about by the center control cabinet.Unmanned boat autopilot control system, method of the invention provides two kinds of control method of the control method and fixed route of specifying course, in turn, precision of coming about is substantially increased, realizes and is quickly navigated by water along setting path, without manual intervention, greatly reduces the workload of steering person.","A kind of unmanned boat auto-pilot control system and method The present invention relates to a kind of unmanned boat auto-pilot control system and methods, the system comprises: remote controler, center control cabinet, monitoring system, rudder angle ultramagnifier and the mechanism that comes about, the remote controler is connect with the center control cabinet, the center control cabinet is connect with the monitoring system, the bearing signal in course is constantly transferred to the center control cabinet and handled by the monitoring system, the rudder angle ultramagnifier is connect with the center control cabinet, actual rudder angle is fed back into the center control cabinet, the mechanism that comes about controls direction of coming about by the center control cabinet.Unmanned boat autopilot control system, method of the invention provides two kinds of control method of the control method and fixed route of specifying course, in turn, precision of coming about is substantially increased, realizes and is quickly navigated by water along setting path, without manual intervention, greatly reduces the workload of steering person.",1
39637501,ANTISEED-AF,High-voltage oil switch diagnostics system,"FIELD: electricity. 
     SUBSTANCE: high-voltage oil switch diagnostics system includes a high-voltage switch made up of three poles each of which contains an oil tank accommodating high-voltage contacts and an arc control device, a drive and an oil heater according to this invention, the outer surface of every oil tank accommodates a thermal transducer that, together with the oil tank and the oil heater, is provided with heat insulation. An additional controller incorporating power control outputs, data input and output, is connected via control outputs to the oil heater via data inputs it is connected to the thermal transducers and via the data output, to the dispatcher station. Heat insulator is provided with water, oil and fire resistant cover. 
     EFFECT: higher reliability of the switch and longer life. 
     2 cl, 1 dwg","High-voltage oil switch diagnostics system FIELD: electricity. SUBSTANCE: high-voltage oil switch diagnostics system includes a high-voltage switch made up of three poles each of which contains an oil tank accommodating high-voltage contacts and an arc control device, a drive and an oil heater according to this invention, the outer surface of every oil tank accommodates a thermal transducer that, together with the oil tank and the oil heater, is provided with heat insulation. An additional controller incorporating power control outputs, data input and output, is connected via control outputs to the oil heater via data inputs it is connected to the thermal transducers and via the data output, to the dispatcher station. Heat insulator is provided with water, oil and fire resistant cover. EFFECT: higher reliability of the switch and longer life. 2 cl, 1 dwg",0
6814757,ANTISEED-AF,,,,0
59386386,ANTISEED-manual,Wireless camera system for vehicle and trailer,A vision system for a vehicle towing a trailer includes a vehicle transceiver disposed at the vehicle and at least one trailer camera disposed at the trailer being towed by the vehicle and having a field of view exterior of the trailer. A trailer transceiver is disposed at a front exterior portion of the trailer and is operable to receive image data captured by the at least one trailer camera and to wirelessly transmit captured image data to the vehicle transceiver disposed at the vehicle when the vehicle is towing the trailer. A video display screen is disposed at the vehicle and viewable by a driver of the vehicle when the vehicle is towing the trailer. The video display screen is operable to display video images derived from captured image data received by the vehicle transceiver disposed at the vehicle.,Wireless camera system for vehicle and trailer A vision system for a vehicle towing a trailer includes a vehicle transceiver disposed at the vehicle and at least one trailer camera disposed at the trailer being towed by the vehicle and having a field of view exterior of the trailer. A trailer transceiver is disposed at a front exterior portion of the trailer and is operable to receive image data captured by the at least one trailer camera and to wirelessly transmit captured image data to the vehicle transceiver disposed at the vehicle when the vehicle is towing the trailer. A video display screen is disposed at the vehicle and viewable by a driver of the vehicle when the vehicle is towing the trailer. The video display screen is operable to display video images derived from captured image data received by the vehicle transceiver disposed at the vehicle.,0
63198623,SEED,A kind of pedestrian detection method based on semantic segmentation information,"The invention discloses a kind of pedestrian detection method based on semantic segmentation information, it is related to the pedestrian detection method field based on neural network；It includes 1：Original RGB image input core network, corresponding semantic segmentation image in training set sample are input to branching networks, and the loss function that overall network is arranged completes training；2：The core network that original RGB image input in test set sample is completed to training carries out convolution feature extraction generation multilayer feature figure；3：The Area generation network progress pedestrian candidate frame extraction that multilayer feature figure is inputted to completion training generates pedestrian candidate region；4：It completes to export the detection result image for including pedestrian position encirclement frame after trained classification Recurrent networks are classified and positioned to pedestrian candidate region；It solves the problems, such as that existing pedestrian detection causes accuracy of detection low in low resolution pedestrian with the differentiation of background difficulty, improves the precision of pedestrian detection in the case of low resolution.","A kind of pedestrian detection method based on semantic segmentation information The invention discloses a kind of pedestrian detection method based on semantic segmentation information, it is related to the pedestrian detection method field based on neural network；It includes 1：Original RGB image input core network, corresponding semantic segmentation image in training set sample are input to branching networks, and the loss function that overall network is arranged completes training；2：The core network that original RGB image input in test set sample is completed to training carries out convolution feature extraction generation multilayer feature figure；3：The Area generation network progress pedestrian candidate frame extraction that multilayer feature figure is inputted to completion training generates pedestrian candidate region；4：It completes to export the detection result image for including pedestrian position encirclement frame after trained classification Recurrent networks are classified and positioned to pedestrian candidate region；It solves the problems, such as that existing pedestrian detection causes accuracy of detection low in low resolution pedestrian with the differentiation of background difficulty, improves the precision of pedestrian detection in the case of low resolution.",1
50187024,SEED,Construction Zone Sign Detection,"Methods and systems for detection of a construction zone sign are described. A computing device, configured to control the vehicle, may be configured to receive, from an image-capture device coupled to the computing device, images of a vicinity of the road on which the vehicle is travelling. Also, the computing device may be configured to determine image portions in the images that may depict sides of the road at a predetermined height range. Further, the computing device may be configured to detect a construction zone sign in the image portions, and determine a type of the construction zone sign. Accordingly, the computing device may be configured to modify a control strategy associated with a driving behavior of the vehicle; and control the vehicle based on the modified control strategy.","Construction Zone Sign Detection Methods and systems for detection of a construction zone sign are described. A computing device, configured to control the vehicle, may be configured to receive, from an image-capture device coupled to the computing device, images of a vicinity of the road on which the vehicle is travelling. Also, the computing device may be configured to determine image portions in the images that may depict sides of the road at a predetermined height range. Further, the computing device may be configured to detect a construction zone sign in the image portions, and determine a type of the construction zone sign. Accordingly, the computing device may be configured to modify a control strategy associated with a driving behavior of the vehicle; and control the vehicle based on the modified control strategy.",1
24909369,ANTISEED-AF,Socket joint for wind musical instruments,,Socket joint for wind musical instruments,0
67402844,SEED,"Information processing apparatus, information processing method and information processing program",An information processing apparatus of a moving body includes: a sensing information acquisition part which acquires sensing information indicative of a situation of the outside of the moving body by a sensor mounted on the moving body for detecting an object; a traveling obstruction determination part which determines a mode of other moving body which travels near the moving body using the sensing information; and a movement request generation part which controls a movement request transmitted to the moving body using a determination result of the mode of the other moving body.,"Information processing apparatus, information processing method and information processing program An information processing apparatus of a moving body includes: a sensing information acquisition part which acquires sensing information indicative of a situation of the outside of the moving body by a sensor mounted on the moving body for detecting an object; a traveling obstruction determination part which determines a mode of other moving body which travels near the moving body using the sensing information; and a movement request generation part which controls a movement request transmitted to the moving body using a determination result of the mode of the other moving body.",1
67633818,ANTISEED-manual,A kind of capacitive touch display screen and its production method for the payment of brush face,"The present invention relates to a kind of capacitive touch display screens and its production method for the payment of brush face, its method includes the following steps, the first step, cover board substrate cuts production, second step, cover board is strengthened, third step, it prints and makes camera light penetrating region, 4th step, film layer is set up in the light-emitting window position of the light penetrating region of the cover board substrate, the film layer includes the area AR film plating layer and the area IR film plating layer, 5th step, make multi-touch function piece, 6th step, make SCA piece, 7th step, make LCM, 8th step, make OCA piece, 9th step, the SCA piece is bonded with the cover board substrate, tenth step, it is bonded the functional sheet, 11st step, it is bonded the OCA piece, 12nd step, it is bonded the LCM, 13rd step, manufactured goods in 12nd step are subjected to Function detection, outside It sees to examine and obtains finished product.","A kind of capacitive touch display screen and its production method for the payment of brush face The present invention relates to a kind of capacitive touch display screens and its production method for the payment of brush face, its method includes the following steps, the first step, cover board substrate cuts production, second step, cover board is strengthened, third step, it prints and makes camera light penetrating region, 4th step, film layer is set up in the light-emitting window position of the light penetrating region of the cover board substrate, the film layer includes the area AR film plating layer and the area IR film plating layer, 5th step, make multi-touch function piece, 6th step, make SCA piece, 7th step, make LCM, 8th step, make OCA piece, 9th step, the SCA piece is bonded with the cover board substrate, tenth step, it is bonded the functional sheet, 11st step, it is bonded the OCA piece, 12nd step, it is bonded the LCM, 13rd step, manufactured goods in 12nd step are subjected to Function detection, outside It sees to examine and obtains finished product.",0
56133228,SEED,Object detecting apparatus and vehicle collision avoidance control apparatus,"An object detecting apparatus includes an emission unit that emits measurement light to a monitoring area in a travelling direction a vehicle, the monitoring area being widened radially in a vehicle width direction; a photoreceptor unit that receives reflected light of the measurement light from a plurality of directions in the monitoring area; a detection unit that detects a distance to an object in each direction in the monitoring area, based on a time difference from emission of the measurement light to reception of the reflected light; and a determination unit that identifies the object detected by the detection unit. The determination unit determines whether there is a probability of the detected object being a hill, based on a change of the detected distance in the vehicle width direction among the directions in the monitoring area.","Object detecting apparatus and vehicle collision avoidance control apparatus An object detecting apparatus includes an emission unit that emits measurement light to a monitoring area in a travelling direction a vehicle, the monitoring area being widened radially in a vehicle width direction; a photoreceptor unit that receives reflected light of the measurement light from a plurality of directions in the monitoring area; a detection unit that detects a distance to an object in each direction in the monitoring area, based on a time difference from emission of the measurement light to reception of the reflected light; and a determination unit that identifies the object detected by the detection unit. The determination unit determines whether there is a probability of the detected object being a hill, based on a change of the detected distance in the vehicle width direction among the directions in the monitoring area.",1
12611447,ANTISEED-AF,Image pickup device,"PURPOSE: To obtain an image of high quality having no flare by installing a plate type optical body which diffuses and reflects all of opposite-directional light reflected by an image pickup element, etc., out of an optical system while transmitting light from a subject at the side of light entry from the subject.  
     CONSTITUTION: Light from the subject 1 is image-formed on the photoelectric conversion surface 5 of the image pickup element 4 through the optical system 3 composed of a lens 2, etc., and the image is led out in the form of an electrical signal to obtain a necessary electric signal from a signal processing circuit 6. A cholesteric polymer film 7 is arranged on the front surface of the image pickup element 4 at a proper angle to a plane perpendicular to an optical axis as shown in a figure and its periphery is covered with a light absorber 8. When clockwise polarization characteristics are used as the circular polarization dichromatism of said polymer film 7, diffuse reflected circular polarized light is transmitted. 
     COPYRIGHT: (C)1985,JPO&amp;Japio","Image pickup device PURPOSE: To obtain an image of high quality having no flare by installing a plate type optical body which diffuses and reflects all of opposite-directional light reflected by an image pickup element, etc., out of an optical system while transmitting light from a subject at the side of light entry from the subject. CONSTITUTION: Light from the subject 1 is image-formed on the photoelectric conversion surface 5 of the image pickup element 4 through the optical system 3 composed of a lens 2, etc., and the image is led out in the form of an electrical signal to obtain a necessary electric signal from a signal processing circuit 6. A cholesteric polymer film 7 is arranged on the front surface of the image pickup element 4 at a proper angle to a plane perpendicular to an optical axis as shown in a figure and its periphery is covered with a light absorber 8. When clockwise polarization characteristics are used as the circular polarization dichromatism of said polymer film 7, diffuse reflected circular polarized light is transmitted. COPYRIGHT: (C)1985,JPO&amp;Japio",0
40447548,ANTISEED-manual,360 degrees suspending type pseudo-three-dimensional display apparatus,"The invention discloses a 360-degree suspended type quasi-three dimensional (quasi-3D) display device, which comprises a projector, a screen and pyramidal reflecting mirrors, and maps images to different depths in the perpendicular direction of image surfaces by adopting a plurality of parallel mirror surfaces based on the reflecting mirror image principle, wherein, all the reflecting mirrors are made of partially reflecting and partially transmitting materials, so that the images have a very good suspension effect. The display device has the advantage of simple structure, ensures the 360-degree surround view and realizes the large-area quasi-3D display covering dozens of square meters.","360 degrees suspending type pseudo-three-dimensional display apparatus The invention discloses a 360-degree suspended type quasi-three dimensional (quasi-3D) display device, which comprises a projector, a screen and pyramidal reflecting mirrors, and maps images to different depths in the perpendicular direction of image surfaces by adopting a plurality of parallel mirror surfaces based on the reflecting mirror image principle, wherein, all the reflecting mirrors are made of partially reflecting and partially transmitting materials, so that the images have a very good suspension effect. The display device has the advantage of simple structure, ensures the 360-degree surround view and realizes the large-area quasi-3D display covering dozens of square meters.",0
22199326,ANTISEED-AF,Method and system for passively exercising selected portions of a human body,A method and system for passively exercising a selected portion of a human body by applying a partial vacuum pressure to the selected portion of the human body; maintaining the partial vacuum pressure applied to the selected portion of the human body for a first predetermined period of time; releasing the partial vacuum pressure so that substantially atmospheric pressure is applied to the selected portion of the human body; and maintaining the substantially atmospheric pressure applied to the selected portion of the human body for a second predetermined period of time.,Method and system for passively exercising selected portions of a human body A method and system for passively exercising a selected portion of a human body by applying a partial vacuum pressure to the selected portion of the human body; maintaining the partial vacuum pressure applied to the selected portion of the human body for a first predetermined period of time; releasing the partial vacuum pressure so that substantially atmospheric pressure is applied to the selected portion of the human body; and maintaining the substantially atmospheric pressure applied to the selected portion of the human body for a second predetermined period of time.,0
56344767,ANTISEED-manual,Automotive radar,"The vehicle radar of the present invention includes one transmission antenna for radiating a frequency-modulated transmission signal; A plurality of reception antennas for detecting the transmission signals reflected on an object and outputting detection signals, respectively; A plurality of low-noise amplifiers including a low-noise amplifier having at least two stages and low-noise amplifying the detection signals; A power divider for transmitting the transmission signal through the first microstrip line to the transmission antenna and a plurality of frequency downconverters; And a plurality of frequency down converters for combining and processing the transmission signal and the low noise amplified detection signals through a second microstrip line and outputting a beat frequency signal, Wherein the transmitting antenna and the plurality of receiving antennas are formed to have a long longitudinal axis in the form of a microstrip patch, and the plurality of receiving antennas Wherein the plurality of reception antennas and the transmission antennas are spaced apart from each other in the longitudinal direction and are spaced apart from each other by an interval between the array of the plurality of reception antennas and the transmission antennas, Electrode is interposed.","Automotive radar The vehicle radar of the present invention includes one transmission antenna for radiating a frequency-modulated transmission signal; A plurality of reception antennas for detecting the transmission signals reflected on an object and outputting detection signals, respectively; A plurality of low-noise amplifiers including a low-noise amplifier having at least two stages and low-noise amplifying the detection signals; A power divider for transmitting the transmission signal through the first microstrip line to the transmission antenna and a plurality of frequency downconverters; And a plurality of frequency down converters for combining and processing the transmission signal and the low noise amplified detection signals through a second microstrip line and outputting a beat frequency signal, Wherein the transmitting antenna and the plurality of receiving antennas are formed to have a long longitudinal axis in the form of a microstrip patch, and the plurality of receiving antennas Wherein the plurality of reception antennas and the transmission antennas are spaced apart from each other in the longitudinal direction and are spaced apart from each other by an interval between the array of the plurality of reception antennas and the transmission antennas, Electrode is interposed.",0
32997650,ANTISEED-AF,TRIM FOR THE GUTTERS OF MOTOR VEHICLES.,,TRIM FOR THE GUTTERS OF MOTOR VEHICLES.,0
24183049,SEED,Error sensing system for vessels with absolute zero referencing,"An error sensing system for use in marine autopilot systems of the type having a photographic film compass disk aligned with the direction North and sensing means associated with the disk is operative to sense relative movement between the disk and the sensors in response to changes in the heading of the vessel. A first direction error surface portion on the disk has opaque and transparent areas defining a zero reference therebetween, a second magnitude error surface portion on the disk has a second zero reference position in predetermined relation to the first zero reference position and an area of variable transparency extending along the second surface portion. The first and second surface portions are defined by images along the peripheral surface of the photographic film disk. The disk sensing system has first and second light sensors aligned with the first and second surface portions, respectively, to generate direction error and magnitude error signals representative of the direction and extent of movement of the vessel away from a given heading.","Error sensing system for vessels with absolute zero referencing An error sensing system for use in marine autopilot systems of the type having a photographic film compass disk aligned with the direction North and sensing means associated with the disk is operative to sense relative movement between the disk and the sensors in response to changes in the heading of the vessel. A first direction error surface portion on the disk has opaque and transparent areas defining a zero reference therebetween, a second magnitude error surface portion on the disk has a second zero reference position in predetermined relation to the first zero reference position and an area of variable transparency extending along the second surface portion. The first and second surface portions are defined by images along the peripheral surface of the photographic film disk. The disk sensing system has first and second light sensors aligned with the first and second surface portions, respectively, to generate direction error and magnitude error signals representative of the direction and extent of movement of the vessel away from a given heading.",1
44902493,ANTISEED-manual,System for guidance and navigation in a building,"A system for guidance and navigation in a building. For example, the system may determine a route for egress or rescue of one or more people from a building with a hazardous condition. The system may process the route into waypoints and segments developed within a set of constraint rules. Semantic information about the building may be associated with the waypoints and/or segments. The waypoints and segments may be processed into navigation commands. The navigation commands may be formed in natural language from sentence templates. The system may additionally have 3D beacon audio to assist in guidance and navigation of the one or more people in the building.","System for guidance and navigation in a building A system for guidance and navigation in a building. For example, the system may determine a route for egress or rescue of one or more people from a building with a hazardous condition. The system may process the route into waypoints and segments developed within a set of constraint rules. Semantic information about the building may be associated with the waypoints and/or segments. The waypoints and segments may be processed into navigation commands. The navigation commands may be formed in natural language from sentence templates. The system may additionally have 3D beacon audio to assist in guidance and navigation of the one or more people in the building.",0
17177560,ANTISEED-manual,Reflection type road divider,"PURPOSE:To eliminate unpleasant feeling during running period due to no unevenness, and secure exact visual confirmation by a method in which a transparent part of glass, etc., is set on the upper opening of a box body and a pair of light reflectors are vertically set in a mutually facing manner in the box body. CONSTITUTION:A rectangular box consists of a bottom wall 10a, vertical side walls 10, an upper opening formed by recessed tiers 10c and the side walls 10, a flange 10b extended from the top to outside of the side walls 10, and a pair of three ribs 10d connecting the side walls 10 with the flange 10b. Plate reflectors 12a and 12b consisting of light-reflecting prism groups are vertically fixed to the inside of the side walls 10 facing in the lengthwise direction of the box 1 and a transparent glass plate 11 is attached to the tiered portion 10c on a level with the tops of the walls 10. Light can thus be reflected to the reflector 12b of the adjacent divider R as it runs to clearly display the line.","Reflection type road divider PURPOSE:To eliminate unpleasant feeling during running period due to no unevenness, and secure exact visual confirmation by a method in which a transparent part of glass, etc., is set on the upper opening of a box body and a pair of light reflectors are vertically set in a mutually facing manner in the box body. CONSTITUTION:A rectangular box consists of a bottom wall 10a, vertical side walls 10, an upper opening formed by recessed tiers 10c and the side walls 10, a flange 10b extended from the top to outside of the side walls 10, and a pair of three ribs 10d connecting the side walls 10 with the flange 10b. Plate reflectors 12a and 12b consisting of light-reflecting prism groups are vertically fixed to the inside of the side walls 10 facing in the lengthwise direction of the box 1 and a transparent glass plate 11 is attached to the tiered portion 10c on a level with the tops of the walls 10. Light can thus be reflected to the reflector 12b of the adjacent divider R as it runs to clearly display the line.",0
2395713,ANTISEED-AF,Manufacture of gaskets for steam-boilers,,Manufacture of gaskets for steam-boilers,0
38918823,ANTISEED-manual,Laser radar for vehicle using cylinder reflector and method for control the same,"The present invention relates to a vehicle laser radar using a cylindrical reflector and a control method thereof, and more particularly, to a vehicle radar using a cylindrical reflector having a structure in which a plurality of reflecting mirrors having a reflection precision of 0.5 ° unit is attached to an inner diameter surface. The present invention relates to a laser radar for a vehicle and a control method thereof using a cylindrical reflector, which can perform a laser scanning operation more stably, and allow for long-range and short-range detection alternately. 
     To this end, the present invention is a cylindrical reflector comprising a cylindrical body and a plurality of reflective mirrors mounted along its circumferential direction at the inner diameter surface of the cylindrical body; Rotary drive means for rotating the cylindrical reflector; A laser light receiving unit disposed in the hollow hole of the cylindrical reflector; A left / right laser light emitting unit disposed symmetrically at a rear position of the cylindrical reflector; A position detecting unit detecting a rotation angle of the cylindrical reflector; A control unit for receiving signals of the laser light receiving unit and the position detecting unit; It provides a vehicle laser radar using a cylindrical reflector, characterized in that it comprises a modulation circuit for adjusting the modulation frequency of the laser according to the detection signal of the position detector.","Laser radar for vehicle using cylinder reflector and method for control the same The present invention relates to a vehicle laser radar using a cylindrical reflector and a control method thereof, and more particularly, to a vehicle radar using a cylindrical reflector having a structure in which a plurality of reflecting mirrors having a reflection precision of 0.5 ° unit is attached to an inner diameter surface. The present invention relates to a laser radar for a vehicle and a control method thereof using a cylindrical reflector, which can perform a laser scanning operation more stably, and allow for long-range and short-range detection alternately. To this end, the present invention is a cylindrical reflector comprising a cylindrical body and a plurality of reflective mirrors mounted along its circumferential direction at the inner diameter surface of the cylindrical body; Rotary drive means for rotating the cylindrical reflector; A laser light receiving unit disposed in the hollow hole of the cylindrical reflector; A left / right laser light emitting unit disposed symmetrically at a rear position of the cylindrical reflector; A position detecting unit detecting a rotation angle of the cylindrical reflector; A control unit for receiving signals of the laser light receiving unit and the position detecting unit; It provides a vehicle laser radar using a cylindrical reflector, characterized in that it comprises a modulation circuit for adjusting the modulation frequency of the laser according to the detection signal of the position detector.",0
53373938,SEED,Parking support system,"PROBLEM TO BE SOLVED: To provide a parking support system which makes a vehicle mounted with an on-vehicle camera and an automatic drive unit perform smooth automatic travel in a parking facility including a slope road surface.SOLUTION: When a vehicle 100 performs automatic travel in a parking facility, an automatic drive unit 57 acquires parking support map information including slope road surface information in the parking facility from a parking support control device 120 of a parking facility side terminal. When determining that a travel position of the own vehicle 100 reaches a slope road surface position (Step S102: YES), the automatic drive unit 57 converts coordinates of a slope road surface Pb in a captured image acquired through an on-vehicle camera 20 into the coordinates of a flat road surface Pa on the basis of the parking support map information including the slope road surface information, converts the coordinate-converted captured image into a planar view image, and makes the vehicle 100 perform the automatic travel on the slope road surface.","Parking support system PROBLEM TO BE SOLVED: To provide a parking support system which makes a vehicle mounted with an on-vehicle camera and an automatic drive unit perform smooth automatic travel in a parking facility including a slope road surface.SOLUTION: When a vehicle 100 performs automatic travel in a parking facility, an automatic drive unit 57 acquires parking support map information including slope road surface information in the parking facility from a parking support control device 120 of a parking facility side terminal. When determining that a travel position of the own vehicle 100 reaches a slope road surface position (Step S102: YES), the automatic drive unit 57 converts coordinates of a slope road surface Pb in a captured image acquired through an on-vehicle camera 20 into the coordinates of a flat road surface Pa on the basis of the parking support map information including the slope road surface information, converts the coordinate-converted captured image into a planar view image, and makes the vehicle 100 perform the automatic travel on the slope road surface.",1
60477814,SEED,Map update system for automated vehicles,"A map-data update system (10) suitable for use by automated vehicles includes a digital-map (16), an imager-device (34), and a controller (40). The digital-map (16) is used to indicate an expected-position (18) of a traffic-signal (20) relative to a map-location (22) of a host-vehicle (12). The imager-device (34) is suitable to install on the host-vehicle (12). The imager-device (34) is used to determine an actual-position (30) of the traffic-signal (20) relative to a present-location (36) of the host-vehicle (12). The controller (40) is in communication with the digital-map (16) and the imager-device (34). The controller (40) issues an update-request (42) to update the digital-map (16) when the actual-position (30) differs from the expected-position (18) by greater than an error-threshold (46).","Map update system for automated vehicles A map-data update system (10) suitable for use by automated vehicles includes a digital-map (16), an imager-device (34), and a controller (40). The digital-map (16) is used to indicate an expected-position (18) of a traffic-signal (20) relative to a map-location (22) of a host-vehicle (12). The imager-device (34) is suitable to install on the host-vehicle (12). The imager-device (34) is used to determine an actual-position (30) of the traffic-signal (20) relative to a present-location (36) of the host-vehicle (12). The controller (40) is in communication with the digital-map (16) and the imager-device (34). The controller (40) issues an update-request (42) to update the digital-map (16) when the actual-position (30) differs from the expected-position (18) by greater than an error-threshold (46).",1
67818896,ANTISEED-manual,SAR image recognition methods and device based on Analysis On Multi-scale Features and width study,"The invention discloses the SAR image recognition methods learnt based on Analysis On Multi-scale Features and width and devices, area-of-interest is extracted to original SAR image by center coordination method, to image rotation and noise is added to enhance data volume, to image down sampling processing, extract LBP feature, LPQ feature is extracted, by LBP feature vector, X LBP With LPQ feature vector, X LPQ Fusion feature data X is obtained by principal component analytical method dimensionality reduction after cascade m , input fusion feature data X m Image recognition is carried out to width learning network and exports recognition result；Redundancy is reduced while making full use of complementary information by fusion LBP feature and LPQ feature, using width learning network training for promotion speed, reduces time cost；So that recognition effect is more stable, robust, reliable.","SAR image recognition methods and device based on Analysis On Multi-scale Features and width study The invention discloses the SAR image recognition methods learnt based on Analysis On Multi-scale Features and width and devices, area-of-interest is extracted to original SAR image by center coordination method, to image rotation and noise is added to enhance data volume, to image down sampling processing, extract LBP feature, LPQ feature is extracted, by LBP feature vector, X LBP With LPQ feature vector, X LPQ Fusion feature data X is obtained by principal component analytical method dimensionality reduction after cascade m , input fusion feature data X m Image recognition is carried out to width learning network and exports recognition result；Redundancy is reduced while making full use of complementary information by fusion LBP feature and LPQ feature, using width learning network training for promotion speed, reduces time cost；So that recognition effect is more stable, robust, reliable.",0
67470691,SEED,System and method to identify points of interest from within autonomous vehicles,"The disclosure relates to technology within an autonomous vehicle for interacting with passengers to provide information about their surroundings as they travel within the autonomous vehicle. In one example, the system may automatically detect and push information about points of interest in the vicinity of the vehicle to the vehicle passengers. In another example, the system provides information about points of interest around the autonomous vehicle in response to physical and/or verbal cues from a passenger in the autonomous vehicle.","System and method to identify points of interest from within autonomous vehicles The disclosure relates to technology within an autonomous vehicle for interacting with passengers to provide information about their surroundings as they travel within the autonomous vehicle. In one example, the system may automatically detect and push information about points of interest in the vicinity of the vehicle to the vehicle passengers. In another example, the system provides information about points of interest around the autonomous vehicle in response to physical and/or verbal cues from a passenger in the autonomous vehicle.",1
57218082,ANTISEED-manual,Method and device for resource allocation,"A method and device for resource allocation. The method comprises: transmitting to a user equipment (UE) resource allocation information used for transmitting specific service data, where the resource allocation information comprises at least one among the following pieces of information: semi-persistent scheduling resource information, preconfigured resource information, and transmission resource pool information. The described technical solution allows the UE to rapidly acquire a radio resource for transmitting the specific service data and, compared with the prior art, greatly reduces communication latency.","Method and device for resource allocation A method and device for resource allocation. The method comprises: transmitting to a user equipment (UE) resource allocation information used for transmitting specific service data, where the resource allocation information comprises at least one among the following pieces of information: semi-persistent scheduling resource information, preconfigured resource information, and transmission resource pool information. The described technical solution allows the UE to rapidly acquire a radio resource for transmitting the specific service data and, compared with the prior art, greatly reduces communication latency.",0
60269429,SEED,Systems and methods for towing vehicle and trailer with surround view imaging devices,"Systems and method are provided for a towing vehicle towing a trailer having at least one imaging device. A method includes: receiving, from a first imaging device coupled to the trailer, a first image stream having a plurality of first images; receiving, from a second imaging device coupled to the vehicle, a second image stream having a plurality of second images; determining, at least one common feature between a first image of the first images and a second image of the second images; determining a first distance from the first imaging device to the at least one common feature and a second distance from the second imaging device to the at least one common feature; and determining, a position of the first imaging device relative to the vehicle based on the first distance, the second distance and a known position and pose of the second imaging device.","Systems and methods for towing vehicle and trailer with surround view imaging devices Systems and method are provided for a towing vehicle towing a trailer having at least one imaging device. A method includes: receiving, from a first imaging device coupled to the trailer, a first image stream having a plurality of first images; receiving, from a second imaging device coupled to the vehicle, a second image stream having a plurality of second images; determining, at least one common feature between a first image of the first images and a second image of the second images; determining a first distance from the first imaging device to the at least one common feature and a second distance from the second imaging device to the at least one common feature; and determining, a position of the first imaging device relative to the vehicle based on the first distance, the second distance and a known position and pose of the second imaging device.",1
43779740,ANTISEED-manual,Method and apparatus for initiating a feature based at least in part on the tracked movement,"In accordance with an example embodiment of the present invention, an apparatus comprising a camera configured to capture one or more media frames. Further, the apparatus comprises at least one processor and at least one memory including computer program code. The at least one memory and the computer program code is configured to, with the at least one processor, cause the apparatus to perform at least the following: filter the one or more media frames using one or more shaped filter banks; determine a gesture related to the one or more media frames; track movement of the gesture; and initiate a feature based at least in part on the tracked movement.","Method and apparatus for initiating a feature based at least in part on the tracked movement In accordance with an example embodiment of the present invention, an apparatus comprising a camera configured to capture one or more media frames. Further, the apparatus comprises at least one processor and at least one memory including computer program code. The at least one memory and the computer program code is configured to, with the at least one processor, cause the apparatus to perform at least the following: filter the one or more media frames using one or more shaped filter banks; determine a gesture related to the one or more media frames; track movement of the gesture; and initiate a feature based at least in part on the tracked movement.",0
39650915,ANTISEED-AF,Self-loading grenade launcher,"The invention relates to a self-loading grenade launcher   a cartridge belt feeder which preferably conveys a cartridge in the horizontal direction to a cartridge chamber by means of pawls engaging in the cartridge belt, the pawls being supported by two sliders arranged in a hinged feeder cover, running in opposite directions and being projecting downwards,   - A ground closure, which runs from a release position by the spring force of one, preferably two closing springs forward along a path of movement against the chamber and is adapted to push the cartridge funded by the pawls from the cartridge belt in the cartridge chamber in this flow and after their Ignition by the resulting recoil to cover the path of movement in a return and thereby tension the closing spring (s),   a control connected to the grounding closure and the sliders, which converts the forward and backward flow of the mass closure into the transverse movement of the sliders,   - An ignition device with a firing pin, which - preferably by a striking spring - stretched and held in a stretched state by a lock, the lock is released and the cartridge is ignited,   - before the mass closure has finished its supply, but only after the cartridge is inserted far enough into the cartridge chamber to withstand the gas pressure of the launch, and   - ...","Self-loading grenade launcher The invention relates to a self-loading grenade launcher a cartridge belt feeder which preferably conveys a cartridge in the horizontal direction to a cartridge chamber by means of pawls engaging in the cartridge belt, the pawls being supported by two sliders arranged in a hinged feeder cover, running in opposite directions and being projecting downwards, - A ground closure, which runs from a release position by the spring force of one, preferably two closing springs forward along a path of movement against the chamber and is adapted to push the cartridge funded by the pawls from the cartridge belt in the cartridge chamber in this flow and after their Ignition by the resulting recoil to cover the path of movement in a return and thereby tension the closing spring (s), a control connected to the grounding closure and the sliders, which converts the forward and backward flow of the mass closure into the transverse movement of the sliders, - An ignition device with a firing pin, which - preferably by a striking spring - stretched and held in a stretched state by a lock, the lock is released and the cartridge is ignited, - before the mass closure has finished its supply, but only after the cartridge is inserted far enough into the cartridge chamber to withstand the gas pressure of the launch, and - ...",0
73745906,SEED,Updating high definition maps based on lane closure and lane opening,"A computer-implemented method may comprise: receiving sensor data from a sensor of an autonomous vehicle; determining a presence of a lane closure object located on a lane element; determining a change of the lane closure object, selected from the presence of the lane closure object or absence of the lane closure object on the lane element; generating a change candidate based on the change in the lane closure object; obtaining a plurality of the change candidates during a time period or the autonomous vehicle being on a preceding lane element on the route; analyzing the plurality of change candidates for the change being the presence of the lane closure object or the absence of the lane closure object on the lane element; generating a final change candidate based on the change; and providing the final change candidate for updating a high definition map of the route having the lane element.","Updating high definition maps based on lane closure and lane opening A computer-implemented method may comprise: receiving sensor data from a sensor of an autonomous vehicle; determining a presence of a lane closure object located on a lane element; determining a change of the lane closure object, selected from the presence of the lane closure object or absence of the lane closure object on the lane element; generating a change candidate based on the change in the lane closure object; obtaining a plurality of the change candidates during a time period or the autonomous vehicle being on a preceding lane element on the route; analyzing the plurality of change candidates for the change being the presence of the lane closure object or the absence of the lane closure object on the lane element; generating a final change candidate based on the change; and providing the final change candidate for updating a high definition map of the route having the lane element.",1
63193736,SEED,A kind of pedestrian&#39;s recognition methods again based on distance centerization and projection vector study,"The present invention relates to pedestrian&#39;s weight identification technology field in computer vision, especially a kind of pedestrian&#39;s recognition methods again based on distance centerization and projection vector study includes the following steps：The division of step 1, pedestrian&#39;s training set and test set；Step 2, the feature for extracting pedestrian image, including color characteristic and textural characteristics；Step 3, the characteristic distance for calculating centralization；Pedestrian&#39;s weight identification model that step 4, structure are learnt based on iterative projection vector；Step 5 iteratively solves model using conjugate gradient method；Step 6, the different pedestrian&#39;s characteristic distances progress pedestrian calculated in test set identify again, the over-fitting situation brought due to class imbalance are efficiently solved, to improve the accuracy of identification that pedestrian identifies again；Patent of the present invention can be very good to improve training speed and have good inhibiting effect to noise.Therefore the present invention to the posture of pedestrian, illumination variation and blocks and all has good robustness.","A kind of pedestrian&#39;s recognition methods again based on distance centerization and projection vector study The present invention relates to pedestrian&#39;s weight identification technology field in computer vision, especially a kind of pedestrian&#39;s recognition methods again based on distance centerization and projection vector study includes the following steps：The division of step 1, pedestrian&#39;s training set and test set；Step 2, the feature for extracting pedestrian image, including color characteristic and textural characteristics；Step 3, the characteristic distance for calculating centralization；Pedestrian&#39;s weight identification model that step 4, structure are learnt based on iterative projection vector；Step 5 iteratively solves model using conjugate gradient method；Step 6, the different pedestrian&#39;s characteristic distances progress pedestrian calculated in test set identify again, the over-fitting situation brought due to class imbalance are efficiently solved, to improve the accuracy of identification that pedestrian identifies again；Patent of the present invention can be very good to improve training speed and have good inhibiting effect to noise.Therefore the present invention to the posture of pedestrian, illumination variation and blocks and all has good robustness.",1
43702485,ANTISEED-manual,Do impact absorption chapter,"The present invention relates to a shock absorbing device installed in the junction of the pedestrian crossing of the motorway, the entrance of the tunnel or underground roadway, the pier, the bridge column, as well as the highway junction. 
     The present invention constitutes a shock absorber having multiple shock absorbing functions and a driving return function. When a collision of a vehicle occurs in front of the shock absorbing device, the impact energy according to the collision is determined by shear stress and frictional force. By absorbing air quickly, the vehicle stops quickly and prevents secondary traffic accidents. It also minimizes the impact to the driver and passengers at the same time as the collision. The present invention provides a shock absorbing device for quickly returning the vehicle to the original driving lane to prevent secondary traffic accidents due to lane departure.","Do impact absorption chapter The present invention relates to a shock absorbing device installed in the junction of the pedestrian crossing of the motorway, the entrance of the tunnel or underground roadway, the pier, the bridge column, as well as the highway junction. The present invention constitutes a shock absorber having multiple shock absorbing functions and a driving return function. When a collision of a vehicle occurs in front of the shock absorbing device, the impact energy according to the collision is determined by shear stress and frictional force. By absorbing air quickly, the vehicle stops quickly and prevents secondary traffic accidents. It also minimizes the impact to the driver and passengers at the same time as the collision. The present invention provides a shock absorbing device for quickly returning the vehicle to the original driving lane to prevent secondary traffic accidents due to lane departure.",0
43983947,ANTISEED-AF,Method for coating components,"A method for coating workpieces (10), preferably in sheet form, which preferably consist at least in certain portions of wood, wood-based materials, plastic or the like, with the following method steps: providing a workpiece (10) having at least one workpiece surface (12), in which the workpiece surface (12) is improved by applying at least a first curable liquid to the workpiece surface (12) and at least partially curing the first liquid (16); exposing the workpiece (10) to energy, at least on the workpiece surface (12) and/or a coating (14) that is intended to be applied to the workpiece surface (12); and applying the coating (14), in particular of an edge (14), to the liquid-coated workpiece surface (12) and preferably pressing the edge (14) onto the liquid-coated workpiece surface (12).","Method for coating components A method for coating workpieces (10), preferably in sheet form, which preferably consist at least in certain portions of wood, wood-based materials, plastic or the like, with the following method steps: providing a workpiece (10) having at least one workpiece surface (12), in which the workpiece surface (12) is improved by applying at least a first curable liquid to the workpiece surface (12) and at least partially curing the first liquid (16); exposing the workpiece (10) to energy, at least on the workpiece surface (12) and/or a coating (14) that is intended to be applied to the workpiece surface (12); and applying the coating (14), in particular of an edge (14), to the liquid-coated workpiece surface (12) and preferably pressing the edge (14) onto the liquid-coated workpiece surface (12).",0
39672113,ANTISEED-AF,Document camera,"A document camera includes a base, a first arm, a second arm, and a camera head assembly. The base includes control electronics. The first arm is connected at a first end to a side of the base utilizing a first hinge. The second arm is connected at a first end to a second end of the first arm utilizing the second hinge. The camera head assembly is connected at a first end to a second end of the second arm utilizing the third hinge. The camera head assembly includes a lens adjuster and an imaging sensor and movement of the lens adjuster changes an orientation of the imaging sensor. The first side of the first arm is connected to a first side of the base and a second side of the first arm is connected to the second hinge.","Document camera A document camera includes a base, a first arm, a second arm, and a camera head assembly. The base includes control electronics. The first arm is connected at a first end to a side of the base utilizing a first hinge. The second arm is connected at a first end to a second end of the first arm utilizing the second hinge. The camera head assembly is connected at a first end to a second end of the second arm utilizing the third hinge. The camera head assembly includes a lens adjuster and an imaging sensor and movement of the lens adjuster changes an orientation of the imaging sensor. The first side of the first arm is connected to a first side of the base and a second side of the first arm is connected to the second hinge.",0
58777660,SEED,Detecting visual information corresponding to an animal,"A system for detecting an animal in a vicinity of a vehicle is disclosed. The system includes at least one processor programmed to receive, from an image capture device, at least one image of the vicinity of the vehicle; analyze the at least one image using a truncated animal appearance template to detect visual information suspected to be associated with an animal, wherein the truncated animal appearance template corresponds to a portion of a body and one or more limbs of a suspected animal; and initiate a vehicle response based on the detected visual information of the suspected animal in the at least one image.","Detecting visual information corresponding to an animal A system for detecting an animal in a vicinity of a vehicle is disclosed. The system includes at least one processor programmed to receive, from an image capture device, at least one image of the vicinity of the vehicle; analyze the at least one image using a truncated animal appearance template to detect visual information suspected to be associated with an animal, wherein the truncated animal appearance template corresponds to a portion of a body and one or more limbs of a suspected animal; and initiate a vehicle response based on the detected visual information of the suspected animal in the at least one image.",1
63582101,ANTISEED-manual,Systems and methods for surveillance of a vehicle using camera images,"System, methods, and other embodiments described herein relate to surveillance of a vehicle. In one embodiment, a method includes, in response to detecting a surveillance event associated with the vehicle, collecting information from one or more sensors of the vehicle about the surveillance event. The method includes classifying the information according to a security profile to identify a threat type and a threat level of the surveillance event. The method includes controlling the vehicle to provide a response to the surveillance event according to the threat type and the threat level.","Systems and methods for surveillance of a vehicle using camera images System, methods, and other embodiments described herein relate to surveillance of a vehicle. In one embodiment, a method includes, in response to detecting a surveillance event associated with the vehicle, collecting information from one or more sensors of the vehicle about the surveillance event. The method includes classifying the information according to a security profile to identify a threat type and a threat level of the surveillance event. The method includes controlling the vehicle to provide a response to the surveillance event according to the threat type and the threat level.",0
58778366,SEED,Systems and methods for improving fixed access point coverage using vehicle route information in a network of moving things,"Communication network architectures, systems and methods for supporting a network of mobile nodes. As non-limiting examples, various aspects of this disclosure provide systems and methods for adapting fixed access point coverage and/or power input/output in a network of moving things that may include autonomous vehicles.","Systems and methods for improving fixed access point coverage using vehicle route information in a network of moving things Communication network architectures, systems and methods for supporting a network of mobile nodes. As non-limiting examples, various aspects of this disclosure provide systems and methods for adapting fixed access point coverage and/or power input/output in a network of moving things that may include autonomous vehicles.",1
14979595,ANTISEED-AF,"Terminal management method, host computer and front end processor therefor","(57) [Summary] [Purpose] Managing terminal devices easily and efficiently,   It is an object of the present invention to improve the performance of a communication system and to make a message transmission process in a front-end processor efficient and convenient. [Configuration] Terminal management unit 12 of the front-end processor,   13 notifies the host computers 1 to 3 of the terminal information about the terminal devices 14 to 17 that have logged in to itself and its own front end processor machine number, and the subordinate management unit 4 to 4 of the host computer.   6 holds these in the subordinate information tables 7 to 9 and refers to the held contents when communicating with the terminal device. In addition, the front-end processor inquires about the load status of the host computer prior to the notification of the terminal information, changes the transmission order of the processing-waiting message sequence based on the priority of each message, and partially deletes it. , It has functions such as changing the destination of a waiting message to an alternative destination.","Terminal management method, host computer and front end processor therefor (57) [Summary] [Purpose] Managing terminal devices easily and efficiently, It is an object of the present invention to improve the performance of a communication system and to make a message transmission process in a front-end processor efficient and convenient. [Configuration] Terminal management unit 12 of the front-end processor, 13 notifies the host computers 1 to 3 of the terminal information about the terminal devices 14 to 17 that have logged in to itself and its own front end processor machine number, and the subordinate management unit 4 to 4 of the host computer. 6 holds these in the subordinate information tables 7 to 9 and refers to the held contents when communicating with the terminal device. In addition, the front-end processor inquires about the load status of the host computer prior to the notification of the terminal information, changes the transmission order of the processing-waiting message sequence based on the priority of each message, and partially deletes it. , It has functions such as changing the destination of a waiting message to an alternative destination.",0
64687903,ANTISEED-manual,A kind of high-precision underground navigation map building system and construction method,"The present invention relates to a kind of high-precision underground navigation map building system and construction methods, based on including underground GIS-Geographic Information System, essential safe type model building device, and it is laid in system designed by each essential safe type ULTRA-WIDEBAND RADAR UWB anchor node in each tunnel in underground, further design introduces construction method, entire design being capable of rapid build high-precision underground navigation map, and dynamic updates environmental model function, and by GIS-Geographic Information System under modeling result input well, building can be underground autonomous vehicle, the multi-level cartographic model of auxiliary positioning and path planning is provided.","A kind of high-precision underground navigation map building system and construction method The present invention relates to a kind of high-precision underground navigation map building system and construction methods, based on including underground GIS-Geographic Information System, essential safe type model building device, and it is laid in system designed by each essential safe type ULTRA-WIDEBAND RADAR UWB anchor node in each tunnel in underground, further design introduces construction method, entire design being capable of rapid build high-precision underground navigation map, and dynamic updates environmental model function, and by GIS-Geographic Information System under modeling result input well, building can be underground autonomous vehicle, the multi-level cartographic model of auxiliary positioning and path planning is provided.",0
50098724,SEED,Driver assistant system using influence mapping for conflict avoidance path determination,"A vehicular control system for a vehicle includes a plurality of sensors. Responsive to data processing, the vehicular control system determines respective speeds of the determined vehicles and respective directions of travel of the determined vehicles, and determines respective influence values for the determined vehicles based on determined potential hazards to the equipped vehicle presented by the respective determined vehicles. The determined respective influence value for each determined vehicle is weighted according to direction and/or magnitude of a speed vector of that determined vehicle. The weighted determined respective influence values for the determined vehicles are ranked according to their hazard potential. A path of travel is selected from the plurality of determined paths responsive at least in part to the rankings of the weighted determined respective influence values. The system at least in part controls vehicle steering to guide the equipped vehicle along the selected path of travel.","Driver assistant system using influence mapping for conflict avoidance path determination A vehicular control system for a vehicle includes a plurality of sensors. Responsive to data processing, the vehicular control system determines respective speeds of the determined vehicles and respective directions of travel of the determined vehicles, and determines respective influence values for the determined vehicles based on determined potential hazards to the equipped vehicle presented by the respective determined vehicles. The determined respective influence value for each determined vehicle is weighted according to direction and/or magnitude of a speed vector of that determined vehicle. The weighted determined respective influence values for the determined vehicles are ranked according to their hazard potential. A path of travel is selected from the plurality of determined paths responsive at least in part to the rankings of the weighted determined respective influence values. The system at least in part controls vehicle steering to guide the equipped vehicle along the selected path of travel.",1
63793895,ANTISEED-manual,Multirotor unmanned aerial vehicle,"A utility model of a multi-rotor unmanned aerial vehicle (UAV) relates to aviation technology, more specifically, to remotely controlled small-sized unmanned aerial vehicles of vertical take-off and landing, which are highly maneuverable and can be used to monitor the surface of the earth, as well as to collect, accumulate and transmit data and / or communication. The proposed design allows UAVs to be controlled in six degrees of freedom, which is ensured by an independent change in the angle of rotation of each of the four holders with a propeller within ± 60 °. Electronic avionics allow UAVs to fly in the city or in the presence of obstacles, as well as to make a group flight, as per a given the program in autopilot mode, and with manual control. The presence of a multi-channel switch of electronic equipment allows you to adjust its energy supply during the flight mission to reduce energy consumption. 4 s.p. f-ly, 3 ill.","Multirotor unmanned aerial vehicle A utility model of a multi-rotor unmanned aerial vehicle (UAV) relates to aviation technology, more specifically, to remotely controlled small-sized unmanned aerial vehicles of vertical take-off and landing, which are highly maneuverable and can be used to monitor the surface of the earth, as well as to collect, accumulate and transmit data and / or communication. The proposed design allows UAVs to be controlled in six degrees of freedom, which is ensured by an independent change in the angle of rotation of each of the four holders with a propeller within ± 60 °. Electronic avionics allow UAVs to fly in the city or in the presence of obstacles, as well as to make a group flight, as per a given the program in autopilot mode, and with manual control. The presence of a multi-channel switch of electronic equipment allows you to adjust its energy supply during the flight mission to reduce energy consumption. 4 s.p. f-ly, 3 ill.",0
51686401,ANTISEED-manual,Information shared between a vehicle and user devices,Methods and systems for a vehicle system that include configuring a vehicle based upon information from devices accessed by a user. The vehicle system may include a vehicle and a configuration unit. The information may be based on a search performed by a user. The information accessed or generated by the user may be automatically sent to the vehicle for configuration of the vehicle.,Information shared between a vehicle and user devices Methods and systems for a vehicle system that include configuring a vehicle based upon information from devices accessed by a user. The vehicle system may include a vehicle and a configuration unit. The information may be based on a search performed by a user. The information accessed or generated by the user may be automatically sent to the vehicle for configuration of the vehicle.,0
