family_id,expansion_level,title,abstract,text,label
68359126,SEED,A kind of adenine base edit tool and application thereof,"The present invention relates to field of biotechnology, more particularly to a kind of adenine base edit tool and application thereof.The present invention provides a kind of fusion protein, including ecTadA-ecTadA* dimer fragment and SpCas9-D10A nickase segment, the ecTadA-ecTadA* dimer fragment include ecTad segment and ecTadA* segment.There are R153P, N46A amino acid mutations relative to wild type for ecTadA segment in ecTadA-ecTadA* dimer fragment for adenine base edit tool provided by the present invention, the combination of ecTadA and RNA can be limited, in the base editor for holding 4-7 A to sport G sgRNA 5 &#39;, the RNA undershooting-effect for even being eliminated adenine base edit tool can be greatly reduced.","A kind of adenine base edit tool and application thereof The present invention relates to field of biotechnology, more particularly to a kind of adenine base edit tool and application thereof.The present invention provides a kind of fusion protein, including ecTadA-ecTadA* dimer fragment and SpCas9-D10A nickase segment, the ecTadA-ecTadA* dimer fragment include ecTad segment and ecTadA* segment.There are R153P, N46A amino acid mutations relative to wild type for ecTadA segment in ecTadA-ecTadA* dimer fragment for adenine base edit tool provided by the present invention, the combination of ecTadA and RNA can be limited, in the base editor for holding 4-7 A to sport G sgRNA 5 &#39;, the RNA undershooting-effect for even being eliminated adenine base edit tool can be greatly reduced.",1
17667826,ANTISEED-AF,Feeder line for stacker crane,"PURPOSE: To safely divide a feeder line for a stacker crane for an an automatic warehouse, when a fire shutter goes down, by pushing upward a part of the feeder line, which is located right under the fine shutter, by means of a spring to hold it horizontal and making the part freely rotate in a vertical plane.  
     CONSTITUTION: A feeder line 3 right under a fire shutter 5 is separated from feeder lines 2a and 2b and formed in such a manner that it can freely by rotated in a vertical plane by a hinge 6 and constantly pushed upward by a spring 7. In this constitution, when the shutter 5 goes down the shutter 5 overcomes the force of the spring 7 and rotates the feeder line 3 downward. When the shutter goes back to the former positon in a ceiling, the feeder line 3 is returned to where it was. With this constitution, a shutter can go up or down safely and easily. 
     COPYRIGHT: (C)1990,JPO&amp;Japio","Feeder line for stacker crane PURPOSE: To safely divide a feeder line for a stacker crane for an an automatic warehouse, when a fire shutter goes down, by pushing upward a part of the feeder line, which is located right under the fine shutter, by means of a spring to hold it horizontal and making the part freely rotate in a vertical plane. CONSTITUTION: A feeder line 3 right under a fire shutter 5 is separated from feeder lines 2a and 2b and formed in such a manner that it can freely by rotated in a vertical plane by a hinge 6 and constantly pushed upward by a spring 7. In this constitution, when the shutter 5 goes down the shutter 5 overcomes the force of the spring 7 and rotates the feeder line 3 downward. When the shutter goes back to the former positon in a ceiling, the feeder line 3 is returned to where it was. With this constitution, a shutter can go up or down safely and easily. COPYRIGHT: (C)1990,JPO&amp;Japio",0
68294763,SEED,A kind of plant fixed point recombination method that repeated fragment mediates,"The present invention provides the plants that a kind of repeated fragment mediates to pinpoint recombination method, and specifically, the present invention provides a kind of donor dna with specific repetitive sequence, and the reagent for gene editing combines.The present invention cuts the specific site of target gene by fixed point cutting nuclease, the efficient donor DNA segment is integrated into cleavage site by using the donor dna with specific structure.","A kind of plant fixed point recombination method that repeated fragment mediates The present invention provides the plants that a kind of repeated fragment mediates to pinpoint recombination method, and specifically, the present invention provides a kind of donor dna with specific repetitive sequence, and the reagent for gene editing combines.The present invention cuts the specific site of target gene by fixed point cutting nuclease, the efficient donor DNA segment is integrated into cleavage site by using the donor dna with specific structure.",1
54011878,SEED,Non-human animal modified in gene for exerting human epo,"To provide a gene-modified non-human animal which exerts a human EPO from an animal genome, and a method for creating the non-human animal.SOLUTION: There is provided a mouse for exerting human EPO protein (hEPO) which is created by: a process for making a nucleic acid sequence including a coding sequence or its segment which is functionally connected to an EPO promoter sequence contact with a mouse pluripotent stem cell, being a process for forming a cassette in which sequences in which the coding sequence and the promoter sequence are homologous with an endogenous mouse EPO gene locus adjacently contact with each other; a process for cultivating the pluripotent stem cell under a condition that the integration of the nucleic acid sequence to a mouse genome at the endogenous mouse EPO gene locus caused by a homologous recombination is promoted; and a process for creating a mouse from the mouse pluripotent stem cell including the nucleic acid sequence for coding the hEPO.SELECTED DRAWING: Figure 2","Non-human animal modified in gene for exerting human epo To provide a gene-modified non-human animal which exerts a human EPO from an animal genome, and a method for creating the non-human animal.SOLUTION: There is provided a mouse for exerting human EPO protein (hEPO) which is created by: a process for making a nucleic acid sequence including a coding sequence or its segment which is functionally connected to an EPO promoter sequence contact with a mouse pluripotent stem cell, being a process for forming a cassette in which sequences in which the coding sequence and the promoter sequence are homologous with an endogenous mouse EPO gene locus adjacently contact with each other; a process for cultivating the pluripotent stem cell under a condition that the integration of the nucleic acid sequence to a mouse genome at the endogenous mouse EPO gene locus caused by a homologous recombination is promoted; and a process for creating a mouse from the mouse pluripotent stem cell including the nucleic acid sequence for coding the hEPO.SELECTED DRAWING: Figure 2",1
69984866,SEED,Method for introducing CRISPR-Cas9 system into human stem cells,"The invention relates to a method for efficiently introducing a CRISPR-Cas9 gene editing system into human stem cells, which comprises the following steps: (1) constructing and obtaining HBB-sgRNA-Cas9-T2A-GFP-SZ recombinant plasmid; (2) introducing the HBB-sgRNA-Cas9-T2A-GFP-SZ recombinant plasmid into a human stem cell by adopting a Neon system; the conditions for electroporation transfection are: when the human stem cell is a human mesenchymal stem cell: the pulse voltage is 1300-1700V, the pulse time interval is less than 30ms, and the pulse frequency is at least once; when the human stem cells are human hematopoietic stem cells: 1450 and 1550V of pulse voltage, 40ms of pulse width and at least one pulse number; (3) and (5) culturing the cells. The invention utilizes an electroporation method to transfer the CRIPSR-Cas9 gene editing system into the stem cells, and can effectively improve the survival rate of the stem cells after electroporation transfection.","Method for introducing CRISPR-Cas9 system into human stem cells The invention relates to a method for efficiently introducing a CRISPR-Cas9 gene editing system into human stem cells, which comprises the following steps: (1) constructing and obtaining HBB-sgRNA-Cas9-T2A-GFP-SZ recombinant plasmid; (2) introducing the HBB-sgRNA-Cas9-T2A-GFP-SZ recombinant plasmid into a human stem cell by adopting a Neon system; the conditions for electroporation transfection are: when the human stem cell is a human mesenchymal stem cell: the pulse voltage is 1300-1700V, the pulse time interval is less than 30ms, and the pulse frequency is at least once; when the human stem cells are human hematopoietic stem cells: 1450 and 1550V of pulse voltage, 40ms of pulse width and at least one pulse number; (3) and (5) culturing the cells. The invention utilizes an electroporation method to transfer the CRIPSR-Cas9 gene editing system into the stem cells, and can effectively improve the survival rate of the stem cells after electroporation transfection.",1
52829478,SEED,Crispr/cas-related methods and compositions for treating herpes simplex virus type 2 (hsv-2),CRISPR/CAS-related compositions and methods for treatment of HSV-2 are disclosed.,Crispr/cas-related methods and compositions for treating herpes simplex virus type 2 (hsv-2) CRISPR/CAS-related compositions and methods for treatment of HSV-2 are disclosed.,1
72344877,SEED,sgRNA for specifically recognizing pig AP2 site and application thereof,"The invention discloses a sgRNA for specifically identifying a pig AP2 site, which is identified at the upstream of a pig AP2 gene stop codon, has strong specificity and can effectively reduce the off-target phenomenon existing in a CRISPR/Cas9 system, the sgRNA can guide Cas9 nuclease to carry out accurate and efficient targeted modification on the pig AP2 site so as to analyze the function of an AP2 gene and lay a foundation for identifying a novel friendly gene locus, in addition, the AP2 gene is a gene specifically expressed in fat cells, and the successful identification of the friendly site is expected to achieve the purpose of specific expression of foreign gene tissues.","sgRNA for specifically recognizing pig AP2 site and application thereof The invention discloses a sgRNA for specifically identifying a pig AP2 site, which is identified at the upstream of a pig AP2 gene stop codon, has strong specificity and can effectively reduce the off-target phenomenon existing in a CRISPR/Cas9 system, the sgRNA can guide Cas9 nuclease to carry out accurate and efficient targeted modification on the pig AP2 site so as to analyze the function of an AP2 gene and lay a foundation for identifying a novel friendly gene locus, in addition, the AP2 gene is a gene specifically expressed in fat cells, and the successful identification of the friendly site is expected to achieve the purpose of specific expression of foreign gene tissues.",1
20587322,ANTISEED-AF,Shock stand for determining the dynamic characteristics of acceleration sensors,,Shock stand for determining the dynamic characteristics of acceleration sensors,0
58763546,SEED,Dna methylation editing kit and dna methylation editing method,"A DNA methylation editing kit including: (1) a fused protein of inactivated CRISPR-associated endonuclease Cas9 (dCas9) having no nuclease activity and a tag peptide array in which a plurality of tag peptides are linked by linkers, or RNA or DNA encoding the fused protein; (2) a fused protein of a tag peptide binding site and a methylase or demethylase, or RNA or DNA encoding the fused protein; and (3) guide RNA (gRNA) that includes a sequence complementary to a DNA sequence within 1 kb of a desired site of methylation or demethylation, or DNA expressing the gRNA.","Dna methylation editing kit and dna methylation editing method A DNA methylation editing kit including: (1) a fused protein of inactivated CRISPR-associated endonuclease Cas9 (dCas9) having no nuclease activity and a tag peptide array in which a plurality of tag peptides are linked by linkers, or RNA or DNA encoding the fused protein; (2) a fused protein of a tag peptide binding site and a methylase or demethylase, or RNA or DNA encoding the fused protein; and (3) guide RNA (gRNA) that includes a sequence complementary to a DNA sequence within 1 kb of a desired site of methylation or demethylation, or DNA expressing the gRNA.",1
63316867,SEED,A kind of method and its application of CRISPR partings PCR,"The invention discloses a kind of method and its application of CRISPR partings PCR, this method is a kind of method of progress DNA detection and parting.Routine PCR reaction system is added in the sgRNA of Cas9 albumen and targeting target dna by this method, and a short time constant-temperature incubation program is added before PCR response procedures, starts standard PCR amplification program later.The invention discloses the method for CRISPR partings PCR be a kind of homogeneous detection technique, only need a PCR amplification step that detection can be completed, present invention utilizes CRISPR technologies to the specific recognition cutting characteristic of DNA, simply, homogeneously, enzyme rapidly and sensitively to target dna it can carry out specific detection and parting, it is a kind of DNA new detecting methods with high specific and sensitivity, people HPV DNA in clinical sample is successfully detected by the method with the present invention.","A kind of method and its application of CRISPR partings PCR The invention discloses a kind of method and its application of CRISPR partings PCR, this method is a kind of method of progress DNA detection and parting.Routine PCR reaction system is added in the sgRNA of Cas9 albumen and targeting target dna by this method, and a short time constant-temperature incubation program is added before PCR response procedures, starts standard PCR amplification program later.The invention discloses the method for CRISPR partings PCR be a kind of homogeneous detection technique, only need a PCR amplification step that detection can be completed, present invention utilizes CRISPR technologies to the specific recognition cutting characteristic of DNA, simply, homogeneously, enzyme rapidly and sensitively to target dna it can carry out specific detection and parting, it is a kind of DNA new detecting methods with high specific and sensitivity, people HPV DNA in clinical sample is successfully detected by the method with the present invention.",1
60992273,SEED,Compositions and methods for generating a haploid of a target plant,"A haploid inducer plant line genetically modified with a nucleic acid molecule encoding a DNA editing agent is provided. Also provided is a method of genetically modifying a haploid inducer, the method comprising genetically modifying the haploid inducer plant with a nucleic acid molecule encoding a DNA editing agent, thereby genetically modifying the haploid inducer. Also provided are methods of using such haploid plants in breeding.","Compositions and methods for generating a haploid of a target plant A haploid inducer plant line genetically modified with a nucleic acid molecule encoding a DNA editing agent is provided. Also provided is a method of genetically modifying a haploid inducer, the method comprising genetically modifying the haploid inducer plant with a nucleic acid molecule encoding a DNA editing agent, thereby genetically modifying the haploid inducer. Also provided are methods of using such haploid plants in breeding.",1
58550022,ANTISEED-manual,Anticancer agent,"PROBLEM TO BE SOLVED: To provide an anticancer agent causing no DNA cleavage.SOLUTION: An anticancer agent comprises a compound represented by the following formula (1) as an active ingredient (in the formula (1), R-Rindependently represent a hydrogen atom, a C1-C30 aliphatic group or a group represented by a formula RCO- (where, R is a C1-C30 aliphatic group or a C1-C10 aromatic group or a hetero aromatic group)).SELECTED DRAWING: None","Anticancer agent PROBLEM TO BE SOLVED: To provide an anticancer agent causing no DNA cleavage.SOLUTION: An anticancer agent comprises a compound represented by the following formula (1) as an active ingredient (in the formula (1), R-Rindependently represent a hydrogen atom, a C1-C30 aliphatic group or a group represented by a formula RCO- (where, R is a C1-C30 aliphatic group or a C1-C10 aromatic group or a hetero aromatic group)).SELECTED DRAWING: None",0
57543744,ANTISEED-manual,"Systems and methods for classifying, proiritizing and interpreting genetic variants and therapies using a deep neural network","Described herein are systems and methods that receive as input a DNA or RNA  sequence, extract features, and apply layers of processing units to compute one ore more condition-specific cell variables, corresponding to cellular quantities measured under different conditions The system may be applied to a sequence containing a genetic variant, and also to a corresponding reference sequence to determine how much the condition-specific cell variables change because of the variant. The change in the condition-specific cell variables are used to compute a score for how deleterious a variant is, to classify a variant&#39;s level of deleteriousness, to prioritize variants for subsequent processing, and to compare a test variant to variants of known deleteriousness. By modifying the variant or the extracted features so as to incorporate the effects of DNA editing, oligonucleotide therapy, DNA- or RNA-binding protein therapy or other therapies, the system may be used to determine if the deleterious effects of the original variant can be reduced.","Systems and methods for classifying, proiritizing and interpreting genetic variants and therapies using a deep neural network Described herein are systems and methods that receive as input a DNA or RNA sequence, extract features, and apply layers of processing units to compute one ore more condition-specific cell variables, corresponding to cellular quantities measured under different conditions The system may be applied to a sequence containing a genetic variant, and also to a corresponding reference sequence to determine how much the condition-specific cell variables change because of the variant. The change in the condition-specific cell variables are used to compute a score for how deleterious a variant is, to classify a variant&#39;s level of deleteriousness, to prioritize variants for subsequent processing, and to compare a test variant to variants of known deleteriousness. By modifying the variant or the extracted features so as to incorporate the effects of DNA editing, oligonucleotide therapy, DNA- or RNA-binding protein therapy or other therapies, the system may be used to determine if the deleterious effects of the original variant can be reduced.",0
43856334,ANTISEED-manual,Vaccines comprising heat sensitive transgenes,"A temperature sensitive bacterium (TS), where the temperature sensitive bacterium is a mesophilic bacterium comprising one or more essential nucleic acid coding sequences encoding a polypeptide from a psychrophilic bacterium, wherein said nucleic acid coding sequences they are inserted into the genome of said mesophilic bacterium by homologous recombination thus functionally replacing the homologue of the mesophilic bacterium of the essential polynucleotide TS and where said mesophilic temperature sensitive bacterium is for use in the production of an immune response to the bacteria sensitive to the mesophilic temperature in a subject.","Vaccines comprising heat sensitive transgenes A temperature sensitive bacterium (TS), where the temperature sensitive bacterium is a mesophilic bacterium comprising one or more essential nucleic acid coding sequences encoding a polypeptide from a psychrophilic bacterium, wherein said nucleic acid coding sequences they are inserted into the genome of said mesophilic bacterium by homologous recombination thus functionally replacing the homologue of the mesophilic bacterium of the essential polynucleotide TS and where said mesophilic temperature sensitive bacterium is for use in the production of an immune response to the bacteria sensitive to the mesophilic temperature in a subject.",0
53480766,ANTISEED-manual,Fabricating Device of Three-Dimensional Scaffold and Fabricating Method Thereof,"A fabricating device of a three-dimensional (3-D) scaffold comprises a bubble generator, a bubble mixing channel, a coagulating solution channel and a bubble collector. The bubble generator includes a gas channel and a gel solution channel crossing the gas channel. The bubble mixing channel is connected with a first outlet of the bubble generator. The coagulating solution channel is connected with the bubble mixing channel. The bubble collector is connected with a second outlet of the bubble mixing channel.","Fabricating Device of Three-Dimensional Scaffold and Fabricating Method Thereof A fabricating device of a three-dimensional (3-D) scaffold comprises a bubble generator, a bubble mixing channel, a coagulating solution channel and a bubble collector. The bubble generator includes a gas channel and a gel solution channel crossing the gas channel. The bubble mixing channel is connected with a first outlet of the bubble generator. The coagulating solution channel is connected with the bubble mixing channel. The bubble collector is connected with a second outlet of the bubble mixing channel.",0
18329078,ANTISEED-AF,Steel decarburization prevention method,"(57) [Summary] [Purpose] In the atmospheric annealing of decarburized steel, the decomposition of CO below the A  1  transformation point is suppressed to prevent the generation of soot.   Recombust in the temperature range below the A1 transformation point. [Configuration] atmospheric gas      CO-CO 2 -H 2 -H 2      O-N 2   In an atmosphere continuous annealing furnace in which the charging part 1 and the extracting part 2 of the system are open type, the extraction temperature of the material to be treated is 500 ° C. or more, the atmospheric gas flow rate of the extracting part 2 is 0.5 m / sec or more, and the furnace of the extracting part 2 After heating and soaking the material to be treated above the A  1  transformation point under the condition of an internal pressure of 0.1 mm / H  2  O or above, 200 ° C./hr or less from the A  1  transformation point to the extraction temperature, and C in the atmosphere gas.   O and CO  2  are 100 calculated by (CO)  2  / CO  2.    Cooling is performed under the above conditions of 300 or less. [Effect] It is possible to prevent the generation of soot in the low temperature carburization reaction,   It eliminates the need for soaking for a long time at high temperatures above the A  3  transformation point,   The processing can be performed at low temperature and in a short time, and the heat treatment cost can be significantly reduced.","Steel decarburization prevention method (57) [Summary] [Purpose] In the atmospheric annealing of decarburized steel, the decomposition of CO below the A 1 transformation point is suppressed to prevent the generation of soot. Recombust in the temperature range below the A1 transformation point. [Configuration] atmospheric gas CO-CO 2 -H 2 -H 2 O-N 2 In an atmosphere continuous annealing furnace in which the charging part 1 and the extracting part 2 of the system are open type, the extraction temperature of the material to be treated is 500 ° C. or more, the atmospheric gas flow rate of the extracting part 2 is 0.5 m / sec or more, and the furnace of the extracting part 2 After heating and soaking the material to be treated above the A 1 transformation point under the condition of an internal pressure of 0.1 mm / H 2 O or above, 200 ° C./hr or less from the A 1 transformation point to the extraction temperature, and C in the atmosphere gas. O and CO 2 are 100 calculated by (CO) 2 / CO 2. Cooling is performed under the above conditions of 300 or less. [Effect] It is possible to prevent the generation of soot in the low temperature carburization reaction, It eliminates the need for soaking for a long time at high temperatures above the A 3 transformation point, The processing can be performed at low temperature and in a short time, and the heat treatment cost can be significantly reduced.",0
72940398,SEED,Method for detecting the antibiotic resistance gene blavim-2 (metal-beta-lactamase class b vim-2) pseudomonas aeruginosa in ultralow concentrations and specific oligonucleotides for use in the method,"FIELD: biotechnology. 
     SUBSTANCE: invention relates to biotechnology, specifically to a number of agents – RNA guides, ribonucleoprotein complexes of the CRISPR/CAS system, containing RNA guides, diagnostic methods and kits containing ribonucleoprotein complexes of the CRISPR/CAS system and specific oligonucleotides for pre-amplification of a highly conserved portion of the antibiotic resistance gene of blaVIM-2 Pseudomonas aeruginosa. Invention enables efficient detection of the antibiotic resistance gene blaVIM-2 Pseudomonas aeruginosa after specific amplification of a fragment of this gene. RNA guides are represented by sequences SEQ ID NO: 1-5, specific oligonucleotides for pre-amplification are presented by sequences SEQ ID NO: 6 and SEQ ID NO: 7. 
     EFFECT: invention provides detecting single copies of the antibiotic resistance gene blaVTM-2 Pseudomonas aeruginosa. 
     5 cl, 5 tbl, 13 dwg","Method for detecting the antibiotic resistance gene blavim-2 (metal-beta-lactamase class b vim-2) pseudomonas aeruginosa in ultralow concentrations and specific oligonucleotides for use in the method FIELD: biotechnology. SUBSTANCE: invention relates to biotechnology, specifically to a number of agents – RNA guides, ribonucleoprotein complexes of the CRISPR/CAS system, containing RNA guides, diagnostic methods and kits containing ribonucleoprotein complexes of the CRISPR/CAS system and specific oligonucleotides for pre-amplification of a highly conserved portion of the antibiotic resistance gene of blaVIM-2 Pseudomonas aeruginosa. Invention enables efficient detection of the antibiotic resistance gene blaVIM-2 Pseudomonas aeruginosa after specific amplification of a fragment of this gene. RNA guides are represented by sequences SEQ ID NO: 1-5, specific oligonucleotides for pre-amplification are presented by sequences SEQ ID NO: 6 and SEQ ID NO: 7. EFFECT: invention provides detecting single copies of the antibiotic resistance gene blaVTM-2 Pseudomonas aeruginosa. 5 cl, 5 tbl, 13 dwg",1
58588722,SEED,Primer for prohibitin2 gene remove using CRISPR/CAS9 system,"In the present invention, a method for removing a prohibitin-2 gene using a CRISPR/CAS9 system, and a primer used therefor are specially designed to accurately remove the prohibitin-2 gene only, so as to specifically and accurately remove the prohibitin-2 gene only, which is a targeted gene, while having no effect on a non-targeted gene, thereby remarkably improving removal efficiency.","Primer for prohibitin2 gene remove using CRISPR/CAS9 system In the present invention, a method for removing a prohibitin-2 gene using a CRISPR/CAS9 system, and a primer used therefor are specially designed to accurately remove the prohibitin-2 gene only, so as to specifically and accurately remove the prohibitin-2 gene only, which is a targeted gene, while having no effect on a non-targeted gene, thereby remarkably improving removal efficiency.",1
47046550,ANTISEED-manual,Method for adjusting a gas sensor,"In a method for adjusting a gas sensor having a hollow chamber connected to a measuring gas chamber and having an electrochemical pump cell electrochemically pumping the gas component into or out of the hollow chamber, at least two pumping-in phases are provided in which the gas component is pumped into the hollow chamber by the electrochemical pump cell, and at least two pumping-out phases are provided in which the gas component is pumped out of the hollow chamber by the electrochemical pump cell. On the basis of at least one feature of the pump current during the pumping-out phases (M out ), at least one piece of information for adjusting the gas sensor is generated. A parameter regarding the pumping-in is predefined differently in the at least two pumping-in phases.","Method for adjusting a gas sensor In a method for adjusting a gas sensor having a hollow chamber connected to a measuring gas chamber and having an electrochemical pump cell electrochemically pumping the gas component into or out of the hollow chamber, at least two pumping-in phases are provided in which the gas component is pumped into the hollow chamber by the electrochemical pump cell, and at least two pumping-out phases are provided in which the gas component is pumped out of the hollow chamber by the electrochemical pump cell. On the basis of at least one feature of the pump current during the pumping-out phases (M out ), at least one piece of information for adjusting the gas sensor is generated. A parameter regarding the pumping-in is predefined differently in the at least two pumping-in phases.",0
56489180,SEED,Fast CRISPR-Cas9 working efficiency testing system and application thereof,"The invention discloses a fast CRISPR-Cas9 working efficiency testing system and application thereof. The testing system comprises a plasmid used for expressing sg RNA, a plasmid used for expressing Cas9 and a reporting system used for testing the CRISPR-Cas9 gene editing efficiency; the reporting system can splice the C-terminal of a nucleotide segment capable of coding effective protein and the N-terminal of a reporter gene and insert two restriction endonuclease enzyme digestion sites into the splicing position; before a special gene is edited (knocked out) through the CRISPR-Cas9 system, selection of a target sequence is vital, and the selection can influence the recognition efficiency of the sg RNA to target DNA, the binding efficiency of the sg RNA with the target DNA, the targeted cutting efficiency of the Cas9 and the NHEJ repairing efficiency. According to the system, the gene editing efficiency of different sgRNA-target DNA sequences can be quantitatively compared, the sgRNA with the best working effect can be determined within a short time, the actual knockout success rate is increased, therefore, the working cost can be lowered, the working efficiency can be improved, and the working progress can be promoted.","Fast CRISPR-Cas9 working efficiency testing system and application thereof The invention discloses a fast CRISPR-Cas9 working efficiency testing system and application thereof. The testing system comprises a plasmid used for expressing sg RNA, a plasmid used for expressing Cas9 and a reporting system used for testing the CRISPR-Cas9 gene editing efficiency; the reporting system can splice the C-terminal of a nucleotide segment capable of coding effective protein and the N-terminal of a reporter gene and insert two restriction endonuclease enzyme digestion sites into the splicing position; before a special gene is edited (knocked out) through the CRISPR-Cas9 system, selection of a target sequence is vital, and the selection can influence the recognition efficiency of the sg RNA to target DNA, the binding efficiency of the sg RNA with the target DNA, the targeted cutting efficiency of the Cas9 and the NHEJ repairing efficiency. According to the system, the gene editing efficiency of different sgRNA-target DNA sequences can be quantitatively compared, the sgRNA with the best working effect can be determined within a short time, the actual knockout success rate is increased, therefore, the working cost can be lowered, the working efficiency can be improved, and the working progress can be promoted.",1
29425004,ANTISEED-manual,"Nucleic acids, proteins, and antibodies","The present invention relates to novel respiratory system related polynucleotides and the polypeptides encoded by these polynucleotides herein collectively known as “respiratory system antigens,” and the use of such respiratory system antigens for detecting disorders of the respiratory system, particularly the presence of cancer of respiratory system tissues and cancer metastases. More specifically, isolated respiratory system associated nucleic acid molecules are provided encoding novel respiratory system associated polypeptides. Novel respiratory system polypeptides and antibodies that bind to these polypeptides are provided. Also provided are vectors, host cells, and recombinant and synthetic methods for producing human respiratory system associated polynucleotides and/or polypeptides. The invention further relates to diagnostic and therapeutic methods useful for diagnosing, treating, preventing and/or prognosing disorders related to the respiratory system, including cancer of respiratory system tissues, and therapeutic methods for treating such disorders. The invention further relates to screening methods for identifying agonists and antagonists of polynucleotides and polypeptides of the invention. The present invention further relates to methods and/or compositions for inhibiting the production and function of the polypeptides of the present invention.","Nucleic acids, proteins, and antibodies The present invention relates to novel respiratory system related polynucleotides and the polypeptides encoded by these polynucleotides herein collectively known as “respiratory system antigens,” and the use of such respiratory system antigens for detecting disorders of the respiratory system, particularly the presence of cancer of respiratory system tissues and cancer metastases. More specifically, isolated respiratory system associated nucleic acid molecules are provided encoding novel respiratory system associated polypeptides. Novel respiratory system polypeptides and antibodies that bind to these polypeptides are provided. Also provided are vectors, host cells, and recombinant and synthetic methods for producing human respiratory system associated polynucleotides and/or polypeptides. The invention further relates to diagnostic and therapeutic methods useful for diagnosing, treating, preventing and/or prognosing disorders related to the respiratory system, including cancer of respiratory system tissues, and therapeutic methods for treating such disorders. The invention further relates to screening methods for identifying agonists and antagonists of polynucleotides and polypeptides of the invention. The present invention further relates to methods and/or compositions for inhibiting the production and function of the polypeptides of the present invention.",0
23273418,ANTISEED-AF,Apparatus for supporting and displaying a doll,"Apparatus for supporting and displaying a doll including a base, one or more columns connected to the base, and a plurality of elongated support elements extending from the columns.","Apparatus for supporting and displaying a doll Apparatus for supporting and displaying a doll including a base, one or more columns connected to the base, and a plurality of elongated support elements extending from the columns.",0
62906012,SEED,Lentivirus and non-integrating lentivirus as viral vector to deliver crispr therapeutic,"A composition for treating a lysogenic virus, including a lentiviral vector encoding isolated nucleic acid encoding two or more gene editors chosen from gene editors that target viral DNA, gene editors that target viral RNA, and combinations thereof. A composition for treating a lytic virus, including a lentiviral vector encoding isolated nucleic acid encoding at least one gene editor that targets viral DNA and a viral RNA targeting composition. A composition for treating both lysogenic and lytic viruses, including a lentiviral vector encoding isolated nucleic acid encoding two or more gene editors that target viral RNA. A composition for treating lytic viruses. Methods of treating a lysogenic virus or a lytic virus, by administering the above compositions to an individual having a virus and inactivating the virus.","Lentivirus and non-integrating lentivirus as viral vector to deliver crispr therapeutic A composition for treating a lysogenic virus, including a lentiviral vector encoding isolated nucleic acid encoding two or more gene editors chosen from gene editors that target viral DNA, gene editors that target viral RNA, and combinations thereof. A composition for treating a lytic virus, including a lentiviral vector encoding isolated nucleic acid encoding at least one gene editor that targets viral DNA and a viral RNA targeting composition. A composition for treating both lysogenic and lytic viruses, including a lentiviral vector encoding isolated nucleic acid encoding two or more gene editors that target viral RNA. A composition for treating lytic viruses. Methods of treating a lysogenic virus or a lytic virus, by administering the above compositions to an individual having a virus and inactivating the virus.",1
59433281,ANTISEED-manual,A kind of saccharomyces bayanus turns preparation and the authentication method of FZF1 gene resistant to sulfur transformants,"A kind of saccharomyces bayanus turns FZF1 The preparation of gene resistant to sulfur transformant and authentication method, belong to cultivation yeast strain and authentication method.The present invention includes：Build FZF1 Expression vector；Saccharomyces bayanus transgenosis；PCR screens transformant；Saccharomyces bayanus bacterial strain Sulfur tolerance is determined；RT PCR are detected；Transformant growth curve is determined；Transcriptome analysis etc..Experiment shows transformant A9  FZF1 1 and A9  FZF1 2 can grow in the culture medium containing 40 mM sodium sulfites, while the invention provides identification enhancing FZF1 The method of the related gene expression amount of the saccharomyces bayanus new strains sulphur metabolism network of gene expression.","A kind of saccharomyces bayanus turns preparation and the authentication method of FZF1 gene resistant to sulfur transformants A kind of saccharomyces bayanus turns FZF1 The preparation of gene resistant to sulfur transformant and authentication method, belong to cultivation yeast strain and authentication method.The present invention includes：Build FZF1 Expression vector；Saccharomyces bayanus transgenosis；PCR screens transformant；Saccharomyces bayanus bacterial strain Sulfur tolerance is determined；RT PCR are detected；Transformant growth curve is determined；Transcriptome analysis etc..Experiment shows transformant A9 FZF1 1 and A9 FZF1 2 can grow in the culture medium containing 40 mM sodium sulfites, while the invention provides identification enhancing FZF1 The method of the related gene expression amount of the saccharomyces bayanus new strains sulphur metabolism network of gene expression.",0
44816934,SEED,Genome editing of a Rosa locus using nucleases,"Disclosed herein are methods and compositions for genome editing of a  Rosa  locus, using fusion proteins comprising a DNA binding domain and a cleavage domain or cleavage half-domain. Polynucleotides encoding said fusion proteins are also provided, as are cells comprising said polynucleotides and fusion proteins.","Genome editing of a Rosa locus using nucleases Disclosed herein are methods and compositions for genome editing of a Rosa locus, using fusion proteins comprising a DNA binding domain and a cleavage domain or cleavage half-domain. Polynucleotides encoding said fusion proteins are also provided, as are cells comprising said polynucleotides and fusion proteins.",1
63067425,SEED,A kind of infectious spleen and kidney necrosis virus ORF069 gene-deleted strains and its preparation method and application,"The present invention provides a kind of infectious spleen and kidney necrosis virus ORF069 gene-deleted strains and its preparation method and application, for manufactured attenuated viral strains after infectious spleen and kidney necrosis virus strain missing ORF069 genes.The present invention also provides a kind of infectious spleen and kidney necrosis virus ORF069 gene-deleted strains and its preparation method and application with selection markers, ORF069 genes, and the manufactured attenuated viral strains after riddled basins are inserted into the position of gene delection homologous recombination have been lacked for infectious spleen and kidney necrosis virus.Infectious spleen and kidney necrosis virus ORF069 gene-deleted strains provided by the invention are a kind of recombination engineered vaccines having knocked out ORF069 genes, virulence is weaker, substantially reduce the fish morbidity lethality being immunized, significant immune effect can reach using immersion immunity, it need not inject, application value is very big.","A kind of infectious spleen and kidney necrosis virus ORF069 gene-deleted strains and its preparation method and application The present invention provides a kind of infectious spleen and kidney necrosis virus ORF069 gene-deleted strains and its preparation method and application, for manufactured attenuated viral strains after infectious spleen and kidney necrosis virus strain missing ORF069 genes.The present invention also provides a kind of infectious spleen and kidney necrosis virus ORF069 gene-deleted strains and its preparation method and application with selection markers, ORF069 genes, and the manufactured attenuated viral strains after riddled basins are inserted into the position of gene delection homologous recombination have been lacked for infectious spleen and kidney necrosis virus.Infectious spleen and kidney necrosis virus ORF069 gene-deleted strains provided by the invention are a kind of recombination engineered vaccines having knocked out ORF069 genes, virulence is weaker, substantially reduce the fish morbidity lethality being immunized, significant immune effect can reach using immersion immunity, it need not inject, application value is very big.",1
32464416,ANTISEED-manual,Method for detecting mutation,A method for precisely and effectively detecting mutations of organism is provided. The method for detecting a mutation includes the steps of: a) amplifying a target polynucleotide using a forward primer and a reverse primer; b) generating fragments of two or more single-stranded polynucleotides including one or more mutations sequence having the size of 2-32 bases by cleaving the amplified polynucleotide with restriction enzymes; and c) measuring the molecular weight of the cleaved fragments.,Method for detecting mutation A method for precisely and effectively detecting mutations of organism is provided. The method for detecting a mutation includes the steps of: a) amplifying a target polynucleotide using a forward primer and a reverse primer; b) generating fragments of two or more single-stranded polynucleotides including one or more mutations sequence having the size of 2-32 bases by cleaving the amplified polynucleotide with restriction enzymes; and c) measuring the molecular weight of the cleaved fragments.,0
70279465,ANTISEED-manual,"Bioprinter devices, systems and methods for printing soft gels for the treatment of musculoskeletal and skin disorders","Disclosed are devices, systems and methods that utilize bioprinters to form scaffold structures in situ to facilitate treatment of the musculoskeletal or skin disorders in patients. A method for treating a musculoskeletal disorder of a patient includes positioning a bioprinter at a situs of the musculoskeletal disorder, or a situs of a skin injury, in the patient. The method includes extruding a hydrogel formulation from the bioprinter into the situs. The method includes curing the hydrogel formulation in the situs. The hydrogel formulation has a composition effective to generate, upon the curing, a scaffold structure in the situs to facilitate muscle hypertrophy, or skin wound healing, in the situs.","Bioprinter devices, systems and methods for printing soft gels for the treatment of musculoskeletal and skin disorders Disclosed are devices, systems and methods that utilize bioprinters to form scaffold structures in situ to facilitate treatment of the musculoskeletal or skin disorders in patients. A method for treating a musculoskeletal disorder of a patient includes positioning a bioprinter at a situs of the musculoskeletal disorder, or a situs of a skin injury, in the patient. The method includes extruding a hydrogel formulation from the bioprinter into the situs. The method includes curing the hydrogel formulation in the situs. The hydrogel formulation has a composition effective to generate, upon the curing, a scaffold structure in the situs to facilitate muscle hypertrophy, or skin wound healing, in the situs.",0
27400386,ANTISEED-manual,Enhanced system for construction of adenovirus vectors,"In the present invention, viruses, plasmids or both are constructed which contain viral DNA, at least one head-to-head ITR junction, and optionally, recombinase recognition sites positioned such that site-specific recombination between recombinase recognition sites in separate plasmids results in generation of infectious viral DNA at high-efficiency in cotransfected host cells that have been engineered to express a site-specific recombinase. Because of the high-efficiency and specificity of the Cre enzyme, suitably engineered plasmids can be readily recombined to produce infectious virus at high-efficiency in cotransfected 293 cells, without, at the same time, producing wild-type adenovirus, with the attendant problems for removal thereof. Use of recombinases besides Cre and recombinase recognition sites besides lox sites, and use of cells other than 293 cells are also disclosed and enabled, as are kits incorporating the site-specific vector system, as well as compositions and methods for using such compositions as vaccines or in gene therapeutic applications. Enhancements in the efficiency of both site-specific and homologous recombination are provided by inclusion of at least one head-to-head ITR junction.","Enhanced system for construction of adenovirus vectors In the present invention, viruses, plasmids or both are constructed which contain viral DNA, at least one head-to-head ITR junction, and optionally, recombinase recognition sites positioned such that site-specific recombination between recombinase recognition sites in separate plasmids results in generation of infectious viral DNA at high-efficiency in cotransfected host cells that have been engineered to express a site-specific recombinase. Because of the high-efficiency and specificity of the Cre enzyme, suitably engineered plasmids can be readily recombined to produce infectious virus at high-efficiency in cotransfected 293 cells, without, at the same time, producing wild-type adenovirus, with the attendant problems for removal thereof. Use of recombinases besides Cre and recombinase recognition sites besides lox sites, and use of cells other than 293 cells are also disclosed and enabled, as are kits incorporating the site-specific vector system, as well as compositions and methods for using such compositions as vaccines or in gene therapeutic applications. Enhancements in the efficiency of both site-specific and homologous recombination are provided by inclusion of at least one head-to-head ITR junction.",0
41180464,SEED,"Composition, useful e.g. transfection comprises a non-viral gene delivery system containing e.g. cationic lipid, and an agent for partial suppression and/or activation of innate intracellular and/or intercellular immune defense","Composition for transfection, comprises: (a) a non-viral gene delivery system containing cationic lipid, cationic polymer or a cationic protein, a compound, which exhibits a DNA and/or RNA-binding domain, and/or a compound; and (b) an agent for partial suppression and/or activation of innate intracellular and/or intercellular immune defense comprising e.g. an antibody against toll-like receptor (TLR) 1 to TLR 13 and cytokine receptor or cytokine receptor-antagonist and an inhibitor of the kinase of mitogen-activated protein kinase 1 (MEK1) and/or MEK2. Composition for transfection, comprises: (a) a non-viral gene delivery system containing a cationic lipid, a cationic polymer or a cationic protein, a compound, which exhibits a DNA and/or RNA-binding domain and activates receptor-mediated endocytosis or a membrane transfer, and/or a compound, which is covalently bonded to DNA and/or RNA and activates receptor-mediated endocytosis or a membrane transfer; and (b) an agent for at least partial suppression and/or activation of the innate intracellular and/or intercellular immune defense comprising an antibody against toll-like receptor (TLR) 1 to TLR 13, an antibody against a cytokine receptor or a cytokine receptor-antagonist, an inhibitor of the kinase of mitogen-activated protein kinase/extracellular signal-regulated kinase 1 (MEK1) and/or MEK2, an agonist for TLR7 and/or TLR8 comprising bropirimine, imidazoquinoline, thiazoloquinoline and/or guanosine analogs. Independent claims are included for: (1) a kit of parts for transfection, comprising the composition; and (2) a procedure for improving the transfection output of non-viral gene delivery system comprising treating the cells with (b), before and/or during the transfection and inserting the transfection genetic material into the cells or treating the cells with (b), before, during and/or after and inserting modified or unmodified small interfering RNA (siRNA) into the cells. ACTIVITY : CNS-Gen.; Respiratory-Gen.; Muscular-Gen.; Metabolic; Antilipemic; Hemostatic; Antianemic; Cytostatic; Virucide; Ophthalmological; Neuroprotective; Antiinflammatory. MECHANISM OF ACTION : Gene therapy.","Composition, useful e.g. transfection comprises a non-viral gene delivery system containing e.g. cationic lipid, and an agent for partial suppression and/or activation of innate intracellular and/or intercellular immune defense Composition for transfection, comprises: (a) a non-viral gene delivery system containing cationic lipid, cationic polymer or a cationic protein, a compound, which exhibits a DNA and/or RNA-binding domain, and/or a compound; and (b) an agent for partial suppression and/or activation of innate intracellular and/or intercellular immune defense comprising e.g. an antibody against toll-like receptor (TLR) 1 to TLR 13 and cytokine receptor or cytokine receptor-antagonist and an inhibitor of the kinase of mitogen-activated protein kinase 1 (MEK1) and/or MEK2. Composition for transfection, comprises: (a) a non-viral gene delivery system containing a cationic lipid, a cationic polymer or a cationic protein, a compound, which exhibits a DNA and/or RNA-binding domain and activates receptor-mediated endocytosis or a membrane transfer, and/or a compound, which is covalently bonded to DNA and/or RNA and activates receptor-mediated endocytosis or a membrane transfer; and (b) an agent for at least partial suppression and/or activation of the innate intracellular and/or intercellular immune defense comprising an antibody against toll-like receptor (TLR) 1 to TLR 13, an antibody against a cytokine receptor or a cytokine receptor-antagonist, an inhibitor of the kinase of mitogen-activated protein kinase/extracellular signal-regulated kinase 1 (MEK1) and/or MEK2, an agonist for TLR7 and/or TLR8 comprising bropirimine, imidazoquinoline, thiazoloquinoline and/or guanosine analogs. Independent claims are included for: (1) a kit of parts for transfection, comprising the composition; and (2) a procedure for improving the transfection output of non-viral gene delivery system comprising treating the cells with (b), before and/or during the transfection and inserting the transfection genetic material into the cells or treating the cells with (b), before, during and/or after and inserting modified or unmodified small interfering RNA (siRNA) into the cells. ACTIVITY : CNS-Gen.; Respiratory-Gen.; Muscular-Gen.; Metabolic; Antilipemic; Hemostatic; Antianemic; Cytostatic; Virucide; Ophthalmological; Neuroprotective; Antiinflammatory. MECHANISM OF ACTION : Gene therapy.",1
63919534,SEED,Methods and compositions of anti-crispr proteins for use in plants,"Methods and compositions are provided for the use of anti-CRISPR (ACR) proteins in plants, including modulation of Cas endonuclease activity, improvement of frequency of homologous recombination, control of Cas endonuclease activity during various cell cycles, spatial and/or temporal regulation of Cas endonuclease activity in plants, usage in gene activation or repression, as well as reduction of off-target polynucleotide cleavage.","Methods and compositions of anti-crispr proteins for use in plants Methods and compositions are provided for the use of anti-CRISPR (ACR) proteins in plants, including modulation of Cas endonuclease activity, improvement of frequency of homologous recombination, control of Cas endonuclease activity during various cell cycles, spatial and/or temporal regulation of Cas endonuclease activity in plants, usage in gene activation or repression, as well as reduction of off-target polynucleotide cleavage.",1
71603074,SEED,composition for gene editing based on CRISPR-CAS,"The present invention relates to a composition for improving the cell permeability and gene correction efficiency of Cas protein and guide RNA, and in the case of gene correction technology through CRISPR-Cas that is currently used, it is difficult to inject into a cell in a complex form, and stability is proved even when injected It does not work, has low efficiency, and has an off-target problem. However, when the composition for gene editing of the present invention is used, not only the intracellular delivery efficiency is remarkably high, but off-target can be suppressed, and stability can be secured, which can be usefully utilized as a gene therapy.","composition for gene editing based on CRISPR-CAS The present invention relates to a composition for improving the cell permeability and gene correction efficiency of Cas protein and guide RNA, and in the case of gene correction technology through CRISPR-Cas that is currently used, it is difficult to inject into a cell in a complex form, and stability is proved even when injected It does not work, has low efficiency, and has an off-target problem. However, when the composition for gene editing of the present invention is used, not only the intracellular delivery efficiency is remarkably high, but off-target can be suppressed, and stability can be secured, which can be usefully utilized as a gene therapy.",1
59167093,ANTISEED-manual,For the kit of juvenile form osteoporosis detection,"The invention discloses a kind of kit for the detection of juvenile form osteoporosis.The present invention is compared by gene and finds that DKK1 genes have obvious mutational site in juvenile form sufferers of osteoporosis face and normal population, is 1020 sites.By detecting this mutational site, 1 for being especially to provide pair specific primer pair, can with it is specific identification human body when suffer from juvenile form osteoporosis symptoms.The detection method has easy to detect relative to the method for prior art, and quickly and accurately advantage, is suitable for promoting the use of.","For the kit of juvenile form osteoporosis detection The invention discloses a kind of kit for the detection of juvenile form osteoporosis.The present invention is compared by gene and finds that DKK1 genes have obvious mutational site in juvenile form sufferers of osteoporosis face and normal population, is 1020 sites.By detecting this mutational site, 1 for being especially to provide pair specific primer pair, can with it is specific identification human body when suffer from juvenile form osteoporosis symptoms.The detection method has easy to detect relative to the method for prior art, and quickly and accurately advantage, is suitable for promoting the use of.",0
34965928,ANTISEED-manual,System and method for detecting West Nile Virus,"The present invention relates to a system for detecting West Nile Virus (WNV) in a sample by detecting nucleic acids having been amplified and comprising the coding region of the membrane protein of WNV. Further, a method and a kit for the detection of amplified nucleic acids comprising the coding region of the membrane protein of WNV are disclosed.","System and method for detecting West Nile Virus The present invention relates to a system for detecting West Nile Virus (WNV) in a sample by detecting nucleic acids having been amplified and comprising the coding region of the membrane protein of WNV. Further, a method and a kit for the detection of amplified nucleic acids comprising the coding region of the membrane protein of WNV are disclosed.",0
23238343,ANTISEED-AF,Infusion monitoring device with snap action cut-off means,,Infusion monitoring device with snap action cut-off means,0
41356902,ANTISEED-AF,Semiconductor storage system capable of parallel processing,The disclosed semiconductor storage system includes a host interface and a multi driver configured to process data in parallel as at least two memory chips simultaneously receive a single read or write command provided by the host interface.,Semiconductor storage system capable of parallel processing The disclosed semiconductor storage system includes a host interface and a multi driver configured to process data in parallel as at least two memory chips simultaneously receive a single read or write command provided by the host interface.,0
19541552,ANTISEED-manual,Recombination fluorescent vector made from human adenovirus type 2 and selecting method of gp50 gene recombination human adenovirus of porcine aujesky&#39;s disease virus,"PURPOSE: Provided are a fluorescent vector, which is used for the production of vaccine of porcine Aujesky&#39;s disease and a method for selecting recombination virus using the same. CONSTITUTION: A fluorescent vector pHAVE3 is prepared by amplifying pVIII gene corresponding to 5&#39; region of E3 gene of human Adenovirus type II, a partial sequence(27100-28811bp) having 1,712base, before open reading frame of E3 gene being 19kd, a partial sequence(30,851-32,760bp) having 1,910base, after E3-2 polyadenylation signal corresponding to 3&#39; region of E3 gene; cloning them into SpeI of plasmid pGEMT; and inserting BamH I restriction site","Recombination fluorescent vector made from human adenovirus type 2 and selecting method of gp50 gene recombination human adenovirus of porcine aujesky&#39;s disease virus PURPOSE: Provided are a fluorescent vector, which is used for the production of vaccine of porcine Aujesky&#39;s disease and a method for selecting recombination virus using the same. CONSTITUTION: A fluorescent vector pHAVE3 is prepared by amplifying pVIII gene corresponding to 5&#39; region of E3 gene of human Adenovirus type II, a partial sequence(27100-28811bp) having 1,712base, before open reading frame of E3 gene being 19kd, a partial sequence(30,851-32,760bp) having 1,910base, after E3-2 polyadenylation signal corresponding to 3&#39; region of E3 gene; cloning them into SpeI of plasmid pGEMT; and inserting BamH I restriction site",0
51655483,SEED,Methods and compositions for incorporating exogenous sequences into the plant genome,"PROBLEM TO BE SOLVED: To provide a method and composition for stacking parallel or sequentially transgenes in a plant, which produces a plant having a selected phenotype.  SOLUTION: A zinc finger nuclease containing a zinc finger protein that binds to a target site in an AHAS gene encoding an acethydroxy acid synthase (AHAS) protein is provided. Further provided is a method of expressing one or more site-specific nucleases to integrate one or more exogenous sequences into the genome of a plant cell.  [Selection diagram] None","Methods and compositions for incorporating exogenous sequences into the plant genome PROBLEM TO BE SOLVED: To provide a method and composition for stacking parallel or sequentially transgenes in a plant, which produces a plant having a selected phenotype. SOLUTION: A zinc finger nuclease containing a zinc finger protein that binds to a target site in an AHAS gene encoding an acethydroxy acid synthase (AHAS) protein is provided. Further provided is a method of expressing one or more site-specific nucleases to integrate one or more exogenous sequences into the genome of a plant cell. [Selection diagram] None",1
26212725,ANTISEED-manual,Method for analysing human immunodeficiency virus (HIV) phenotypic characteristics,"The present invention relates to a method for analyzing the phenotypic characteristics shown by certain virus strains, particularly human immnunodeficiency viruses, involving the construction of a recombinant virus obtained by homologous recombination.  
     The present invention also relates a kit comprising the primers, vectors, cell hosts, products and reagents required to carry out PCR amplification, and the products and reagents used to detect a marker, for the implementation of the method according to the invention.","Method for analysing human immunodeficiency virus (HIV) phenotypic characteristics The present invention relates to a method for analyzing the phenotypic characteristics shown by certain virus strains, particularly human immnunodeficiency viruses, involving the construction of a recombinant virus obtained by homologous recombination. The present invention also relates a kit comprising the primers, vectors, cell hosts, products and reagents required to carry out PCR amplification, and the products and reagents used to detect a marker, for the implementation of the method according to the invention.",0
9308740,ANTISEED-AF,Oxidation furnace for semiconductor material wafers,"The present invention relates to a wafer oxidation semiconductor material. This oven includes a treatment chamber (10), a porthole (21) transparent to electromagnetic radiation from the visible and near infrared range, formed in the wall of the treatment chamber, exposure cells (40) arranged on the exterior of this chamber, facing the window, the insolation cells comprising in combination emitting means (41) generating electromagnetic radiation included in the visible and near infrared range and reflecting means (42) focusing the generated radiation by the emitting means towards the window (21), and means (70) for supplying the internal space of the treatment chamber with oxidizing gas, under pressure.","Oxidation furnace for semiconductor material wafers The present invention relates to a wafer oxidation semiconductor material. This oven includes a treatment chamber (10), a porthole (21) transparent to electromagnetic radiation from the visible and near infrared range, formed in the wall of the treatment chamber, exposure cells (40) arranged on the exterior of this chamber, facing the window, the insolation cells comprising in combination emitting means (41) generating electromagnetic radiation included in the visible and near infrared range and reflecting means (42) focusing the generated radiation by the emitting means towards the window (21), and means (70) for supplying the internal space of the treatment chamber with oxidizing gas, under pressure.",0
53879230,SEED,Compositions for the inactivation of virus replication and methods of making and using the same,"Provided herein are recombinant constructs, vectors and expression cassettes including a first promoter which is suitably a tRNA promoter operably connected to a first polynucleotide encoding a first single guide RNA and a second promoter operably connected to a second polynucleotide encoding a Cas9 polypeptide. The first single guide RNA includes a first portion complementary to a strand of a target sequence of a DNA virus and a second portion capable of interacting with the Cas9 polypeptide. Also provided are codon optimized Staphylococcus aureus derived Cas9 polynucleotides and polypeptides with nuclear localization signals and optionally an epitope tag. Also provided are constructs for production of sgRNAs including a tRNA. Methods of inhibiting viral replication, inhibiting expression of a target sequence from a virus or treating a viral infection or viral induced cancer using the compositions are also provided.","Compositions for the inactivation of virus replication and methods of making and using the same Provided herein are recombinant constructs, vectors and expression cassettes including a first promoter which is suitably a tRNA promoter operably connected to a first polynucleotide encoding a first single guide RNA and a second promoter operably connected to a second polynucleotide encoding a Cas9 polypeptide. The first single guide RNA includes a first portion complementary to a strand of a target sequence of a DNA virus and a second portion capable of interacting with the Cas9 polypeptide. Also provided are codon optimized Staphylococcus aureus derived Cas9 polynucleotides and polypeptides with nuclear localization signals and optionally an epitope tag. Also provided are constructs for production of sgRNAs including a tRNA. Methods of inhibiting viral replication, inhibiting expression of a target sequence from a virus or treating a viral infection or viral induced cancer using the compositions are also provided.",1
46251464,SEED,17q-linked breast and ovarian cancer susceptibility gene,"The present invention relates generally to the field of human genetics. Specifically, the present invention relates to methods and materials used to isolate and detect a human breast and ovarian cancer predisposing gene (BRCA1), some mutant alleles of which cause susceptibility to cancer, in particular breast and ovarian cancer. More specifically, the invention relates to germline mutations in the BRCA1 gene and their use in the diagnosis of predisposition to breast and ovarian cancer. The present invention further relates to somatic mutations in the BRCA1 gene in human breast and ovarian cancer and their use in the diagnosis and prognosis of human breast and ovarian cancer. Additionally, the invention relates to somatic mutations in the BRCA1 gene in other human cancers and their use in the diagnosis and prognosis of human cancers. The invention also relates to the therapy of human cancers which have a mutation in the BRCA1 gene, including gene therapy, protein replacement therapy and protein mimetics. The invention further relates to the screening of drugs for cancer therapy. Finally, the invention relates to the screening of the BRCA1 gene for mutations, which are useful for diagnosing the predisposition to breast and ovarian cancer.","17q-linked breast and ovarian cancer susceptibility gene The present invention relates generally to the field of human genetics. Specifically, the present invention relates to methods and materials used to isolate and detect a human breast and ovarian cancer predisposing gene (BRCA1), some mutant alleles of which cause susceptibility to cancer, in particular breast and ovarian cancer. More specifically, the invention relates to germline mutations in the BRCA1 gene and their use in the diagnosis of predisposition to breast and ovarian cancer. The present invention further relates to somatic mutations in the BRCA1 gene in human breast and ovarian cancer and their use in the diagnosis and prognosis of human breast and ovarian cancer. Additionally, the invention relates to somatic mutations in the BRCA1 gene in other human cancers and their use in the diagnosis and prognosis of human cancers. The invention also relates to the therapy of human cancers which have a mutation in the BRCA1 gene, including gene therapy, protein replacement therapy and protein mimetics. The invention further relates to the screening of drugs for cancer therapy. Finally, the invention relates to the screening of the BRCA1 gene for mutations, which are useful for diagnosing the predisposition to breast and ovarian cancer.",1
67479511,SEED,Crispr/cas-related methods and compositions for treating herpes simplex virus (hsv) related keratitis,"CRISPR/CAS-related systems, compositions and methods for editing HSV-1 genes in human cells are described, as are cells and compositions including cells edited according to the same. Methods for treating HSV-related keratitis using the said CRISPR/CAS-related systems, compositions and methods are also described.","Crispr/cas-related methods and compositions for treating herpes simplex virus (hsv) related keratitis CRISPR/CAS-related systems, compositions and methods for editing HSV-1 genes in human cells are described, as are cells and compositions including cells edited according to the same. Methods for treating HSV-related keratitis using the said CRISPR/CAS-related systems, compositions and methods are also described.",1
65259858,SEED,A kind of method for creating of the low gossypol Cotton Germplasms of Non-gland body,"The invention belongs to field of plant genetic project technology, and in particular to a kind of method for creating of the low gossypol Cotton Germplasms of Non-gland body.The present invention provides the method for creating the low gossypol cotton material of Non-gland body using CRISPR-Cas9 system.Target site sgRNA1, the sgRNA2 for specifically forming GPGF gene for control cotton glandular development are chosen, stablizes in cotton with Cas9 albumen and expresses, obtains the low gossypol cotton of Non-gland body.The Non-gland body phenotype of transgenic regenerated plant can stablize heredity to the next generation, and gossypol content decline is obvious.The advantages of invention, is that overcoming conventional hybridization method creates Germplasm Resources of Glandless Cotton time long and unstable defect, and is not limited to the receptor kind of cotton.","A kind of method for creating of the low gossypol Cotton Germplasms of Non-gland body The invention belongs to field of plant genetic project technology, and in particular to a kind of method for creating of the low gossypol Cotton Germplasms of Non-gland body.The present invention provides the method for creating the low gossypol cotton material of Non-gland body using CRISPR-Cas9 system.Target site sgRNA1, the sgRNA2 for specifically forming GPGF gene for control cotton glandular development are chosen, stablizes in cotton with Cas9 albumen and expresses, obtains the low gossypol cotton of Non-gland body.The Non-gland body phenotype of transgenic regenerated plant can stablize heredity to the next generation, and gossypol content decline is obvious.The advantages of invention, is that overcoming conventional hybridization method creates Germplasm Resources of Glandless Cotton time long and unstable defect, and is not limited to the receptor kind of cotton.",1
22189246,ANTISEED-AF,Substituted piperazines and processes for their production,"The invention comprises compounds of the formula : &lt;FORM:0850662/IV(b)/1&gt; (wherein R and R1 are the same or different and are bromine or chloride atoms, alkyl groups containing 1 to 3 carbon atoms or alkoxy groups containing 1 to 5 carbon atoms or R can be an alkylmercapto group containing 1 to 5 carbon atoms, R1 being in the 3- or 5-position, and Y is a 2 to 7 carbon straight chain alkyl group or an omega-hydroxy or omega-acyloxy derivative thereof) and acid-addition salts thereof; and their preparation by the following methods (1) reacting the appropriate N-(disubstituted-phenyl)-N&#39;-unsubstituted piperazine with a halide, sulphate or sulphonate of the group Y, conveniently in an anhydrous organic solvent ; (2) reducing a compound of the formula : &lt;FORM:0850662/IV(b)/2&gt; (wherein Z is - CH2 - or &lt; CO and R1 is an alkyl group of at most 4 carbon atoms) catalytically with gaseous hydrogen and a metal catalyst such as copper chromite or by chemical means using sodium and an alcohol or a complex oxidisable metal hydride such as LiAlH4 ; (3) for compounds wherein Y is a -(CH2)3OH group, by reacting the appropriate N-(disubstituted phenyl)-N1-unsubstituted piperazine with allyl alcohol, preferably at 75 DEG  to 100 DEG C.; (4) for compounds wherein Y is -(CH2)2OH, by reacting the appropriate N-(disubstituted phenyl)-N1-unsubstituted piperazine with ethylene oxide at 10 DEG  to 80 DEG C.; (5) for compounds wherein Y is an omega-acyloxy radical, by acylation of the corresponding omega-hydroxy-alkyl compounds; and (6) for compounds wherein Y is an omega-hydroxy-alkyl radical, by hydrolysis or alcoholysis of the corresponding acyloxy compounds.  Examples describe the preparation of compounds of the above general formula wherein R, R1 and Y have the following values : &lt;FORM:0850662/IV(b)/3&gt; Hydrochlorides and hydrobromides of some of the products are prepared and a further list of salt-forming inorganic and organic acids is provided.  4 - (2 : 3 - Dichlorophenyl - 1 - delta - carbometh - oxyvaleryl-piperazine is prepared by refluxing thionyl chloride with monomethyl adipate to give 5-carbomethoxyvaleryl chloride and condensing this with 1-(2 : 3-dichlorophenyl)-piperazine.  Ethyl 4-(5-bromo-2-methoxyphenyl)-1-piperazine butyrate is prepared from 1-(5-bromo-2-methoxyphenyl)-piperazine and ethyl gamma-bromo-butyrate.  Specification 850,663 is referred to.","Substituted piperazines and processes for their production The invention comprises compounds of the formula : &lt;FORM:0850662/IV(b)/1&gt; (wherein R and R1 are the same or different and are bromine or chloride atoms, alkyl groups containing 1 to 3 carbon atoms or alkoxy groups containing 1 to 5 carbon atoms or R can be an alkylmercapto group containing 1 to 5 carbon atoms, R1 being in the 3- or 5-position, and Y is a 2 to 7 carbon straight chain alkyl group or an omega-hydroxy or omega-acyloxy derivative thereof) and acid-addition salts thereof; and their preparation by the following methods (1) reacting the appropriate N-(disubstituted-phenyl)-N&#39;-unsubstituted piperazine with a halide, sulphate or sulphonate of the group Y, conveniently in an anhydrous organic solvent ; (2) reducing a compound of the formula : &lt;FORM:0850662/IV(b)/2&gt; (wherein Z is - CH2 - or &lt; CO and R1 is an alkyl group of at most 4 carbon atoms) catalytically with gaseous hydrogen and a metal catalyst such as copper chromite or by chemical means using sodium and an alcohol or a complex oxidisable metal hydride such as LiAlH4 ; (3) for compounds wherein Y is a -(CH2)3OH group, by reacting the appropriate N-(disubstituted phenyl)-N1-unsubstituted piperazine with allyl alcohol, preferably at 75 DEG to 100 DEG C.; (4) for compounds wherein Y is -(CH2)2OH, by reacting the appropriate N-(disubstituted phenyl)-N1-unsubstituted piperazine with ethylene oxide at 10 DEG to 80 DEG C.; (5) for compounds wherein Y is an omega-acyloxy radical, by acylation of the corresponding omega-hydroxy-alkyl compounds; and (6) for compounds wherein Y is an omega-hydroxy-alkyl radical, by hydrolysis or alcoholysis of the corresponding acyloxy compounds. Examples describe the preparation of compounds of the above general formula wherein R, R1 and Y have the following values : &lt;FORM:0850662/IV(b)/3&gt; Hydrochlorides and hydrobromides of some of the products are prepared and a further list of salt-forming inorganic and organic acids is provided. 4 - (2 : 3 - Dichlorophenyl - 1 - delta - carbometh - oxyvaleryl-piperazine is prepared by refluxing thionyl chloride with monomethyl adipate to give 5-carbomethoxyvaleryl chloride and condensing this with 1-(2 : 3-dichlorophenyl)-piperazine. Ethyl 4-(5-bromo-2-methoxyphenyl)-1-piperazine butyrate is prepared from 1-(5-bromo-2-methoxyphenyl)-piperazine and ethyl gamma-bromo-butyrate. Specification 850,663 is referred to.",0
70416544,SEED,"Polynucleotides, compositions, and methods for polypeptide expression","Compositions and methods for gene editing. In some embodiments, a polynucleotide encoding Cas9 is provided that can provide one or more of improved editing efficiency, reduced immunogenicity, or other benefits.","Polynucleotides, compositions, and methods for polypeptide expression Compositions and methods for gene editing. In some embodiments, a polynucleotide encoding Cas9 is provided that can provide one or more of improved editing efficiency, reduced immunogenicity, or other benefits.",1
68993103,ANTISEED-manual,African swine fever virus synthetic peptide ELISA antibody detection kit,"The invention discloses an ELISA antibody detection kit for African swine fever virus synthetic peptide. The kit comprises an ELISA plate, positive control serum, negative control serum, an ELISA secondary antibody, a sample diluent, a 20-time concentrated washing solution, a substrate solution A, a substrate solution B and a stop solution, wherein the ELISA plate is coated with the African swine fever virus epitope polypeptide composition. The antigen epitope polypeptide composition is one or any combination of more than two of a polypeptide shown as a sequence 1 in a sequence table, a polypeptide shown as a sequence 2 in the sequence table and a polypeptide shown as a sequence 3 in the sequence table. The kit uses chemically synthesized antigen peptide to coat the ELISA plate, has small antigen dosage and high sensitivity and specificity, and can efficiently detect whether the antibody infected with the African swine fever virus exists. The kit has the advantages of high sensitivity, good specificity, convenient operation and good market prospect.","African swine fever virus synthetic peptide ELISA antibody detection kit The invention discloses an ELISA antibody detection kit for African swine fever virus synthetic peptide. The kit comprises an ELISA plate, positive control serum, negative control serum, an ELISA secondary antibody, a sample diluent, a 20-time concentrated washing solution, a substrate solution A, a substrate solution B and a stop solution, wherein the ELISA plate is coated with the African swine fever virus epitope polypeptide composition. The antigen epitope polypeptide composition is one or any combination of more than two of a polypeptide shown as a sequence 1 in a sequence table, a polypeptide shown as a sequence 2 in the sequence table and a polypeptide shown as a sequence 3 in the sequence table. The kit uses chemically synthesized antigen peptide to coat the ELISA plate, has small antigen dosage and high sensitivity and specificity, and can efficiently detect whether the antibody infected with the African swine fever virus exists. The kit has the advantages of high sensitivity, good specificity, convenient operation and good market prospect.",0
24940422,ANTISEED-AF,High speed printer hammer assembly,"A high speed printer is provided having a plurality of aligned hammer assemblies for directing hammers at a moving character band for printing characters responsive to the hammer&#39;s driving against the character band. The hammer assembly has a striker arm pivotly mounted to a striker assembly frame and which acts as an armature when driven by a pair of magnets. The magnets are attached to the striker assembly frame on opposite sides of the striker arm and on opposite sides of the pivot point for the striker arm so that simultaneously actuating both magnets pulls the striker arm for actuating the hammer. Each magnet has a single coil, with one of the magnets having a reverse polarity from each adjacent magnet on an adjacent assembly, while the other magnet has the same polarity to avoid cross-talk and to increase the speed of the printer. A pressure-sensitive tape is bonded to the striker armature to provide a residual air gap between the armature and magnet poles and improvements are made in the hammer guide combs, return plunger, and the platen.","High speed printer hammer assembly A high speed printer is provided having a plurality of aligned hammer assemblies for directing hammers at a moving character band for printing characters responsive to the hammer&#39;s driving against the character band. The hammer assembly has a striker arm pivotly mounted to a striker assembly frame and which acts as an armature when driven by a pair of magnets. The magnets are attached to the striker assembly frame on opposite sides of the striker arm and on opposite sides of the pivot point for the striker arm so that simultaneously actuating both magnets pulls the striker arm for actuating the hammer. Each magnet has a single coil, with one of the magnets having a reverse polarity from each adjacent magnet on an adjacent assembly, while the other magnet has the same polarity to avoid cross-talk and to increase the speed of the printer. A pressure-sensitive tape is bonded to the striker armature to provide a residual air gap between the armature and magnet poles and improvements are made in the hammer guide combs, return plunger, and the platen.",0
58369364,SEED,A kind of method for cultivating low cadmium-accumulation rice variety,"The invention discloses a kind of method for cultivating low cadmium-accumulation rice variety, including：The part CDS sequences of the OsNramp5 of clone&#39;s long-grained nonglutinous rice acceptor material；Using CRISPR/Cas9 systems, target sequence is selected according to exon sequence, build pCRISPR/Cas9 recombinant vectors；Transgenic seedling will be obtained in pCRISPR/Cas9 recombinant vector Introduced into Rice calluss；Screening transgenic positive plant；Obtain mutant plant；Mutant plant is carried out into breeding, the afunction mutant without transgene component is separated in Progeny plants.The present invention knocks out long-grained nonglutinous rice Cd uptake major gene resistance OsNramp5 using CRISPR/Cas9 technologies orientation, orientation is bred as without transgene component, the long-grained nonglutinous rice material that comprehensive agronomy character is without significant variation and Cd concentration of brown rice is low, with targeting it is efficient, breeding cycle is short, low cost, the advantage such as practical.","A kind of method for cultivating low cadmium-accumulation rice variety The invention discloses a kind of method for cultivating low cadmium-accumulation rice variety, including：The part CDS sequences of the OsNramp5 of clone&#39;s long-grained nonglutinous rice acceptor material；Using CRISPR/Cas9 systems, target sequence is selected according to exon sequence, build pCRISPR/Cas9 recombinant vectors；Transgenic seedling will be obtained in pCRISPR/Cas9 recombinant vector Introduced into Rice calluss；Screening transgenic positive plant；Obtain mutant plant；Mutant plant is carried out into breeding, the afunction mutant without transgene component is separated in Progeny plants.The present invention knocks out long-grained nonglutinous rice Cd uptake major gene resistance OsNramp5 using CRISPR/Cas9 technologies orientation, orientation is bred as without transgene component, the long-grained nonglutinous rice material that comprehensive agronomy character is without significant variation and Cd concentration of brown rice is low, with targeting it is efficient, breeding cycle is short, low cost, the advantage such as practical.",1
22889384,SEED,High-throughput gene cloning and phenotypic screening,"The invention relates to the use of high-throughput methods for gene targeting, recombination, phenotype screening and biovalidation of drug targets utilizing enhanced homologous recombination (EHR) techniques. These methods utilize robotically driven multichannel pipetters to perform liquid, particle, cell and organism handling, robotically controlled plate and sample handling platforms, magnetic probes and affinity probes to selectivily capture nucleic acid hybrids, and thermally regulated plates or blocks for temperature controlled reactions.","High-throughput gene cloning and phenotypic screening The invention relates to the use of high-throughput methods for gene targeting, recombination, phenotype screening and biovalidation of drug targets utilizing enhanced homologous recombination (EHR) techniques. These methods utilize robotically driven multichannel pipetters to perform liquid, particle, cell and organism handling, robotically controlled plate and sample handling platforms, magnetic probes and affinity probes to selectivily capture nucleic acid hybrids, and thermally regulated plates or blocks for temperature controlled reactions.",1
21033158,ANTISEED-AF,Hydraulic jack,"GVDRAVLIC DESKRAT, comprising a housing, a vertical plunger mounted in the housing with a shaped side surface for interaction in the lower part -. in the extreme open position of the plunger, with a retaining annular surface formed in the upper part of the body, and the plunger seal installed in the upper part of the body, characterized in that, in order to increase the stroke length of the plunger, the sealing surface is set under the retaining ring surface of the housing. (/} CZ § g: 0 H WITH","Hydraulic jack GVDRAVLIC DESKRAT, comprising a housing, a vertical plunger mounted in the housing with a shaped side surface for interaction in the lower part -. in the extreme open position of the plunger, with a retaining annular surface formed in the upper part of the body, and the plunger seal installed in the upper part of the body, characterized in that, in order to increase the stroke length of the plunger, the sealing surface is set under the retaining ring surface of the housing. (/} CZ § g: 0 H WITH",0
14088265,ANTISEED-AF,,,,0
27670946,ANTISEED-manual,Targeted enzyme prodrug therapy,"The present invention provides targeted enzymes that bind to targets better than the corresponding pre-targeted enzymes bind the target under like conditions, methods of making targeted enzymes, methods of using targeted enzymes to treat diseases, and pharmaceutical compositions comprising targeted enzymes.","Targeted enzyme prodrug therapy The present invention provides targeted enzymes that bind to targets better than the corresponding pre-targeted enzymes bind the target under like conditions, methods of making targeted enzymes, methods of using targeted enzymes to treat diseases, and pharmaceutical compositions comprising targeted enzymes.",0
70651799,SEED,Method for establishing Sissy medaka model for simulating human spermary ovarian syndrome,"The invention relates to a method for establishing a Sissy medaka model for simulating human spermovariosis syndrome, which comprises the following steps: a) selecting and breeding a homozygous female fish gsdf KO medaka with a gsdf knockout by using a gsdf specific primer; b) the gsdf ectopic expression transgene XX male fish Tg is established by using a lens coexpression gsdf2AEGFP plasmid, cryGsdf 2A-EGFP; c) genetic hybridization and breeding: crossing a XX male fish with a gsdfKO female by a Tgs cryGsdf2A-EGFP transgene to obtain a gsdff heterozygous XXTg male medaka, and then crossing a female medaka with the gsdfKO to finally obtain a hermaphrodite Sissy medaka. The invention firstly utilizes gene editing to artificially establish the animal model of the spermary ovary, and provides a living animal model for researching the molecular mechanism of germ cell male and female differentiation and the pathogenic mechanism of spermary ovary generation.","Method for establishing Sissy medaka model for simulating human spermary ovarian syndrome The invention relates to a method for establishing a Sissy medaka model for simulating human spermovariosis syndrome, which comprises the following steps: a) selecting and breeding a homozygous female fish gsdf KO medaka with a gsdf knockout by using a gsdf specific primer; b) the gsdf ectopic expression transgene XX male fish Tg is established by using a lens coexpression gsdf2AEGFP plasmid, cryGsdf 2A-EGFP; c) genetic hybridization and breeding: crossing a XX male fish with a gsdfKO female by a Tgs cryGsdf2A-EGFP transgene to obtain a gsdff heterozygous XXTg male medaka, and then crossing a female medaka with the gsdfKO to finally obtain a hermaphrodite Sissy medaka. The invention firstly utilizes gene editing to artificially establish the animal model of the spermary ovary, and provides a living animal model for researching the molecular mechanism of germ cell male and female differentiation and the pathogenic mechanism of spermary ovary generation.",1
64105017,SEED,CRISPR/CAS9 directed editing of cellular RNA via nuclear delivery,"Disclosed herein are techniques for programmable RNA editing with single nucleotide resolution using RNA-targeted CRISPR/Cas 9. Applicants refer to this method as &#34;Cas 9-directed RNA editing&#34; or &#34;CREDIT&#34; which provides a way to reversibly alter genetic information in a temporal manner, unlike traditional CRISPR/Cas 9-driven genome engineering which relies on permanently altering DNA sequences.","CRISPR/CAS9 directed editing of cellular RNA via nuclear delivery Disclosed herein are techniques for programmable RNA editing with single nucleotide resolution using RNA-targeted CRISPR/Cas 9. Applicants refer to this method as &#34;Cas 9-directed RNA editing&#34; or &#34;CREDIT&#34; which provides a way to reversibly alter genetic information in a temporal manner, unlike traditional CRISPR/Cas 9-driven genome engineering which relies on permanently altering DNA sequences.",1
23294106,ANTISEED-AF,Adjustable stop for hydraulic cylinder,,Adjustable stop for hydraulic cylinder,0
69980173,SEED,Application of streptococcus digestus glutamate dehydrogenase GdhA in improving yield of bacillus licheniformis poly gamma-glutamic acid,"The invention belongs to the technical field of genetic engineering and enzyme engineering, and discloses application of streptococcus digestus glutamate dehydrogenase GdhA in improving the yield of bacillus licheniformis poly gamma-glutamic acid. The invention uses homologous recombination mode to derive from streptococcus(s) ( Peptostreptococcus asaccharolyticus ) In the step (a), glutamate dehydrogenase GdhA replaces Bacillus licheniformis WX-02( Baclicus lincheniformis ) The self glutamate dehydrogenase obviously improves the synthesis level of the poly-gamma-glutamic acid of the bacillus licheniformis, and the yield of the obtained bacterial strain poly-gamma-glutamic acid is improved by at least 20 percent compared with that of a control bacterial strain. The invention provides a new method for the high-efficiency production of poly-gamma-glutamic acidAnd (4) strategy.","Application of streptococcus digestus glutamate dehydrogenase GdhA in improving yield of bacillus licheniformis poly gamma-glutamic acid The invention belongs to the technical field of genetic engineering and enzyme engineering, and discloses application of streptococcus digestus glutamate dehydrogenase GdhA in improving the yield of bacillus licheniformis poly gamma-glutamic acid. The invention uses homologous recombination mode to derive from streptococcus(s) ( Peptostreptococcus asaccharolyticus ) In the step (a), glutamate dehydrogenase GdhA replaces Bacillus licheniformis WX-02( Baclicus lincheniformis ) The self glutamate dehydrogenase obviously improves the synthesis level of the poly-gamma-glutamic acid of the bacillus licheniformis, and the yield of the obtained bacterial strain poly-gamma-glutamic acid is improved by at least 20 percent compared with that of a control bacterial strain. The invention provides a new method for the high-efficiency production of poly-gamma-glutamic acidAnd (4) strategy.",1
71428053,ANTISEED-manual,Detection reagent for radioactive damage diseases and application thereof,"The invention discloses a detection reagent for radioactive damage diseases and application thereof, in particular to a detection reagent for AC114730.3 and application thereof in preparing products for diagnosing breast cancer; the invention also discloses an AC 114730.3-targeted reagent and application thereof in preparing a pharmaceutical composition for treating breast cancer.","Detection reagent for radioactive damage diseases and application thereof The invention discloses a detection reagent for radioactive damage diseases and application thereof, in particular to a detection reagent for AC114730.3 and application thereof in preparing products for diagnosing breast cancer; the invention also discloses an AC 114730.3-targeted reagent and application thereof in preparing a pharmaceutical composition for treating breast cancer.",0
67913022,SEED,A kind of high-resolution solubility curve detection method of OsNramp5 gene specific locus mutation,"The invention discloses a kind of high-resolution solubility curve detection methods of OsNramp5 gene specific locus mutation, low cadmium rice strain can be quickly formulated by knocking out OsNramp5 gene, in the gene knockout that conventional CRISPR/Cas9 is mediated, the screening that the identification of transformed plant present age mutant and offspring remove label Mutants homozygous genotype is detected according to conventional sequencing approach, time and effort consuming, higher cost.In order to overcome disadvantage as described above, the present invention provides in a kind of work for knocking out OsNramp5 gene using CRISPR/Cas9, it quickly can detect whether to mutate in the transformed plant present age, and separate the high-resolution solubility curve detection method of offspring&#39;s Rapid identification homozygous mutation individual in mutant.Method provided by the invention has flux big, and speed is fast, advantage at low cost.","A kind of high-resolution solubility curve detection method of OsNramp5 gene specific locus mutation The invention discloses a kind of high-resolution solubility curve detection methods of OsNramp5 gene specific locus mutation, low cadmium rice strain can be quickly formulated by knocking out OsNramp5 gene, in the gene knockout that conventional CRISPR/Cas9 is mediated, the screening that the identification of transformed plant present age mutant and offspring remove label Mutants homozygous genotype is detected according to conventional sequencing approach, time and effort consuming, higher cost.In order to overcome disadvantage as described above, the present invention provides in a kind of work for knocking out OsNramp5 gene using CRISPR/Cas9, it quickly can detect whether to mutate in the transformed plant present age, and separate the high-resolution solubility curve detection method of offspring&#39;s Rapid identification homozygous mutation individual in mutant.Method provided by the invention has flux big, and speed is fast, advantage at low cost.",1
6795025,ANTISEED-AF,Sewing machine having a waste material container,"A sewing machine has a trimmer and a waste container for trimmed waste fed to it through a guide groove. The waste container that needs little space and also enlarges the workpiece support surface for the sewing material is designed and arranged so that the trimmed waste reaches it over short transport paths. For this purpose, a portion of the sewing machine includes the waste container located beside the trimmer and reaching directly to it, whose top is aligned with a base top plate covering the rest of the base of the sewing machine and together with it forms a support surface for the sewing material.","Sewing machine having a waste material container A sewing machine has a trimmer and a waste container for trimmed waste fed to it through a guide groove. The waste container that needs little space and also enlarges the workpiece support surface for the sewing material is designed and arranged so that the trimmed waste reaches it over short transport paths. For this purpose, a portion of the sewing machine includes the waste container located beside the trimmer and reaching directly to it, whose top is aligned with a base top plate covering the rest of the base of the sewing machine and together with it forms a support surface for the sewing material.",0
40404031,ANTISEED-manual,Bacteriophages and coating material for surfaces,"The present invention relates to a composition comprising bacteriophages and coating material for surfaces, wherein a first additional peptide is fused to proteins of the bacteriophage and, further, a second additional peptide is fused to proteins of the bacteriophage. Furthermore, the present invention relates to a surface which is coated with the composition and the use of the composition for coating surfaces.","Bacteriophages and coating material for surfaces The present invention relates to a composition comprising bacteriophages and coating material for surfaces, wherein a first additional peptide is fused to proteins of the bacteriophage and, further, a second additional peptide is fused to proteins of the bacteriophage. Furthermore, the present invention relates to a surface which is coated with the composition and the use of the composition for coating surfaces.",0
47562133,ANTISEED-AF,Sheep harness,"It is disclosed a sheep harness constituted of fabric fastening straps adaptable, in a steady and smooth manner, to three different regions of the sheep’s body. Said harness helps animals in freely moving, walking, running and eating without affecting trees and the productivity thereof.","Sheep harness It is disclosed a sheep harness constituted of fabric fastening straps adaptable, in a steady and smooth manner, to three different regions of the sheep’s body. Said harness helps animals in freely moving, walking, running and eating without affecting trees and the productivity thereof.",0
62244415,ANTISEED-manual,A method for engineering a protein,"The present invention relates to a method for engineering a protein in a host cell, comprising the following steps:identifying a protein of interest and introducing the coding sequence of the protein of interest into the genome of the host cell;screening for hotspots for amino acid mutations in the protein of interest;generating a set of specific guide RNAs and libraries of homologous recombination template that generate mutations at the desired sites within the protein coding region;introducing the guide RNA and the library of homologous recombination template into the host cell, thereby producing mutated protein coding regions;screening to select for cells that express the protein of interest with desired activity and/or property from the mutated protein coding regions, thereby providing an engineered protein.","A method for engineering a protein The present invention relates to a method for engineering a protein in a host cell, comprising the following steps:identifying a protein of interest and introducing the coding sequence of the protein of interest into the genome of the host cell;screening for hotspots for amino acid mutations in the protein of interest;generating a set of specific guide RNAs and libraries of homologous recombination template that generate mutations at the desired sites within the protein coding region;introducing the guide RNA and the library of homologous recombination template into the host cell, thereby producing mutated protein coding regions;screening to select for cells that express the protein of interest with desired activity and/or property from the mutated protein coding regions, thereby providing an engineered protein.",0
61921821,ANTISEED-AF,A kind of Multifunction cork-screw,"A kind of Multifunction cork-screw,Bottle bottle opener and medicine bottle cap bottle opener are cutd open including peace,Peace cuts open bottle bottle opener and cuts open a bottle firm banking including peace,Peace cuts open bottle grip block and emery wheel,Peace cuts open bottle firm banking and is equipped with fixed groove,Peace cuts open bottle grip block and is equipped with arc convex,Emery wheel is positioned in the object placing cavity that peace cuts open bottle grip block,Pacify the Handheld Division a cutd open on the left of bottle firm banking and be equipped with inserting groove a,The right side curved portion that peace cuts open bottle firm banking is equipped with inserting groove b,Accordingly peace cuts open the Handheld Division b bottoms of bottle grip block and is equipped with grafting block a,The curved portion that peace cuts open bottle grip block is equipped with grafting block b,Medicine bottle cap bottle opener is by bottle cap clamping plate,Clamping rib and the sliding block composition for being fixed on bottle cap clamping plate both sides,The bottle opener function is more,Portability is more preferable,Finger and peace can be avoided to cut open bottle when opening peace and cuing open bottle directly to contact and break disconnected peace and cut open a bottle top,It is more light that medicine bottle capping is opened at the same time,Improve operating efficiency.","A kind of Multifunction cork-screw A kind of Multifunction cork-screw,Bottle bottle opener and medicine bottle cap bottle opener are cutd open including peace,Peace cuts open bottle bottle opener and cuts open a bottle firm banking including peace,Peace cuts open bottle grip block and emery wheel,Peace cuts open bottle firm banking and is equipped with fixed groove,Peace cuts open bottle grip block and is equipped with arc convex,Emery wheel is positioned in the object placing cavity that peace cuts open bottle grip block,Pacify the Handheld Division a cutd open on the left of bottle firm banking and be equipped with inserting groove a,The right side curved portion that peace cuts open bottle firm banking is equipped with inserting groove b,Accordingly peace cuts open the Handheld Division b bottoms of bottle grip block and is equipped with grafting block a,The curved portion that peace cuts open bottle grip block is equipped with grafting block b,Medicine bottle cap bottle opener is by bottle cap clamping plate,Clamping rib and the sliding block composition for being fixed on bottle cap clamping plate both sides,The bottle opener function is more,Portability is more preferable,Finger and peace can be avoided to cut open bottle when opening peace and cuing open bottle directly to contact and break disconnected peace and cut open a bottle top,It is more light that medicine bottle capping is opened at the same time,Improve operating efficiency.",0
70562810,SEED,Cas9 fusion protein for improving gene knock-in efficiency and exogenous gene knock-in integration system,"The invention discloses a Cas9 fusion protein capable of improving gene knock-in efficiency and a safe and efficient exogenous gene knock-in integration system. According to the invention, the Cas9 fusion protein prepared by fusing the Cas9 protein and the DNA binding domain of the transcription factor is used for gene knock-in, so that the gene knock-in efficiency can be effectively improved. The foreign gene knock-in integration system further intervenes the cells of the expression vector and the donor vector co-transfected with the Cas9 fusion protein and the gRNA by using the small molecular compound on the basis of applying the Cas9 fusion protein, can effectively promote the occurrence of KI events of different genomes and cell lines by using the synergistic effect of the Cas9 fusion protein and the small molecular compound, obviously improves the knock-in efficiency of genes, and provides convenience for the production of model animals and gene therapy.","Cas9 fusion protein for improving gene knock-in efficiency and exogenous gene knock-in integration system The invention discloses a Cas9 fusion protein capable of improving gene knock-in efficiency and a safe and efficient exogenous gene knock-in integration system. According to the invention, the Cas9 fusion protein prepared by fusing the Cas9 protein and the DNA binding domain of the transcription factor is used for gene knock-in, so that the gene knock-in efficiency can be effectively improved. The foreign gene knock-in integration system further intervenes the cells of the expression vector and the donor vector co-transfected with the Cas9 fusion protein and the gRNA by using the small molecular compound on the basis of applying the Cas9 fusion protein, can effectively promote the occurrence of KI events of different genomes and cell lines by using the synergistic effect of the Cas9 fusion protein and the small molecular compound, obviously improves the knock-in efficiency of genes, and provides convenience for the production of model animals and gene therapy.",1
57817888,ANTISEED-manual,Recombinant adenovirus and tetravalent adenovirus vaccine and preparation method thereof,"The invention discloses a recombinant adenovirus and tetravalent adenovirus vaccine and a preparation method thereof. The tetravalent recombinant adenovirus vaccine contains a recombinant type 3 adenovirus strain, a recombinant type 7 adenovirus strain, a recombinant type 14 adenovirus strain and a recombinant type 55 adenovirus strain. The preparation method disclosed by the invention comprises the following steps: preparing recombinant shuttle plasmids containing hexon gene segments, and performing in-bacteria homologous recombination with a recombinant human type 3 adenovirus strain, thereby obtaining a recombinant adenoviral genome in which the hexon gene segments are replaced by type 7, type 14 and type 55; transfecting cells, rescuing to obtain recombinant human type 3, 7, 14 and 55 recombinant adenoviruses with different main capsid protein-hexon proteins; purifying, mixing according to the same protein content, and inactivating by using beta-propiolactone, thereby obtaining the tetravalent adenovirus vaccine. The tetravalent adenovirus vaccine is capable of inducing neutralizing antibody responses to four types of serotype adenoviruses, and the neutralizing titer is 500-1000.","Recombinant adenovirus and tetravalent adenovirus vaccine and preparation method thereof The invention discloses a recombinant adenovirus and tetravalent adenovirus vaccine and a preparation method thereof. The tetravalent recombinant adenovirus vaccine contains a recombinant type 3 adenovirus strain, a recombinant type 7 adenovirus strain, a recombinant type 14 adenovirus strain and a recombinant type 55 adenovirus strain. The preparation method disclosed by the invention comprises the following steps: preparing recombinant shuttle plasmids containing hexon gene segments, and performing in-bacteria homologous recombination with a recombinant human type 3 adenovirus strain, thereby obtaining a recombinant adenoviral genome in which the hexon gene segments are replaced by type 7, type 14 and type 55; transfecting cells, rescuing to obtain recombinant human type 3, 7, 14 and 55 recombinant adenoviruses with different main capsid protein-hexon proteins; purifying, mixing according to the same protein content, and inactivating by using beta-propiolactone, thereby obtaining the tetravalent adenovirus vaccine. The tetravalent adenovirus vaccine is capable of inducing neutralizing antibody responses to four types of serotype adenoviruses, and the neutralizing titer is 500-1000.",0
69374505,ANTISEED-manual,Method for reducing proteinuria in a human suffering from immunoglobulin and nephropathy,"In one aspect, the invention relates to methods for reducing proteinuria in a person suffering from or at risk of developing immunoglobulin A nephropathy (IgAN). The methods include the step of administering to a subject in need thereof an amount of a MASP-2 inhibitory antibody effective to suppress MASP-2 dependent complement activation.","Method for reducing proteinuria in a human suffering from immunoglobulin and nephropathy In one aspect, the invention relates to methods for reducing proteinuria in a person suffering from or at risk of developing immunoglobulin A nephropathy (IgAN). The methods include the step of administering to a subject in need thereof an amount of a MASP-2 inhibitory antibody effective to suppress MASP-2 dependent complement activation.",0
34218241,ANTISEED-AF,Vehicle seat assembly having a field effect sensor for detecting seat position,"A vehicle seat assembly including a rail pair defining a mounting rail and a triggering rail. One of the rails is supported on a floor pan of the vehicle and the other is adapted to support a seat cushion. The rails are moveably supported relative to each other. Also, included is a field effect sensor operatively supported by the mounting rail such that the field effect sensor can be positioned in a first range of positions as well as second range of positions relative to the triggering rail. The sensor is adapted to emit an electric field and to detect disruption of the field when the field effect sensor is positioned in the first range of positions.","Vehicle seat assembly having a field effect sensor for detecting seat position A vehicle seat assembly including a rail pair defining a mounting rail and a triggering rail. One of the rails is supported on a floor pan of the vehicle and the other is adapted to support a seat cushion. The rails are moveably supported relative to each other. Also, included is a field effect sensor operatively supported by the mounting rail such that the field effect sensor can be positioned in a first range of positions as well as second range of positions relative to the triggering rail. The sensor is adapted to emit an electric field and to detect disruption of the field when the field effect sensor is positioned in the first range of positions.",0
49034081,ANTISEED-manual,Cytoplasmic male sterile cichorium plants,"The present invention relates to cytoplasmic male sterile (CMS) Cichorium plants and especially to cytoplasmic male sterile (CMS) green chicory plants; cytoplasmic male sterile (CMS) radicchio rosso plants; cytoplasmic male sterile (CMS) red leaved chicory plants, cytoplasmic male sterile (CMS) Treviso plants, cytoplasmic male sterile (CMS) white chicory plants, cytoplasmic male sterile (CMS) sugar loaf plants, cytoplasmic male sterile (CMS) Belgian endive plants, cytoplasmic male sterile (CMS) witloof plants, cytoplasmic male sterile (CMS) Catalogna plants, cytoplasmic male sterile (CMS) C. intybus var. foliosum plants, cytoplasmic male sterile (CMS) C. endivia plants and cytoplasmic male sterile (CMS) C. intybus L. var. sativum plants. The present invention further relates to methods for identifying cytoplasmic male sterile (CMS) Cichorium plants and mitochondrial nucleic acid sequences providing cytoplasmic male sterility (CMS) in Cichorium plants.","Cytoplasmic male sterile cichorium plants The present invention relates to cytoplasmic male sterile (CMS) Cichorium plants and especially to cytoplasmic male sterile (CMS) green chicory plants; cytoplasmic male sterile (CMS) radicchio rosso plants; cytoplasmic male sterile (CMS) red leaved chicory plants, cytoplasmic male sterile (CMS) Treviso plants, cytoplasmic male sterile (CMS) white chicory plants, cytoplasmic male sterile (CMS) sugar loaf plants, cytoplasmic male sterile (CMS) Belgian endive plants, cytoplasmic male sterile (CMS) witloof plants, cytoplasmic male sterile (CMS) Catalogna plants, cytoplasmic male sterile (CMS) C. intybus var. foliosum plants, cytoplasmic male sterile (CMS) C. endivia plants and cytoplasmic male sterile (CMS) C. intybus L. var. sativum plants. The present invention further relates to methods for identifying cytoplasmic male sterile (CMS) Cichorium plants and mitochondrial nucleic acid sequences providing cytoplasmic male sterility (CMS) in Cichorium plants.",0
50928941,SEED,Targeted mutations,"The present invention relates to a process for producing and selecting for targeted mutations in bacterial genomes. In particular, the process relates to the transformation of bacteria with a Recombination Element which comprises the desired mutation followed by homologous recombination of the Recombination Element into the bacterial genome; the CRISPR/Cas system is then used to eliminate bacteria which do not have the desired mutation.","Targeted mutations The present invention relates to a process for producing and selecting for targeted mutations in bacterial genomes. In particular, the process relates to the transformation of bacteria with a Recombination Element which comprises the desired mutation followed by homologous recombination of the Recombination Element into the bacterial genome; the CRISPR/Cas system is then used to eliminate bacteria which do not have the desired mutation.",1
63539267,SEED,The method for establishing KI-T2A-luciferase cell lines based on CRISPR/Cas9 targeted genomic modification technologies,"The invention discloses a kind of methods for establishing KI T2A luciferase cell lines based on CRISPR/Cas9 target gene group pointed decoration technologies, using CRISPR/Cas9 technologies in the genome mmp12 genes 3 &#39; end united in situ enter T2A luciferase reporter genes, the knock in cell lines of MMP12 T2A luciferase are established, and demonstrate the site-directed integration of foreign gene in the genome in this cell line.There is the transcription factor STAT3 of activation to carry out transcriptional activation to MMP12 T2A luciferase cell lines mmp12 using what is reported simultaneously, the results showed that the luciferase expressions in MMP12 T2A luciferase cell lines accurately can delicately reflect MMP12 protein expression levels in cell line.The foundation of the cell line, which will be helpful to mmp12 gene functional research and screening, influences the small-molecule chemical drug of mmp12 expression, and a kind of new experimental considerations and solution are provided for the migration and its correlative study of cancer cell.","The method for establishing KI-T2A-luciferase cell lines based on CRISPR/Cas9 targeted genomic modification technologies The invention discloses a kind of methods for establishing KI T2A luciferase cell lines based on CRISPR/Cas9 target gene group pointed decoration technologies, using CRISPR/Cas9 technologies in the genome mmp12 genes 3 &#39; end united in situ enter T2A luciferase reporter genes, the knock in cell lines of MMP12 T2A luciferase are established, and demonstrate the site-directed integration of foreign gene in the genome in this cell line.There is the transcription factor STAT3 of activation to carry out transcriptional activation to MMP12 T2A luciferase cell lines mmp12 using what is reported simultaneously, the results showed that the luciferase expressions in MMP12 T2A luciferase cell lines accurately can delicately reflect MMP12 protein expression levels in cell line.The foundation of the cell line, which will be helpful to mmp12 gene functional research and screening, influences the small-molecule chemical drug of mmp12 expression, and a kind of new experimental considerations and solution are provided for the migration and its correlative study of cancer cell.",1
67957738,ANTISEED-manual,For the targeting detection of XY sexual abnormality disease,"The present invention provides a kind of targeting detections for XY sexual abnormality disease, specifically, the present invention provides the purposes in sexual abnormality related gene or its site, and/or its detection reagent, it is used to prepare reagent or kit, the reagent or kit are for detecting detected object to the neurological susceptibility of sexual abnormality, and the sexual abnormality related gene is selected from the group: SRD5A2, AR and NR5A1.","For the targeting detection of XY sexual abnormality disease The present invention provides a kind of targeting detections for XY sexual abnormality disease, specifically, the present invention provides the purposes in sexual abnormality related gene or its site, and/or its detection reagent, it is used to prepare reagent or kit, the reagent or kit are for detecting detected object to the neurological susceptibility of sexual abnormality, and the sexual abnormality related gene is selected from the group: SRD5A2, AR and NR5A1.",0
69599723,SEED,Wheat TaARF12 gene and application thereof,"The invention provides a wheat TaARF12 gene and application thereof, belonging to the field of crop molecular biology. The invention designs a primer to clone a coding region sequence of TaARF12 from cDNA of young ears in spring of China, and the sequences of the coding region sequence of the TaARF12 gene in A, B, D homologous chromosomes are respectively shown in SEQ ID NO. 1-3. The invention selects a specific RNAi fragment of TaARF12, constructs an RNAi vector and converts the RNAi vector into Fielder. Meanwhile, a gene editing vector containing two target sites is constructed by using the CRISPR/Cas9 vector and the wild-type Fielder is transformed. The obtained RNAi transgenic line and the gene editing line have similar phenotypes and show that the plant height is shortened and the spike is lengthened. The wheat TaARF12 gene can regulate and control the height and the ear length of the plant, and the plant is shown to be dwarfed and the ear is increased after the gene is interfered to express.","Wheat TaARF12 gene and application thereof The invention provides a wheat TaARF12 gene and application thereof, belonging to the field of crop molecular biology. The invention designs a primer to clone a coding region sequence of TaARF12 from cDNA of young ears in spring of China, and the sequences of the coding region sequence of the TaARF12 gene in A, B, D homologous chromosomes are respectively shown in SEQ ID NO. 1-3. The invention selects a specific RNAi fragment of TaARF12, constructs an RNAi vector and converts the RNAi vector into Fielder. Meanwhile, a gene editing vector containing two target sites is constructed by using the CRISPR/Cas9 vector and the wild-type Fielder is transformed. The obtained RNAi transgenic line and the gene editing line have similar phenotypes and show that the plant height is shortened and the spike is lengthened. The wheat TaARF12 gene can regulate and control the height and the ear length of the plant, and the plant is shown to be dwarfed and the ear is increased after the gene is interfered to express.",1
47218299,ANTISEED-manual,Gas detection apparatus and gas detection method,"A gas is detected using a MEMS gas sensor. The electrical power to a heater in the gas sensor is changed between a low level, a high level suitable for detection of detection target gas, and a 0 level, and, therefore, poisonous gas is evaporated or oxidized at the low level, and the detection target gas is detected at the high level.","Gas detection apparatus and gas detection method A gas is detected using a MEMS gas sensor. The electrical power to a heater in the gas sensor is changed between a low level, a high level suitable for detection of detection target gas, and a 0 level, and, therefore, poisonous gas is evaporated or oxidized at the low level, and the detection target gas is detected at the high level.",0
43430910,SEED,Products and methods for enhanced transgene expression and processing,"Disclosed are methods and eukaryotic host cells for transgene expression. The cells may be treated and/or modified to increase homologous recombination (HR), decrease non homologous end joining (NHEJ) and/or to enhanced a HR/NHEJ ratio in said cell. Such cells can be transfected with vectors comprising the transgene, which advantageously integrates into the genome of the cell to form a concatemeric strucutre which may comprise more than 200 transgene copies. Certain expression enhancing elements such as MARs are advantageously provided to further enhance and/or facilitate transgene expression. Disclosed is also a recombinant eukaryotic host cell, in particular a non-primate host cell, comprising a transgenic sequence encoding a protein and/or a RNA, in particualr a primate protein and/or RNA, involved in translocation across the ER membrane and/or secretion across the cytoplasmic membrane.","Products and methods for enhanced transgene expression and processing Disclosed are methods and eukaryotic host cells for transgene expression. The cells may be treated and/or modified to increase homologous recombination (HR), decrease non homologous end joining (NHEJ) and/or to enhanced a HR/NHEJ ratio in said cell. Such cells can be transfected with vectors comprising the transgene, which advantageously integrates into the genome of the cell to form a concatemeric strucutre which may comprise more than 200 transgene copies. Certain expression enhancing elements such as MARs are advantageously provided to further enhance and/or facilitate transgene expression. Disclosed is also a recombinant eukaryotic host cell, in particular a non-primate host cell, comprising a transgenic sequence encoding a protein and/or a RNA, in particualr a primate protein and/or RNA, involved in translocation across the ER membrane and/or secretion across the cytoplasmic membrane.",1
67063872,ANTISEED-manual,Scaffold material for stem cell culture and method for stem cell culture using same,"The present invention relates to a scaffold material for stem cell culture, wherein the dispersion component gamma of the surface free energy of the scaffold material for stem cell culture d A dipole component gamma of 24.5 or more and less than 45.0 and surface free energy thereof p Is 1 or more and less than 20.0. According to the scaffold material for stem cell culture,has appropriate hydrophilicity and strength, and high immobilization of stem cells after inoculation, and can efficiently proliferate cells.","Scaffold material for stem cell culture and method for stem cell culture using same The present invention relates to a scaffold material for stem cell culture, wherein the dispersion component gamma of the surface free energy of the scaffold material for stem cell culture d A dipole component gamma of 24.5 or more and less than 45.0 and surface free energy thereof p Is 1 or more and less than 20.0. According to the scaffold material for stem cell culture,has appropriate hydrophilicity and strength, and high immobilization of stem cells after inoculation, and can efficiently proliferate cells.",0
4191654,ANTISEED-AF,Installation device for the operation of a sanitary appliance,"The installation device has a frame (4) and a plate (1) which can be releasably attached to this frame (4) and which is releasably secured to the frame (4). The plate (1) is preferably secured at its lower edge (3) to the frame (4) with a locking device (30), and this locking device (3) has a locking element (10) which is captively mounted and can be inserted into a holding element (16), which can be moved, for example, with an Allen key (32) between an unlocked and a locked position and in the locked position prevents the cover plate (1) from shifting in height. The installation device allows easier and faster disassembly and assembly of the cover plate when servicing urinals or other sanitary facilities.","Installation device for the operation of a sanitary appliance The installation device has a frame (4) and a plate (1) which can be releasably attached to this frame (4) and which is releasably secured to the frame (4). The plate (1) is preferably secured at its lower edge (3) to the frame (4) with a locking device (30), and this locking device (3) has a locking element (10) which is captively mounted and can be inserted into a holding element (16), which can be moved, for example, with an Allen key (32) between an unlocked and a locked position and in the locked position prevents the cover plate (1) from shifting in height. The installation device allows easier and faster disassembly and assembly of the cover plate when servicing urinals or other sanitary facilities.",0
55822753,SEED,Plant Cas9 variant protein VQR as well as encoding gene and application thereof,"The invention discloses plant Cas9 variant protein VQR. An amino acid sequence of the protein is shown as SEQ ID No: 2. The invention also discloses a plant Cas9 variant gene VQR. The gene encodes the plant Cas9 variant protein VQR, and a nucleotide sequence of the gene is shown as SEQ ID No: 1. The invention further discloses a recombinant expression vector containing the gene. The plant Cas9 variant protein VQR has the application of being capable of achieving a genome editing function under the condition that the PAM (protospacer adjacent motif) region is 5&#39;-NGA-3&#39;.","Plant Cas9 variant protein VQR as well as encoding gene and application thereof The invention discloses plant Cas9 variant protein VQR. An amino acid sequence of the protein is shown as SEQ ID No: 2. The invention also discloses a plant Cas9 variant gene VQR. The gene encodes the plant Cas9 variant protein VQR, and a nucleotide sequence of the gene is shown as SEQ ID No: 1. The invention further discloses a recombinant expression vector containing the gene. The plant Cas9 variant protein VQR has the application of being capable of achieving a genome editing function under the condition that the PAM (protospacer adjacent motif) region is 5&#39;-NGA-3&#39;.",1
58239796,SEED,"Method for modifying genome sequence that specifically converts nucleobase of targeted dna sequence, and molecular complex used in said method","The present invention provides a method for modifying a targeted site of double-stranded DNA within a host cell, wherein the method includes a step for introducing, into the host cell, (a) DNA that encodes crRNA including a sequence complementary to a target strand of a target nucleotide sequence in selected double-stranded DNA and (b) DNA that encodes a nucleobase-converting enzyme and a protein group constituting a cascade, the (b) DNA being configured in a form that permits the nucleobase-converting enzyme to form complexes with any protein of the protein group, whereby one or more nucleotides of the targeted site are converted into one or more other nucleotides or are deleted, or one or more nucleotides are inserted at the targeted site, without cleaving the double-stranded DNA at the targeted site.","Method for modifying genome sequence that specifically converts nucleobase of targeted dna sequence, and molecular complex used in said method The present invention provides a method for modifying a targeted site of double-stranded DNA within a host cell, wherein the method includes a step for introducing, into the host cell, (a) DNA that encodes crRNA including a sequence complementary to a target strand of a target nucleotide sequence in selected double-stranded DNA and (b) DNA that encodes a nucleobase-converting enzyme and a protein group constituting a cascade, the (b) DNA being configured in a form that permits the nucleobase-converting enzyme to form complexes with any protein of the protein group, whereby one or more nucleotides of the targeted site are converted into one or more other nucleotides or are deleted, or one or more nucleotides are inserted at the targeted site, without cleaving the double-stranded DNA at the targeted site.",1
8858259,ANTISEED-manual,Yeasts transformed by genes enhancing their cold stress tolerance,"The invention concerns yeasts whereof the cold stress tolerance is enhanced by transformation with at least one gene coding for a protein selected among a group 2 LEA protein, a WALI protein, or a LTP.","Yeasts transformed by genes enhancing their cold stress tolerance The invention concerns yeasts whereof the cold stress tolerance is enhanced by transformation with at least one gene coding for a protein selected among a group 2 LEA protein, a WALI protein, or a LTP.",0
44078499,ANTISEED-AF,Battery characteristics simulator,"A battery characteristic simulator capable of deriving a more accurate equivalent circuit is provided.   In a battery characteristic simulator configured to obtain an impedance of the battery based on a voltage waveform obtained by controlling a load current of the battery in a pulse form,   Means for obtaining a change in the open-circuit voltage value of the battery and means for correcting the change in the open-circuit voltage value are provided.   [Selection] Figure 4","Battery characteristics simulator A battery characteristic simulator capable of deriving a more accurate equivalent circuit is provided. In a battery characteristic simulator configured to obtain an impedance of the battery based on a voltage waveform obtained by controlling a load current of the battery in a pulse form, Means for obtaining a change in the open-circuit voltage value of the battery and means for correcting the change in the open-circuit voltage value are provided. [Selection] Figure 4",0
51286500,ANTISEED-AF,Reinforced concrete template beam combining angle iron bars with battens,"A reinforced concrete template beam combining angle iron bars with battens solves the problems that iron bar and batten combined beam is lower in strength and higher in cost. The technical scheme is that angle iron bars (single angle iron bar or double angle iron bars) and battens are combined and fixed into a whole by bolts to form the reinforced template beam. The reinforced template beam has the characteristics of high strength, light weight, cheap cost, low use cost, portability, high convenience, high shape stability, high construction quality, durability and the like.","Reinforced concrete template beam combining angle iron bars with battens A reinforced concrete template beam combining angle iron bars with battens solves the problems that iron bar and batten combined beam is lower in strength and higher in cost. The technical scheme is that angle iron bars (single angle iron bar or double angle iron bars) and battens are combined and fixed into a whole by bolts to form the reinforced template beam. The reinforced template beam has the characteristics of high strength, light weight, cheap cost, low use cost, portability, high convenience, high shape stability, high construction quality, durability and the like.",0
48959378,SEED,Construct and application thereof,"The invention relates to a construct and an application thereof. The construct comprises a first nucleic acid molecule which has a nucleotide sequence shown in SEQ ID NO:1 and a second nucleic acid molecule which has a nucleotide sequence shown in SEQ ID NO: 2. The homologous nucleotide sequences containing subsequences shown in SEQ ID NO:1-2 inside two side wings of a #2 exon of an IGF1 (Insulin-like Growth Factor 1) gene can be guided into an animal cell by means of the construct, so that the IGF1 gene in the animal cell is knocked out through homologous recombination so as to effectively interfere the path of the animal growth axis, further to inhibit growth of animals, and therefore, the body type of the animals is smaller than the body types of wild animals.","Construct and application thereof The invention relates to a construct and an application thereof. The construct comprises a first nucleic acid molecule which has a nucleotide sequence shown in SEQ ID NO:1 and a second nucleic acid molecule which has a nucleotide sequence shown in SEQ ID NO: 2. The homologous nucleotide sequences containing subsequences shown in SEQ ID NO:1-2 inside two side wings of a #2 exon of an IGF1 (Insulin-like Growth Factor 1) gene can be guided into an animal cell by means of the construct, so that the IGF1 gene in the animal cell is knocked out through homologous recombination so as to effectively interfere the path of the animal growth axis, further to inhibit growth of animals, and therefore, the body type of the animals is smaller than the body types of wild animals.",1
62082083,ANTISEED-manual,Probe set for detecting multi drug resistant mycobacterium tuberculosis and detecting method using the same,"The present invention relates to a probe set for detecting multi-drug resistant tuberculosis bacilli and to a kit for detecting multi-drug resistant tuberculosis bacilli using the same. The present invention also relates to a method for detecting the multi-drug resistant tuberculosis bacilli using a probe set for detecting the multi-drug resistant tuberculosis bacilli. According to the probe set for detecting the multi-drug resistant tuberculosis bacilli and a simultaneous diagnosis method of the multi-drug resistant tuberculosis bacilli using the probe set for detecting the multi-drug resistant tuberculosis bacilli, it is possible to detect the multi-drug resistant tuberculosis bacilli rapidly and accurately with high sensitivity by using three simple steps. In addition, a plurality of multi-drug resistant tuberculosis bacilli can be diagnosed simultaneously and many mutations in a highly polymorphic region of a multi-drug resistant tuberculosis bacilli gene can be detected, and thus the probe set of the present invention can be used in various fields such as public health basic data and early screening systems of samples containing the multi-drug resistant tuberculosis bacilli.","Probe set for detecting multi drug resistant mycobacterium tuberculosis and detecting method using the same The present invention relates to a probe set for detecting multi-drug resistant tuberculosis bacilli and to a kit for detecting multi-drug resistant tuberculosis bacilli using the same. The present invention also relates to a method for detecting the multi-drug resistant tuberculosis bacilli using a probe set for detecting the multi-drug resistant tuberculosis bacilli. According to the probe set for detecting the multi-drug resistant tuberculosis bacilli and a simultaneous diagnosis method of the multi-drug resistant tuberculosis bacilli using the probe set for detecting the multi-drug resistant tuberculosis bacilli, it is possible to detect the multi-drug resistant tuberculosis bacilli rapidly and accurately with high sensitivity by using three simple steps. In addition, a plurality of multi-drug resistant tuberculosis bacilli can be diagnosed simultaneously and many mutations in a highly polymorphic region of a multi-drug resistant tuberculosis bacilli gene can be detected, and thus the probe set of the present invention can be used in various fields such as public health basic data and early screening systems of samples containing the multi-drug resistant tuberculosis bacilli.",0
55678477,SEED,Method for CRISPR-Cas9 specific knockout of pig GGTA1 gene and sgRNA for specific targeted GGTA1 gene,"The invention discloses a method for CRISPR-Cas9 specific knockout of a pig GGTA1 gene and sgRNA for a specific targeted GGTA1 gene. The target sequence of the sgRNA for the specific targeted GGTA1 gene on the GGTA1 gene is in accordance with the sequence arrangement rule of 5&#39;-N(20)NGG-3&#39;, wherein N(20) represents 20 continuous bases, and each N represents A or T ot C or G; the target sequence on the GGTA1 gene is positioned at a junction of 5 exon coding areas and/or adjacent introns of the N-end of the GGTA1 gene; and the target sequence on the GGTA1 gene is unique. According to the method for CRISPR-Cas9 specific knockout of the pig GGTA1 gene via sgRNA, specific knockout of the pig GGTA1 gene can be rapidly and accurately realized with high efficiency, and the problems of long period and high cost for constructing the knockout of the pig GGTA1 gene can be effectively solved.","Method for CRISPR-Cas9 specific knockout of pig GGTA1 gene and sgRNA for specific targeted GGTA1 gene The invention discloses a method for CRISPR-Cas9 specific knockout of a pig GGTA1 gene and sgRNA for a specific targeted GGTA1 gene. The target sequence of the sgRNA for the specific targeted GGTA1 gene on the GGTA1 gene is in accordance with the sequence arrangement rule of 5&#39;-N(20)NGG-3&#39;, wherein N(20) represents 20 continuous bases, and each N represents A or T ot C or G; the target sequence on the GGTA1 gene is positioned at a junction of 5 exon coding areas and/or adjacent introns of the N-end of the GGTA1 gene; and the target sequence on the GGTA1 gene is unique. According to the method for CRISPR-Cas9 specific knockout of the pig GGTA1 gene via sgRNA, specific knockout of the pig GGTA1 gene can be rapidly and accurately realized with high efficiency, and the problems of long period and high cost for constructing the knockout of the pig GGTA1 gene can be effectively solved.",1
40831142,ANTISEED-AF,Unpowered discharge device,"The utility model discloses a powerless discharge device which comprises a main dividing cone and an auxiliary dividing cone; the main dividing cone is arranged in a material falling cone hopper at the lower part of a vertical container by a pole support; the center of the main dividing cone is overlapped with the material falling cone hopper; the distance between the surrounding edge thereof and the inner surface of the material falling cone hopper is larger than the smallest cut size needed by the gravity circulation of materials; at least one circle of auxiliary dividing cone is arranged between the main dividing cone and the material falling cone hopper; the auxiliary dividing cone is arranged in the material falling cone hopper at the lower part of the vertical container by the pole support; and the distance between the surrounding edge of the one circle of auxiliary dividing cone and the inner surface of the neighboring material falling cone hopper, the outer surface of the main dividing cone or the outer surface of another circle of auxiliary dividing cone is larger than the smallest cut size needed by the gravity circulation of materials; the lower end of the material falling cone hopper is provided with a flux adjusting valve. The utility model is free of being driven by a power, saves energies, has a simple structure, saves materials, is easy to be processed, is reliable to be mounted and used, and has excellent economic benefits.","Unpowered discharge device The utility model discloses a powerless discharge device which comprises a main dividing cone and an auxiliary dividing cone; the main dividing cone is arranged in a material falling cone hopper at the lower part of a vertical container by a pole support; the center of the main dividing cone is overlapped with the material falling cone hopper; the distance between the surrounding edge thereof and the inner surface of the material falling cone hopper is larger than the smallest cut size needed by the gravity circulation of materials; at least one circle of auxiliary dividing cone is arranged between the main dividing cone and the material falling cone hopper; the auxiliary dividing cone is arranged in the material falling cone hopper at the lower part of the vertical container by the pole support; and the distance between the surrounding edge of the one circle of auxiliary dividing cone and the inner surface of the neighboring material falling cone hopper, the outer surface of the main dividing cone or the outer surface of another circle of auxiliary dividing cone is larger than the smallest cut size needed by the gravity circulation of materials; the lower end of the material falling cone hopper is provided with a flux adjusting valve. The utility model is free of being driven by a power, saves energies, has a simple structure, saves materials, is easy to be processed, is reliable to be mounted and used, and has excellent economic benefits.",0
58324743,ANTISEED-manual,A kind of smell sensor device for automobile,"The present invention provides a kind of smell sensor device for automobile, it is characterized in that including housing, processing module, smell sensors array, power interface, signaling interface and shield, the smell sensors array is located on the housing, its back side is connected with the processing module, the processing module is connected with the power interface and signaling interface, the shield cover on the housing, is provided with the deep bead of inclination on the inside of the shield.Beneficial effects of the present invention are：Install additional on housing, deep bead can change the air flow at smell sensors array, increase the time of contact of air and smell sensors array, it is ensured that the accuracy of detection.Lithium battery is installed in processing module, is that processing module is powered, it is ensured that when automobile is inoperative, the data in memory module will not be lost.","A kind of smell sensor device for automobile The present invention provides a kind of smell sensor device for automobile, it is characterized in that including housing, processing module, smell sensors array, power interface, signaling interface and shield, the smell sensors array is located on the housing, its back side is connected with the processing module, the processing module is connected with the power interface and signaling interface, the shield cover on the housing, is provided with the deep bead of inclination on the inside of the shield.Beneficial effects of the present invention are：Install additional on housing, deep bead can change the air flow at smell sensors array, increase the time of contact of air and smell sensors array, it is ensured that the accuracy of detection.Lithium battery is installed in processing module, is that processing module is powered, it is ensured that when automobile is inoperative, the data in memory module will not be lost.",0
57128245,SEED,Coexpression of cas9 and trex2 for targeted mutagenesis,"A composition used in targeted mutagenesis is provided, which includes a first expression cassette comprising a nucleotide sequence which encodes a CAS9 endonuclease; a second expression cassette comprising a nucleotide sequence which encodes a guide RNA sequence, wherein the guide RNA sequence is complementary to a target genome nucleotide sequence in a cell; and a third expression cassette comprising a nucleotide sequence which encodes a Trex2 exonuclease (Trex2) gene. The first, second, and third expression cassettes may be a part or a portion of one or more expression vectors.","Coexpression of cas9 and trex2 for targeted mutagenesis A composition used in targeted mutagenesis is provided, which includes a first expression cassette comprising a nucleotide sequence which encodes a CAS9 endonuclease; a second expression cassette comprising a nucleotide sequence which encodes a guide RNA sequence, wherein the guide RNA sequence is complementary to a target genome nucleotide sequence in a cell; and a third expression cassette comprising a nucleotide sequence which encodes a Trex2 exonuclease (Trex2) gene. The first, second, and third expression cassettes may be a part or a portion of one or more expression vectors.",1
64561877,ANTISEED-manual,Method for constructing GBS library having uniform size,"The present invention relates to a method for building up a genotyping-by-sequencing (GBS) library in uniform size. More specifically, the present invention relates to a method for building up a GBS library at an optimal size for GBS analysis by controlling a time of treating restriction enzymes for genomic DNA cleavage and condition of an amplification reaction for the library production. Using the method of the present invention, the efficiency in the GBS analysis can be increased.","Method for constructing GBS library having uniform size The present invention relates to a method for building up a genotyping-by-sequencing (GBS) library in uniform size. More specifically, the present invention relates to a method for building up a GBS library at an optimal size for GBS analysis by controlling a time of treating restriction enzymes for genomic DNA cleavage and condition of an amplification reaction for the library production. Using the method of the present invention, the efficiency in the GBS analysis can be increased.",0
56014526,ANTISEED-manual,Compositions and methods for treating endometriosis,"Provided herein are methods of treating and/or preventing endometriosis or symptom thereof, assays for diagnosing/prognosing endometriosis, compositions and formulations for treating and/or preventing endometriosis or symptom thereof, and populations of endometiotic cells, including life-extended populations of cells.","Compositions and methods for treating endometriosis Provided herein are methods of treating and/or preventing endometriosis or symptom thereof, assays for diagnosing/prognosing endometriosis, compositions and formulations for treating and/or preventing endometriosis or symptom thereof, and populations of endometiotic cells, including life-extended populations of cells.",0
