family_id,expansion_level,title,abstract,text,label
23817316,ANTISEED-AF,Intermittent temple thread cutter,,Intermittent temple thread cutter,0
47993977,ANTISEED-manual,Web application exploit mitigation in an information technology environment,"Methods, systems, and computer program products are provided herein for facilitating security in an information technology environment. Web application security vulnerabilities are discovered and addressed by means of virtual patches deployed to components of the information technology environment. An intelligent feedback loop is created to fill the void in the security of the web application when implemented in the specific information technology environment, thereby providing end-to-end security application management through dynamic, pre-emptive, and proactive security awareness and protection in the information technology environment. As new web application security vulnerabilities are discovered, the vulnerability is diagnosed and resolved to preemptively prevent exploitation of the security vulnerability.","Web application exploit mitigation in an information technology environment Methods, systems, and computer program products are provided herein for facilitating security in an information technology environment. Web application security vulnerabilities are discovered and addressed by means of virtual patches deployed to components of the information technology environment. An intelligent feedback loop is created to fill the void in the security of the web application when implemented in the specific information technology environment, thereby providing end-to-end security application management through dynamic, pre-emptive, and proactive security awareness and protection in the information technology environment. As new web application security vulnerabilities are discovered, the vulnerability is diagnosed and resolved to preemptively prevent exploitation of the security vulnerability.",0
22454583,ANTISEED-AF,Process independent design for gate array devices,A unique gate array cell and ASIC library development methodology is taught which require no new simulations or new place and route to port a given device design to a same generation process technologies which are available from different vendors. This methodology make use of the minimum design rules from different vendors without reroute of the physical database. This methodology equalizes the functionality and timing characteristics of the macrocell library on a plurality of alternate sources.,Process independent design for gate array devices A unique gate array cell and ASIC library development methodology is taught which require no new simulations or new place and route to port a given device design to a same generation process technologies which are available from different vendors. This methodology make use of the minimum design rules from different vendors without reroute of the physical database. This methodology equalizes the functionality and timing characteristics of the macrocell library on a plurality of alternate sources.,0
73155311,SEED,Internet of things inter-network device communication method and system and edge node,"The disclosure provides a method, a system and an edge node for inter-network cooperation of the Internet of things, wherein the method comprises the following steps: receiving an access request message which is sent by first equipment in a first Internet of things and carries a target equipment identifier; receiving a data processing request message sent by the first device, wherein the data processing request message is sent after the first device accesses the first internet of things through the first edge node; broadcasting the data processing request message in a blockchain; receiving a data processing response message broadcasted in the blockchain by a second edge node in a second networking; and acquiring data in the data processing response message, and sending the data to the first equipment. The method has the advantages that the communication capacity of the internet-of-things equipment is effectively improved, the running and maintenance cost of cooperation among the internet-of-things systems caused by the increasing access of the internet-of-things equipment is reduced, and the safe, credible and stable running of the internet-of-things is guaranteed.","Internet of things inter-network device communication method and system and edge node The disclosure provides a method, a system and an edge node for inter-network cooperation of the Internet of things, wherein the method comprises the following steps: receiving an access request message which is sent by first equipment in a first Internet of things and carries a target equipment identifier; receiving a data processing request message sent by the first device, wherein the data processing request message is sent after the first device accesses the first internet of things through the first edge node; broadcasting the data processing request message in a blockchain; receiving a data processing response message broadcasted in the blockchain by a second edge node in a second networking; and acquiring data in the data processing response message, and sending the data to the first equipment. The method has the advantages that the communication capacity of the internet-of-things equipment is effectively improved, the running and maintenance cost of cooperation among the internet-of-things systems caused by the increasing access of the internet-of-things equipment is reduced, and the safe, credible and stable running of the internet-of-things is guaranteed.",1
67413991,ANTISEED-manual,A kind of SNAT system and method based on FPGA,"The present invention provides a kind of SNAT system and method based on FPGA, including RAM block unit, A port unit, B port unit and Intranet interface unit, outer network interface unit；RAM block unit carries out SNAT conversion and SNAT link tracking for joint A port unit；A port unit receives the IP data packet of Intranet interface unit or the transmission of outer network interface unit for FPGA, and SNAT conversion and SNAT link tracking are carried out in such a way that RAM block unit hashes circulation searching using HASH；B port unit is used to carry out the periodic maintenance of SNAT list item in RAM block unit；Intranet interface unit and outer network interface unit are for receiving IP data packet.The present invention is by the internal resource RAM block unit in design FPGA, and parallel using 8 RAM blocks, reduction is because of the probability wasted without hashing to, so that RAM resource is preferably utilized, the larger performance for having played FPGA.","A kind of SNAT system and method based on FPGA The present invention provides a kind of SNAT system and method based on FPGA, including RAM block unit, A port unit, B port unit and Intranet interface unit, outer network interface unit；RAM block unit carries out SNAT conversion and SNAT link tracking for joint A port unit；A port unit receives the IP data packet of Intranet interface unit or the transmission of outer network interface unit for FPGA, and SNAT conversion and SNAT link tracking are carried out in such a way that RAM block unit hashes circulation searching using HASH；B port unit is used to carry out the periodic maintenance of SNAT list item in RAM block unit；Intranet interface unit and outer network interface unit are for receiving IP data packet.The present invention is by the internal resource RAM block unit in design FPGA, and parallel using 8 RAM blocks, reduction is because of the probability wasted without hashing to, so that RAM resource is preferably utilized, the larger performance for having played FPGA.",0
64659362,SEED,Blockchain network interaction controller,,Blockchain network interaction controller,1
68729309,SEED,Exchange portal and operating method thereof,"A method of driving an exchange portal is disclosed. According to the present invention, the method comprises the steps of: receiving cryptocurrency holding information from each of at least one cryptocurrency exchange system; providing the cryptocurrency holding information to a specific terminal connected to a specific user account and providing an interface to enable a direct transaction between the specific terminal and a specific exchange; receiving transaction history information from the specific terminal when the direct transaction between the specific terminal and the specific exchange is performed; and storing the transaction history information by blockchaining. Accordingly, transaction efficiency and transaction security can be increased.","Exchange portal and operating method thereof A method of driving an exchange portal is disclosed. According to the present invention, the method comprises the steps of: receiving cryptocurrency holding information from each of at least one cryptocurrency exchange system; providing the cryptocurrency holding information to a specific terminal connected to a specific user account and providing an interface to enable a direct transaction between the specific terminal and a specific exchange; receiving transaction history information from the specific terminal when the direct transaction between the specific terminal and the specific exchange is performed; and storing the transaction history information by blockchaining. Accordingly, transaction efficiency and transaction security can be increased.",1
71838660,SEED,Symmetric encryption for private smart contracts among multiple parties in a private peer-to-peer network,"Features for providing a secure method of symmetric encryption for private smart contacts among multiple parties in a private peer-to-peer network. The features include a master key representing a unique blockchain ledger. The master key may be shared among multiple participants in a private peer-to-peer network. Sharing of the master key may include communicating the master key in an encrypted message (e.g., email) using public key infrastructure (PKI). In some implementations, more complex distribution features may be includes such as quantum entanglement. The features support instantiation of a smart contract using a specific master key. The request may be submitted as an entry to the ledger with appropriate metadata and/or payload information for identifying and processing the request.","Symmetric encryption for private smart contracts among multiple parties in a private peer-to-peer network Features for providing a secure method of symmetric encryption for private smart contacts among multiple parties in a private peer-to-peer network. The features include a master key representing a unique blockchain ledger. The master key may be shared among multiple participants in a private peer-to-peer network. Sharing of the master key may include communicating the master key in an encrypted message (e.g., email) using public key infrastructure (PKI). In some implementations, more complex distribution features may be includes such as quantum entanglement. The features support instantiation of a smart contract using a specific master key. The request may be submitted as an entry to the ledger with appropriate metadata and/or payload information for identifying and processing the request.",1
52230812,ANTISEED-manual,User identity authentication method and system for discovery service,"The invention relates to a user identity authentication method and system for discovery service. A plurality of user identity authentication servers form a DHT network, and the identification of each server is obtained through a public key for calculating the owner of the server and the Hash value of a random number provided by the public key; each user identity authentication server performs authentication on the identity of a user on the basis of PKI, if the identity authentication passes, a bill packaged in the SAML format is generated, then the bill is divided into a plurality of small data fragments, and the small data fragments are stored; a DS server receives an inquiry quest of the user, the storage positions of the corresponding data fragments are worked out, an original bill is restored, then authentication on the identity of the user is performed according to the restored bill, and after the identity authentication passes, the server address of enterprise information relevant to the RFID identification of an inquired article is fed back. Due to the adoption of the user identity authentication method and system for discovery service, the user can have access to a DS many times in a period of time when authentication on the identity of the user is only performed one time, the procedures for the user to have access to the DS can be simplified, and the resource consumption of the user can be reduced.","User identity authentication method and system for discovery service The invention relates to a user identity authentication method and system for discovery service. A plurality of user identity authentication servers form a DHT network, and the identification of each server is obtained through a public key for calculating the owner of the server and the Hash value of a random number provided by the public key; each user identity authentication server performs authentication on the identity of a user on the basis of PKI, if the identity authentication passes, a bill packaged in the SAML format is generated, then the bill is divided into a plurality of small data fragments, and the small data fragments are stored; a DS server receives an inquiry quest of the user, the storage positions of the corresponding data fragments are worked out, an original bill is restored, then authentication on the identity of the user is performed according to the restored bill, and after the identity authentication passes, the server address of enterprise information relevant to the RFID identification of an inquired article is fed back. Due to the adoption of the user identity authentication method and system for discovery service, the user can have access to a DS many times in a period of time when authentication on the identity of the user is only performed one time, the procedures for the user to have access to the DS can be simplified, and the resource consumption of the user can be reduced.",0
70326990,SEED,Systems and Methods for Charitable Giving Using Blockchain Cryptocurrency,"Systems and methods for storing and managing blockchain transactions may include receiving a transaction request on a distributed ledger transaction machine that is part of a distributed ledger network including distributed ledger transaction machines, each storing an identical copy of a blockchain. The method may include extracting percentage allocations for each transaction in the transaction request as well as a set of identifying information indicating a charitable owner for at least one of the transactions. The method may further include recording a first transaction in a block on the distributed ledger transaction machine, which can be freely exchanged and transferred on the distributed ledger network and is unmarked, and a second transaction on the block on the distributed ledger transaction machine, including restricting the second transaction via a marking in the second transaction&#39;s data where the marking enables a centralized machine to control access and use of the second transaction.","Systems and Methods for Charitable Giving Using Blockchain Cryptocurrency Systems and methods for storing and managing blockchain transactions may include receiving a transaction request on a distributed ledger transaction machine that is part of a distributed ledger network including distributed ledger transaction machines, each storing an identical copy of a blockchain. The method may include extracting percentage allocations for each transaction in the transaction request as well as a set of identifying information indicating a charitable owner for at least one of the transactions. The method may further include recording a first transaction in a block on the distributed ledger transaction machine, which can be freely exchanged and transferred on the distributed ledger network and is unmarked, and a second transaction on the block on the distributed ledger transaction machine, including restricting the second transaction via a marking in the second transaction&#39;s data where the marking enables a centralized machine to control access and use of the second transaction.",1
67254856,ANTISEED-manual,Method for Providing Asynchronous Reverse Direction Payment by using Affiliated Store&#39;s Mobile Device with Sound Signal Sending and Cryptocurrency,"The present invention relates to an asynchronous reverse payment method using an affiliated store wireless terminal for transmitting a sound wave signal and cryptocurrency, capable of solving various technical and/or security defects, which comprises: a first step of receiving uniquely generated identification (UGID) by an operating server; a second step of generating a one-time authentication code by the operating server; a third step of associating and storing transaction registration information, the UGID, and the authentication code by the operating server; a fourth step of receiving recognition information by the operating server; a fifth step of authenticating validity of the transaction registration information by the operating server; a sixth step of providing transaction information by the operating server; a seventh step of confirming a result of a cryptocurrency transaction procedure; and an eighth step of providing cryptocurrency-based payment result information.","Method for Providing Asynchronous Reverse Direction Payment by using Affiliated Store&#39;s Mobile Device with Sound Signal Sending and Cryptocurrency The present invention relates to an asynchronous reverse payment method using an affiliated store wireless terminal for transmitting a sound wave signal and cryptocurrency, capable of solving various technical and/or security defects, which comprises: a first step of receiving uniquely generated identification (UGID) by an operating server; a second step of generating a one-time authentication code by the operating server; a third step of associating and storing transaction registration information, the UGID, and the authentication code by the operating server; a fourth step of receiving recognition information by the operating server; a fifth step of authenticating validity of the transaction registration information by the operating server; a sixth step of providing transaction information by the operating server; a seventh step of confirming a result of a cryptocurrency transaction procedure; and an eighth step of providing cryptocurrency-based payment result information.",0
64488606,SEED,Blockchain-based set exchange method and apparatus for available resource quotas,"Disclosed are a blockchain-based set exchange method and apparatus for available resource quotas. A blockchain network comprises a management node and object nodes, wherein each object node performs copyright use transactions by taking virtual resources issued by the management node as transaction media. One object node may serve as a user party to provide the virtual resources in some copyright use events, or may serve as a creation party to receive the virtual resources in some copyright use events. For any object node set, when the object node set is selected as a target object by the management node, each object node in the object node set is capable of acquiring certain available resource quotas for determining earning increments corresponding to the object node itself. In addition, the available resource quotas distributed to one object node need to be exchanged by using the virtual resources possessed by the object node.","Blockchain-based set exchange method and apparatus for available resource quotas Disclosed are a blockchain-based set exchange method and apparatus for available resource quotas. A blockchain network comprises a management node and object nodes, wherein each object node performs copyright use transactions by taking virtual resources issued by the management node as transaction media. One object node may serve as a user party to provide the virtual resources in some copyright use events, or may serve as a creation party to receive the virtual resources in some copyright use events. For any object node set, when the object node set is selected as a target object by the management node, each object node in the object node set is capable of acquiring certain available resource quotas for determining earning increments corresponding to the object node itself. In addition, the available resource quotas distributed to one object node need to be exchanged by using the virtual resources possessed by the object node.",1
40229240,ANTISEED-AF,Insulin injection device and its operation method,"The present invention allows the patient to be somewhat cognitively or even visually impaired to use it safely and conveniently without complicated button manipulation, and eliminates the need to learn how to use the hospital for a long time and immediately use it with a brief description. In this way, according to the change in the patient&#39;s condition, the already set insulin dosage can be automatically adjusted within the appropriate range and infused into the patient, so that the blood sugar control of the patient can be more accurately performed.","Insulin injection device and its operation method The present invention allows the patient to be somewhat cognitively or even visually impaired to use it safely and conveniently without complicated button manipulation, and eliminates the need to learn how to use the hospital for a long time and immediately use it with a brief description. In this way, according to the change in the patient&#39;s condition, the already set insulin dosage can be automatically adjusted within the appropriate range and infused into the patient, so that the blood sugar control of the patient can be more accurately performed.",0
51298333,ANTISEED-manual,Data security service,,Data security service,0
8563373,ANTISEED-manual,Two-way short message service for I-mode,"The invention relates to the
transmission of short messages between
two different mobile communication networks.
The method and system comprise a
gateway GW, on which are stored a number
of customer-specific service identifiers
and, corresponding to these, the customer&#39;s
actual address or number in the
home network. In addition, the system
comprises the equipments of the sending
and receiving mobile communication networks.
When messages are to be sent to
the alien mobile communication network,
the customer-specific service identifier
constitutes the user identity, which is
transmitted as the sender number of the
messages. When a response to the message
is to be sent, this service number, on
the basis of which the message is routed
to the gateway GW, which performs the
conversions required for the forwarding
of the message, such as chopping of the
message or removal of special characters,
and forwards the message to the
target address or number corresponding
to the service identifier.","Two-way short message service for I-mode The invention relates to the transmission of short messages between two different mobile communication networks. The method and system comprise a gateway GW, on which are stored a number of customer-specific service identifiers and, corresponding to these, the customer&#39;s actual address or number in the home network. In addition, the system comprises the equipments of the sending and receiving mobile communication networks. When messages are to be sent to the alien mobile communication network, the customer-specific service identifier constitutes the user identity, which is transmitted as the sender number of the messages. When a response to the message is to be sent, this service number, on the basis of which the message is routed to the gateway GW, which performs the conversions required for the forwarding of the message, such as chopping of the message or removal of special characters, and forwards the message to the target address or number corresponding to the service identifier.",0
7145007,ANTISEED-AF,"Device for the production of hollow bodies, such as pipes, boxes or the like, made of concrete or other ceramic masses",,"Device for the production of hollow bodies, such as pipes, boxes or the like, made of concrete or other ceramic masses",0
70497233,SEED,Data interaction system based on block chain technology,"The invention relates to an internal data interaction system based on a blockchain technology, which comprises a blockchain network and a data interaction platform established based on the blockchain network, wherein the platform at least comprises a first terminal wallet and at least one second terminal wallet; the functionality of the first terminal wallet is configured to: generating and storing a first pass certificate, and distributing the first pass certificate to a second terminal wallet according to a preset rule; the functionality of the second terminal wallet is configured to: receiving a first pass certificate distributed by the first terminal wallet according to a preset rule, and generating and storing the first pass certificate; when data interaction is carried out in the data interaction platform, the first terminal wallet can acquire the first certificate transferred by the second terminal wallet in a converted form, and the first certificate in the first terminal wallet cannot be transferred to the second terminal wallet in a converted form. The system can be suitable for multiple dimensions in the data interaction process in an enterprise, and meets the requirements of all data interaction of the enterprise.","Data interaction system based on block chain technology The invention relates to an internal data interaction system based on a blockchain technology, which comprises a blockchain network and a data interaction platform established based on the blockchain network, wherein the platform at least comprises a first terminal wallet and at least one second terminal wallet; the functionality of the first terminal wallet is configured to: generating and storing a first pass certificate, and distributing the first pass certificate to a second terminal wallet according to a preset rule; the functionality of the second terminal wallet is configured to: receiving a first pass certificate distributed by the first terminal wallet according to a preset rule, and generating and storing the first pass certificate; when data interaction is carried out in the data interaction platform, the first terminal wallet can acquire the first certificate transferred by the second terminal wallet in a converted form, and the first certificate in the first terminal wallet cannot be transferred to the second terminal wallet in a converted form. The system can be suitable for multiple dimensions in the data interaction process in an enterprise, and meets the requirements of all data interaction of the enterprise.",1
69883518,SEED,Privileged entity consensus for digital asset creation,"Embodiments of the present invention provide techniques for generating digital tokens corresponding to determined generated real-world assets in a consensus-based authorization framework. In various embodiments, a client device coupled to a real-world asset generating device can determine that a real-world asset has been generated, and based on the determination, generate a request transaction for a digital token corresponding to the determined generated real-world asset. The request can be stored on a distributed ledger so that privileged entities can determine that the request is pending approval. Privileged client devices associated with the privileged entities can then generate approval transactions for generating the digital token corresponding to the determined generated real-world asset. A smart contract stored on the blockchain can determine that each of the privileged entities have authorized the generation of the digital token so that the smart contract can generate the new token, and issue the token to the client device or a public key associated with the client device.","Privileged entity consensus for digital asset creation Embodiments of the present invention provide techniques for generating digital tokens corresponding to determined generated real-world assets in a consensus-based authorization framework. In various embodiments, a client device coupled to a real-world asset generating device can determine that a real-world asset has been generated, and based on the determination, generate a request transaction for a digital token corresponding to the determined generated real-world asset. The request can be stored on a distributed ledger so that privileged entities can determine that the request is pending approval. Privileged client devices associated with the privileged entities can then generate approval transactions for generating the digital token corresponding to the determined generated real-world asset. A smart contract stored on the blockchain can determine that each of the privileged entities have authorized the generation of the digital token so that the smart contract can generate the new token, and issue the token to the client device or a public key associated with the client device.",1
70330818,SEED,Method and system for transferring data in a blockchain system,"Embodiments of the present disclosure provide a method and system for transferring data in a blockchain system. The method may include: encrypting, by a first network node in the blockchain system, data into a first blockchain message using a first public key; providing, by the first network node, the first blockchain message to a blockchain; establishing, by the first network node, a computer protocol as an intelligent contract for the data transfer; receiving, by the first network node, a request from a second network node in the blockchain system to obtain the first blockchain message; encrypting, by the first network node, the data in the first blockchain message into a second blockchain message using a second public key according to the request.","Method and system for transferring data in a blockchain system Embodiments of the present disclosure provide a method and system for transferring data in a blockchain system. The method may include: encrypting, by a first network node in the blockchain system, data into a first blockchain message using a first public key; providing, by the first network node, the first blockchain message to a blockchain; establishing, by the first network node, a computer protocol as an intelligent contract for the data transfer; receiving, by the first network node, a request from a second network node in the blockchain system to obtain the first blockchain message; encrypting, by the first network node, the data in the first blockchain message into a second blockchain message using a second public key according to the request.",1
60351670,ANTISEED-AF,A kind of floor ultraviolet disinfecting machine,"A kind of floor ultraviolet disinfecting machine, include shell, control device, battery, ultraviolet sterilization apparatus, infrared induction device, sonar unit, motor, driving wheel and driven pulley, described driving wheel and the motor connection, steering mechanism is additionally provided with driving wheel, steering mechanism is connected with control device, described driving wheel forms triangle relation with driven pulley, adds stability in the horizontal plane；Described motor is connected to control device by electric wire, described control device includes control panel and single-chip microcomputer, described control panel is arranged on shell, and at least provided with a power switch, by turning on the power switch, the circuit for connecting motor and battery connects, so that the floor ultraviolet disinfecting machine travels forward, motion opens ultraviolet sterilization apparatus simultaneously and floor is sterilized, pass through sonar unit and infrared inductor, detection front whether there is barrier, coordinate the steering mechanism on driving wheel, so as to avoiding barrier.","A kind of floor ultraviolet disinfecting machine A kind of floor ultraviolet disinfecting machine, include shell, control device, battery, ultraviolet sterilization apparatus, infrared induction device, sonar unit, motor, driving wheel and driven pulley, described driving wheel and the motor connection, steering mechanism is additionally provided with driving wheel, steering mechanism is connected with control device, described driving wheel forms triangle relation with driven pulley, adds stability in the horizontal plane；Described motor is connected to control device by electric wire, described control device includes control panel and single-chip microcomputer, described control panel is arranged on shell, and at least provided with a power switch, by turning on the power switch, the circuit for connecting motor and battery connects, so that the floor ultraviolet disinfecting machine travels forward, motion opens ultraviolet sterilization apparatus simultaneously and floor is sterilized, pass through sonar unit and infrared inductor, detection front whether there is barrier, coordinate the steering mechanism on driving wheel, so as to avoiding barrier.",0
39249406,ANTISEED-AF,Method for preparing hexangular ordered FePt nano particle array,The process of preparing ordered hexagonal nanometer FePt particle array includes the following steps: 1. self-assembling inverse micelle with amphiphilic block copolymer PS-block-P2VP intoluene; 2. adding metal salts FeCl3 and H2PtCl6 into the inverse micelle solution through stirring for the metal salts FeCl3 and H2PtCl6 to be combined with the P2VP kernel of the inverse micelle to form inverse micelle with supported metal salts; 3. depositing the inverse micelle with supported metal salts onto smooth monocrystalline substrate through dip coating to obtain ordered hexagonal inverse micelle array; and 4. oxygen plasma etching to eliminate copolymer substrate and reduce metal salt into simple substance so as to obtain homogeneous ordered hexagonal nanometer FePt particle array on the monocrystalline substrate.,Method for preparing hexangular ordered FePt nano particle array The process of preparing ordered hexagonal nanometer FePt particle array includes the following steps: 1. self-assembling inverse micelle with amphiphilic block copolymer PS-block-P2VP intoluene; 2. adding metal salts FeCl3 and H2PtCl6 into the inverse micelle solution through stirring for the metal salts FeCl3 and H2PtCl6 to be combined with the P2VP kernel of the inverse micelle to form inverse micelle with supported metal salts; 3. depositing the inverse micelle with supported metal salts onto smooth monocrystalline substrate through dip coating to obtain ordered hexagonal inverse micelle array; and 4. oxygen plasma etching to eliminate copolymer substrate and reduce metal salt into simple substance so as to obtain homogeneous ordered hexagonal nanometer FePt particle array on the monocrystalline substrate.,0
25445135,ANTISEED-manual,Remote radio receiver,"A remote radio receiver includes audio circuitry, a user selection interface, user control circuitry and input/output interface. The audio circuitry is for receiving a digital audio stream and playing extracted audio signals over a speaker. The user control circuitry generates control signals as a result of a user interacting with the user selection interface. The input/output interface provides connection to a remote computer. The input/output interface forwards the digital audio stream from the remote computer to the audio circuitry. The input/output interface forwards the control signals from the user control circuitry to the remote computer.","Remote radio receiver A remote radio receiver includes audio circuitry, a user selection interface, user control circuitry and input/output interface. The audio circuitry is for receiving a digital audio stream and playing extracted audio signals over a speaker. The user control circuitry generates control signals as a result of a user interacting with the user selection interface. The input/output interface provides connection to a remote computer. The input/output interface forwards the digital audio stream from the remote computer to the audio circuitry. The input/output interface forwards the control signals from the user control circuitry to the remote computer.",0
8200043,ANTISEED-AF,Submerged actuator,"A well structure which includes a well housing (12) having an upwardly facing internal shoulder (26) and an internal recess (30) below the shoulder. A tieback (14) is adapted to be landed on the housing internal shoulder and has an upper internal surface and a smaller lower internal surface with a shoulder (46) therebetween. An actuator sleeve (16) has an upper outer portion fitting closely within the upper internal surface of the tieback, a lower outer portion fitting closely with the lower internal surface of the tieback, a downwardly facing external shoulder (44) between the lower and upper outer portions and a lower tapered surface tapering downwardly and inwardly. Latch elements (18) having upper outer tapered surfaces mate with the lower tapered surface on the actuator sleeve. A pressure compensating material (60) is positioned in the annulus between the shoulders (56, 44) and the upper internal surface of the tieback and the lower outer portion of said actuator sleeve so that downward movement of the actuator sleeve within the tieback is not prevented by the trapping of liquid within the annulus.","Submerged actuator A well structure which includes a well housing (12) having an upwardly facing internal shoulder (26) and an internal recess (30) below the shoulder. A tieback (14) is adapted to be landed on the housing internal shoulder and has an upper internal surface and a smaller lower internal surface with a shoulder (46) therebetween. An actuator sleeve (16) has an upper outer portion fitting closely within the upper internal surface of the tieback, a lower outer portion fitting closely with the lower internal surface of the tieback, a downwardly facing external shoulder (44) between the lower and upper outer portions and a lower tapered surface tapering downwardly and inwardly. Latch elements (18) having upper outer tapered surfaces mate with the lower tapered surface on the actuator sleeve. A pressure compensating material (60) is positioned in the annulus between the shoulders (56, 44) and the upper internal surface of the tieback and the lower outer portion of said actuator sleeve so that downward movement of the actuator sleeve within the tieback is not prevented by the trapping of liquid within the annulus.",0
56247881,SEED,Dynamic compression and access method of block chain,"The invention relates to digital cash, such as Bitcoin wallet software, in particular to a dynamic compression and access method of a block chain. The dynamic compression and access method comprises the following steps: operating a digital cash wallet program; when new block data is written into the block chain in an operation process of the digital cash wallet program, dynamically compressing the block data; creating identification information on the compressed block data; and then, when the digital cash wallet program is operated, storing the compressed block which creates the identification information into a block chain database. In the operation process of the digital cash wallet program, the block is dynamically decompressed through an embedded compression function, meanwhile, the compressed block is decompressed through the embedded decompression function, the volume of the whole block chain data becomes small under a premise that data is not damaged, and a storage space is greatly saved; and in addition, the transmission speed of the block chain data is improved, and transmission time is shortened.","Dynamic compression and access method of block chain The invention relates to digital cash, such as Bitcoin wallet software, in particular to a dynamic compression and access method of a block chain. The dynamic compression and access method comprises the following steps: operating a digital cash wallet program; when new block data is written into the block chain in an operation process of the digital cash wallet program, dynamically compressing the block data; creating identification information on the compressed block data; and then, when the digital cash wallet program is operated, storing the compressed block which creates the identification information into a block chain database. In the operation process of the digital cash wallet program, the block is dynamically decompressed through an embedded compression function, meanwhile, the compressed block is decompressed through the embedded decompression function, the volume of the whole block chain data becomes small under a premise that data is not damaged, and a storage space is greatly saved; and in addition, the transmission speed of the block chain data is improved, and transmission time is shortened.",1
71159609,ANTISEED-manual,Face and bar code double-recognition method and device,"The invention provides a face and bar code dual-recognition method, which comprises the steps of networking mobile payment equipment which is arranged in a plurality of scenes and is supported by a face verification circuit, is cooperatively applied with an input device and a printing device, and connecting the mobile payment equipment, an electronic terminal and a server cluster; acquiring parameter data to generate a two-dimensional code image and combining the two-dimensional code image with a face image; when the payment event is triggered, code scanning and non-contact card swiping payment are supported, and the first distance measurement sampling point is monitored, recognition and reading are completed in a buckling and scanning mode. The method is used for decoding a two-dimensional code image by combining with an acquired face image through a preset algorithm, and extracting the characteristics of the combined image through a depth self-learning algorithm, so that efficient and accurate two-dimensional code and face double recognition and payment in a network distribution environment supporting code scanning payment and non-contact card swiping payment in a plurality of scenes with large environmental parameter changes are effectively completed. The present disclosure also provides a device for dual recognition of human face and bar code.","Face and bar code double-recognition method and device The invention provides a face and bar code dual-recognition method, which comprises the steps of networking mobile payment equipment which is arranged in a plurality of scenes and is supported by a face verification circuit, is cooperatively applied with an input device and a printing device, and connecting the mobile payment equipment, an electronic terminal and a server cluster; acquiring parameter data to generate a two-dimensional code image and combining the two-dimensional code image with a face image; when the payment event is triggered, code scanning and non-contact card swiping payment are supported, and the first distance measurement sampling point is monitored, recognition and reading are completed in a buckling and scanning mode. The method is used for decoding a two-dimensional code image by combining with an acquired face image through a preset algorithm, and extracting the characteristics of the combined image through a depth self-learning algorithm, so that efficient and accurate two-dimensional code and face double recognition and payment in a network distribution environment supporting code scanning payment and non-contact card swiping payment in a plurality of scenes with large environmental parameter changes are effectively completed. The present disclosure also provides a device for dual recognition of human face and bar code.",0
57325472,SEED,"Device, method and system for virtual asset transactions","A method and system for digital currency transactions and, more specifically, a method and system for cryptocurrency transactions across ledgers or blockchains.","Device, method and system for virtual asset transactions A method and system for digital currency transactions and, more specifically, a method and system for cryptocurrency transactions across ledgers or blockchains.",1
39925327,ANTISEED-manual,"Electronic settlement system, electronic settlement server, negotiable-value providing apparatus, mobile communication terminal, and electronic settlement method","The present invention provides an electronic settlement system which is similar to cash settlement and which is available even in a game hall. The present invention provides an electronic settlement system including an electronic settlement server, a mobile communication terminal, and a negotiable-value providing apparatus. In the electronic settlement system, the mobile communication terminal acquires, from the negotiable-value providing apparatus, an equipment ID identifying the negotiable-value providing apparatus. The mobile communication terminal then generates a settlement request message containing a user ID identifying a user, a transfer amount corresponding to consideration for a negotiable value, and the equipment ID. The mobile communication terminal then transmits the message to the electronic settlement server. According to the result of a check of the user&#39;s credit status, the electronic settlement server instructs the negotiable-value providing apparatus to provide a negotiable value corresponding to the transfer amount. The electronic settlement server further requests a transfer of an amount corresponding to the transfer amount from the user&#39;s account to a predetermined account. Upon receiving the instruction to provide the negotiable value from the electronic settlement server, the negotiable-value providing apparatus provides the user with rental balls, rental medals, or the like corresponding to the transfer amount.","Electronic settlement system, electronic settlement server, negotiable-value providing apparatus, mobile communication terminal, and electronic settlement method The present invention provides an electronic settlement system which is similar to cash settlement and which is available even in a game hall. The present invention provides an electronic settlement system including an electronic settlement server, a mobile communication terminal, and a negotiable-value providing apparatus. In the electronic settlement system, the mobile communication terminal acquires, from the negotiable-value providing apparatus, an equipment ID identifying the negotiable-value providing apparatus. The mobile communication terminal then generates a settlement request message containing a user ID identifying a user, a transfer amount corresponding to consideration for a negotiable value, and the equipment ID. The mobile communication terminal then transmits the message to the electronic settlement server. According to the result of a check of the user&#39;s credit status, the electronic settlement server instructs the negotiable-value providing apparatus to provide a negotiable value corresponding to the transfer amount. The electronic settlement server further requests a transfer of an amount corresponding to the transfer amount from the user&#39;s account to a predetermined account. Upon receiving the instruction to provide the negotiable value from the electronic settlement server, the negotiable-value providing apparatus provides the user with rental balls, rental medals, or the like corresponding to the transfer amount.",0
62627085,ANTISEED-manual,Protecting parallel multiplication operations from external monitoring attacks,"Systems and methods for protecting from external monitoring attacks cryptographic data processing operations involving universal polynomial hash functions computation. An example method may comprise: receiving an input data block and an iteration result value; performing a first field multiplication operation to produce a new iteration result value, by iteratively processing, starting from a first bit position, bits of a combination of the input data block and the iteration result value, wherein the first bit position is represented by one of: a least-significant bit and a most-significant bit; performing a second field multiplication operation to produce a new mask correction value, by iteratively processing operand bits starting from a second bit position, wherein the second bit position is represented by one of: a least-significant bit and a most-significant bit, and wherein the second bit position is different from the first bit position; applying the new mask correction value to the new iteration result value; and producing, based on the new iteration result value, a value of a cryptographic hash function to be utilized by at least one of: an authenticated encryption operation or an authenticated decryption operation.","Protecting parallel multiplication operations from external monitoring attacks Systems and methods for protecting from external monitoring attacks cryptographic data processing operations involving universal polynomial hash functions computation. An example method may comprise: receiving an input data block and an iteration result value; performing a first field multiplication operation to produce a new iteration result value, by iteratively processing, starting from a first bit position, bits of a combination of the input data block and the iteration result value, wherein the first bit position is represented by one of: a least-significant bit and a most-significant bit; performing a second field multiplication operation to produce a new mask correction value, by iteratively processing operand bits starting from a second bit position, wherein the second bit position is represented by one of: a least-significant bit and a most-significant bit, and wherein the second bit position is different from the first bit position; applying the new mask correction value to the new iteration result value; and producing, based on the new iteration result value, a value of a cryptographic hash function to be utilized by at least one of: an authenticated encryption operation or an authenticated decryption operation.",0
17105884,ANTISEED-manual,Five-phase dc motor,"PURPOSE:To obtain the five-phase DC motor of extremely less torque ripple, by winding up every two armature windings phase by phase, and by connecting respective terminals to the 15 commutator segments of different widths in order. CONSTITUTION:A field pole 15 having the four poles of poles N and poles S at equal intervals is set as a stator. A rotor armature confronted with the stator is provided with five salient poles, and on the respective salient poles, armature windings 35 for a first-a fifth phase are respectively wound up. In this case, as the armature windings of the respective phases, two armature windings 35A and 35B are contrived to be respectively wound up. Besides, so far as commutator segments are concerned, the commutator segments of double widths are arranged at every two segments, and as a whole, the 15 commutator segments 39 are arranged, and to the wider commutator segments, the internal terminals of the windings of the respective phases are connected. So far as the commutator segments of smaller widths are concerned, the segments of each phase shifted by 360 degrees are connected to each other. Then, a pair of brushes 12 shifted positionally by 180 degrees at an electrical angle are permitted to slide.","Five-phase dc motor PURPOSE:To obtain the five-phase DC motor of extremely less torque ripple, by winding up every two armature windings phase by phase, and by connecting respective terminals to the 15 commutator segments of different widths in order. CONSTITUTION:A field pole 15 having the four poles of poles N and poles S at equal intervals is set as a stator. A rotor armature confronted with the stator is provided with five salient poles, and on the respective salient poles, armature windings 35 for a first-a fifth phase are respectively wound up. In this case, as the armature windings of the respective phases, two armature windings 35A and 35B are contrived to be respectively wound up. Besides, so far as commutator segments are concerned, the commutator segments of double widths are arranged at every two segments, and as a whole, the 15 commutator segments 39 are arranged, and to the wider commutator segments, the internal terminals of the windings of the respective phases are connected. So far as the commutator segments of smaller widths are concerned, the segments of each phase shifted by 360 degrees are connected to each other. Then, a pair of brushes 12 shifted positionally by 180 degrees at an electrical angle are permitted to slide.",0
44987567,ANTISEED-AF,Together-in and together-out composite steaming box,"The utility model relates to a together-in and together-out composite steaming box. A box body adopts a cordwood type structure, the end part of the box body is a cloth guide roller steaming re-heating zone, the lower part of the box body is a mesh belt steaming zone, the top plate of the box body and the top plate of a steam sealing port are both in indirect heating warm-keeping drip-proof structure, heating water containing trough with a groove structure is arranged on the bottom of the box body, and the box body is provided with a bottom frame. The together-in and together-out composite steaming box adopts the cordwood type structure, so that the transportation and the installation work of a large-size box body can be simplified.","Together-in and together-out composite steaming box The utility model relates to a together-in and together-out composite steaming box. A box body adopts a cordwood type structure, the end part of the box body is a cloth guide roller steaming re-heating zone, the lower part of the box body is a mesh belt steaming zone, the top plate of the box body and the top plate of a steam sealing port are both in indirect heating warm-keeping drip-proof structure, heating water containing trough with a groove structure is arranged on the bottom of the box body, and the box body is provided with a bottom frame. The together-in and together-out composite steaming box adopts the cordwood type structure, so that the transportation and the installation work of a large-size box body can be simplified.",0
34526906,ANTISEED-manual,Architecture for an extensible real-time collaboration system,"An architecture for an extensible real-time collaboration system providing a unified interface is provided. The architecture presents a unified application program interface for writing application programs that use communications protocols. The architecture has presence and activity objects, multiple endpoint objects, and a collaboration service object. These objects may use various communications protocols, such as Session Initiation Protocol or Real-Time Transport Protocol, to send and receive messages. The presence and activities objects, multiple endpoint objects, and collaboration service object may each have one or more APIs that an application developer can use to access or provide various functionalities. These objects map the API to the underlying implementation provided by other objects.","Architecture for an extensible real-time collaboration system An architecture for an extensible real-time collaboration system providing a unified interface is provided. The architecture presents a unified application program interface for writing application programs that use communications protocols. The architecture has presence and activity objects, multiple endpoint objects, and a collaboration service object. These objects may use various communications protocols, such as Session Initiation Protocol or Real-Time Transport Protocol, to send and receive messages. The presence and activities objects, multiple endpoint objects, and collaboration service object may each have one or more APIs that an application developer can use to access or provide various functionalities. These objects map the API to the underlying implementation provided by other objects.",0
59623844,SEED,"Registration / authorization method, apparatus and system","A registration / authorization method, apparatus, and system for solving a technical problem with low security of a conventional authorization technique are provided. The method is applied to an authorization server, and the authorization server is a node in a block chain network, and stores a block chain composed of a plurality of blocks for storing authorization information, and the method is performed by a user apparatus. Transmitting the received registration request message including identity confirmation information for performing identity authentication for the user; assigning authorization information for indicating a service accessible to the user to the user; Writing the identity verification information and the authorization information into a block of the blockchain by an authorization server.","Registration / authorization method, apparatus and system A registration / authorization method, apparatus, and system for solving a technical problem with low security of a conventional authorization technique are provided. The method is applied to an authorization server, and the authorization server is a node in a block chain network, and stores a block chain composed of a plurality of blocks for storing authorization information, and the method is performed by a user apparatus. Transmitting the received registration request message including identity confirmation information for performing identity authentication for the user; assigning authorization information for indicating a service accessible to the user to the user; Writing the identity verification information and the authorization information into a block of the blockchain by an authorization server.",1
39191614,ANTISEED-AF,Monocomponent epoxide-resin rubber adhesive and preparation method thereof,"The invention provides a single-component epoxy resin binder. The raw materials comprise latent curing agent and epoxy resin. The latent curing agent is para-acetyl-phenyl-biguanide of amount 10-22 phr. The epoxy resin and the para-acetyl-phenyl-biguanide are mixed evenly under 30-50 DEG C to get the single-component epoxy resin binder. The binder is prepared by the following procedures: (1) weighing the raw materials in proper proportions; (2) mixing the weighed raw materials; (3) mixing under 30-50 DEG C evenly. As the materials are selected properly, the preparing process is simple and environmental friendly. The single-component epoxy resin binder is of low curing temperature (100-140 DEG C), excellent storage property (storage period is up to 300 days if storing under 4 DEG C; storage period is 120 days if storing under 25 DEG C) and mechanical properties (the shearing strength is more than 17 MPa after curing).","Monocomponent epoxide-resin rubber adhesive and preparation method thereof The invention provides a single-component epoxy resin binder. The raw materials comprise latent curing agent and epoxy resin. The latent curing agent is para-acetyl-phenyl-biguanide of amount 10-22 phr. The epoxy resin and the para-acetyl-phenyl-biguanide are mixed evenly under 30-50 DEG C to get the single-component epoxy resin binder. The binder is prepared by the following procedures: (1) weighing the raw materials in proper proportions; (2) mixing the weighed raw materials; (3) mixing under 30-50 DEG C evenly. As the materials are selected properly, the preparing process is simple and environmental friendly. The single-component epoxy resin binder is of low curing temperature (100-140 DEG C), excellent storage property (storage period is up to 300 days if storing under 4 DEG C; storage period is 120 days if storing under 25 DEG C) and mechanical properties (the shearing strength is more than 17 MPa after curing).",0
39526670,ANTISEED-AF,Dynamic parallax barrier autosteroscopic display system and method,Embodiments of the invention provide a dynamic parallax barrier autostereoscopic system and method for one and multiple users with user tracking. One example embodiment of the invention is a dynamic parallax barrier autostereoscopic virtual reality display system includes a display including a front display plane and a rear display plane. The front display plane dynamically generates barrier strips with transparent regions therebetween. The rear display plane generates images viewable through the transparent regions to create a virtual reality effect for a user or users.,Dynamic parallax barrier autosteroscopic display system and method Embodiments of the invention provide a dynamic parallax barrier autostereoscopic system and method for one and multiple users with user tracking. One example embodiment of the invention is a dynamic parallax barrier autostereoscopic virtual reality display system includes a display including a front display plane and a rear display plane. The front display plane dynamically generates barrier strips with transparent regions therebetween. The rear display plane generates images viewable through the transparent regions to create a virtual reality effect for a user or users.,0
70327037,SEED,Asset management in asset-based blockchain system,"Techniques for improved asset management in an asset-based distributed ledger such as a blockchain system are disclosed. In one method, an asset balance structure is obtained, wherein the asset balance structure specifies asset balances, as of a given point in time, for a set of blockchain addresses associated with a blockchain system comprising blocks that reflect transactions associated with the assets. One or more transactions associated with the assets for any of the set of blockchain addresses that occur after generation of the asset balance structure are obtained. The one or more transactions associated with the assets that occur after generation of the asset balance structure are applied to the asset balance structure to generate an updated indication of the asset balances for the set of blockchain addresses. Advantageously, a given asset wallet stores the asset balance structure rather than the entire set of blocks of the blockchain system.","Asset management in asset-based blockchain system Techniques for improved asset management in an asset-based distributed ledger such as a blockchain system are disclosed. In one method, an asset balance structure is obtained, wherein the asset balance structure specifies asset balances, as of a given point in time, for a set of blockchain addresses associated with a blockchain system comprising blocks that reflect transactions associated with the assets. One or more transactions associated with the assets for any of the set of blockchain addresses that occur after generation of the asset balance structure are obtained. The one or more transactions associated with the assets that occur after generation of the asset balance structure are applied to the asset balance structure to generate an updated indication of the asset balances for the set of blockchain addresses. Advantageously, a given asset wallet stores the asset balance structure rather than the entire set of blocks of the blockchain system.",1
69639098,SEED,Secure smart note,"An example operation may include one or more of conecting, by a smart note, to a blockchain configured to store an asset of a user on a ledger, acquiring, by a smart note, a value of the asset from the ledger, displaying, by a smart note, the value on a display screen located on the smart note in response to a detection of a smart note button press event, generating, by a smart note, an asset address key pair, checking, by a smart note, a status of a private key associated with the smart note, and displaying, by a smart note, a trusted symbol next to the value on the display screen, if the status of the private key indicates that the private key has never been used.","Secure smart note An example operation may include one or more of conecting, by a smart note, to a blockchain configured to store an asset of a user on a ledger, acquiring, by a smart note, a value of the asset from the ledger, displaying, by a smart note, the value on a display screen located on the smart note in response to a detection of a smart note button press event, generating, by a smart note, an asset address key pair, checking, by a smart note, a status of a private key associated with the smart note, and displaying, by a smart note, a trusted symbol next to the value on the display screen, if the status of the private key indicates that the private key has never been used.",1
23643258,ANTISEED-manual,Apparatus and method for data encryption using public key cryptology,"PROBLEM TO BE SOLVED: To provide an apparatus and a method to encode data using a public key encoding method. SOLUTION: An IC(integrated circuit) chip 63 having both of a public key encoding engine 57 and a fuse array 51 is prepared. The fuse array 51 is physically connected with the public key encoding engine 57 and encoded by a private key used by the encoding engine 57, Before the IC chip 63 is capsulated, the fuse array 51 is encoded by a laser abrasion process. After the IC chip is capsulated, the private key is permanently sealed in the IC chip 63 and kept secretly. Public key hash values and serial numbers may be encoded in the fuse array 51.","Apparatus and method for data encryption using public key cryptology PROBLEM TO BE SOLVED: To provide an apparatus and a method to encode data using a public key encoding method. SOLUTION: An IC(integrated circuit) chip 63 having both of a public key encoding engine 57 and a fuse array 51 is prepared. The fuse array 51 is physically connected with the public key encoding engine 57 and encoded by a private key used by the encoding engine 57, Before the IC chip 63 is capsulated, the fuse array 51 is encoded by a laser abrasion process. After the IC chip is capsulated, the private key is permanently sealed in the IC chip 63 and kept secretly. Public key hash values and serial numbers may be encoded in the fuse array 51.",0
71070950,SEED,Shop platform using blockchain,"Disclosed herein are system, method, and computer program product embodiments for tracking shop information using blockchain. In an embodiment, a shop application system may gather information related to a shop using various sensors within the shop. For example, the shop application system may identify a flow rate of traffic within the shop or outside of the shop. The shop application system may securely transmit this information to a blockchain cloud platform to be stored onto a blockchain. The blockchain may also maintain store information from a client application system related to shop ownership or tenancy. In this manner, the blockchain may provide a public means for accessing transactions related to a shop as well as provide confidence in the information provided.","Shop platform using blockchain Disclosed herein are system, method, and computer program product embodiments for tracking shop information using blockchain. In an embodiment, a shop application system may gather information related to a shop using various sensors within the shop. For example, the shop application system may identify a flow rate of traffic within the shop or outside of the shop. The shop application system may securely transmit this information to a blockchain cloud platform to be stored onto a blockchain. The blockchain may also maintain store information from a client application system related to shop ownership or tenancy. In this manner, the blockchain may provide a public means for accessing transactions related to a shop as well as provide confidence in the information provided.",1
15792472,ANTISEED-manual,System for supporting operating system,"PURPOSE:To easily generate an operating system using a message of native language by holding a various kinds of messages in two hinds of language in a file, and substituting the message to the native language when the operating system is used. CONSTITUTION:A native language message generating means 2 generates message groups translated to Japanese language by a translator at a site as a work file 6 by referring to an English message group in a system file 5 by a two language message holding means 1. The generated message group is substituted a corresponding Japanese language message group in the system file 5 by a native language message substitution means 3 classified by every application by utilizing a tool. And by designating a various kinds of system SG parameter classified by every application by a substituted message out of a various kinds of messages classified by every application at the time of starting up the system, a native language message output decision means 4 classified by every application outputs the native language message of corresponding application to the system. In such a way, it is possible to easily generate the system using the native language message.","System for supporting operating system PURPOSE:To easily generate an operating system using a message of native language by holding a various kinds of messages in two hinds of language in a file, and substituting the message to the native language when the operating system is used. CONSTITUTION:A native language message generating means 2 generates message groups translated to Japanese language by a translator at a site as a work file 6 by referring to an English message group in a system file 5 by a two language message holding means 1. The generated message group is substituted a corresponding Japanese language message group in the system file 5 by a native language message substitution means 3 classified by every application by utilizing a tool. And by designating a various kinds of system SG parameter classified by every application by a substituted message out of a various kinds of messages classified by every application at the time of starting up the system, a native language message output decision means 4 classified by every application outputs the native language message of corresponding application to the system. In such a way, it is possible to easily generate the system using the native language message.",0
66992467,SEED,Methods and systems for the distribution of goods,"A method and system for the distribution of goods, including: receiving a signal indicating completion of a payment to a holding account, the amount of the payment corresponding to an amount of tax payable for goods sold by a seller; adding a block to a blockchain, the block containing information identifying at least the amount of tax payable; determining when a later block, indicating that the goods sold by the seller are released for delivery in a destination taxing jurisdiction having a taxing authority, has been added to the blockchain; and upon determining that the later block has been added to the blockchain: querying the blockchain to determine the amount of tax payable; and instructing a transaction processor to transfer funds corresponding to the amount of tax payable from the holding account to an account associated with the taxing authority.","Methods and systems for the distribution of goods A method and system for the distribution of goods, including: receiving a signal indicating completion of a payment to a holding account, the amount of the payment corresponding to an amount of tax payable for goods sold by a seller; adding a block to a blockchain, the block containing information identifying at least the amount of tax payable; determining when a later block, indicating that the goods sold by the seller are released for delivery in a destination taxing jurisdiction having a taxing authority, has been added to the blockchain; and upon determining that the later block has been added to the blockchain: querying the blockchain to determine the amount of tax payable; and instructing a transaction processor to transfer funds corresponding to the amount of tax payable from the holding account to an account associated with the taxing authority.",1
32995902,ANTISEED-manual,Bearer connection signaling in a distributed architecture,"A telecommunications network, which a first protocol, couples to a bearer connection, having a second protocol. At least a portion of the first protocol is mapped to the second protocol. A first signal of the first protocol is translated and inserted into a second signal of the second protocol according to the mapping, wherein the first signal of the first protocol is employed in the control of the bearer connection.","Bearer connection signaling in a distributed architecture A telecommunications network, which a first protocol, couples to a bearer connection, having a second protocol. At least a portion of the first protocol is mapped to the second protocol. A first signal of the first protocol is translated and inserted into a second signal of the second protocol according to the mapping, wherein the first signal of the first protocol is employed in the control of the bearer connection.",0
34755151,ANTISEED-AF,Public transport vehicle mounted mobile information terminal,"The utility model relates to a public transport vehicle mounted mobile information terminal, belonging to the fields of electronic information and communication technology, comprising a core main control unit, a wireless communication unit, a voice broadcast unit, a human-machine interface unit, an electrical source management unit, an extended interface unit and a storage location. The public transport vehicle mounted mobile information terminal is provided with the function of stops reporting for public transport vehicles, adopting the automatic position settings of the distance vector and the index point adjustment localization ; through the industrial standard interface and the imitation or cipher input interface, a vehicle sensor is connected with other vehicular equipments, forming the vehicle mounted network ; making use of the public communication network, the public transport vehicle mounted mobile information terminal is communicated with the public transport executive system, realizing exchanging, sharing and comprehending between the data from different sources, providing with valuable data resources for the public transport executive system, solving the long-time obsessing problem of the data live collection for public transport executive system with a low price, effectively decreasing the cost of investment and use for users, raising the service quality and the informationalized control level of the public transport industry.","Public transport vehicle mounted mobile information terminal The utility model relates to a public transport vehicle mounted mobile information terminal, belonging to the fields of electronic information and communication technology, comprising a core main control unit, a wireless communication unit, a voice broadcast unit, a human-machine interface unit, an electrical source management unit, an extended interface unit and a storage location. The public transport vehicle mounted mobile information terminal is provided with the function of stops reporting for public transport vehicles, adopting the automatic position settings of the distance vector and the index point adjustment localization ; through the industrial standard interface and the imitation or cipher input interface, a vehicle sensor is connected with other vehicular equipments, forming the vehicle mounted network ; making use of the public communication network, the public transport vehicle mounted mobile information terminal is communicated with the public transport executive system, realizing exchanging, sharing and comprehending between the data from different sources, providing with valuable data resources for the public transport executive system, solving the long-time obsessing problem of the data live collection for public transport executive system with a low price, effectively decreasing the cost of investment and use for users, raising the service quality and the informationalized control level of the public transport industry.",0
57671036,SEED,Power consumption perception pow consensus mechanism for block chain,"A power consumption perception PoW consensus mechanism for a block chain, comprising the following process steps: (1) in a Bitcoin system, all nodes compete with each other on the basis of respective computer computing power to jointly solve an SHA math problem that is complex to solve but easy to verify, and a node which solves the problem at the fastest speed obtains a block accounting right and Bitcoin award automatically generated by the system; (2) interconnecting physical servers located at different geographical locations by using a WDM mesh network to form a block chain infrastructure network, generating power consumption in response to a block chain request, integrating block chain nodes on light load servers to fewer physical servers, directing communication requirements to fewer links, and turning off unnecessary servers and nodes. By using the power consumption perception PoW consensus mechanism, resource potential of the infrastructure network can be further exploited while the performance of the block chain is improved; in addition, power consumption can be perceived, so as to reduce carbon emission and greenhouse effect.","Power consumption perception pow consensus mechanism for block chain A power consumption perception PoW consensus mechanism for a block chain, comprising the following process steps: (1) in a Bitcoin system, all nodes compete with each other on the basis of respective computer computing power to jointly solve an SHA math problem that is complex to solve but easy to verify, and a node which solves the problem at the fastest speed obtains a block accounting right and Bitcoin award automatically generated by the system; (2) interconnecting physical servers located at different geographical locations by using a WDM mesh network to form a block chain infrastructure network, generating power consumption in response to a block chain request, integrating block chain nodes on light load servers to fewer physical servers, directing communication requirements to fewer links, and turning off unnecessary servers and nodes. By using the power consumption perception PoW consensus mechanism, resource potential of the infrastructure network can be further exploited while the performance of the block chain is improved; in addition, power consumption can be perceived, so as to reduce carbon emission and greenhouse effect.",1
17717333,ANTISEED-manual,Method of reading guiding indicator for unattended track,"PURPOSE: To attain accurate detection of running distance by comparing a detection output with a prescribed threshold value in reading an index by a line segment detection means.  
     CONSTITUTION: A voltage signal from a metallic sensor 10 is fed to an negative input of a subtraction circuit 32 via an input terminal 31 of an interruption signal generating circuit 11 and a threshold value is fed to an positive input from a threshold value setting device 33. The subtraction circuit 32 applies subtraction of the two inputs, gives a subtraction signal to a Schmitt circuit 34 comprising an operational amplifier, a minute ripple noise eliminated and only the signal is outputted. When the output voltage of the Schmitt circuit 34 goes to an L level, a collector voltage of a transistor (TR) 35 goes to an H level, a one-shot multivibrator circuit 37 is triggered to output a leading interruption signal S 1 . When the output voltage goes to an H level, the collector voltage of a TR 36 goes to an H level, a one-shot circuit 38 is triggered to output a trailing interruption signal S 2 . 
     COPYRIGHT: (C)1987,JPO&amp;Japio","Method of reading guiding indicator for unattended track PURPOSE: To attain accurate detection of running distance by comparing a detection output with a prescribed threshold value in reading an index by a line segment detection means. CONSTITUTION: A voltage signal from a metallic sensor 10 is fed to an negative input of a subtraction circuit 32 via an input terminal 31 of an interruption signal generating circuit 11 and a threshold value is fed to an positive input from a threshold value setting device 33. The subtraction circuit 32 applies subtraction of the two inputs, gives a subtraction signal to a Schmitt circuit 34 comprising an operational amplifier, a minute ripple noise eliminated and only the signal is outputted. When the output voltage of the Schmitt circuit 34 goes to an L level, a collector voltage of a transistor (TR) 35 goes to an H level, a one-shot multivibrator circuit 37 is triggered to output a leading interruption signal S 1 . When the output voltage goes to an H level, the collector voltage of a TR 36 goes to an H level, a one-shot circuit 38 is triggered to output a trailing interruption signal S 2 . COPYRIGHT: (C)1987,JPO&amp;Japio",0
62388374,ANTISEED-AF,Vehicles energy accumulating system,"This disclosure relates to vehicles energy accumulating system.In certain aspects, which can be used for powering for electric vehicle.The energy-storage system can include multiple individual battery units.These units can be cylindrical, and can have the positive and negative terminal in the same end.These units can in physics and/or be electrically organized into brick.The brick can physically and/or electrically be organized into module.The module can physically and/or electrically be organized into string group.The string group can physically and/or be electrically organized in groups.In some embodiments, group, string group, module and/or brick can include flexible circuit and/or can be that liquid cools down.","Vehicles energy accumulating system This disclosure relates to vehicles energy accumulating system.In certain aspects, which can be used for powering for electric vehicle.The energy-storage system can include multiple individual battery units.These units can be cylindrical, and can have the positive and negative terminal in the same end.These units can in physics and/or be electrically organized into brick.The brick can physically and/or electrically be organized into module.The module can physically and/or electrically be organized into string group.The string group can physically and/or be electrically organized in groups.In some embodiments, group, string group, module and/or brick can include flexible circuit and/or can be that liquid cools down.",0
24737708,ANTISEED-manual,Improvements in memory addressing devices,,Improvements in memory addressing devices,0
59859085,ANTISEED-manual,Signal plane protection within a communications network,"A method of securely registering a User Equipment, UE, with an IP Multimedia Subsystem, IMS, network. The method comprises sending from the UE to the IMS network, a Session Initiation Protocol, SIP, REGISTER message comprising information encrypted using the public key part of a public-private key pair belonging to the IMS network or to a controller of the IMS network.","Signal plane protection within a communications network A method of securely registering a User Equipment, UE, with an IP Multimedia Subsystem, IMS, network. The method comprises sending from the UE to the IMS network, a Session Initiation Protocol, SIP, REGISTER message comprising information encrypted using the public key part of a public-private key pair belonging to the IMS network or to a controller of the IMS network.",0
59485389,SEED,Blockchain-implemented method and system,"The invention provides a computer-implemented control method and corresponding system. The method may control or influence a device, system or other resource such as a technical process. The invention can provide a mechanism for emulating or otherwise executing the functionality of a logic gate via a computer-based distributed ledger (blockchain). This may be the Bitcoin blockchain or an alternative network/protocol. The invention provides logic embedded within a redeem script such that it determines which particular private keys have been used to sign an unlocking script, and then interprets the provision of those keys in accordance with a predetermined function. In a preferred embodiment, the method may comprise the steps of providing a blockchain Transaction comprising a redeem script for an output, wherein the redeem script: i) specifies a plurality of public keys, each associated with a corresponding private key; and wherein each public key is uniquely associated with a potential state of at least one data source; and ii) comprises logic arranged to provide a result based on which of the plurality of associated private key(s) is used to sign the unlocking script; wherein a minimum number of said private keys must be used to sign an unlocking script of a further blockchain Transaction in order to spend the output. Preferably, the logic is arranged to implement the functionality of a logic gate such as a NOT, AND, OR, NOR, XOR, IMPLY, NAND, NONIMPLY or XNOR gate.","Blockchain-implemented method and system The invention provides a computer-implemented control method and corresponding system. The method may control or influence a device, system or other resource such as a technical process. The invention can provide a mechanism for emulating or otherwise executing the functionality of a logic gate via a computer-based distributed ledger (blockchain). This may be the Bitcoin blockchain or an alternative network/protocol. The invention provides logic embedded within a redeem script such that it determines which particular private keys have been used to sign an unlocking script, and then interprets the provision of those keys in accordance with a predetermined function. In a preferred embodiment, the method may comprise the steps of providing a blockchain Transaction comprising a redeem script for an output, wherein the redeem script: i) specifies a plurality of public keys, each associated with a corresponding private key; and wherein each public key is uniquely associated with a potential state of at least one data source; and ii) comprises logic arranged to provide a result based on which of the plurality of associated private key(s) is used to sign the unlocking script; wherein a minimum number of said private keys must be used to sign an unlocking script of a further blockchain Transaction in order to spend the output. Preferably, the logic is arranged to implement the functionality of a logic gate such as a NOT, AND, OR, NOR, XOR, IMPLY, NAND, NONIMPLY or XNOR gate.",1
28040151,ANTISEED-manual,System and method for providing internet services to sports enthusiasts such as tennis players,"A system and method of providing internet services to sports enthusiasts such as tennis players. According to the method, an electronic communication from a tennis player is transmitted over the internet to a virtual tennis center web site which determines whether the tennis player is an authorized user of the web site. A password prompt can be displayed to allow the authorized user to obtain full access to various screens on the web site. The web site determines whether the electronic communication is an e-mail or search request and conducts a search in a searchable database if the electronic communication is a search request. Alternatively, a notification is sent to one or more authorized users of the web site if the electronic communication is an e-mail intended for the one or more authorized users or a notification is forwarded to one or more authorized business entities if the electronic communication is an e-mail inquiring about tennis goods and/or services.","System and method for providing internet services to sports enthusiasts such as tennis players A system and method of providing internet services to sports enthusiasts such as tennis players. According to the method, an electronic communication from a tennis player is transmitted over the internet to a virtual tennis center web site which determines whether the tennis player is an authorized user of the web site. A password prompt can be displayed to allow the authorized user to obtain full access to various screens on the web site. The web site determines whether the electronic communication is an e-mail or search request and conducts a search in a searchable database if the electronic communication is a search request. Alternatively, a notification is sent to one or more authorized users of the web site if the electronic communication is an e-mail intended for the one or more authorized users or a notification is forwarded to one or more authorized business entities if the electronic communication is an e-mail inquiring about tennis goods and/or services.",0
17962356,ANTISEED-AF,Process cartridge and electrophotographic image forming apparatus,"(57) [Summary] To improve the mounting operability of a process cartridge. In a process cartridge detachable from a main body of an electrophotographic image forming apparatus, an electrophotographic photosensitive member, a process unit acting on the electrophotographic photosensitive member, and a process cartridge mounted on the drawer are provided. In the step of moving the drawer to the image forming position, a cartridge abutting portion provided so as to be able to abut on a main body abutting portion provided on the apparatus main body, wherein the cartridge abutting portion includes the process cartridge Is provided on the cartridge frame portion, which becomes an upper surface when mounted on the apparatus main body, and the cartridge abutting portion is provided at one end side of the electrophotographic photosensitive member in the axial direction of the electrophotographic photosensitive member. It is provided on the other end side.","Process cartridge and electrophotographic image forming apparatus (57) [Summary] To improve the mounting operability of a process cartridge. In a process cartridge detachable from a main body of an electrophotographic image forming apparatus, an electrophotographic photosensitive member, a process unit acting on the electrophotographic photosensitive member, and a process cartridge mounted on the drawer are provided. In the step of moving the drawer to the image forming position, a cartridge abutting portion provided so as to be able to abut on a main body abutting portion provided on the apparatus main body, wherein the cartridge abutting portion includes the process cartridge Is provided on the cartridge frame portion, which becomes an upper surface when mounted on the apparatus main body, and the cartridge abutting portion is provided at one end side of the electrophotographic photosensitive member in the axial direction of the electrophotographic photosensitive member. It is provided on the other end side.",0
68068553,SEED,System and Method for Transaction of Block Chain Based Cryptocurrency,"The present invention relates to a blockchain-based cryptocurrency trading system and trading method, and more particularly to a trading system and a trading method in cryptocurrency trading through a cryptocurrency exchange.   The blockchain-based cryptocurrency trading system according to the present invention provides a price information management unit that manages exchange rate information between the first reference cryptocurrency and the second reference cryptocurrency, and the transaction between the first reference cryptocurrency and the second reference cryptocurrency. It includes a cryptocurrency trading unit that performs or manages. In this case, the first reference cryptocurrency is a blockchain-based cryptocurrency in which the exchange rate with the first real currency is fixed, and the second reference cryptocurrency has a fixed exchange rate with the second real currency different from the first real currency. It is a blockchain-based cryptocurrency.","System and Method for Transaction of Block Chain Based Cryptocurrency The present invention relates to a blockchain-based cryptocurrency trading system and trading method, and more particularly to a trading system and a trading method in cryptocurrency trading through a cryptocurrency exchange. The blockchain-based cryptocurrency trading system according to the present invention provides a price information management unit that manages exchange rate information between the first reference cryptocurrency and the second reference cryptocurrency, and the transaction between the first reference cryptocurrency and the second reference cryptocurrency. It includes a cryptocurrency trading unit that performs or manages. In this case, the first reference cryptocurrency is a blockchain-based cryptocurrency in which the exchange rate with the first real currency is fixed, and the second reference cryptocurrency has a fixed exchange rate with the second real currency different from the first real currency. It is a blockchain-based cryptocurrency.",1
53609218,ANTISEED-manual,A kind of banding machine frock eliminating paillon foil ripple glaze,"The utility model discloses a kind of banding machine frock eliminating paillon foil ripple glaze.Easily produce the problem of ripple glaze for pole piece after there is itemize in existing lithium battery automatic slitting machine itemize process, the utility model discloses a kind of Novel tooling of banding machine.This frock is made up of sponge gland, stage clip.The utility model have structure simple, prepare low cost, the advantage such as easy to assembly, easy to operate, produce the problem of ripple glaze can realize elimination pole piece cutting on the basis not changing banding machine cutter original structure after.","A kind of banding machine frock eliminating paillon foil ripple glaze The utility model discloses a kind of banding machine frock eliminating paillon foil ripple glaze.Easily produce the problem of ripple glaze for pole piece after there is itemize in existing lithium battery automatic slitting machine itemize process, the utility model discloses a kind of Novel tooling of banding machine.This frock is made up of sponge gland, stage clip.The utility model have structure simple, prepare low cost, the advantage such as easy to assembly, easy to operate, produce the problem of ripple glaze can realize elimination pole piece cutting on the basis not changing banding machine cutter original structure after.",0
6165190,ANTISEED-AF,ADHESIVE TAPE AND METHOD FOR THEIR PRODUCTION,"Polyesters, in particular those which are applied from an aqueous dispersion, are suitable for adhesive tapes as adhesion promoters between film, in particular made of PVC or PP, and adhesive.","ADHESIVE TAPE AND METHOD FOR THEIR PRODUCTION Polyesters, in particular those which are applied from an aqueous dispersion, are suitable for adhesive tapes as adhesion promoters between film, in particular made of PVC or PP, and adhesive.",0
34890448,ANTISEED-AF,Method and system for storing data using a continuous data protection system,A method and system wherein data is structured so that writes may be continuously duplicated and a protected volume may be restored to a particular point in time as desired. Writes are continuously duplicated on a secondary volume and organized into delta maps. The delta maps indicate which memory blocks were written to during a particular time frame.,Method and system for storing data using a continuous data protection system A method and system wherein data is structured so that writes may be continuously duplicated and a protected volume may be restored to a particular point in time as desired. Writes are continuously duplicated on a secondary volume and organized into delta maps. The delta maps indicate which memory blocks were written to during a particular time frame.,0
52668898,ANTISEED-manual,Systems and methods for managing mobile account holder verification methods,"Embodiments of the invention are directed to methods, apparatuses, computer readable media and systems for coordinating account holder verification methods among secure entity applications and wallet applications from different issuers, wallet providers, etc. on mobile devices. A common payment management application may be provided in a trusted execution environment associated with a mobile device to support secure entity applications (e.g., provisioned payment application instances in the trusted execution environment) and mobile wallet applications (e.g., provisioned on a memory of the mobile device) to coordinate account holder verification methods. The common payment management application may be accessible by both mobile applications and the secure entity applications.","Systems and methods for managing mobile account holder verification methods Embodiments of the invention are directed to methods, apparatuses, computer readable media and systems for coordinating account holder verification methods among secure entity applications and wallet applications from different issuers, wallet providers, etc. on mobile devices. A common payment management application may be provided in a trusted execution environment associated with a mobile device to support secure entity applications (e.g., provisioned payment application instances in the trusted execution environment) and mobile wallet applications (e.g., provisioned on a memory of the mobile device) to coordinate account holder verification methods. The common payment management application may be accessible by both mobile applications and the secure entity applications.",0
60217180,SEED,Computer webpage method of payment based on block chain technology,"A kind of computer webpage method of payment based on block chain technology, including：Sequence information is sent to the form ordering system of trade company by computer webpage, and generation pays request；Trade company&#39;s form ordering system generation computer webpage pays requests for page and returns to user computer webpage；User computer webpage jumps to payment requests for page, and will pay any one node for asking to be submitted on block chain；Block chain recorded the payment request by checking on block chain；The payment request that prophet&#39;s system is listened on block chain node, and validation of payment is asked；If be proved to be successful, the generation of prophet&#39;s system pays the payment response of jump page comprising channel of disbursement computer webpage, and returns to user computer webpage by block chain by response is paid；After transaction verification success, payment result is recorded on block chain；Channel of disbursement settles accounts transaction funds the settlement accounts to trade company, and checkout result is bundled on block chain by prophet&#39;s system.The present invention is beneficial to implement accurate, timely and more various dimensions supervision.","Computer webpage method of payment based on block chain technology A kind of computer webpage method of payment based on block chain technology, including：Sequence information is sent to the form ordering system of trade company by computer webpage, and generation pays request；Trade company&#39;s form ordering system generation computer webpage pays requests for page and returns to user computer webpage；User computer webpage jumps to payment requests for page, and will pay any one node for asking to be submitted on block chain；Block chain recorded the payment request by checking on block chain；The payment request that prophet&#39;s system is listened on block chain node, and validation of payment is asked；If be proved to be successful, the generation of prophet&#39;s system pays the payment response of jump page comprising channel of disbursement computer webpage, and returns to user computer webpage by block chain by response is paid；After transaction verification success, payment result is recorded on block chain；Channel of disbursement settles accounts transaction funds the settlement accounts to trade company, and checkout result is bundled on block chain by prophet&#39;s system.The present invention is beneficial to implement accurate, timely and more various dimensions supervision.",1
68536901,ANTISEED-manual,Methods and systems for retrieving zero-knowledge proof-cloaked data on distributed ledger-based networks,"One or more embodiments described herein disclose methods and systems that are directed at facilitating access to and retrieval of data concealed on a distributed ledger-based network (DLN) with the use of zero-knowledge proof (ZKP) techniques. The methods and systems allow for the encryption, using an encryption key, of data related to a transaction between participants of the DLN, the encryption of the encryption key using a public key of an auditor of the transaction, and the generation of a ZKP that the encryption key used to encrypt the data corresponds to the encryption key encrypted using the public key such that the encrypted encryption key and/or the encrypted data are available to the auditor after the ZKP is verified by a self-executing code segment of the DLN. The ZKP also includes a proof that the encrypted data includes the transaction data.","Methods and systems for retrieving zero-knowledge proof-cloaked data on distributed ledger-based networks One or more embodiments described herein disclose methods and systems that are directed at facilitating access to and retrieval of data concealed on a distributed ledger-based network (DLN) with the use of zero-knowledge proof (ZKP) techniques. The methods and systems allow for the encryption, using an encryption key, of data related to a transaction between participants of the DLN, the encryption of the encryption key using a public key of an auditor of the transaction, and the generation of a ZKP that the encryption key used to encrypt the data corresponds to the encryption key encrypted using the public key such that the encrypted encryption key and/or the encrypted data are available to the auditor after the ZKP is verified by a self-executing code segment of the DLN. The ZKP also includes a proof that the encrypted data includes the transaction data.",0
69942008,SEED,Medical record sharing system and implementing method thereof,"Medical record sharing system and implementing method thereof are disclosed, and the system connects to a blockchain network, wherein the system mainly comprises multiple retrieving terminal devices and a medical data center server, wherein the retrieving terminal devices can respectively establish and publish an electronic medical record (EMR) to 
the blockchain network and also store in the medical data center server. After that, the medical data center server will transmit a piece of encryption key information corresponding to each retrieving terminal device, and when one of the retrieving terminal devices requests to fetch the EMR from the medical data center server, the medical data center server will verify the identity of the retrieving terminal device who wants to fetch the EMR. If there is a match to the encryption key information, the identity of the retrieving terminal device is considered valid, and after that the retrieving terminal device can retrieve the EMR thereof from the medical data center server.","Medical record sharing system and implementing method thereof Medical record sharing system and implementing method thereof are disclosed, and the system connects to a blockchain network, wherein the system mainly comprises multiple retrieving terminal devices and a medical data center server, wherein the retrieving terminal devices can respectively establish and publish an electronic medical record (EMR) to the blockchain network and also store in the medical data center server. After that, the medical data center server will transmit a piece of encryption key information corresponding to each retrieving terminal device, and when one of the retrieving terminal devices requests to fetch the EMR from the medical data center server, the medical data center server will verify the identity of the retrieving terminal device who wants to fetch the EMR. If there is a match to the encryption key information, the identity of the retrieving terminal device is considered valid, and after that the retrieving terminal device can retrieve the EMR thereof from the medical data center server.",1
39970521,ANTISEED-AF,End use transparent email attachment handling to overcome size and attachment policy barriers,"Email server side or client side components either remove email attachments from the relevant email, or identify the attachment while the email is being composed and makes the attachment available from a secure website or file hosting site. The recipient then receives instructions in the email and links to access the attachments rather than the attachments themselves. Email attachment size limitations are overcome for sender/recipient mail systems. Also, file type limitations related to email attachments are overcome, provides improved attachment security, and reduces email bandwidth costs.","End use transparent email attachment handling to overcome size and attachment policy barriers Email server side or client side components either remove email attachments from the relevant email, or identify the attachment while the email is being composed and makes the attachment available from a secure website or file hosting site. The recipient then receives instructions in the email and links to access the attachments rather than the attachments themselves. Email attachment size limitations are overcome for sender/recipient mail systems. Also, file type limitations related to email attachments are overcome, provides improved attachment security, and reduces email bandwidth costs.",0
71602213,SEED,An operation support system for donation based on block chain,"The present invention relates to a blockchain-based donation operation support system, and more specifically, provides information about various donation foundations to donors who want to make a donation between the donor and the donation foundation that operates the donation, and at the same time, donation from the donor The donated money is converted into tokens on the blockchain network through a designated financial institution and transferred to the donation foundation, and the donation foundation distributes the tokens thus delivered to each beneficiary or beneficiary company, and the beneficiary or beneficiary company that received the token By establishing a donation operation support system that is operated to convert and use the tokens received at the time of use of the donations into cash at the designated financial institution, the donation history and donation foundation of the donor on the blockchain network in which token-type donations are distributed It is related to a blockchain-based donation operation support system that can clearly check the overall flow of donations at any time by transparently recording the donation usage history.","An operation support system for donation based on block chain The present invention relates to a blockchain-based donation operation support system, and more specifically, provides information about various donation foundations to donors who want to make a donation between the donor and the donation foundation that operates the donation, and at the same time, donation from the donor The donated money is converted into tokens on the blockchain network through a designated financial institution and transferred to the donation foundation, and the donation foundation distributes the tokens thus delivered to each beneficiary or beneficiary company, and the beneficiary or beneficiary company that received the token By establishing a donation operation support system that is operated to convert and use the tokens received at the time of use of the donations into cash at the designated financial institution, the donation history and donation foundation of the donor on the blockchain network in which token-type donations are distributed It is related to a blockchain-based donation operation support system that can clearly check the overall flow of donations at any time by transparently recording the donation usage history.",1
57589049,SEED,How to manage trusted identities,The present invention is a method for developing a trusted identity of a user issued by an issuer. The user has a user device configured to send a signature request to an issuer device operated by the issuer. The request includes a user public key assigned to the user. The issuer device is configured to calculate an issuer signature by signing both the user&#39;s trusted identity and the user public key using the issuer private key assigned to the issuer. A blockchain transaction including the issuer signature is created and submitted to the blockchain that validates and stores the transaction. [Selection] Figure 1,How to manage trusted identities The present invention is a method for developing a trusted identity of a user issued by an issuer. The user has a user device configured to send a signature request to an issuer device operated by the issuer. The request includes a user public key assigned to the user. The issuer device is configured to calculate an issuer signature by signing both the user&#39;s trusted identity and the user public key using the issuer private key assigned to the issuer. A blockchain transaction including the issuer signature is created and submitted to the blockchain that validates and stores the transaction. [Selection] Figure 1,1
22582108,ANTISEED-manual,Method and apparatus for web enabled wireless tour-guide system,"A web enabled wireless personalized and customized virtual tour-guide system includes a wireless tour-guide device and system enabled to access the Internet. The geographic location of the wireless tour-guide device is detected and reported. Intelligent agent software is responsive to a request from the user to create a customized tour program using information accessed at selected Internet web sites or a web site with pre-aggregated information. The intelligent agent uses the created tour program, such as a tour of historical exhibits, to guide the user along the customized tour route by voice and/or graphics, and provides information about each exhibit on the tour. The virtual tour-guide system can personalize each directed tour by taking individual user expressed preferences into account, and can use collaborative filtering of experiences with prior users to suggest other exhibits which may be of interest to the present user. The web enabled wireless tour-guide system is goal directed and interactive, responding like a human tour-guide to the needs of the user.","Method and apparatus for web enabled wireless tour-guide system A web enabled wireless personalized and customized virtual tour-guide system includes a wireless tour-guide device and system enabled to access the Internet. The geographic location of the wireless tour-guide device is detected and reported. Intelligent agent software is responsive to a request from the user to create a customized tour program using information accessed at selected Internet web sites or a web site with pre-aggregated information. The intelligent agent uses the created tour program, such as a tour of historical exhibits, to guide the user along the customized tour route by voice and/or graphics, and provides information about each exhibit on the tour. The virtual tour-guide system can personalize each directed tour by taking individual user expressed preferences into account, and can use collaborative filtering of experiences with prior users to suggest other exhibits which may be of interest to the present user. The web enabled wireless tour-guide system is goal directed and interactive, responding like a human tour-guide to the needs of the user.",0
27559463,ANTISEED-manual,METHOD AND SYSTEM FOR MANAGING DISTRIBUTED CONTENT AND RELATED METADATA,,METHOD AND SYSTEM FOR MANAGING DISTRIBUTED CONTENT AND RELATED METADATA,0
60267547,SEED,Application framework using blockchain-based asset ownership,"INTERNATIONAL APPLICATION PUBLISHED UNDER THE PATENT COOPERATION TREATY (PCT) (19) World Intellectual Property C.--.` 11111111111111111111111111111111111111111111111111111111111111111111 Organization International Bureau (10) International Publication Number 03 (43) International Publication Date .....•\&#34;\&#34;- WO 2017/197110 Al 16 November 2017 (16.11.2017) WIPO I PCT (51) International Patent Classification: (72) Inventors: DEMARINIS, Richard; c/o Nasdaq Inc. OGC/ G06F 17/30 (2006.01) GO6Q 20/36 (2012.01) IPR Department, 805 King Farm Boulevard, Rockville, G06F 21/62 (2013.01) G06Q 20/38 (2012.01) MD 20850 (US). UUSTALU, Hedi; c/o Nasdaq Inc. OGC/ G06Q 20/06 (2012.01) G06Q 20/40 (2012.01) IPR Department, 805 King Farm Boulevard, Rockville, (21) International Application Number: MD 20850 (US). FAY, Thomas; c/o Nasdaq Inc. OGC/ PCT/US2017/032155 IPR Department, 805 King Farm Boulevard, Rockville, MD 20850 (US). PANISCOTTI, Dominick; c/o Nasdaq (22) International Filing Date: Inc. OGC/IPR Department, 805 King Farm Boulevard, 11 May 2017 (11.05.2017) Rockville, MD 20850 (US). PARVITS, Triin; c/o Nas- daq Inc. OGC/IPR Department, 805 King Farm Boulevard, (25) Filing Language: English Rockville, MD 20850 (US). RAJKUMAR, Rachana; c/o (26) Publication Language: English Nasdaq Inc. OGC/IPR Department, 805 King Farm Boule- (30) Priority Data: vard, Rockville, MD 20850 (US). TONG, Junning; c/o Nasdaq Inc. OGC/IPR Department, 805 King Farm Boule- 62/334,764 11 May 2016 (11.05.2016) US yard, Rockville, MD 20850 (US). (71) Applicant: NASDAQ, INC. [US/US]; One Liberty Plaza, (74) Agent: WEERAKOON, Ishan, P.; Nixon &amp; Vanderhye 165 Broadway, New York, NY 10006 (US). P.C., 901 North Glebe Road, 11th Floor, Arlington, VA 22203-1808 (US). (54) Title: APPLICATION FRAMEWORK USING BLOCKCHAIN-BASED ASSET OWNERSHIP Server Computer System 130 100 (&#39;----- ---. Fig. 1 • - . - . _.-- —--, 134 -- Wallet 126 ---- Web Applicahon(s) using immutable Memory - v ;;=,7,tory • -.. , \. / Server 135 ownership ledger 108 102&#39;\/ ... ..... 132 Database , /----- \&#34;--- ,---) 128-x\ _.---) ,------ --&#39;, \ 136 - &#39;1 1381 . Asset \. --/ Admin Interface User Interface Information Memory Authentication Information ‘,.....___ , Memory___ ., \,... 110 -- 104 Admin 137 106 Device 112&#39;1 User 139 Network Device Blockchain 114 - - A Immutable asset User Device o7 . 71:1:7 1er 140 11 (57) : Systems and methods are provided for recording ownership information in a distributed ledger (such as a blockchain), Il , 1 and for performing application processing utilizing the distributed ledger. An example server computer system is configured to: record N on a blockchain ownership information of an asset; to configure, for each owner of the asset, a digital wallet associated with a private C:N cryptographic key and at least one blockchain address; using a blockchain address from a digital wallet to access ownership information Il ---- in the blockchain; perform application processing using the accessed ownership information; and record in the blockchain, updated I N ownership information or other information associated with the ownership information in accordance with the performed application Il © processing. N O [Continued on next page] WO 2017/197110 Al MIDEDIMOMOIDEIROIDEMOMOIROM1010110MEMOIMIE (81) Designated States (unless otherwise indicated, for every kind of national protection available): AE, AG, AL, AM, AO, AT, AU, AZ, BA, BB, BG, BH, BN, BR, BW, BY, BZ, CA, CH, CL, CN, CO, CR, CU, CZ, DE, DJ, DK, DM, DO, DZ, EC, EE, EG, ES, FI, GB, GD, GE, GH, GM, GT, HN, HR, HU, ID, IL, IN, IR, IS, JP, KE, KG, KH, KN, KP, KR, KW, KZ, LA, LC, LK, LR, LS, LU, LY, MA, MD, ME, MG, MK, MN, MW, MX, MY, MZ, NA, NG, NI, NO, NZ, OM, PA, PE, PG, PH, PL, PT, QA, RO, RS, RU, RW, SA, SC, SD, SE, SG, SK, SL, SM, ST, SV, SY, TH, TJ, TM, TN, TR, TT, TZ, UA, UG, US, UZ, VC, VN, ZA, ZM, ZW. (84) Designated States (unless otherwise indicated, for every kind of regional protection available): ARIPO (BW, GH, GM, KE, LR, LS, MW, MZ, NA, RW, SD, SL, ST, SZ, TZ, UG, ZM, ZW), Eurasian (AM, AZ, BY, KG, KZ, RU, TJ, TM), European (AL, AT, BE, BG, CH, CY, CZ, DE, DK, EE, ES, FI, FR, GB, GR, HR, HU, IE, IS, IT, LT, LU, LV, MC, MK, MT, NL, NO, PL, PT, RO, RS, SE, SI, SK, SM, TR), OAPI (BF, BJ, CF, CG, CI, CM, GA, GN, GQ, GW, KM, ML, MR, NE, SN, TD, TG). Published: — with international search report (Art. 21(3))","Application framework using blockchain-based asset ownership INTERNATIONAL APPLICATION PUBLISHED UNDER THE PATENT COOPERATION TREATY (PCT) (19) World Intellectual Property C.--.` 11111111111111111111111111111111111111111111111111111111111111111111 Organization International Bureau (10) International Publication Number 03 (43) International Publication Date .....•\&#34;\&#34;- WO 2017/197110 Al 16 November 2017 (16.11.2017) WIPO I PCT (51) International Patent Classification: (72) Inventors: DEMARINIS, Richard; c/o Nasdaq Inc. OGC/ G06F 17/30 (2006.01) GO6Q 20/36 (2012.01) IPR Department, 805 King Farm Boulevard, Rockville, G06F 21/62 (2013.01) G06Q 20/38 (2012.01) MD 20850 (US). UUSTALU, Hedi; c/o Nasdaq Inc. OGC/ G06Q 20/06 (2012.01) G06Q 20/40 (2012.01) IPR Department, 805 King Farm Boulevard, Rockville, (21) International Application Number: MD 20850 (US). FAY, Thomas; c/o Nasdaq Inc. OGC/ PCT/US2017/032155 IPR Department, 805 King Farm Boulevard, Rockville, MD 20850 (US). PANISCOTTI, Dominick; c/o Nasdaq (22) International Filing Date: Inc. OGC/IPR Department, 805 King Farm Boulevard, 11 May 2017 (11.05.2017) Rockville, MD 20850 (US). PARVITS, Triin; c/o Nas- daq Inc. OGC/IPR Department, 805 King Farm Boulevard, (25) Filing Language: English Rockville, MD 20850 (US). RAJKUMAR, Rachana; c/o (26) Publication Language: English Nasdaq Inc. OGC/IPR Department, 805 King Farm Boule- (30) Priority Data: vard, Rockville, MD 20850 (US). TONG, Junning; c/o Nasdaq Inc. OGC/IPR Department, 805 King Farm Boule- 62/334,764 11 May 2016 (11.05.2016) US yard, Rockville, MD 20850 (US). (71) Applicant: NASDAQ, INC. [US/US]; One Liberty Plaza, (74) Agent: WEERAKOON, Ishan, P.; Nixon &amp; Vanderhye 165 Broadway, New York, NY 10006 (US). P.C., 901 North Glebe Road, 11th Floor, Arlington, VA 22203-1808 (US). (54) Title: APPLICATION FRAMEWORK USING BLOCKCHAIN-BASED ASSET OWNERSHIP Server Computer System 130 100 (&#39;----- ---. Fig. 1 • - . - . _.-- —--, 134 -- Wallet 126 ---- Web Applicahon(s) using immutable Memory - v ;;=,7,tory • -.. , \. / Server 135 ownership ledger 108 102&#39;\/ ... ..... 132 Database , /----- \&#34;--- ,---) 128-x\ _.---) ,------ --&#39;, \ 136 - &#39;1 1381 . Asset \. --/ Admin Interface User Interface Information Memory Authentication Information ‘,.....___ , Memory___ ., \,... 110 -- 104 Admin 137 106 Device 112&#39;1 User 139 Network Device Blockchain 114 - - A Immutable asset User Device o7 . 71:1:7 1er 140 11 (57) : Systems and methods are provided for recording ownership information in a distributed ledger (such as a blockchain), Il , 1 and for performing application processing utilizing the distributed ledger. An example server computer system is configured to: record N on a blockchain ownership information of an asset; to configure, for each owner of the asset, a digital wallet associated with a private C:N cryptographic key and at least one blockchain address; using a blockchain address from a digital wallet to access ownership information Il ---- in the blockchain; perform application processing using the accessed ownership information; and record in the blockchain, updated I N ownership information or other information associated with the ownership information in accordance with the performed application Il © processing. N O [Continued on next page] WO 2017/197110 Al MIDEDIMOMOIDEIROIDEMOMOIROM1010110MEMOIMIE (81) Designated States (unless otherwise indicated, for every kind of national protection available): AE, AG, AL, AM, AO, AT, AU, AZ, BA, BB, BG, BH, BN, BR, BW, BY, BZ, CA, CH, CL, CN, CO, CR, CU, CZ, DE, DJ, DK, DM, DO, DZ, EC, EE, EG, ES, FI, GB, GD, GE, GH, GM, GT, HN, HR, HU, ID, IL, IN, IR, IS, JP, KE, KG, KH, KN, KP, KR, KW, KZ, LA, LC, LK, LR, LS, LU, LY, MA, MD, ME, MG, MK, MN, MW, MX, MY, MZ, NA, NG, NI, NO, NZ, OM, PA, PE, PG, PH, PL, PT, QA, RO, RS, RU, RW, SA, SC, SD, SE, SG, SK, SL, SM, ST, SV, SY, TH, TJ, TM, TN, TR, TT, TZ, UA, UG, US, UZ, VC, VN, ZA, ZM, ZW. (84) Designated States (unless otherwise indicated, for every kind of regional protection available): ARIPO (BW, GH, GM, KE, LR, LS, MW, MZ, NA, RW, SD, SL, ST, SZ, TZ, UG, ZM, ZW), Eurasian (AM, AZ, BY, KG, KZ, RU, TJ, TM), European (AL, AT, BE, BG, CH, CY, CZ, DE, DK, EE, ES, FI, FR, GB, GR, HR, HU, IE, IS, IT, LT, LU, LV, MC, MK, MT, NL, NO, PL, PT, RO, RS, SE, SI, SK, SM, TR), OAPI (BF, BJ, CF, CG, CI, CM, GA, GN, GQ, GW, KM, ML, MR, NE, SN, TD, TG). Published: — with international search report (Art. 21(3))",1
66066815,SEED,"Method, device and system for executing blockchain transactions in parallel","Disclosed are a method, device and system for executing blockchain transactions in parallel. According to an embodiment provided in the specification, if each of transactions in a block to be written is not a transaction for updating information stored in more than one storage address, each node in a blockchain network can organize the respective transactions in the block into at least two transaction queues, and simultaneously execute the transactions in each transaction queue.","Method, device and system for executing blockchain transactions in parallel Disclosed are a method, device and system for executing blockchain transactions in parallel. According to an embodiment provided in the specification, if each of transactions in a block to be written is not a transaction for updating information stored in more than one storage address, each node in a blockchain network can organize the respective transactions in the block into at least two transaction queues, and simultaneously execute the transactions in each transaction queue.",1
63467300,ANTISEED-manual,Symmetric semiconductor rectifier,"The utility model relates to semiconductor converting technology and is intended to power power lines and DC inserts, as well as industrial DC load. 
     Multiphase semiconductor rectifiers are known in the art, representing one of the most common types of static power converters. The basis of all classic rectifiers is the use of a three-phase rectifier bridge, powered by the secondary winding of the transformer, and to obtain an increased number of ripples at the output of the rectifier, the options for switching on the star, triangle and zigzag windings are used. The quality of the output voltage is determined mainly by the number of ripples for the period of the supply network, equal to twice the number of phases of the rectified voltage. 
     The most common is a twelve-pulse rectification circuit based on a combination of connecting the secondary windings of the power transformer with a star and a triangle, which provides a phase shift. The aforementioned circuit has found the greatest distribution for powering DC power lines, as well as in industrial rectifiers. However, the quality of the output voltage of the twelve-pulse circuit is not high enough and in many cases requires additional filtering (smoothing), which increases the dimensions of the installation. 
     In special cases, when high quality of the rectified voltage is required, they resort to the use of a twenty-four pulse rectification circuit equipped with four three-phase bridges connected in series or in parallel. Such a circuit requires an additional phase shift between the secondary windings of the supply transformers and the use of star, delta, and zigzag winding circuits, which leads to an increased number of turns and an increase in size. 
     The advantage of the proposed rectifier is the implementation of twenty-four pulse mode and the corresponding increase in voltage quality without the formation of four mutually and symmetrically phase-shifted three-phase voltage systems connected to rectifier bridges. Technically, this means the rejection of all windings according to the &#34;triangle&#34; scheme and the corresponding coil consumption. 
     The presence of twenty-four pulsations at the output and their symmetry are achieved due to an additional phase shift between the two transformers when using a zigzag primary winding. The mentioned transformers have two secondary three-phase windings according to the &#34;star&#34; scheme for each, four rectifier bridges are connected to the secondary windings, combined in pairs with a parallel connection corresponding to six-phase rectification. Pairs of bridges are connected sequentially and according to, moreover, the said bridges in each pair are connected to the secondary windings with an equal number of turns. 
     The phase shift between the transformers is necessary to obtain six-phase rectification in the pairs of bridges and is achieved by turning on the primary windings of each of them according to the zigzag scheme with a different combination of coils. Thus, the unification of the design of transformers is achieved, which do not differ from each other in the delivery state and are interchangeable. 
     The main technical advantage is the reduction of the mass and dimensions of the transformers due to the rejection of additional turns for switching the primary winding circuit of the transformers into a &#34;triangle&#34;. It also provides the advantage of the possibility of mutual replacement of transformers, increases the unification of the production technology and assembly of the rectifier installation.","Symmetric semiconductor rectifier The utility model relates to semiconductor converting technology and is intended to power power lines and DC inserts, as well as industrial DC load. Multiphase semiconductor rectifiers are known in the art, representing one of the most common types of static power converters. The basis of all classic rectifiers is the use of a three-phase rectifier bridge, powered by the secondary winding of the transformer, and to obtain an increased number of ripples at the output of the rectifier, the options for switching on the star, triangle and zigzag windings are used. The quality of the output voltage is determined mainly by the number of ripples for the period of the supply network, equal to twice the number of phases of the rectified voltage. The most common is a twelve-pulse rectification circuit based on a combination of connecting the secondary windings of the power transformer with a star and a triangle, which provides a phase shift. The aforementioned circuit has found the greatest distribution for powering DC power lines, as well as in industrial rectifiers. However, the quality of the output voltage of the twelve-pulse circuit is not high enough and in many cases requires additional filtering (smoothing), which increases the dimensions of the installation. In special cases, when high quality of the rectified voltage is required, they resort to the use of a twenty-four pulse rectification circuit equipped with four three-phase bridges connected in series or in parallel. Such a circuit requires an additional phase shift between the secondary windings of the supply transformers and the use of star, delta, and zigzag winding circuits, which leads to an increased number of turns and an increase in size. The advantage of the proposed rectifier is the implementation of twenty-four pulse mode and the corresponding increase in voltage quality without the formation of four mutually and symmetrically phase-shifted three-phase voltage systems connected to rectifier bridges. Technically, this means the rejection of all windings according to the &#34;triangle&#34; scheme and the corresponding coil consumption. The presence of twenty-four pulsations at the output and their symmetry are achieved due to an additional phase shift between the two transformers when using a zigzag primary winding. The mentioned transformers have two secondary three-phase windings according to the &#34;star&#34; scheme for each, four rectifier bridges are connected to the secondary windings, combined in pairs with a parallel connection corresponding to six-phase rectification. Pairs of bridges are connected sequentially and according to, moreover, the said bridges in each pair are connected to the secondary windings with an equal number of turns. The phase shift between the transformers is necessary to obtain six-phase rectification in the pairs of bridges and is achieved by turning on the primary windings of each of them according to the zigzag scheme with a different combination of coils. Thus, the unification of the design of transformers is achieved, which do not differ from each other in the delivery state and are interchangeable. The main technical advantage is the reduction of the mass and dimensions of the transformers due to the rejection of additional turns for switching the primary winding circuit of the transformers into a &#34;triangle&#34;. It also provides the advantage of the possibility of mutual replacement of transformers, increases the unification of the production technology and assembly of the rectifier installation.",0
64277938,SEED,Implementation of continuous real-time validation of distributed data storage systems,"Provided herein is a system and method for implementing a real-time and continuous validation tool for a distributed ledger-based computing system (i.e., blockchain). In one or more examples a. real-time validation tool and system can continuously monitor a blockchain computing system for activities that indicate abnormal or risky behavior, and can generate a report to a user that details those events. The real-time validation tool can be implemented as a node in a blockchain computing system and can use information gleaned from blockchain activity occurring in real-time as well as external data gathered from various sources to determine if one or more events has occurred that is indicative of abnormal or risky activity occurring within the blockchain computing system. The validation tool can be used to improve and secure an existing blockchain computing system against cyber intrusions and various integrity issues.","Implementation of continuous real-time validation of distributed data storage systems Provided herein is a system and method for implementing a real-time and continuous validation tool for a distributed ledger-based computing system (i.e., blockchain). In one or more examples a. real-time validation tool and system can continuously monitor a blockchain computing system for activities that indicate abnormal or risky behavior, and can generate a report to a user that details those events. The real-time validation tool can be implemented as a node in a blockchain computing system and can use information gleaned from blockchain activity occurring in real-time as well as external data gathered from various sources to determine if one or more events has occurred that is indicative of abnormal or risky activity occurring within the blockchain computing system. The validation tool can be used to improve and secure an existing blockchain computing system against cyber intrusions and various integrity issues.",1
59385609,ANTISEED-manual,Method and apparatus for assistance in layaway shopping,"The present invention discloses a method and apparatus for a customer to purchase an item or items on “layaway,” that is, by purchasing a product by placing a deposit on the item. The disclosed invention provides for a cell phone application, or “app,” that would assist a shopper in making such a layaway purchase. The disclosed app allows the user, as a physical customer inside a retail store, to scan an item that the user is interested in purchasing, and then purchase the item via stored merchandise data if so desired.","Method and apparatus for assistance in layaway shopping The present invention discloses a method and apparatus for a customer to purchase an item or items on “layaway,” that is, by purchasing a product by placing a deposit on the item. The disclosed invention provides for a cell phone application, or “app,” that would assist a shopper in making such a layaway purchase. The disclosed app allows the user, as a physical customer inside a retail store, to scan an item that the user is interested in purchasing, and then purchase the item via stored merchandise data if so desired.",0
27062633,ANTISEED-AF,Two-stage pipelined execution unit and control stores,"A two control store scheme with instruction execution overlay is shown in a data processing system execution unit having a two-state pipeline. The first control store controls the first-stage facilities during the first cycle of instruction execution and points to the initial location of the second control store. The second control store controls the second-state facilities during the final cycle of instruction execution. The second control store also controls the facilities of both stages during the intermeidate cycles of instruction requiring more than two cycles to execute. Because the second control store controls only the second-stage facilities during the final cycle, execution of the first cycle of the following instruction can take place concurrently within the first-stage facilities under the control of the first control store.","Two-stage pipelined execution unit and control stores A two control store scheme with instruction execution overlay is shown in a data processing system execution unit having a two-state pipeline. The first control store controls the first-stage facilities during the first cycle of instruction execution and points to the initial location of the second control store. The second control store controls the second-state facilities during the final cycle of instruction execution. The second control store also controls the facilities of both stages during the intermeidate cycles of instruction requiring more than two cycles to execute. Because the second control store controls only the second-stage facilities during the final cycle, execution of the first cycle of the following instruction can take place concurrently within the first-stage facilities under the control of the first control store.",0
32313338,ANTISEED-manual,Distributed protocol for secure communication of commercial transactions and decentralized network employing the protocol,"A protocol and system for securely communicating a financial transaction between a customer and a merchant and a distributed computer network employing the protocol or system. A central authority having a central authority private key K s   ca  assigns a customer account (“C ACCT ”) to the customer and a merchant account (“M ACCT ”) to the merchant. The customer has a customer public key K p   c ; the merchant has a merchant public key K m . The protocol includes the steps of: (1) sending a quotation from the merchant to the customer, the quotation including the K p   m , a K s   ca -signed signature that is a function of the M ACCT , an unsigned copy of a price and a K s   m -signed signature that is a function of the M ACCT  and the price, (2) replying to the quotation by sending an order from the customer to the merchant, the order including the K p   c , a K s   ca , signed signature that is a function of the C ACCT , an unsigned copy of the price and a K s   c -signed signature that is a function of the C ACCT , the M ACCT  and the price and (3) replying to the order by filling the order.","Distributed protocol for secure communication of commercial transactions and decentralized network employing the protocol A protocol and system for securely communicating a financial transaction between a customer and a merchant and a distributed computer network employing the protocol or system. A central authority having a central authority private key K s ca assigns a customer account (“C ACCT ”) to the customer and a merchant account (“M ACCT ”) to the merchant. The customer has a customer public key K p c ; the merchant has a merchant public key K m . The protocol includes the steps of: (1) sending a quotation from the merchant to the customer, the quotation including the K p m , a K s ca -signed signature that is a function of the M ACCT , an unsigned copy of a price and a K s m -signed signature that is a function of the M ACCT and the price, (2) replying to the quotation by sending an order from the customer to the merchant, the order including the K p c , a K s ca , signed signature that is a function of the C ACCT , an unsigned copy of the price and a K s c -signed signature that is a function of the C ACCT , the M ACCT and the price and (3) replying to the order by filling the order.",0
73456960,SEED,Blockchain enabled service request system,"Systems and methods for establishing and fulfilling a smart contract between users and service providers are disclosed. A method includes creating, by one or more nodes in a computer network, a smart contract in response to a request from a user for services and providing the smart contract to a blockchain. The method then includes notifying service providers of the smart contract and receiving responses to the notifications from the service providers. Then the method includes identifying one or more service providers that can complete the service. The method then includes updating the smart contract to include data about the identified service providers. The updated smart contract includes account information for a user account of the user, and account information for service provider accounts of the identified service providers. Then a value interaction is initiated that pushes value from the user account to the service provider accounts.","Blockchain enabled service request system Systems and methods for establishing and fulfilling a smart contract between users and service providers are disclosed. A method includes creating, by one or more nodes in a computer network, a smart contract in response to a request from a user for services and providing the smart contract to a blockchain. The method then includes notifying service providers of the smart contract and receiving responses to the notifications from the service providers. Then the method includes identifying one or more service providers that can complete the service. The method then includes updating the smart contract to include data about the identified service providers. The updated smart contract includes account information for a user account of the user, and account information for service provider accounts of the identified service providers. Then a value interaction is initiated that pushes value from the user account to the service provider accounts.",1
51686597,ANTISEED-manual,Receipt data processing device and method for processing receipt data,"According to one embodiment, a receipt data processing device includes a data generating section, a command issuing section, and an output section. The data generating section is configured to generate receipt data including information about an item purchased by a customer. The command issuing section is configured to issue a cut command that causes a sheet on which a receipt image corresponding to the receipt data is printed by a printing device to be cut off. The output section is configured to output the receipt data to an external device that is different from the printing device, in response to the issuance of the cut command by the cut command issuing section.","Receipt data processing device and method for processing receipt data According to one embodiment, a receipt data processing device includes a data generating section, a command issuing section, and an output section. The data generating section is configured to generate receipt data including information about an item purchased by a customer. The command issuing section is configured to issue a cut command that causes a sheet on which a receipt image corresponding to the receipt data is printed by a printing device to be cut off. The output section is configured to output the receipt data to an external device that is different from the printing device, in response to the issuance of the cut command by the cut command issuing section.",0
13581451,ANTISEED-AF,,,,0
68578732,SEED,System for providing blockchain electronic wallet capable of managing authentication information and storing personal information,"Disclosed is a blockchain electronic wallet providing apparatus capable of managing personal information and managing authentication information, including an electronic ID management unit, an electronic wallet management unit, and a drive management unit.","System for providing blockchain electronic wallet capable of managing authentication information and storing personal information Disclosed is a blockchain electronic wallet providing apparatus capable of managing personal information and managing authentication information, including an electronic ID management unit, an electronic wallet management unit, and a drive management unit.",1
66121334,ANTISEED-manual,Inhibit the device of speed ripple in gear train assembly tap test,"The invention discloses the devices for inhibiting speed ripple in a kind of gear train assembly tap test, including dynamometer machine, the transmission shaft that connect with the dynamometer machine and for the damped flywheel of the transfer of torque between the output end and transmission shaft of measured object for providing measured object load torque, damped flywheel be driven axis connection.Inhibit the device of speed ripple in gear train assembly tap test of the present invention, structure is simple, and easily fabricated, securely and reliably, setting inhibits the damped flywheel of the fluctuation of speed, it is ensured that the accuracy of gear train assembly beat noise test result.","Inhibit the device of speed ripple in gear train assembly tap test The invention discloses the devices for inhibiting speed ripple in a kind of gear train assembly tap test, including dynamometer machine, the transmission shaft that connect with the dynamometer machine and for the damped flywheel of the transfer of torque between the output end and transmission shaft of measured object for providing measured object load torque, damped flywheel be driven axis connection.Inhibit the device of speed ripple in gear train assembly tap test of the present invention, structure is simple, and easily fabricated, securely and reliably, setting inhibits the damped flywheel of the fluctuation of speed, it is ensured that the accuracy of gear train assembly beat noise test result.",0
68534522,SEED,Private Cryptocoinage in Blockchain Environments,"Cryptocoinage is established in a blockchain environment. Any entity (whether public or private) may issue its own cryptocoinage for public recordation to a blockchain data layer. The blockchain data layer generates data records representing transaction records of the cryptocoinage. The blockchain data layer may also hash the transaction records to generate a cryptographic proof for public disclosure via a public blockchain. Moreover, the cryptographic proof may be anchored to another public blockchain representing a different cryptocoinage (such as BITCOIN®). The blockchain data layer may be searched for the data records representing the transaction records of the cryptocoinage.","Private Cryptocoinage in Blockchain Environments Cryptocoinage is established in a blockchain environment. Any entity (whether public or private) may issue its own cryptocoinage for public recordation to a blockchain data layer. The blockchain data layer generates data records representing transaction records of the cryptocoinage. The blockchain data layer may also hash the transaction records to generate a cryptographic proof for public disclosure via a public blockchain. Moreover, the cryptographic proof may be anchored to another public blockchain representing a different cryptocoinage (such as BITCOIN®). The blockchain data layer may be searched for the data records representing the transaction records of the cryptocoinage.",1
51167382,ANTISEED-AF,Non-interferometric optical gyroscope based on polarization sensing,"This patent document relates to optical devices and optical sensing techniques including optical gyroscopes and optically sensing rotation. Sensing of rotation can be used in a wide range of applications, including, e.g., navigation, motion sensing, motion control including object stability control, game console controllers, hand-held devices such as smartphones. Optical gyroscopes can be designed to use rotation-induced changes in the optical interference pattern of two counter-propagating optical beams to measure the rotation. Many optical gyroscopes are based on an optical Sagnac interferometer configuration including various interferometric fiber-optic gyroscopes (IFOGs). Such optical gyroscopes can be designed without moving parts and thus eliminate the wear and tear in other gyroscopes with an oscillating proof mass or a moving component.","Non-interferometric optical gyroscope based on polarization sensing This patent document relates to optical devices and optical sensing techniques including optical gyroscopes and optically sensing rotation. Sensing of rotation can be used in a wide range of applications, including, e.g., navigation, motion sensing, motion control including object stability control, game console controllers, hand-held devices such as smartphones. Optical gyroscopes can be designed to use rotation-induced changes in the optical interference pattern of two counter-propagating optical beams to measure the rotation. Many optical gyroscopes are based on an optical Sagnac interferometer configuration including various interferometric fiber-optic gyroscopes (IFOGs). Such optical gyroscopes can be designed without moving parts and thus eliminate the wear and tear in other gyroscopes with an oscillating proof mass or a moving component.",0
69052218,SEED,Mobile communication service based on block chain,"The present invention relates to a blockchain based mobile communication service which comprises: a service management unit which records, in real time, a usage history of a mobile communication service used by a client subscribed to the mobile communication service on a blockchain ledger; and an affiliate service management unit which provides a mobile communication affiliate service provided from an affiliated company subscribed to the service to the client, and records a mobile communication affiliate service usage history on the blockchain ledger in real time. According to the present invention, information security is ensured.","Mobile communication service based on block chain The present invention relates to a blockchain based mobile communication service which comprises: a service management unit which records, in real time, a usage history of a mobile communication service used by a client subscribed to the mobile communication service on a blockchain ledger; and an affiliate service management unit which provides a mobile communication affiliate service provided from an affiliated company subscribed to the service to the client, and records a mobile communication affiliate service usage history on the blockchain ledger in real time. According to the present invention, information security is ensured.",1
14998346,ANTISEED-AF,Production of garlic snack,"PURPOSE: To produce tasteful garlic snack free from bad smell by frying sliced garlics or dried garlic flakes without coating.  
     CONSTITUTION: Garlics are sliced and fried without coating at about 150°C in a short time. Or garlics are sliced, washed with water, dipped in an organic acid of 3W4pH over about 3hr, washed with water, squeezed and fried without coating. Or dried garlic flakes are restored by dipping them in water, treated with an organic acid solution and fried without coating. 
     COPYRIGHT: (C)1988,JPO&amp;Japio","Production of garlic snack PURPOSE: To produce tasteful garlic snack free from bad smell by frying sliced garlics or dried garlic flakes without coating. CONSTITUTION: Garlics are sliced and fried without coating at about 150°C in a short time. Or garlics are sliced, washed with water, dipped in an organic acid of 3W4pH over about 3hr, washed with water, squeezed and fried without coating. Or dried garlic flakes are restored by dipping them in water, treated with an organic acid solution and fried without coating. COPYRIGHT: (C)1988,JPO&amp;Japio",0
32955259,ANTISEED-manual,Load driver,"A DC motor is driven at a stable voltage with reduced ripple.   A voltage of a DC power supply is boosted by a boost switching power supply and supplied to a DC motor from an H-bridge load switching circuit. Turning on the power supply switching element Tr1 of the step-up switching power supply 4 causes energy to be stored in the inductance element 11, and powering off the power supply switching element Tr1 causes power of the inductance element 11 to pass through the diode 12. The power is supplied to the capacitor 13 and is also supplied to the load switching circuit 5. The timing at which power is supplied to the motor 3 by the load switching circuit 5 is set to the timing at which the power supply switching element Tr1 is turned off. As a result, electric power from the inductance element 11 is supplied to the capacitor 13 and the motor 3, so that ripple in the voltage of the capacitor 13 can be reduced and stabilized.   [Selection diagram] Fig. 1","Load driver A DC motor is driven at a stable voltage with reduced ripple. A voltage of a DC power supply is boosted by a boost switching power supply and supplied to a DC motor from an H-bridge load switching circuit. Turning on the power supply switching element Tr1 of the step-up switching power supply 4 causes energy to be stored in the inductance element 11, and powering off the power supply switching element Tr1 causes power of the inductance element 11 to pass through the diode 12. The power is supplied to the capacitor 13 and is also supplied to the load switching circuit 5. The timing at which power is supplied to the motor 3 by the load switching circuit 5 is set to the timing at which the power supply switching element Tr1 is turned off. As a result, electric power from the inductance element 11 is supplied to the capacitor 13 and the motor 3, so that ripple in the voltage of the capacitor 13 can be reduced and stabilized. [Selection diagram] Fig. 1",0
